timestamp,experiment_id,condition_id,run_index,trial_index,run_seed,mask_seed,model_id,schematic,epoch,train_loss,val_loss,val_acc,train_cert_rate,train_tau_mean,train_recurrent_scale_mean,train_recurrent_shrink_rate,train_rho_mean,val_cert_rate,val_tau_mean,val_recurrent_scale_mean,val_recurrent_shrink_rate,val_rho_mean,k_total_target,hh_density_target
2026-03-27T00:57:31,comparison_condition_crp_adaptive_feedforward_init_20260327_005712,crp_adaptive_feedforward_init,1,1,894684355,1573429661,crp_adaptive,feedforward,1,2.3013511859130857,2.3010781768798827,0.1141,1.0,2.80098,0.09726686042366454,0.9028132992327366,0.9990000128746033,1.0,2.1528,1.998069456021767e-05,1.0,0.9990000128746033,10000.0,
2026-03-27T00:57:51,comparison_condition_crp_adaptive_feedforward_init_20260327_005712,crp_adaptive_feedforward_init,1,1,894684355,1573429661,crp_adaptive,feedforward,2,2.290761916732788,2.286668942642212,0.1433,1.0,5.00462,0.9902683671782998,0.01278772378516624,0.9990000128746033,1.0,5.0404,1.0,0.0,0.9990000128746033,10000.0,
2026-03-27T00:58:10,comparison_condition_crp_adaptive_feedforward_init_20260327_005712,crp_adaptive_feedforward_init,1,1,894684355,1573429661,crp_adaptive,feedforward,3,2.2965509544372558,2.301052475357056,0.1141,1.0,3.75276,0.3087562635277874,0.7621483375959079,0.9990000128746033,1.0,3.0003,6.719074735883623e-05,1.0,0.9990000128746033,10000.0,
2026-03-27T00:58:30,comparison_condition_crp_adaptive_feedforward_init_20260327_005712,crp_adaptive_feedforward_init,1,1,894684355,1573429661,crp_adaptive,feedforward,4,2.2969000998687745,2.298229619216919,0.1141,1.0,4.004,0.24741917688372683,0.8184143222506394,0.9990000128746033,1.0,4.596,0.12936143577098846,1.0,0.9990000128746033,10000.0,
2026-03-27T00:58:50,comparison_condition_crp_adaptive_feedforward_init_20260327_005712,crp_adaptive_feedforward_init,1,1,894684355,1573429661,crp_adaptive,feedforward,5,2.2855981291198733,2.2970318393707276,0.1141,1.0,4.97418,0.7984180231500678,0.2531969309462916,0.9990000128746033,1.0,5.0002,0.14692778885364532,1.0,0.9990000128746033,10000.0,
2026-03-27T00:59:10,comparison_condition_crp_adaptive_feedforward_init_20260327_005712,crp_adaptive_feedforward_init,1,1,894684355,1573429661,crp_adaptive,feedforward,6,2.2874756640625,2.293329513168335,0.1141,1.0,5.1052,0.5776632538230112,0.5882352941176471,0.9990000128746033,1.0,5.0139,0.24307377636432648,1.0,0.9990000128746033,10000.0,
2026-03-27T00:59:30,comparison_condition_crp_adaptive_feedforward_init_20260327_005712,crp_adaptive_feedforward_init,1,1,894684355,1573429661,crp_adaptive,feedforward,7,2.2882677898406985,2.29675643119812,0.1141,1.0,4.59562,0.4381614748631724,0.6240409207161125,0.9990000128746033,1.0,3.019,6.705160194542259e-05,1.0,0.9990000128746033,10000.0,
2026-03-27T00:59:50,comparison_condition_crp_adaptive_feedforward_init_20260327_005712,crp_adaptive_feedforward_init,1,1,894684355,1573429661,crp_adaptive,feedforward,8,2.279386835784912,2.278167121887207,0.1201,1.0,5.18988,0.6732280335406458,0.5601023017902813,0.9990000128746033,1.0,5.0382,0.6301058530807495,1.0,0.9990000128746033,10000.0,
2026-03-27T01:00:11,comparison_condition_crp_adaptive_feedforward_init_20260327_005712,crp_adaptive_feedforward_init,1,1,894684355,1573429661,crp_adaptive,feedforward,9,2.2712560641479493,2.2921913414001467,0.135,1.0,5.41562,0.8184547253014312,0.1867007672634271,0.9990000128746033,1.0,4.0256,0.007224653381854296,1.0,0.9990000128746033,10000.0,
2026-03-27T01:00:34,comparison_condition_crp_adaptive_feedforward_init_20260327_005712,crp_adaptive_feedforward_init,1,1,894684355,1573429661,crp_adaptive,feedforward,10,2.27609565574646,2.288511738204956,0.1354,1.0,4.79626,0.49677841336475453,0.5805626598465473,0.9990000128746033,1.0,3.0867,0.00013786155614070594,1.0,0.9990000128746033,10000.0,
2026-03-27T01:00:54,comparison_condition_crp_adaptive_feedforward_init_20260327_005712,crp_adaptive_feedforward_init,1,1,894684355,1573429661,crp_adaptive,feedforward,11,2.2764766597747803,2.283613091659546,0.15,1.0,4.77358,0.32570496378460534,0.7263427109974424,0.9990000128746033,1.0,4.0701,0.019493700936436653,1.0,0.9990000128746033,10000.0,
2026-03-27T01:01:15,comparison_condition_crp_adaptive_feedforward_init_20260327_005712,crp_adaptive_feedforward_init,1,1,894684355,1573429661,crp_adaptive,feedforward,12,2.2614204026794433,2.2783218894958495,0.1725,1.0,5.13068,0.6176732803164448,0.3836317135549872,0.9990000128746033,1.0,4.0007,0.0020981868728995323,1.0,0.9990000128746033,10000.0,
2026-03-27T01:01:35,comparison_condition_crp_adaptive_feedforward_init_20260327_005712,crp_adaptive_feedforward_init,1,1,894684355,1573429661,crp_adaptive,feedforward,13,2.244881798248291,2.2340965396881103,0.3505,1.0,5.71384,0.8506759786822052,0.1534526854219949,0.9990000128746033,1.0,6.0161,1.0,0.0,0.9990000128746033,10000.0,
2026-03-27T01:01:56,comparison_condition_crp_adaptive_feedforward_init_20260327_005712,crp_adaptive_feedforward_init,1,1,894684355,1573429661,crp_adaptive,feedforward,14,2.242720092315674,2.2225647506713866,0.3732,1.0,5.494,0.6455185399986139,0.36828644501278773,0.9990000128746033,1.0,6.3679,1.0,0.0,0.9990000128746033,10000.0,
2026-03-27T01:02:19,comparison_condition_crp_adaptive_feedforward_init_20260327_005712,crp_adaptive_feedforward_init,1,1,894684355,1573429661,crp_adaptive,feedforward,15,2.2375899257659913,2.2511397048950195,0.2465,1.0,5.64928,0.501896330080849,0.5703324808184144,0.9990000128746033,1.0,4.9905,0.05306260287761688,1.0,0.9990000128746033,10000.0,
2026-03-27T01:02:39,comparison_condition_crp_adaptive_feedforward_init_20260327_005712,crp_adaptive_feedforward_init,1,1,894684355,1573429661,crp_adaptive,feedforward,16,2.2352187202453613,2.2421077907562257,0.2764,1.0,4.04642,0.2894539233083148,0.7340153452685422,0.9990000128746033,1.0,3.0004,1.7813237718655728e-05,1.0,0.9990000128746033,10000.0,
2026-03-27T01:02:57,comparison_condition_crp_adaptive_feedforward_init_20260327_005712,crp_adaptive_feedforward_init,1,1,894684355,1573429661,crp_adaptive,feedforward,17,2.235011160354614,2.2281488666534424,0.2974,1.0,3.15122,0.010690689323171012,0.989769820971867,0.9990000128746033,1.0,3.0006,2.451980435580481e-05,1.0,0.9990000128746033,10000.0,
2026-03-27T01:03:18,comparison_condition_crp_adaptive_feedforward_init_20260327_005712,crp_adaptive_feedforward_init,1,1,894684355,1573429661,crp_adaptive,feedforward,18,2.2143176707458494,2.21139193649292,0.2958,1.0,3.50716,0.12286946568098717,0.8823529411764706,0.9990000128746033,1.0,3.001,3.832000948023051e-05,1.0,0.9990000128746033,10000.0,
2026-03-27T01:03:41,comparison_condition_crp_adaptive_feedforward_init_20260327_005712,crp_adaptive_feedforward_init,1,1,894684355,1573429661,crp_adaptive,feedforward,19,2.2016850997161863,2.1921192611694336,0.3542,1.0,3.1187,0.007980029253189677,0.9923273657289002,0.9990000128746033,1.0,3.0001,1.6174733900697902e-05,1.0,0.9990000128746033,10000.0,
2026-03-27T01:04:05,comparison_condition_crp_adaptive_feedforward_init_20260327_005712,crp_adaptive_feedforward_init,1,1,894684355,1573429661,crp_adaptive,feedforward,20,2.173691418838501,2.1691011497497557,0.3561,1.0,4.13832,0.14896562173991995,0.8542199488491049,0.9990000128746033,1.0,3.9998,0.0017975748050957918,1.0,0.9990000128746033,10000.0,
2026-03-27T01:04:29,comparison_condition_crp_adaptive_feedforward_init_20260327_005712,crp_adaptive_feedforward_init,1,1,894684355,1573429661,crp_adaptive,feedforward,21,2.1525476811218263,2.1419485691070554,0.3956,1.0,3.88442,0.06865262939456089,0.9335038363171355,0.9990000128746033,1.0,3.3841,0.00037346617318689823,1.0,0.9990000128746033,10000.0,
2026-03-27T01:04:53,comparison_condition_crp_adaptive_feedforward_init_20260327_005712,crp_adaptive_feedforward_init,1,1,894684355,1573429661,crp_adaptive,feedforward,22,2.1262231961059572,2.1106486782073977,0.3937,1.0,3.10502,0.015932394356792553,0.9846547314578005,0.9990000128746033,1.0,3.0765,0.00018245485262013972,1.0,0.9990000128746033,10000.0,
2026-03-27T01:05:13,comparison_condition_crp_adaptive_feedforward_init_20260327_005712,crp_adaptive_feedforward_init,1,1,894684355,1573429661,crp_adaptive,feedforward,23,2.08128126411438,2.0742900115966796,0.4312,1.0,4.201,0.21050993306362262,0.7953964194373402,0.9990000128746033,1.0,4.0002,0.004417065996676683,1.0,0.9990000128746033,10000.0,
2026-03-27T01:05:37,comparison_condition_crp_adaptive_feedforward_init_20260327_005712,crp_adaptive_feedforward_init,1,1,894684355,1573429661,crp_adaptive,feedforward,24,2.053195099563599,2.0337590423583984,0.4548,1.0,3.46378,0.026072961289108562,0.9769820971867008,0.9990000128746033,1.0,3.0122,6.387570465449244e-05,1.0,0.9990000128746033,10000.0,
2026-03-27T01:05:58,comparison_condition_crp_adaptive_feedforward_init_20260327_005712,crp_adaptive_feedforward_init,1,1,894684355,1573429661,crp_adaptive,feedforward,25,2.005396255531311,1.9880288349151611,0.4685,1.0,3.77146,0.1007106847165044,0.907928388746803,0.9990000128746033,1.0,3.5618,0.0006338218227028847,1.0,0.9990000128746033,10000.0,
2026-03-27T01:06:23,comparison_condition_crp_adaptive_feedforward_init_20260327_005712,crp_adaptive_feedforward_init,2,2,21838114,1761311798,crp_adaptive,feedforward,1,2.3016284965515137,2.300758345413208,0.116,1.0,2.56446,0.02307533295840848,0.9769820971867008,0.9990000128746033,1.0,2.1184,2.2618496586801484e-05,1.0,0.9990000128746033,10000.0,
2026-03-27T01:06:47,comparison_condition_crp_adaptive_feedforward_init_20260327_005712,crp_adaptive_feedforward_init,2,2,21838114,1761311798,crp_adaptive,feedforward,2,2.2999125706481935,2.3003839973449707,0.116,1.0,3.2377,0.1492391017553232,0.8925831202046036,0.9990000128746033,1.0,3.0178,0.002389994915574789,1.0,0.9990000128746033,10000.0,
2026-03-27T01:07:07,comparison_condition_crp_adaptive_feedforward_init_20260327_005712,crp_adaptive_feedforward_init,2,2,21838114,1761311798,crp_adaptive,feedforward,3,2.2978365146636963,2.2996709659576418,0.116,1.0,3.46762,0.21627872944008675,0.8465473145780051,0.9990000128746033,1.0,3.0,1.6185287677217275e-05,1.0,0.9990000128746033,10000.0,
2026-03-27T01:07:29,comparison_condition_crp_adaptive_feedforward_init_20260327_005712,crp_adaptive_feedforward_init,2,2,21838114,1761311798,crp_adaptive,feedforward,4,2.2895166290283204,2.2979993057250976,0.116,1.0,4.82524,0.5742442085630475,0.6930946291560103,0.9990000128746033,1.0,3.0023,5.2735183999175206e-05,1.0,0.9990000128746033,10000.0,
2026-03-27T01:07:49,comparison_condition_crp_adaptive_feedforward_init_20260327_005712,crp_adaptive_feedforward_init,2,2,21838114,1761311798,crp_adaptive,feedforward,5,2.2973506652069093,2.295993441772461,0.116,1.0,3.10818,0.0038761512636032273,1.0,0.9990000128746033,1.0,3.0,7.967712008394301e-06,1.0,0.9990000128746033,10000.0,
2026-03-27T01:08:13,comparison_condition_crp_adaptive_feedforward_init_20260327_005712,crp_adaptive_feedforward_init,2,2,21838114,1761311798,crp_adaptive,feedforward,6,2.287405996246338,2.2933322296142578,0.116,1.0,3.85464,0.3678539759218608,0.6342710997442456,0.9990000128746033,1.0,3.0028,4.7210993216140196e-05,1.0,0.9990000128746033,10000.0,
2026-03-27T01:08:33,comparison_condition_crp_adaptive_feedforward_init_20260327_005712,crp_adaptive_feedforward_init,2,2,21838114,1761311798,crp_adaptive,feedforward,7,2.276932003326416,2.2902008693695066,0.116,1.0,4.50398,0.6413149570617417,0.36061381074168797,0.9990000128746033,1.0,3.0968,0.00020648974168580025,1.0,0.9990000128746033,10000.0,
2026-03-27T01:08:54,comparison_condition_crp_adaptive_feedforward_init_20260327_005712,crp_adaptive_feedforward_init,2,2,21838114,1761311798,crp_adaptive,feedforward,8,2.265130837249756,2.282250856399536,0.1167,1.0,5.28748,0.874732080658185,0.13043478260869565,0.9990000128746033,1.0,4.9799,0.13869987428188324,1.0,0.9990000128746033,10000.0,
2026-03-27T01:09:15,comparison_condition_crp_adaptive_feedforward_init_20260327_005712,crp_adaptive_feedforward_init,2,2,21838114,1761311798,crp_adaptive,feedforward,9,2.279437568359375,2.281502226638794,0.1182,1.0,4.1892,0.1655870550791459,0.8439897698209718,0.9990000128746033,1.0,4.0,0.004309819079935551,1.0,0.9990000128746033,10000.0,
2026-03-27T01:09:35,comparison_condition_crp_adaptive_feedforward_init_20260327_005712,crp_adaptive_feedforward_init,2,2,21838114,1761311798,crp_adaptive,feedforward,10,2.2492282411956785,2.2420752727508546,0.3488,1.0,5.15596,0.9346167884418405,0.06905370843989769,0.9990000128746033,1.0,5.3283,1.0,0.0,0.9990000128746033,10000.0,
2026-03-27T01:09:54,comparison_condition_crp_adaptive_feedforward_init_20260327_005712,crp_adaptive_feedforward_init,2,2,21838114,1761311798,crp_adaptive,feedforward,11,2.2586498335266114,2.2695299476623534,0.1753,1.0,4.38542,0.41368009143128165,0.5933503836317136,0.9990000128746033,1.0,4.0001,0.0031554761808365583,1.0,0.9990000128746033,10000.0,
2026-03-27T01:10:14,comparison_condition_crp_adaptive_feedforward_init_20260327_005712,crp_adaptive_feedforward_init,2,2,21838114,1761311798,crp_adaptive,feedforward,12,2.249048833389282,2.262275107192993,0.2164,1.0,4.48804,0.445295766966566,0.618925831202046,0.9990000128746033,1.0,3.0851,0.00013876592856831849,1.0,0.9990000128746033,10000.0,
2026-03-27T01:10:33,comparison_condition_crp_adaptive_feedforward_init_20260327_005712,crp_adaptive_feedforward_init,2,2,21838114,1761311798,crp_adaptive,feedforward,13,2.2425817723083497,2.252939665222168,0.2824,1.0,4.37672,0.3693087028209506,0.6368286445012787,0.9990000128746033,1.0,3.9219,0.0006272902246564627,1.0,0.9990000128746033,10000.0,
2026-03-27T01:10:53,comparison_condition_crp_adaptive_feedforward_init_20260327_005712,crp_adaptive_feedforward_init,2,2,21838114,1761311798,crp_adaptive,feedforward,14,2.2244398087310793,2.2415755935668944,0.3249,1.0,4.32376,0.5054003434958881,0.49872122762148335,0.9990000128746033,1.0,3.0001,1.0714377822296228e-05,1.0,0.9990000128746033,10000.0,
2026-03-27T01:11:14,comparison_condition_crp_adaptive_feedforward_init_20260327_005712,crp_adaptive_feedforward_init,2,2,21838114,1761311798,crp_adaptive,feedforward,15,2.1938057202148435,2.213251429748535,0.4075,1.0,6.12126,0.8029455802423636,0.3887468030690537,0.9990000128746033,1.0,5.0282,0.241613507270813,1.0,0.9990000128746033,10000.0,
2026-03-27T01:11:34,comparison_condition_crp_adaptive_feedforward_init_20260327_005712,crp_adaptive_feedforward_init,2,2,21838114,1761311798,crp_adaptive,feedforward,16,2.196447297363281,2.2069656757354736,0.3836,1.0,4.61468,0.36794903009388263,0.649616368286445,0.9990000128746033,1.0,4.0096,0.009618982672691345,1.0,0.9990000128746033,10000.0,
2026-03-27T01:11:54,comparison_condition_crp_adaptive_feedforward_init_20260327_005712,crp_adaptive_feedforward_init,2,2,21838114,1761311798,crp_adaptive,feedforward,17,2.180359569091797,2.1847196479797364,0.4068,1.0,4.81522,0.26661838532329146,0.8235294117647058,0.9990000128746033,1.0,4.0859,0.005357327871024609,1.0,0.9990000128746033,10000.0,
2026-03-27T01:12:18,comparison_condition_crp_adaptive_feedforward_init_20260327_005712,crp_adaptive_feedforward_init,2,2,21838114,1761311798,crp_adaptive,feedforward,18,2.1407309132385253,2.1523891593933104,0.4353,0.99998,4.88048,0.46778095298647465,0.8286445012787724,0.9990000128746033,1.0,4.9767,0.08349389582872391,1.0,0.9990000128746033,10000.0,
2026-03-27T01:12:42,comparison_condition_crp_adaptive_feedforward_init_20260327_005712,crp_adaptive_feedforward_init,2,2,21838114,1761311798,crp_adaptive,feedforward,19,2.123537912445068,2.126375322341919,0.439,1.0,4.40752,0.2620409826970148,0.8132992327365729,0.9990000128746033,1.0,3.9323,0.0032824338413774967,1.0,0.9990000128746033,10000.0,
2026-03-27T01:13:03,comparison_condition_crp_adaptive_feedforward_init_20260327_005712,crp_adaptive_feedforward_init,2,2,21838114,1761311798,crp_adaptive,feedforward,20,2.0995841078186035,2.0881926696777344,0.4753,1.0,4.53996,0.1076474495665611,0.9667519181585678,0.9990000128746033,1.0,4.2391,0.0342484787106514,1.0,0.9990000128746033,10000.0,
2026-03-27T01:13:24,comparison_condition_crp_adaptive_feedforward_init_20260327_005712,crp_adaptive_feedforward_init,2,2,21838114,1761311798,crp_adaptive,feedforward,21,2.0415387521362303,1.9659914213180543,0.5146,1.0,4.47728,0.3540826651459078,0.6726342710997443,0.9990000128746033,1.0,5.832,1.0,0.0,0.9990000128746033,10000.0,
2026-03-27T01:13:44,comparison_condition_crp_adaptive_feedforward_init_20260327_005712,crp_adaptive_feedforward_init,2,2,21838114,1761311798,crp_adaptive,feedforward,22,1.9933709143066407,2.003887490463257,0.4905,1.0,4.60998,0.3671011075261831,0.7672634271099744,0.9990000128746033,1.0,4.0003,0.003261145669966936,1.0,0.9990000128746033,10000.0,
2026-03-27T01:14:04,comparison_condition_crp_adaptive_feedforward_init_20260327_005712,crp_adaptive_feedforward_init,2,2,21838114,1761311798,crp_adaptive,feedforward,23,1.9231761266708374,1.939163550376892,0.5041,1.0,5.05106,0.5712026256634739,0.5421994884910486,0.9990000128746033,1.0,5.0207,0.14042861759662628,1.0,0.9990000128746033,10000.0,
2026-03-27T01:14:24,comparison_condition_crp_adaptive_feedforward_init_20260327_005712,crp_adaptive_feedforward_init,2,2,21838114,1761311798,crp_adaptive,feedforward,24,1.9029902472305298,1.90129502620697,0.5081,1.0,4.09176,0.21762008785915202,0.8056265984654731,0.9990000128746033,1.0,3.3174,0.0009118097368627787,1.0,0.9990000128746033,10000.0,
2026-03-27T01:14:44,comparison_condition_crp_adaptive_feedforward_init_20260327_005712,crp_adaptive_feedforward_init,2,2,21838114,1761311798,crp_adaptive,feedforward,25,1.851122187538147,1.8432570156097412,0.5303,1.0,4.73584,0.16781492834650266,0.9002557544757033,0.9990000128746033,1.0,4.0359,0.004274797160178423,1.0,0.9990000128746033,10000.0,
2026-03-27T01:15:07,comparison_condition_crp_adaptive_feedforward_init_20260327_005712,crp_adaptive_feedforward_init,3,3,1772117478,1724103795,crp_adaptive,feedforward,1,2.3014417165374756,2.302248231124878,0.1082,1.0,2.63208,0.04097533563573189,0.959079283887468,0.9990000128746033,1.0,2.2417,1.2253967724973336e-05,1.0,0.9990000128746033,10000.0,
2026-03-27T01:15:26,comparison_condition_crp_adaptive_feedforward_init_20260327_005712,crp_adaptive_feedforward_init,3,3,1772117478,1724103795,crp_adaptive,feedforward,2,2.3001146502685548,2.3023648639678953,0.1082,1.0,3.45794,0.21072193778376147,0.80306905370844,0.9990000128746033,1.0,3.0004,5.584349491982721e-05,1.0,0.9990000128746033,10000.0,
2026-03-27T01:15:46,comparison_condition_crp_adaptive_feedforward_init_20260327_005712,crp_adaptive_feedforward_init,3,3,1772117478,1724103795,crp_adaptive,feedforward,3,2.2992543215942383,2.3015992946624757,0.1082,1.0,4.0359,0.20298871798795493,0.8721227621483376,0.9990000128746033,1.0,3.9992,0.046161163598299026,1.0,0.9990000128746033,10000.0,
2026-03-27T01:16:06,comparison_condition_crp_adaptive_feedforward_init_20260327_005712,crp_adaptive_feedforward_init,3,3,1772117478,1724103795,crp_adaptive,feedforward,4,2.288735166244507,2.287075086593628,0.1082,1.0,5.11848,0.9340710399381797,0.09462915601023018,0.9990000128746033,1.0,5.1055,1.0,0.0,0.9990000128746033,10000.0,
2026-03-27T01:16:26,comparison_condition_crp_adaptive_feedforward_init_20260327_005712,crp_adaptive_feedforward_init,3,3,1772117478,1724103795,crp_adaptive,feedforward,5,2.2966378050231935,2.299762073135376,0.1082,1.0,4.8909,0.23212072044048104,0.8644501278772379,0.9990000128746033,1.0,4.9995,0.09470109641551971,1.0,0.9990000128746033,10000.0,
2026-03-27T01:16:46,comparison_condition_crp_adaptive_feedforward_init_20260327_005712,crp_adaptive_feedforward_init,3,3,1772117478,1724103795,crp_adaptive,feedforward,6,2.29776318359375,2.299882064819336,0.1082,1.0,4.2313,0.10682788756235367,0.9207161125319693,0.9990000128746033,1.0,4.018,0.014880049973726273,1.0,0.9990000128746033,10000.0,
2026-03-27T01:17:06,comparison_condition_crp_adaptive_feedforward_init_20260327_005712,crp_adaptive_feedforward_init,3,3,1772117478,1724103795,crp_adaptive,feedforward,7,2.2925080575561525,2.2983957805633546,0.1082,0.99998,3.96296,0.33060119463560655,0.8132992327365729,0.9990000128746033,1.0,3.0053,0.00027009882614947855,1.0,0.9990000128746033,10000.0,
2026-03-27T01:17:26,comparison_condition_crp_adaptive_feedforward_init_20260327_005712,crp_adaptive_feedforward_init,3,3,1772117478,1724103795,crp_adaptive,feedforward,8,2.290729667434692,2.296151890563965,0.1082,0.99996,3.98632,0.3042533719199686,0.7135549872122762,0.9990000128746033,1.0,3.4305,0.0015544850612059236,1.0,0.9990000128746033,10000.0,
2026-03-27T01:17:47,comparison_condition_crp_adaptive_feedforward_init_20260327_005712,crp_adaptive_feedforward_init,3,3,1772117478,1724103795,crp_adaptive,feedforward,9,2.284704024810791,2.2870189727783203,0.1082,1.0,4.92712,0.44678460456588115,0.9769820971867008,0.9990000128746033,1.0,5.0118,0.2995924949645996,1.0,0.9990000128746033,10000.0,
2026-03-27T01:18:06,comparison_condition_crp_adaptive_feedforward_init_20260327_005712,crp_adaptive_feedforward_init,3,3,1772117478,1724103795,crp_adaptive,feedforward,10,2.2890540975952147,2.289294976806641,0.1083,1.0,4.16898,0.05154361337057443,0.979539641943734,0.9990000128746033,1.0,3.0004,3.609093255363405e-05,1.0,0.9990000128746033,10000.0,
2026-03-27T01:18:27,comparison_condition_crp_adaptive_feedforward_init_20260327_005712,crp_adaptive_feedforward_init,3,3,1772117478,1724103795,crp_adaptive,feedforward,11,2.280557791595459,2.28496082611084,0.1218,1.0,3.95264,0.2647700335759291,0.7493606138107417,0.9990000128746033,1.0,3.0536,0.0002120966964866966,1.0,0.9990000128746033,10000.0,
2026-03-27T01:18:48,comparison_condition_crp_adaptive_feedforward_init_20260327_005712,crp_adaptive_feedforward_init,3,3,1772117478,1724103795,crp_adaptive,feedforward,12,2.2810340202331543,2.279499463272095,0.1425,1.0,3.4166,0.007761168229148251,0.9974424552429667,0.9990000128746033,1.0,3.0007,1.8916332919616252e-05,1.0,0.9990000128746033,10000.0,
2026-03-27T01:19:08,comparison_condition_crp_adaptive_feedforward_init_20260327_005712,crp_adaptive_feedforward_init,3,3,1772117478,1724103795,crp_adaptive,feedforward,13,2.2702021086120605,2.272562905883789,0.1686,1.0,4.42606,0.22293274111137965,0.9309462915601023,0.9990000128746033,1.0,3.6387,0.0005931761697866023,1.0,0.9990000128746033,10000.0,
2026-03-27T01:19:29,comparison_condition_crp_adaptive_feedforward_init_20260327_005712,crp_adaptive_feedforward_init,3,3,1772117478,1724103795,crp_adaptive,feedforward,14,2.2641012962341307,2.2644400005340577,0.2271,1.0,4.00252,0.15654877798344918,0.8618925831202046,0.9990000128746033,1.0,3.9926,0.00244507216848433,1.0,0.9990000128746033,10000.0,
2026-03-27T01:19:49,comparison_condition_crp_adaptive_feedforward_init_20260327_005712,crp_adaptive_feedforward_init,3,3,1772117478,1724103795,crp_adaptive,feedforward,15,2.2581731037902832,2.2542463802337647,0.2602,1.0,3.5521,0.014773021903759299,0.9872122762148338,0.9990000128746033,1.0,3.1864,0.000297638529445976,1.0,0.9990000128746033,10000.0,
2026-03-27T01:20:09,comparison_condition_crp_adaptive_feedforward_init_20260327_005712,crp_adaptive_feedforward_init,3,3,1772117478,1724103795,crp_adaptive,feedforward,16,2.242578064804077,2.2415244674682615,0.3318,0.99998,3.75,0.18990759993985218,0.8107416879795396,0.9990000128746033,1.0,3.0361,0.0002913974749390036,1.0,0.9990000128746033,10000.0,
2026-03-27T01:20:29,comparison_condition_crp_adaptive_feedforward_init_20260327_005712,crp_adaptive_feedforward_init,3,3,1772117478,1724103795,crp_adaptive,feedforward,17,2.230893834686279,2.2271274505615235,0.3641,0.99998,3.31152,0.11264153456368545,0.887468030690537,0.9990000128746033,1.0,3.0007,3.6709243431687355e-05,1.0,0.9990000128746033,10000.0,
2026-03-27T01:20:50,comparison_condition_crp_adaptive_feedforward_init_20260327_005712,crp_adaptive_feedforward_init,3,3,1772117478,1724103795,crp_adaptive,feedforward,18,2.216333701171875,2.2099983810424804,0.3853,1.0,3.38818,0.067466605043601,0.9335038363171355,0.9990000128746033,1.0,3.0016,0.00010236309026367962,1.0,0.9990000128746033,10000.0,
2026-03-27T01:21:10,comparison_condition_crp_adaptive_feedforward_init_20260327_005712,crp_adaptive_feedforward_init,3,3,1772117478,1724103795,crp_adaptive,feedforward,19,2.1995406425476074,2.190263829421997,0.3988,1.0,3.05,0.007901490393151736,0.9923273657289002,0.9990000128746033,1.0,3.0049,0.0001755417324602604,1.0,0.9990000128746033,10000.0,
2026-03-27T01:21:32,comparison_condition_crp_adaptive_feedforward_init_20260327_005712,crp_adaptive_feedforward_init,3,3,1772117478,1724103795,crp_adaptive,feedforward,20,2.1763892920684813,2.167196703338623,0.4072,1.0,3.74748,0.09090845752364161,0.9156010230179028,0.9990000128746033,1.0,3.9949,0.006726687308400869,1.0,0.9990000128746033,10000.0,
2026-03-27T01:21:54,comparison_condition_crp_adaptive_feedforward_init_20260327_005712,crp_adaptive_feedforward_init,3,3,1772117478,1724103795,crp_adaptive,feedforward,21,2.153567942352295,2.1409066749572756,0.4139,1.0,3.217,0.02952830568649792,0.9744245524296675,0.9990000128746033,1.0,3.0217,0.00016930079436860979,1.0,0.9990000128746033,10000.0,
2026-03-27T01:22:16,comparison_condition_crp_adaptive_feedforward_init_20260327_005712,crp_adaptive_feedforward_init,3,3,1772117478,1724103795,crp_adaptive,feedforward,22,2.1232612260437014,2.11156408996582,0.4189,1.0,3.56576,0.12431562257031246,0.8797953964194374,0.9990000128746033,1.0,3.0857,0.0003072609833907336,1.0,0.9990000128746033,10000.0,
2026-03-27T01:22:37,comparison_condition_crp_adaptive_feedforward_init_20260327_005712,crp_adaptive_feedforward_init,3,3,1772117478,1724103795,crp_adaptive,feedforward,23,2.09059784286499,2.0788258049011232,0.4226,1.0,4.14554,0.18046050759272717,0.8235294117647058,0.9990000128746033,1.0,3.9905,0.003036418929696083,1.0,0.9990000128746033,10000.0,
2026-03-27T01:22:58,comparison_condition_crp_adaptive_feedforward_init_20260327_005712,crp_adaptive_feedforward_init,3,3,1772117478,1724103795,crp_adaptive,feedforward,24,2.0598123020935057,2.0432802364349367,0.4285,1.0,3.2887,0.0748386698206743,0.9258312020460358,0.9990000128746033,1.0,3.0,2.0381943613756448e-05,1.0,0.9990000128746033,10000.0,
2026-03-27T01:23:20,comparison_condition_crp_adaptive_feedforward_init_20260327_005712,crp_adaptive_feedforward_init,3,3,1772117478,1724103795,crp_adaptive,feedforward,25,2.020688655014038,2.0055637252807617,0.4322,1.0,3.59134,0.15723670401538306,0.8439897698209718,0.9990000128746033,1.0,3.0016,7.27717051631771e-05,1.0,0.9990000128746033,10000.0,
2026-03-27T01:23:46,comparison_condition_crp_adaptive_feedforward_init_20260327_005712,crp_adaptive_feedforward_init,4,4,641324193,1836395613,crp_adaptive,feedforward,1,2.3017889797210693,2.301027751159668,0.1166,1.0,2.26826,0.03328868040184797,0.9667519181585678,0.9990000128746033,1.0,2.2399,2.0972758647985756e-05,1.0,0.9990000128746033,10000.0,
2026-03-27T01:24:06,comparison_condition_crp_adaptive_feedforward_init_20260327_005712,crp_adaptive_feedforward_init,4,4,641324193,1836395613,crp_adaptive,feedforward,2,2.2974093528747557,2.299413285446167,0.1166,1.0,4.38886,0.6720833591243718,0.42710997442455245,0.9990000128746033,1.0,4.3458,0.13837562501430511,1.0,0.9990000128746033,10000.0,
2026-03-27T01:24:27,comparison_condition_crp_adaptive_feedforward_init_20260327_005712,crp_adaptive_feedforward_init,4,4,641324193,1836395613,crp_adaptive,feedforward,3,2.2965924102020265,2.2892836196899413,0.1166,1.0,4.09056,0.42384128875877314,0.5856777493606138,0.9990000128746033,1.0,5.7497,1.0,0.0,0.9990000128746033,10000.0,
2026-03-27T01:24:49,comparison_condition_crp_adaptive_feedforward_init_20260327_005712,crp_adaptive_feedforward_init,4,4,641324193,1836395613,crp_adaptive,feedforward,4,2.2882310428619386,2.2855768608093263,0.1166,1.0,5.72198,0.943299225494934,0.058823529411764705,0.9990000128746033,1.0,5.899,1.0,0.0,0.9990000128746033,10000.0,
2026-03-27T01:25:10,comparison_condition_crp_adaptive_feedforward_init_20260327_005712,crp_adaptive_feedforward_init,4,4,641324193,1836395613,crp_adaptive,feedforward,5,2.296239717102051,2.2981133125305178,0.1166,1.0,4.39702,0.21534138645843098,0.80306905370844,0.9990000128746033,1.0,4.0941,0.017294470220804214,1.0,0.9990000128746033,10000.0,
2026-03-27T01:25:31,comparison_condition_crp_adaptive_feedforward_init_20260327_005712,crp_adaptive_feedforward_init,4,4,641324193,1836395613,crp_adaptive,feedforward,6,2.291434196395874,2.2962294147491455,0.1166,1.0,4.27982,0.41439353456337036,0.5856777493606138,0.9990000128746033,1.0,3.0016,3.3433410862926394e-05,1.0,0.9990000128746033,10000.0,
2026-03-27T01:25:52,comparison_condition_crp_adaptive_feedforward_init_20260327_005712,crp_adaptive_feedforward_init,4,4,641324193,1836395613,crp_adaptive,feedforward,7,2.2900464665222167,2.2891523460388186,0.1166,1.0,4.35662,0.3429971408717988,0.7979539641943734,0.9990000128746033,1.0,5.0235,0.29428163170814514,1.0,0.9990000128746033,10000.0,
2026-03-27T01:26:12,comparison_condition_crp_adaptive_feedforward_init_20260327_005712,crp_adaptive_feedforward_init,4,4,641324193,1836395613,crp_adaptive,feedforward,8,2.282290445404053,2.2917222129821777,0.1166,1.0,5.07804,0.6310967393337542,0.3836317135549872,0.9990000128746033,1.0,3.0123,6.674850737908855e-05,1.0,0.9990000128746033,10000.0,
2026-03-27T01:26:32,comparison_condition_crp_adaptive_feedforward_init_20260327_005712,crp_adaptive_feedforward_init,4,4,641324193,1836395613,crp_adaptive,feedforward,9,2.283592137527466,2.2881346534729006,0.1254,1.0,4.70352,0.37400633302036984,0.639386189258312,0.9990000128746033,1.0,4.1154,0.013664706610143185,1.0,0.9990000128746033,10000.0,
2026-03-27T01:26:53,comparison_condition_crp_adaptive_feedforward_init_20260327_005712,crp_adaptive_feedforward_init,4,4,641324193,1836395613,crp_adaptive,feedforward,10,2.274070422744751,2.264092995452881,0.1769,1.0,5.03688,0.6506491675381,0.35294117647058826,0.9990000128746033,1.0,6.0619,1.0,0.0,0.9990000128746033,10000.0,
2026-03-27T01:27:20,comparison_condition_crp_adaptive_feedforward_init_20260327_005712,crp_adaptive_feedforward_init,4,4,641324193,1836395613,crp_adaptive,feedforward,11,2.2654176362609864,2.2713298099517822,0.1832,1.0,5.83494,0.7408624965009902,0.4475703324808184,0.9990000128746033,1.0,5.2681,0.27747341990470886,1.0,0.9990000128746033,10000.0,
2026-03-27T01:27:42,comparison_condition_crp_adaptive_feedforward_init_20260327_005712,crp_adaptive_feedforward_init,4,4,641324193,1836395613,crp_adaptive,feedforward,12,2.26297106300354,2.2687713329315184,0.1986,1.0,4.68516,0.4641683031712282,0.5396419437340153,0.9990000128746033,1.0,3.0284,5.4144686146173626e-05,1.0,0.9990000128746033,10000.0,
2026-03-27T01:28:02,comparison_condition_crp_adaptive_feedforward_init_20260327_005712,crp_adaptive_feedforward_init,4,4,641324193,1836395613,crp_adaptive,feedforward,13,2.261870850982666,2.2587612213134767,0.2363,1.0,3.35992,0.0845032480459817,0.9156010230179028,0.9990000128746033,1.0,3.0358,5.635813431581482e-05,1.0,0.9990000128746033,10000.0,
2026-03-27T01:28:24,comparison_condition_crp_adaptive_feedforward_init_20260327_005712,crp_adaptive_feedforward_init,4,4,641324193,1836395613,crp_adaptive,feedforward,14,2.247054666824341,2.2463337783813477,0.2395,0.99982,4.77364,0.25245008810990205,0.7902813299232737,0.9990000128746033,1.0,4.042,0.007062272634357214,1.0,0.9990000128746033,10000.0,
2026-03-27T01:28:45,comparison_condition_crp_adaptive_feedforward_init_20260327_005712,crp_adaptive_feedforward_init,4,4,641324193,1836395613,crp_adaptive,feedforward,15,2.2368374822998045,2.2310013942718507,0.2632,0.99988,3.42076,0.09633984937460374,0.9104859335038363,0.9990000128746033,1.0,3.0037,4.813518171431497e-05,1.0,0.9990000128746033,10000.0,
2026-03-27T01:29:06,comparison_condition_crp_adaptive_feedforward_init_20260327_005712,crp_adaptive_feedforward_init,4,4,641324193,1836395613,crp_adaptive,feedforward,16,2.2190254328918457,2.212982096862793,0.2855,0.99994,3.70806,0.1415583788882085,0.8746803069053708,0.9990000128746033,1.0,3.0012,7.059145718812943e-05,1.0,0.9990000128746033,10000.0,
2026-03-27T01:29:32,comparison_condition_crp_adaptive_feedforward_init_20260327_005712,crp_adaptive_feedforward_init,4,4,641324193,1836395613,crp_adaptive,feedforward,17,2.200558552932739,2.1907512962341307,0.2989,0.99998,4.6829,0.07706356444261166,1.0,0.9990000128746033,1.0,4.0352,0.008822550997138023,1.0,0.9990000128746033,10000.0,
2026-03-27T01:29:55,comparison_condition_crp_adaptive_feedforward_init_20260327_005712,crp_adaptive_feedforward_init,4,4,641324193,1836395613,crp_adaptive,feedforward,18,2.178053321685791,2.1649117530822752,0.342,1.0,3.6974,0.009684998099558185,0.9948849104859335,0.9990000128746033,1.0,3.1365,0.0003282701945863664,1.0,0.9990000128746033,10000.0,
2026-03-27T01:30:19,comparison_condition_crp_adaptive_feedforward_init_20260327_005712,crp_adaptive_feedforward_init,4,4,641324193,1836395613,crp_adaptive,feedforward,19,2.1501703202819824,2.1342128547668455,0.3574,1.0,3.28226,0.007014917316762439,0.9948849104859335,0.9990000128746033,1.0,3.0202,0.00012151396367698908,1.0,0.9990000128746033,10000.0,
2026-03-27T01:30:44,comparison_condition_crp_adaptive_feedforward_init_20260327_005712,crp_adaptive_feedforward_init,4,4,641324193,1836395613,crp_adaptive,feedforward,20,2.109519777679443,2.0995512199401856,0.3742,1.0,4.01082,0.32907334944311306,0.6854219948849105,0.9990000128746033,1.0,3.0316,0.0001574704219819978,1.0,0.9990000128746033,10000.0,
2026-03-27T01:31:07,comparison_condition_crp_adaptive_feedforward_init_20260327_005712,crp_adaptive_feedforward_init,4,4,641324193,1836395613,crp_adaptive,feedforward,21,2.0806362887573244,2.0606307262420653,0.3821,1.0,3.54068,0.014667154917263609,0.9872122762148338,0.9990000128746033,1.0,3.1679,0.0004575701605062932,1.0,0.9990000128746033,10000.0,
2026-03-27T01:31:31,comparison_condition_crp_adaptive_feedforward_init_20260327_005712,crp_adaptive_feedforward_init,4,4,641324193,1836395613,crp_adaptive,feedforward,22,2.037391437034607,2.019365684890747,0.4002,1.0,3.89488,0.1457569006473318,0.8593350383631714,0.9990000128746033,1.0,3.0643,0.0002229206875199452,1.0,0.9990000128746033,10000.0,
2026-03-27T01:31:55,comparison_condition_crp_adaptive_feedforward_init_20260327_005712,crp_adaptive_feedforward_init,4,4,641324193,1836395613,crp_adaptive,feedforward,23,1.9963843532562255,1.9746745475769043,0.4135,0.99994,3.136,0.06395636721400011,0.9360613810741688,0.9990000128746033,1.0,3.0003,1.785493986972142e-05,1.0,0.9990000128746033,10000.0,
2026-03-27T01:32:21,comparison_condition_crp_adaptive_feedforward_init_20260327_005712,crp_adaptive_feedforward_init,4,4,641324193,1836395613,crp_adaptive,feedforward,24,1.9494712804794312,1.9275045780181885,0.4264,0.9997,3.53378,0.10626188922838885,0.9258312020460358,0.9990000128746033,1.0,3.0001,1.1348446605552454e-05,1.0,0.9990000128746033,10000.0,
2026-03-27T01:32:48,comparison_condition_crp_adaptive_feedforward_init_20260327_005712,crp_adaptive_feedforward_init,4,4,641324193,1836395613,crp_adaptive,feedforward,25,1.9024226764678955,1.8784983419418335,0.4362,0.99998,3.31746,0.06968457469821211,0.9309462915601023,0.9990000128746033,1.0,3.0037,4.487913247430697e-05,1.0,0.9990000128746033,10000.0,
2026-03-27T01:33:17,comparison_condition_crp_adaptive_feedforward_init_20260327_005712,crp_adaptive_feedforward_init,5,5,791158067,2000992392,crp_adaptive,feedforward,1,2.301263019256592,2.3014251316070555,0.112,1.0,2.7953,0.09474050386993707,0.9053708439897699,0.9990000128746033,1.0,2.0299,2.6944189812638797e-05,1.0,0.9990000128746033,10000.0,
2026-03-27T01:33:42,comparison_condition_crp_adaptive_feedforward_init_20260327_005712,crp_adaptive_feedforward_init,5,5,791158067,2000992392,crp_adaptive,feedforward,2,2.2986198583221435,2.301148690032959,0.112,1.0,3.40638,0.2797023712891274,0.7237851662404092,0.9990000128746033,1.0,3.0,3.449964788160287e-05,1.0,0.9990000128746033,10000.0,
2026-03-27T01:34:09,comparison_condition_crp_adaptive_feedforward_init_20260327_005712,crp_adaptive_feedforward_init,5,5,791158067,2000992392,crp_adaptive,feedforward,3,2.2937378227996827,2.3005105323791506,0.112,1.0,4.31148,0.4553178889107729,0.6419437340153452,0.9990000128746033,1.0,3.5395,0.0021674323361366987,1.0,0.9990000128746033,10000.0,
2026-03-27T01:34:36,comparison_condition_crp_adaptive_feedforward_init_20260327_005712,crp_adaptive_feedforward_init,5,5,791158067,2000992392,crp_adaptive,feedforward,4,2.283657354888916,2.276875598526001,0.1218,1.0,4.73996,0.7947889163521776,0.23273657289002558,0.9990000128746033,1.0,5.0636,1.0,0.0,0.9990000128746033,10000.0,
2026-03-27T01:35:00,comparison_condition_crp_adaptive_feedforward_init_20260327_005712,crp_adaptive_feedforward_init,5,5,791158067,2000992392,crp_adaptive,feedforward,5,2.2881579457092287,2.298040751647949,0.112,1.0,4.58242,0.4452756451421401,0.5907928388746803,0.9990000128746033,1.0,4.0,0.0036121560260653496,1.0,0.9990000128746033,10000.0,
2026-03-27T01:35:22,comparison_condition_crp_adaptive_feedforward_init_20260327_005712,crp_adaptive_feedforward_init,5,5,791158067,2000992392,crp_adaptive,feedforward,6,2.2953646209716796,2.2964793083190917,0.112,1.0,3.57526,0.06392386960989867,0.9386189258312021,0.9990000128746033,1.0,3.0,9.335762115370017e-06,1.0,0.9990000128746033,10000.0,
2026-03-27T01:35:45,comparison_condition_crp_adaptive_feedforward_init_20260327_005712,crp_adaptive_feedforward_init,5,5,791158067,2000992392,crp_adaptive,feedforward,7,2.2929828298950197,2.2942108528137206,0.112,1.0,3.78272,0.08169735110093318,0.9335038363171355,0.9990000128746033,1.0,3.0054,3.924941847799346e-05,1.0,0.9990000128746033,10000.0,
2026-03-27T01:36:07,comparison_condition_crp_adaptive_feedforward_init_20260327_005712,crp_adaptive_feedforward_init,5,5,791158067,2000992392,crp_adaptive,feedforward,8,2.2884699367523194,2.291515446472168,0.112,1.0,3.57432,0.1540278798354085,0.8465473145780051,0.9990000128746033,1.0,3.0074,3.8005789974704385e-05,1.0,0.9990000128746033,10000.0,
2026-03-27T01:36:29,comparison_condition_crp_adaptive_feedforward_init_20260327_005712,crp_adaptive_feedforward_init,5,5,791158067,2000992392,crp_adaptive,feedforward,9,2.2874371827697755,2.2884791881561277,0.112,1.0,3.69176,0.07828584433224497,0.9232736572890026,0.9990000128746033,1.0,3.9962,0.001818742253817618,1.0,0.9990000128746033,10000.0,
2026-03-27T01:36:51,comparison_condition_crp_adaptive_feedforward_init_20260327_005712,crp_adaptive_feedforward_init,5,5,791158067,2000992392,crp_adaptive,feedforward,10,2.285709128417969,2.2847044662475584,0.1125,1.0,3.11918,0.015735680848295155,0.9846547314578005,0.9990000128746033,1.0,3.0069,0.00019497654284350574,1.0,0.9990000128746033,10000.0,
2026-03-27T01:37:13,comparison_condition_crp_adaptive_feedforward_init_20260327_005712,crp_adaptive_feedforward_init,5,5,791158067,2000992392,crp_adaptive,feedforward,11,2.280225438461304,2.2802775875091554,0.1417,1.0,3.63502,0.06538286400572432,0.9462915601023018,0.9990000128746033,1.0,3.0295,0.0002152233646484092,1.0,0.9990000128746033,10000.0,
2026-03-27T01:37:36,comparison_condition_crp_adaptive_feedforward_init_20260327_005712,crp_adaptive_feedforward_init,5,5,791158067,2000992392,crp_adaptive,feedforward,12,2.2533859159088134,2.273527191925049,0.1933,1.0,4.89144,0.7127250326342982,0.30179028132992325,0.9990000128746033,1.0,4.0098,0.010481374338269234,1.0,0.9990000128746033,10000.0,
2026-03-27T01:37:59,comparison_condition_crp_adaptive_feedforward_init_20260327_005712,crp_adaptive_feedforward_init,5,5,791158067,2000992392,crp_adaptive,feedforward,13,2.2601707842254637,2.265723587036133,0.1919,1.0,4.4721,0.2599494160192645,0.8081841432225064,0.9990000128746033,1.0,3.5943,0.001243423204869032,1.0,0.9990000128746033,10000.0,
2026-03-27T01:38:21,comparison_condition_crp_adaptive_feedforward_init_20260327_005712,crp_adaptive_feedforward_init,5,5,791158067,2000992392,crp_adaptive,feedforward,14,2.253034473800659,2.2562321327209474,0.2051,1.0,4.21166,0.20189848261212606,0.8005115089514067,0.9990000128746033,1.0,3.8266,0.0004855501465499401,1.0,0.9990000128746033,10000.0,
2026-03-27T01:38:43,comparison_condition_crp_adaptive_feedforward_init_20260327_005712,crp_adaptive_feedforward_init,5,5,791158067,2000992392,crp_adaptive,feedforward,15,2.2477236447143554,2.244962982559204,0.2563,1.0,3.65476,0.06303096344287562,1.0,0.9990000128746033,1.0,3.0085,6.710686284350231e-05,1.0,0.9990000128746033,10000.0,
2026-03-27T01:39:06,comparison_condition_crp_adaptive_feedforward_init_20260327_005712,crp_adaptive_feedforward_init,5,5,791158067,2000992392,crp_adaptive,feedforward,16,2.229385195159912,2.2301790802001955,0.3191,1.0,4.09706,0.18654766397029587,0.9360613810741688,0.9990000128746033,1.0,4.0028,0.008721324615180492,1.0,0.9990000128746033,10000.0,
2026-03-27T01:39:28,comparison_condition_crp_adaptive_feedforward_init_20260327_005712,crp_adaptive_feedforward_init,5,5,791158067,2000992392,crp_adaptive,feedforward,17,2.220970550003052,2.214015705871582,0.3799,1.0,3.30462,0.02589329260645126,0.9744245524296675,0.9990000128746033,1.0,3.1378,0.00024113262770697474,1.0,0.9990000128746033,10000.0,
2026-03-27T01:39:50,comparison_condition_crp_adaptive_feedforward_init_20260327_005712,crp_adaptive_feedforward_init,5,5,791158067,2000992392,crp_adaptive,feedforward,18,2.1914336268615724,2.193967395019531,0.3744,1.0,4.13408,0.2561357230491563,0.7519181585677749,0.9990000128746033,1.0,3.0765,0.0001795371063053608,1.0,0.9990000128746033,10000.0,
2026-03-27T01:40:13,comparison_condition_crp_adaptive_feedforward_init_20260327_005712,crp_adaptive_feedforward_init,5,5,791158067,2000992392,crp_adaptive,feedforward,19,2.1615469299316405,2.1565060985565188,0.4295,1.0,5.0285,0.3723177542540078,0.7416879795396419,0.9990000128746033,1.0,5.0077,0.22679632902145386,1.0,0.9990000128746033,10000.0,
2026-03-27T01:40:36,comparison_condition_crp_adaptive_feedforward_init_20260327_005712,crp_adaptive_feedforward_init,5,5,791158067,2000992392,crp_adaptive,feedforward,20,2.142386703033447,2.143132162857056,0.4341,1.0,4.57102,0.2460658312626326,0.8184143222506394,0.9990000128746033,1.0,4.003,0.0041758716106414795,1.0,0.9990000128746033,10000.0,
2026-03-27T01:40:59,comparison_condition_crp_adaptive_feedforward_init_20260327_005712,crp_adaptive_feedforward_init,5,5,791158067,2000992392,crp_adaptive,feedforward,21,2.1201452012634276,2.111283595275879,0.4406,1.0,4.82914,0.1130865670218373,1.0,0.9990000128746033,1.0,4.5912,0.013285020366311073,1.0,0.9990000128746033,10000.0,
2026-03-27T01:41:21,comparison_condition_crp_adaptive_feedforward_init_20260327_005712,crp_adaptive_feedforward_init,5,5,791158067,2000992392,crp_adaptive,feedforward,22,2.092777017440796,2.0774957485198975,0.4479,1.0,4.15634,0.03581369789513757,1.0,0.9990000128746033,1.0,4.0049,0.0017390854191035032,1.0,0.9990000128746033,10000.0,
2026-03-27T01:41:43,comparison_condition_crp_adaptive_feedforward_init_20260327_005712,crp_adaptive_feedforward_init,5,5,791158067,2000992392,crp_adaptive,feedforward,23,2.054325818939209,2.0395596237182616,0.4698,1.0,4.7071,0.05904270368521577,1.0,0.9990000128746033,1.0,3.0376,7.30309693608433e-05,1.0,0.9990000128746033,10000.0,
2026-03-27T01:42:05,comparison_condition_crp_adaptive_feedforward_init_20260327_005712,crp_adaptive_feedforward_init,5,5,791158067,2000992392,crp_adaptive,feedforward,24,2.018542423477173,1.9986804264068603,0.4758,1.0,3.8366,0.010304608773832578,1.0,0.9990000128746033,1.0,3.0014,1.9939785488531925e-05,1.0,0.9990000128746033,10000.0,
2026-03-27T01:42:27,comparison_condition_crp_adaptive_feedforward_init_20260327_005712,crp_adaptive_feedforward_init,5,5,791158067,2000992392,crp_adaptive,feedforward,25,1.9759254209136963,1.9550802717208862,0.4877,1.0,4.24318,0.014391397176038883,1.0,0.9990000128746033,1.0,3.956,0.0008282560156658292,1.0,0.9990000128746033,10000.0,
2026-03-27T01:42:53,comparison_condition_crp_adaptive_feedforward_init_20260327_005712,crp_adaptive_feedforward_init,6,6,415884586,580346373,crp_adaptive,feedforward,1,2.3011442259979247,2.3012406421661376,0.1102,1.0,2.91434,0.10755579707446675,0.8925831202046036,0.9990000128746033,1.0,2.1493,3.1548152037430555e-05,1.0,0.9990000128746033,10000.0,
2026-03-27T01:43:15,comparison_condition_crp_adaptive_feedforward_init_20260327_005712,crp_adaptive_feedforward_init,6,6,415884586,580346373,crp_adaptive,feedforward,2,2.299751239776611,2.3011039974212646,0.1102,1.0,3.69352,0.14571116571917922,0.928388746803069,0.9990000128746033,1.0,3.0,0.00010249910701531917,1.0,0.9990000128746033,10000.0,
2026-03-27T01:43:37,comparison_condition_crp_adaptive_feedforward_init_20260327_005712,crp_adaptive_feedforward_init,6,6,415884586,580346373,crp_adaptive,feedforward,3,2.295243433380127,2.2968749320983886,0.1102,1.0,4.58258,0.3900747284558682,0.7621483375959079,0.9990000128746033,1.0,4.9385,0.2098880261182785,1.0,0.9990000128746033,10000.0,
2026-03-27T01:44:01,comparison_condition_crp_adaptive_feedforward_init_20260327_005712,crp_adaptive_feedforward_init,6,6,415884586,580346373,crp_adaptive,feedforward,4,2.2814680851745606,2.2762992012023924,0.1546,1.0,5.37552,0.8955637567887607,0.10741687979539642,0.9990000128746033,1.0,6.0661,1.0,0.0,0.9990000128746033,10000.0,
2026-03-27T01:44:23,comparison_condition_crp_adaptive_feedforward_init_20260327_005712,crp_adaptive_feedforward_init,6,6,415884586,580346373,crp_adaptive,feedforward,5,2.2966683557891847,2.2987540714263917,0.1102,1.0,4.21752,0.11481471247910766,0.9130434782608695,0.9990000128746033,1.0,4.0701,0.014612175524234772,1.0,0.9990000128746033,10000.0,
2026-03-27T01:44:46,comparison_condition_crp_adaptive_feedforward_init_20260327_005712,crp_adaptive_feedforward_init,6,6,415884586,580346373,crp_adaptive,feedforward,6,2.292383012008667,2.2982453090667723,0.1102,1.0,4.32082,0.2400409669778042,1.0,0.9990000128746033,1.0,3.0299,0.00014777113392483443,1.0,0.9990000128746033,10000.0,
2026-03-27T01:45:07,comparison_condition_crp_adaptive_feedforward_init_20260327_005712,crp_adaptive_feedforward_init,6,6,415884586,580346373,crp_adaptive,feedforward,7,2.2958843348693847,2.297112473297119,0.1102,1.0,3.59086,0.06426312581941862,0.9360613810741688,0.9990000128746033,1.0,3.4726,0.0002972340153064579,1.0,0.9990000128746033,10000.0,
2026-03-27T01:45:29,comparison_condition_crp_adaptive_feedforward_init_20260327_005712,crp_adaptive_feedforward_init,6,6,415884586,580346373,crp_adaptive,feedforward,8,2.294960171737671,2.295893091583252,0.1102,1.0,3.58424,0.05170907255553844,0.9769820971867008,0.9990000128746033,1.0,3.5713,0.00038585171569138765,1.0,0.9990000128746033,10000.0,
2026-03-27T01:45:52,comparison_condition_crp_adaptive_feedforward_init_20260327_005712,crp_adaptive_feedforward_init,6,6,415884586,580346373,crp_adaptive,feedforward,9,2.276608081512451,2.286537162399292,0.1102,1.0,5.73824,0.6396253410526707,0.5575447570332481,0.9990000128746033,1.0,5.0478,0.2395402193069458,1.0,0.9990000128746033,10000.0,
2026-03-27T01:46:15,comparison_condition_crp_adaptive_feedforward_init_20260327_005712,crp_adaptive_feedforward_init,6,6,415884586,580346373,crp_adaptive,feedforward,10,2.2860400996398926,2.292078363800049,0.1102,0.99998,5.06798,0.22255196229084587,0.9156010230179028,0.9990000128746033,1.0,3.3687,0.0002875835925806314,1.0,0.9990000128746033,10000.0,
2026-03-27T01:46:39,comparison_condition_crp_adaptive_feedforward_init_20260327_005712,crp_adaptive_feedforward_init,6,6,415884586,580346373,crp_adaptive,feedforward,11,2.271172818145752,2.289683848953247,0.1102,0.99994,5.98394,0.5888325533712219,0.948849104859335,0.9990000128746033,1.0,3.0024,3.465034023975022e-05,1.0,0.9990000128746033,10000.0,
2026-03-27T01:47:02,comparison_condition_crp_adaptive_feedforward_init_20260327_005712,crp_adaptive_feedforward_init,6,6,415884586,580346373,crp_adaptive,feedforward,12,2.2711648097991946,2.2869790184020995,0.1102,0.99996,4.9839,0.4750100632509365,0.5396419437340153,0.9990000128746033,1.0,3.0553,0.00017063910490833223,1.0,0.9990000128746033,10000.0,
2026-03-27T01:47:25,comparison_condition_crp_adaptive_feedforward_init_20260327_005712,crp_adaptive_feedforward_init,6,6,415884586,580346373,crp_adaptive,feedforward,13,2.2659750178527833,2.2834116466522216,0.119,1.0,5.64222,0.5015692362231929,0.649616368286445,0.9990000128746033,1.0,3.943,0.0008321324712596834,1.0,0.9990000128746033,10000.0,
2026-03-27T01:47:48,comparison_condition_crp_adaptive_feedforward_init_20260327_005712,crp_adaptive_feedforward_init,6,6,415884586,580346373,crp_adaptive,feedforward,14,2.2660331493377686,2.279281010437012,0.1488,0.99998,4.75014,0.37877485877495587,0.6214833759590793,0.9990000128746033,1.0,3.16,0.0001587206352269277,1.0,0.9990000128746033,10000.0,
2026-03-27T01:48:11,comparison_condition_crp_adaptive_feedforward_init_20260327_005712,crp_adaptive_feedforward_init,6,6,415884586,580346373,crp_adaptive,feedforward,15,2.244996773071289,2.274349935913086,0.1487,1.0,6.08182,0.7244190257996895,0.27621483375959077,0.9990000128746033,1.0,3.9811,0.0007251226925291121,1.0,0.9990000128746033,10000.0,
2026-03-27T01:48:33,comparison_condition_crp_adaptive_feedforward_init_20260327_005712,crp_adaptive_feedforward_init,6,6,415884586,580346373,crp_adaptive,feedforward,16,2.259647065811157,2.2678808055877684,0.2416,1.0,4.11132,0.2438835699954825,0.7647058823529411,0.9990000128746033,1.0,3.0255,9.367299207951874e-05,1.0,0.9990000128746033,10000.0,
2026-03-27T01:48:56,comparison_condition_crp_adaptive_feedforward_init_20260327_005712,crp_adaptive_feedforward_init,6,6,415884586,580346373,crp_adaptive,feedforward,17,2.2576093921661378,2.2536559635162354,0.2912,1.0,4.84422,0.1319124726796686,0.948849104859335,0.9990000128746033,1.0,5.0365,0.13216674327850342,1.0,0.9990000128746033,10000.0,
2026-03-27T01:49:20,comparison_condition_crp_adaptive_feedforward_init_20260327_005712,crp_adaptive_feedforward_init,6,6,415884586,580346373,crp_adaptive,feedforward,18,2.216864152755737,2.2027700218200685,0.4256,0.99996,6.32238,0.7342763493240089,0.2966751918158568,0.9990000128746033,1.0,6.937,0.8496192693710327,1.0,0.9990000128746033,10000.0,
2026-03-27T01:49:42,comparison_condition_crp_adaptive_feedforward_init_20260327_005712,crp_adaptive_feedforward_init,6,6,415884586,580346373,crp_adaptive,feedforward,19,2.238465879058838,2.2410479545593263,0.3144,0.99998,3.6935,0.13652090392761262,0.8644501278772379,0.9990000128746033,1.0,3.0111,2.237619810330216e-05,1.0,0.9990000128746033,10000.0,
2026-03-27T01:50:05,comparison_condition_crp_adaptive_feedforward_init_20260327_005712,crp_adaptive_feedforward_init,6,6,415884586,580346373,crp_adaptive,feedforward,20,2.193130474090576,2.1614395317077637,0.4458,1.0,6.08708,0.6575595153188777,0.4296675191815857,0.9990000128746033,1.0,6.8151,1.0,0.0,0.9990000128746033,10000.0,
2026-03-27T01:50:30,comparison_condition_crp_adaptive_feedforward_init_20260327_005712,crp_adaptive_feedforward_init,6,6,415884586,580346373,crp_adaptive,feedforward,21,2.152664747543335,2.1358394836425783,0.4601,1.0,6.83242,0.9445610621539444,0.058823529411764705,0.9990000128746033,1.0,6.9996,1.0,0.0,0.9990000128746033,10000.0,
2026-03-27T01:50:54,comparison_condition_crp_adaptive_feedforward_init_20260327_005712,crp_adaptive_feedforward_init,6,6,415884586,580346373,crp_adaptive,feedforward,22,2.151808211364746,2.109084927368164,0.4718,1.0,6.10788,0.6369724180030948,0.5089514066496164,0.9990000128746033,1.0,6.8152,1.0,0.0,0.9990000128746033,10000.0,
2026-03-27T01:51:15,comparison_condition_crp_adaptive_feedforward_init_20260327_005712,crp_adaptive_feedforward_init,6,6,415884586,580346373,crp_adaptive,feedforward,23,2.179403059234619,2.173297266769409,0.3828,1.0,3.40874,0.04661800584162708,0.9539641943734015,0.9990000128746033,1.0,3.0251,0.00016881621559150517,1.0,0.9990000128746033,10000.0,
2026-03-27T01:51:38,comparison_condition_crp_adaptive_feedforward_init_20260327_005712,crp_adaptive_feedforward_init,6,6,415884586,580346373,crp_adaptive,feedforward,24,2.131641486968994,2.150499948501587,0.3759,1.0,4.90134,0.3237814910682568,0.7212276214833759,0.9990000128746033,1.0,3.0003,2.6670410079532303e-05,1.0,0.9990000128746033,10000.0,
2026-03-27T01:52:00,comparison_condition_crp_adaptive_feedforward_init_20260327_005712,crp_adaptive_feedforward_init,6,6,415884586,580346373,crp_adaptive,feedforward,25,2.1218528125,2.1233199321746827,0.4109,1.0,4.22352,0.14662751563705023,0.8670076726342711,0.9990000128746033,1.0,3.2908,0.00043669843580573797,1.0,0.9990000128746033,10000.0,
2026-03-27T01:52:26,comparison_condition_crp_adaptive_feedforward_init_20260327_005712,crp_adaptive_feedforward_init,7,7,1215493282,936793384,crp_adaptive,feedforward,1,2.3016900721740723,2.300861799240112,0.1143,1.0,2.73282,0.023116701958429367,0.9769820971867008,0.9990000128746033,1.0,2.2805,2.427635627100244e-05,1.0,0.9990000128746033,10000.0,
2026-03-27T01:52:47,comparison_condition_crp_adaptive_feedforward_init_20260327_005712,crp_adaptive_feedforward_init,7,7,1215493282,936793384,crp_adaptive,feedforward,2,2.301177824707031,2.3004344486236574,0.1143,1.0,3.06258,0.029491335164093562,0.9718670076726342,0.9990000128746033,1.0,3.0,8.307785174110904e-05,1.0,0.9990000128746033,10000.0,
2026-03-27T01:53:10,comparison_condition_crp_adaptive_feedforward_init_20260327_005712,crp_adaptive_feedforward_init,7,7,1215493282,936793384,crp_adaptive,feedforward,3,2.2972476931762693,2.2991213554382326,0.1143,1.0,4.72432,0.2963051992022525,0.9974424552429667,0.9990000128746033,1.0,3.453,0.00035405633389018476,1.0,0.9990000128746033,10000.0,
2026-03-27T01:53:32,comparison_condition_crp_adaptive_feedforward_init_20260327_005712,crp_adaptive_feedforward_init,7,7,1215493282,936793384,crp_adaptive,feedforward,4,2.296854234313965,2.2956621799468993,0.1143,1.0,4.98782,0.1287960929546298,1.0,0.9990000128746033,1.0,5.0009,0.1002994030714035,1.0,0.9990000128746033,10000.0,
2026-03-27T01:53:54,comparison_condition_crp_adaptive_feedforward_init_20260327_005712,crp_adaptive_feedforward_init,7,7,1215493282,936793384,crp_adaptive,feedforward,5,2.296177165145874,2.2950868324279785,0.1144,1.0,4.21516,0.05163656855522342,1.0,0.9990000128746033,1.0,4.4768,0.007849209010601044,1.0,0.9990000128746033,10000.0,
2026-03-27T01:54:17,comparison_condition_crp_adaptive_feedforward_init_20260327_005712,crp_adaptive_feedforward_init,7,7,1215493282,936793384,crp_adaptive,feedforward,6,2.292941735610962,2.2924403106689453,0.1303,1.0,4.86688,0.09851399514161091,1.0,0.9990000128746033,1.0,4.001,0.0006065469933673739,1.0,0.9990000128746033,10000.0,
2026-03-27T01:54:39,comparison_condition_crp_adaptive_feedforward_init_20260327_005712,crp_adaptive_feedforward_init,7,7,1215493282,936793384,crp_adaptive,feedforward,7,2.290729620819092,2.288319269943237,0.1498,1.0,4.19598,0.029828666409858248,1.0,0.9990000128746033,1.0,3.191,9.108511585509405e-05,1.0,0.9990000128746033,10000.0,
2026-03-27T01:55:02,comparison_condition_crp_adaptive_feedforward_init_20260327_005712,crp_adaptive_feedforward_init,7,7,1215493282,936793384,crp_adaptive,feedforward,8,2.2858131772613524,2.2833767189025878,0.1687,1.0,4.7573,0.05167122869458704,1.0,0.9990000128746033,1.0,3.4606,0.00016904987569432706,1.0,0.9990000128746033,10000.0,
2026-03-27T01:55:25,comparison_condition_crp_adaptive_feedforward_init_20260327_005712,crp_adaptive_feedforward_init,7,7,1215493282,936793384,crp_adaptive,feedforward,9,2.280700707397461,2.277457797241211,0.1975,1.0,4.55402,0.04190135719234888,1.0,0.9990000128746033,1.0,3.0714,6.414359813788906e-05,1.0,0.9990000128746033,10000.0,
2026-03-27T01:55:47,comparison_condition_crp_adaptive_feedforward_init_20260327_005712,crp_adaptive_feedforward_init,7,7,1215493282,936793384,crp_adaptive,feedforward,10,2.273607295227051,2.2689282779693603,0.2197,1.0,4.79406,0.06291462982520517,1.0,0.9990000128746033,1.0,5.0011,0.04957379773259163,1.0,0.9990000128746033,10000.0,
2026-03-27T01:56:10,comparison_condition_crp_adaptive_feedforward_init_20260327_005712,crp_adaptive_feedforward_init,7,7,1215493282,936793384,crp_adaptive,feedforward,11,2.262994752502441,2.257300559616089,0.2633,1.0,5.03988,0.1650512580304434,1.0,0.9990000128746033,1.0,5.0398,0.1360817551612854,1.0,0.9990000128746033,10000.0,
2026-03-27T01:56:33,comparison_condition_crp_adaptive_feedforward_init_20260327_005712,crp_adaptive_feedforward_init,7,7,1215493282,936793384,crp_adaptive,feedforward,12,2.25527576171875,2.248733198928833,0.2916,1.0,4.03246,0.03666747655500998,1.0,0.9990000128746033,1.0,3.0074,1.756962410581764e-05,1.0,0.9990000128746033,10000.0,
2026-03-27T01:56:55,comparison_condition_crp_adaptive_feedforward_init_20260327_005712,crp_adaptive_feedforward_init,7,7,1215493282,936793384,crp_adaptive,feedforward,13,2.2415789443206786,2.234180860900879,0.3065,1.0,4.12984,0.06274853390479616,1.0,0.9990000128746033,1.0,3.0695,0.00020133402722422034,1.0,0.9990000128746033,10000.0,
2026-03-27T01:57:19,comparison_condition_crp_adaptive_feedforward_init_20260327_005712,crp_adaptive_feedforward_init,7,7,1215493282,936793384,crp_adaptive,feedforward,14,2.2206269611358644,2.2113926681518556,0.3322,1.0,5.27306,0.2682771673659942,1.0,0.9990000128746033,1.0,5.1503,0.2029249370098114,1.0,0.9990000128746033,10000.0,
2026-03-27T01:57:41,comparison_condition_crp_adaptive_feedforward_init_20260327_005712,crp_adaptive_feedforward_init,7,7,1215493282,936793384,crp_adaptive,feedforward,15,2.202206619720459,2.1937408416748045,0.3459,1.0,4.48844,0.24789108368940665,0.9923273657289002,0.9990000128746033,1.0,5.0035,0.08126384764909744,1.0,0.9990000128746033,10000.0,
2026-03-27T01:58:04,comparison_condition_crp_adaptive_feedforward_init_20260327_005712,crp_adaptive_feedforward_init,7,7,1215493282,936793384,crp_adaptive,feedforward,16,2.179421178436279,2.1693572086334227,0.3537,1.0,4.20924,0.20874623162441178,0.7953964194373402,0.9990000128746033,1.0,3.1925,0.00031095335725694895,1.0,0.9990000128746033,10000.0,
2026-03-27T01:58:26,comparison_condition_crp_adaptive_feedforward_init_20260327_005712,crp_adaptive_feedforward_init,7,7,1215493282,936793384,crp_adaptive,feedforward,17,2.151004391860962,2.1377786834716797,0.359,1.0,3.85674,0.17669196461088701,0.8260869565217391,0.9990000128746033,1.0,3.9994,0.0040702251717448235,1.0,0.9990000128746033,10000.0,
2026-03-27T01:58:48,comparison_condition_crp_adaptive_feedforward_init_20260327_005712,crp_adaptive_feedforward_init,7,7,1215493282,936793384,crp_adaptive,feedforward,18,2.119994172897339,2.101771890258789,0.3684,1.0,3.9202,0.08186930754852285,0.9207161125319693,0.9990000128746033,1.0,3.824,0.000558108848053962,1.0,0.9990000128746033,10000.0,
2026-03-27T01:59:12,comparison_condition_crp_adaptive_feedforward_init_20260327_005712,crp_adaptive_feedforward_init,7,7,1215493282,936793384,crp_adaptive,feedforward,19,2.0620498077392577,2.0289012260437014,0.4115,0.99998,5.69464,0.6942080024321692,0.34271099744245526,0.9990000128746033,1.0,6.4416,1.0,0.0,0.9990000128746033,10000.0,
2026-03-27T01:59:35,comparison_condition_crp_adaptive_feedforward_init_20260327_005712,crp_adaptive_feedforward_init,7,7,1215493282,936793384,crp_adaptive,feedforward,20,2.026456190109253,1.9981160037994385,0.4103,1.0,4.96572,0.44300250359624804,0.7007672634271099,0.9990000128746033,1.0,5.6221,0.5376648306846619,1.0,0.9990000128746033,10000.0,
2026-03-27T01:59:57,comparison_condition_crp_adaptive_feedforward_init_20260327_005712,crp_adaptive_feedforward_init,7,7,1215493282,936793384,crp_adaptive,feedforward,21,1.991120463256836,1.9700016799926758,0.4029,1.0,3.66388,0.12618314374046286,0.8772378516624041,0.9990000128746033,1.0,3.9935,0.0014450859744101763,1.0,0.9990000128746033,10000.0,
2026-03-27T02:00:20,comparison_condition_crp_adaptive_feedforward_init_20260327_005712,crp_adaptive_feedforward_init,7,7,1215493282,936793384,crp_adaptive,feedforward,22,1.9433589228057861,1.9223135276794434,0.4104,1.0,4.43888,0.13250479879551236,0.9002557544757033,0.9990000128746033,1.0,3.7824,0.0009676672052592039,1.0,0.9990000128746033,10000.0,
2026-03-27T02:00:42,comparison_condition_crp_adaptive_feedforward_init_20260327_005712,crp_adaptive_feedforward_init,7,7,1215493282,936793384,crp_adaptive,feedforward,23,1.8905510635757445,1.8749009014129638,0.4298,1.0,4.36824,0.29385962844869823,0.731457800511509,0.9990000128746033,1.0,4.9134,0.03405781835317612,1.0,0.9990000128746033,10000.0,
2026-03-27T02:01:05,comparison_condition_crp_adaptive_feedforward_init_20260327_005712,crp_adaptive_feedforward_init,7,7,1215493282,936793384,crp_adaptive,feedforward,24,1.8437677635955811,1.8306721216201782,0.4366,0.99998,4.23764,0.3048599179507091,0.6982097186700768,0.9990000128746033,1.0,3.0005,1.6203226550715044e-05,1.0,0.9990000128746033,10000.0,
2026-03-27T02:01:27,comparison_condition_crp_adaptive_feedforward_init_20260327_005712,crp_adaptive_feedforward_init,7,7,1215493282,936793384,crp_adaptive,feedforward,25,1.8070784246826173,1.785853784751892,0.447,1.0,3.7148,0.06224995776918619,0.9437340153452686,0.9990000128746033,1.0,3.0316,0.00022465189977083355,1.0,0.9990000128746033,10000.0,
2026-03-27T02:01:52,comparison_condition_crp_adaptive_feedforward_init_20260327_005712,crp_adaptive_feedforward_init,8,8,347221957,801148508,crp_adaptive,feedforward,1,2.300993314819336,2.3010826374053956,0.1101,1.0,2.55576,0.18675127019819146,0.8132992327365729,0.9990000128746033,1.0,2.0086,1.8590973922982812e-05,1.0,0.9990000128746033,10000.0,
2026-03-27T02:02:16,comparison_condition_crp_adaptive_feedforward_init_20260327_005712,crp_adaptive_feedforward_init,8,8,347221957,801148508,crp_adaptive,feedforward,2,2.2982710581207275,2.2921667243957518,0.1116,1.0,4.61042,0.26015938351293605,1.0,0.9990000128746033,1.0,5.0184,0.6432069540023804,1.0,0.9990000128746033,10000.0,
2026-03-27T02:02:35,comparison_condition_crp_adaptive_feedforward_init_20260327_005712,crp_adaptive_feedforward_init,8,8,347221957,801148508,crp_adaptive,feedforward,3,2.2966946379089355,2.2993388565063477,0.1101,1.0,3.85348,0.24942380358247518,0.8312020460358056,0.9990000128746033,1.0,3.0751,0.0017040192615240812,1.0,0.9990000128746033,10000.0,
2026-03-27T02:02:57,comparison_condition_crp_adaptive_feedforward_init_20260327_005712,crp_adaptive_feedforward_init,8,8,347221957,801148508,crp_adaptive,feedforward,4,2.2925272459411623,2.2808774131774903,0.1468,1.0,4.3222,0.398548362568928,0.629156010230179,0.9990000128746033,1.0,5.0079,1.0,0.0,0.9990000128746033,10000.0,
2026-03-27T02:03:24,comparison_condition_crp_adaptive_feedforward_init_20260327_005712,crp_adaptive_feedforward_init,8,8,347221957,801148508,crp_adaptive,feedforward,5,2.2948254247283937,2.296884409713745,0.1101,1.0,4.2684,0.16276265638230247,0.9948849104859335,0.9990000128746033,1.0,3.0012,5.368297570385039e-05,1.0,0.9990000128746033,10000.0,
2026-03-27T02:04:00,comparison_condition_crp_adaptive_feedforward_init_20260327_005712,crp_adaptive_feedforward_init,8,8,347221957,801148508,crp_adaptive,feedforward,6,2.293348137512207,2.2955431507110595,0.1101,1.0,3.66966,0.16438354403697564,0.9207161125319693,0.9990000128746033,1.0,3.001,0.00023659424914512783,1.0,0.9990000128746033,10000.0,
2026-03-27T02:04:46,comparison_condition_crp_adaptive_feedforward_init_20260327_005712,crp_adaptive_feedforward_init,8,8,347221957,801148508,crp_adaptive,feedforward,7,2.290076939315796,2.2931463005065917,0.1101,1.0,4.48074,0.23424870777530962,0.8925831202046036,0.9990000128746033,1.0,4.0559,0.032477203756570816,1.0,0.9990000128746033,10000.0,
2026-03-27T02:05:09,comparison_condition_crp_adaptive_feedforward_init_20260327_005712,crp_adaptive_feedforward_init,8,8,347221957,801148508,crp_adaptive,feedforward,8,2.2919757455444336,2.2918254428863527,0.1101,1.0,3.14202,0.04885504016149118,0.9514066496163683,0.9990000128746033,1.0,3.0139,0.00023535509535577148,1.0,0.9990000128746033,10000.0,
2026-03-27T02:05:32,comparison_condition_crp_adaptive_feedforward_init_20260327_005712,crp_adaptive_feedforward_init,8,8,347221957,801148508,crp_adaptive,feedforward,9,2.290014423675537,2.2892949157714844,0.1104,1.0,3.23468,0.03537870641645228,0.9948849104859335,0.9990000128746033,1.0,3.0036,3.411139550735243e-05,1.0,0.9990000128746033,10000.0,
2026-03-27T02:05:56,comparison_condition_crp_adaptive_feedforward_init_20260327_005712,crp_adaptive_feedforward_init,8,8,347221957,801148508,crp_adaptive,feedforward,10,2.2817191703033446,2.286426819229126,0.1104,1.0,4.20452,0.28036526619021723,0.7851662404092071,0.9990000128746033,1.0,3.0001,1.356981010758318e-05,1.0,0.9990000128746033,10000.0,
2026-03-27T02:06:19,comparison_condition_crp_adaptive_feedforward_init_20260327_005712,crp_adaptive_feedforward_init,8,8,347221957,801148508,crp_adaptive,feedforward,11,2.2846029732513427,2.2829090354919432,0.1244,1.0,3.04886,0.01289341336757,0.9872122762148338,0.9990000128746033,1.0,3.0461,0.0002554116363171488,1.0,0.9990000128746033,10000.0,
2026-03-27T02:06:43,comparison_condition_crp_adaptive_feedforward_init_20260327_005712,crp_adaptive_feedforward_init,8,8,347221957,801148508,crp_adaptive,feedforward,12,2.2752117189025878,2.279032080078125,0.1382,1.0,4.06902,0.24881395346892532,0.7570332480818415,0.9990000128746033,1.0,3.019,4.13668567489367e-05,1.0,0.9990000128746033,10000.0,
2026-03-27T02:07:07,comparison_condition_crp_adaptive_feedforward_init_20260327_005712,crp_adaptive_feedforward_init,8,8,347221957,801148508,crp_adaptive,feedforward,13,2.2711741230010984,2.274257210159302,0.1888,1.0,4.07784,0.22320776896897296,0.8005115089514067,0.9990000128746033,1.0,3.8977,0.00040677606011740863,1.0,0.9990000128746033,10000.0,
2026-03-27T02:07:31,comparison_condition_crp_adaptive_feedforward_init_20260327_005712,crp_adaptive_feedforward_init,8,8,347221957,801148508,crp_adaptive,feedforward,14,2.270146661224365,2.2691088710784912,0.2074,1.0,4.04572,0.06598082168279235,0.9820971867007673,0.9990000128746033,1.0,4.0004,0.003319530515000224,1.0,0.9990000128746033,10000.0,
2026-03-27T02:07:54,comparison_condition_crp_adaptive_feedforward_init_20260327_005712,crp_adaptive_feedforward_init,8,8,347221957,801148508,crp_adaptive,feedforward,15,2.2592520460510253,2.2625254539489745,0.204,1.0,4.08048,0.24056438054469853,0.7621483375959079,0.9990000128746033,1.0,3.0492,4.705585524789058e-05,1.0,0.9990000128746033,10000.0,
2026-03-27T02:08:18,comparison_condition_crp_adaptive_feedforward_init_20260327_005712,crp_adaptive_feedforward_init,8,8,347221957,801148508,crp_adaptive,feedforward,16,2.2585389152526854,2.2554734226226807,0.2616,1.0,3.5418,0.025661999618646788,0.9820971867007673,0.9990000128746033,1.0,3.0759,0.0003469976072665304,1.0,0.9990000128746033,10000.0,
2026-03-27T02:08:42,comparison_condition_crp_adaptive_feedforward_init_20260327_005712,crp_adaptive_feedforward_init,8,8,347221957,801148508,crp_adaptive,feedforward,17,2.242427693939209,2.2464196140289308,0.3183,0.99998,3.924,0.28360695696761595,0.7851662404092071,0.9990000128746033,1.0,3.0009,5.4709533287677914e-05,1.0,0.9990000128746033,10000.0,
2026-03-27T02:09:06,comparison_condition_crp_adaptive_feedforward_init_20260327_005712,crp_adaptive_feedforward_init,8,8,347221957,801148508,crp_adaptive,feedforward,18,2.2348215016937254,2.2358341926574705,0.3588,1.0,4.22132,0.21217029330117748,0.8081841432225064,0.9990000128746033,1.0,3.7642,0.0008043055422604084,1.0,0.9990000128746033,10000.0,
2026-03-27T02:09:30,comparison_condition_crp_adaptive_feedforward_init_20260327_005712,crp_adaptive_feedforward_init,8,8,347221957,801148508,crp_adaptive,feedforward,19,2.223369393157959,2.2235102046966553,0.3578,1.0,4.15638,0.20501134671964427,0.7953964194373402,0.9990000128746033,1.0,3.4859,0.00019570351287256926,1.0,0.9990000128746033,10000.0,
2026-03-27T02:09:55,comparison_condition_crp_adaptive_feedforward_init_20260327_005712,crp_adaptive_feedforward_init,8,8,347221957,801148508,crp_adaptive,feedforward,20,2.1904153560638426,2.2078567150115966,0.3973,1.0,5.34748,0.6900106581865413,0.5677749360613811,0.9990000128746033,1.0,4.0104,0.0035822270438075066,1.0,0.9990000128746033,10000.0,
2026-03-27T02:10:19,comparison_condition_crp_adaptive_feedforward_init_20260327_005712,crp_adaptive_feedforward_init,8,8,347221957,801148508,crp_adaptive,feedforward,21,2.185829936981201,2.190246032333374,0.4321,1.0,4.22682,0.3436016103797879,0.6624040920716112,0.9990000128746033,1.0,3.0013,4.740760414279066e-05,1.0,0.9990000128746033,10000.0,
2026-03-27T02:10:44,comparison_condition_crp_adaptive_feedforward_init_20260327_005712,crp_adaptive_feedforward_init,8,8,347221957,801148508,crp_adaptive,feedforward,22,2.1764702694702147,2.169835537338257,0.4454,1.0,4.08006,0.11104790413892283,0.8951406649616368,0.9990000128746033,1.0,4.0002,0.007758927997201681,1.0,0.9990000128746033,10000.0,
2026-03-27T02:11:07,comparison_condition_crp_adaptive_feedforward_init_20260327_005712,crp_adaptive_feedforward_init,8,8,347221957,801148508,crp_adaptive,feedforward,23,2.145342824859619,2.1469053337097166,0.4552,0.99996,4.77594,0.30698277064955787,0.7212276214833759,0.9990000128746033,1.0,4.0001,0.0014166617766022682,1.0,0.9990000128746033,10000.0,
2026-03-27T02:11:28,comparison_condition_crp_adaptive_feedforward_init_20260327_005712,crp_adaptive_feedforward_init,8,8,347221957,801148508,crp_adaptive,feedforward,24,2.1317670817565917,2.119912417602539,0.4879,0.99996,3.25598,0.06496949969147428,0.9360613810741688,0.9990000128746033,1.0,3.0023,2.7902340661967173e-05,1.0,0.9990000128746033,10000.0,
2026-03-27T12:20:14,comparison_condition_crp_adaptive_feedforward_init_20260327_005712,crp_adaptive_feedforward_init,8,8,347221957,801148508,crp_adaptive,feedforward,25,2.095050724182129,2.088424992752075,0.4975,0.99992,3.89008,0.20856546672482235,0.7953964194373402,0.9990000128746033,1.0,3.0091,4.6574066800531e-05,1.0,0.9990000128746033,10000.0,
2026-03-27T12:20:40,comparison_condition_crp_adaptive_feedforward_init_20260327_005712,crp_adaptive_feedforward_init,9,9,266861098,1877275096,crp_adaptive,feedforward,1,2.301533329925537,2.301473064041138,0.1099,1.0,2.5952,0.10491980896279918,0.8951406649616368,0.9990000128746033,1.0,2.2382,2.8210237360326573e-05,1.0,0.9990000128746033,10000.0,
2026-03-27T12:21:02,comparison_condition_crp_adaptive_feedforward_init_20260327_005712,crp_adaptive_feedforward_init,9,9,266861098,1877275096,crp_adaptive,feedforward,2,2.3006140830230715,2.3016224697113037,0.1099,1.0,3.63286,0.11630931722066004,0.8849104859335039,0.9990000128746033,1.0,3.0009,7.518798520322889e-05,1.0,0.9990000128746033,10000.0,
2026-03-27T12:21:22,comparison_condition_crp_adaptive_feedforward_init_20260327_005712,crp_adaptive_feedforward_init,9,9,266861098,1877275096,crp_adaptive,feedforward,3,2.299939591217041,2.301191540145874,0.1099,1.0,3.7581,0.11786221274454027,0.959079283887468,0.9990000128746033,1.0,3.0231,0.0009180260240100324,1.0,0.9990000128746033,10000.0,
2026-03-27T12:21:42,comparison_condition_crp_adaptive_feedforward_init_20260327_005712,crp_adaptive_feedforward_init,9,9,266861098,1877275096,crp_adaptive,feedforward,4,2.291882483596802,2.295267449951172,0.1099,1.0,4.99028,0.6832023198622034,0.8951406649616368,0.9990000128746033,1.0,5.0045,0.3395957052707672,1.0,0.9990000128746033,10000.0,
2026-03-27T12:22:03,comparison_condition_crp_adaptive_feedforward_init_20260327_005712,crp_adaptive_feedforward_init,9,9,266861098,1877275096,crp_adaptive,feedforward,5,2.2992901554107665,2.300011393737793,0.1099,1.0,3.12064,0.04625633903514522,0.9539641943734015,0.9990000128746033,1.0,3.0001,1.220586182171246e-05,1.0,0.9990000128746033,10000.0,
2026-03-27T12:22:27,comparison_condition_crp_adaptive_feedforward_init_20260327_005712,crp_adaptive_feedforward_init,9,9,266861098,1877275096,crp_adaptive,feedforward,6,2.297104874420166,2.299208455276489,0.1099,1.0,4.27936,0.12660429748488092,1.0,0.9990000128746033,1.0,3.039,0.00013904024672228843,1.0,0.9990000128746033,10000.0,
2026-03-27T12:22:54,comparison_condition_crp_adaptive_feedforward_init_20260327_005712,crp_adaptive_feedforward_init,9,9,266861098,1877275096,crp_adaptive,feedforward,7,2.2968973051452637,2.298228903961182,0.1099,1.0,3.74926,0.08457240984073061,0.979539641943734,0.9990000128746033,1.0,3.0038,0.00012642418732866645,1.0,0.9990000128746033,10000.0,
2026-03-27T12:23:18,comparison_condition_crp_adaptive_feedforward_init_20260327_005712,crp_adaptive_feedforward_init,9,9,266861098,1877275096,crp_adaptive,feedforward,8,2.29322005821228,2.2966414024353026,0.1099,1.0,4.2335,0.21111171513535631,1.0,0.9990000128746033,1.0,3.1208,0.000844928901642561,1.0,0.9990000128746033,10000.0,
2026-03-27T12:23:44,comparison_condition_crp_adaptive_feedforward_init_20260327_005712,crp_adaptive_feedforward_init,9,9,266861098,1877275096,crp_adaptive,feedforward,9,2.293649737472534,2.292189934539795,0.1099,1.0,4.19362,0.09447653168453099,1.0,0.9990000128746033,1.0,5.0002,0.1418030709028244,1.0,0.9990000128746033,10000.0,
2026-03-27T12:24:06,comparison_condition_crp_adaptive_feedforward_init_20260327_005712,crp_adaptive_feedforward_init,9,9,266861098,1877275096,crp_adaptive,feedforward,10,2.277087156829834,2.2710730770111085,0.15,1.0,5.40248,0.8087855732178806,0.26342710997442453,0.9990000128746033,1.0,5.9614,1.0,0.0,0.9990000128746033,10000.0,
2026-03-27T12:24:29,comparison_condition_crp_adaptive_feedforward_init_20260327_005712,crp_adaptive_feedforward_init,9,9,266861098,1877275096,crp_adaptive,feedforward,11,2.2851765591430664,2.2904319381713867,0.1105,1.0,4.57574,0.2768736693833489,0.7544757033248082,0.9990000128746033,1.0,3.2092,0.0006776316440664232,1.0,0.9990000128746033,10000.0,
2026-03-27T12:24:50,comparison_condition_crp_adaptive_feedforward_init_20260327_005712,crp_adaptive_feedforward_init,9,9,266861098,1877275096,crp_adaptive,feedforward,12,2.2863998358917237,2.2868807510375975,0.1406,1.0,3.53556,0.07987980503463298,0.9258312020460358,0.9990000128746033,1.0,3.0,1.0719161764427554e-05,1.0,0.9990000128746033,10000.0,
2026-03-27T12:25:11,comparison_condition_crp_adaptive_feedforward_init_20260327_005712,crp_adaptive_feedforward_init,9,9,266861098,1877275096,crp_adaptive,feedforward,13,2.2834389556884767,2.282820012664795,0.1523,1.0,3.67302,0.05001133375307944,0.9641943734015346,0.9990000128746033,1.0,3.029,0.00020949057943653315,1.0,0.9990000128746033,10000.0,
2026-03-27T12:25:33,comparison_condition_crp_adaptive_feedforward_init_20260327_005712,crp_adaptive_feedforward_init,9,9,266861098,1877275096,crp_adaptive,feedforward,14,2.275656158218384,2.2777657218933105,0.1507,1.0,3.7934,0.18359430402248908,0.8312020460358056,0.9990000128746033,1.0,3.0572,0.0002871149335987866,1.0,0.9990000128746033,10000.0,
2026-03-27T12:25:54,comparison_condition_crp_adaptive_feedforward_init_20260327_005712,crp_adaptive_feedforward_init,9,9,266861098,1877275096,crp_adaptive,feedforward,15,2.273299467926025,2.2713426876068117,0.1716,1.0,3.45168,0.05578542034174247,0.959079283887468,0.9990000128746033,1.0,3.0151,8.254948625108227e-05,1.0,0.9990000128746033,10000.0,
2026-03-27T12:26:16,comparison_condition_crp_adaptive_feedforward_init_20260327_005712,crp_adaptive_feedforward_init,9,9,266861098,1877275096,crp_adaptive,feedforward,16,2.2679786851501467,2.2642273262023926,0.1826,1.0,3.43022,0.003082805403756559,0.9974424552429667,0.9990000128746033,1.0,3.093,0.0002441839606035501,1.0,0.9990000128746033,10000.0,
2026-03-27T12:26:37,comparison_condition_crp_adaptive_feedforward_init_20260327_005712,crp_adaptive_feedforward_init,9,9,266861098,1877275096,crp_adaptive,feedforward,17,2.2489439671325684,2.255400806427002,0.2408,1.0,4.56112,0.4130919141566281,0.6342710997442456,0.9990000128746033,1.0,3.5704,0.000528356060385704,1.0,0.9990000128746033,10000.0,
2026-03-27T12:26:59,comparison_condition_crp_adaptive_feedforward_init_20260327_005712,crp_adaptive_feedforward_init,9,9,266861098,1877275096,crp_adaptive,feedforward,18,2.243316891860962,2.2447034023284913,0.3283,1.0,3.88334,0.2555053581405525,0.7928388746803069,0.9990000128746033,1.0,3.0115,6.621887587243691e-05,1.0,0.9990000128746033,10000.0,
2026-03-27T12:27:21,comparison_condition_crp_adaptive_feedforward_init_20260327_005712,crp_adaptive_feedforward_init,9,9,266861098,1877275096,crp_adaptive,feedforward,19,2.237896173553467,2.2310146671295166,0.3458,1.0,3.13442,0.02954808243880402,0.9718670076726342,0.9990000128746033,1.0,3.018,0.0002652887487784028,1.0,0.9990000128746033,10000.0,
2026-03-27T12:27:44,comparison_condition_crp_adaptive_feedforward_init_20260327_005712,crp_adaptive_feedforward_init,9,9,266861098,1877275096,crp_adaptive,feedforward,20,2.222018734893799,2.2077079582214356,0.3777,1.0,4.78898,0.06283753531534805,0.9948849104859335,0.9990000128746033,1.0,5.0992,0.20637695491313934,1.0,0.9990000128746033,10000.0,
2026-03-27T12:28:06,comparison_condition_crp_adaptive_feedforward_init_20260327_005712,crp_adaptive_feedforward_init,9,9,266861098,1877275096,crp_adaptive,feedforward,21,2.1994152613830567,2.1951102699279783,0.3808,1.0,4.47822,0.2195171232909456,0.8158567774936062,0.9990000128746033,1.0,3.9893,0.0011866450076922774,1.0,0.9990000128746033,10000.0,
2026-03-27T12:28:29,comparison_condition_crp_adaptive_feedforward_init_20260327_005712,crp_adaptive_feedforward_init,9,9,266861098,1877275096,crp_adaptive,feedforward,22,2.1518642139434814,2.1296923610687255,0.4436,1.0,5.7759,0.8695087593329875,0.5652173913043478,0.9990000128746033,1.0,5.9206,1.0,0.0,0.9990000128746033,10000.0,
2026-03-27T12:28:54,comparison_condition_crp_adaptive_feedforward_init_20260327_005712,crp_adaptive_feedforward_init,9,9,266861098,1877275096,crp_adaptive,feedforward,23,2.121328061981201,2.1446714237213134,0.3917,1.0,5.68032,0.8518484053404063,0.1918158567774936,0.9990000128746033,1.0,3.1405,0.00015172992425505072,1.0,0.9990000128746033,10000.0,
2026-03-27T12:29:17,comparison_condition_crp_adaptive_feedforward_init_20260327_005712,crp_adaptive_feedforward_init,9,9,266861098,1877275096,crp_adaptive,feedforward,24,2.082486296005249,2.054746167755127,0.4579,1.0,5.91434,0.9103838029951962,0.10485933503836317,0.9990000128746033,1.0,6.0998,1.0,0.0,0.9990000128746033,10000.0,
2026-03-27T12:29:40,comparison_condition_crp_adaptive_feedforward_init_20260327_005712,crp_adaptive_feedforward_init,9,9,266861098,1877275096,crp_adaptive,feedforward,25,2.0597390422058104,2.0122769304275514,0.4591,1.0,5.4254,0.6112126454230412,0.40153452685422,0.9990000128746033,1.0,6.262,1.0,0.0,0.9990000128746033,10000.0,
2026-03-27T12:30:07,comparison_condition_crp_adaptive_feedforward_init_20260327_005712,crp_adaptive_feedforward_init,10,10,929723557,560686510,crp_adaptive,feedforward,1,2.301778973007202,2.301549406814575,0.1104,1.0,2.6371,0.10241440700948118,0.8976982097186701,0.9990000128746033,1.0,2.4331,1.0582608410913963e-05,1.0,0.9990000128746033,10000.0,
2026-03-27T12:30:27,comparison_condition_crp_adaptive_feedforward_init_20260327_005712,crp_adaptive_feedforward_init,10,10,929723557,560686510,crp_adaptive,feedforward,2,2.301174461669922,2.3014125358581543,0.1104,1.0,3.89008,0.0040612121869753656,1.0,0.9990000128746033,1.0,3.7691,0.001035436405800283,1.0,0.9990000128746033,10000.0,
2026-03-27T12:30:49,comparison_condition_crp_adaptive_feedforward_init_20260327_005712,crp_adaptive_feedforward_init,10,10,929723557,560686510,crp_adaptive,feedforward,3,2.300234573364258,2.300429606246948,0.1104,1.0,3.55612,0.13063845688179346,0.8746803069053708,0.9990000128746033,1.0,3.0123,0.0002886251895688474,1.0,0.9990000128746033,10000.0,
2026-03-27T12:31:13,comparison_condition_crp_adaptive_feedforward_init_20260327_005712,crp_adaptive_feedforward_init,10,10,929723557,560686510,crp_adaptive,feedforward,4,2.2886393852996827,2.2847871730804443,0.1349,0.99988,5.25696,0.9669419698415103,0.03580562659846547,0.9990000128746033,1.0,5.7053,1.0,0.0,0.9990000128746033,10000.0,
2026-03-27T12:31:35,comparison_condition_crp_adaptive_feedforward_init_20260327_005712,crp_adaptive_feedforward_init,10,10,929723557,560686510,crp_adaptive,feedforward,5,2.295704839553833,2.2969207862854004,0.1104,1.0,3.66204,0.14411620660165544,0.8567774936061381,0.9990000128746033,1.0,3.0009,2.3334912839345634e-05,1.0,0.9990000128746033,10000.0,
2026-03-27T12:31:58,comparison_condition_crp_adaptive_feedforward_init_20260327_005712,crp_adaptive_feedforward_init,10,10,929723557,560686510,crp_adaptive,feedforward,6,2.291334249801636,2.2933030773162844,0.1104,1.0,4.17038,0.23840465787178314,0.8951406649616368,0.9990000128746033,1.0,3.0295,0.00016121221415232867,1.0,0.9990000128746033,10000.0,
2026-03-27T12:32:20,comparison_condition_crp_adaptive_feedforward_init_20260327_005712,crp_adaptive_feedforward_init,10,10,929723557,560686510,crp_adaptive,feedforward,7,2.289881145172119,2.288798867034912,0.1104,1.0,3.18872,0.07420565429566126,0.9258312020460358,0.9990000128746033,1.0,3.0012,1.4420215848076623e-05,1.0,0.9990000128746033,10000.0,
2026-03-27T12:32:42,comparison_condition_crp_adaptive_feedforward_init_20260327_005712,crp_adaptive_feedforward_init,10,10,929723557,560686510,crp_adaptive,feedforward,8,2.2850484076690676,2.283084111404419,0.1111,1.0,4.08684,0.07309506727402489,0.9565217391304348,0.9990000128746033,1.0,4.0536,0.012475447729229927,1.0,0.9990000128746033,10000.0,
2026-03-27T12:33:04,comparison_condition_crp_adaptive_feedforward_init_20260327_005712,crp_adaptive_feedforward_init,10,10,929723557,560686510,crp_adaptive,feedforward,9,2.280106162338257,2.2772892490386965,0.1213,1.0,3.12504,0.035846726714602775,0.9641943734015346,0.9990000128746033,1.0,3.0001,1.1118439942947589e-05,1.0,0.9990000128746033,10000.0,
2026-03-27T12:33:25,comparison_condition_crp_adaptive_feedforward_init_20260327_005712,crp_adaptive_feedforward_init,10,10,929723557,560686510,crp_adaptive,feedforward,10,2.2739573088073732,2.269803723526001,0.177,1.0,3.04536,0.010378392497304236,0.989769820971867,0.9990000128746033,1.0,3.0009,2.315997517143842e-05,1.0,0.9990000128746033,10000.0,
2026-03-27T12:33:47,comparison_condition_crp_adaptive_feedforward_init_20260327_005712,crp_adaptive_feedforward_init,10,10,929723557,560686510,crp_adaptive,feedforward,11,2.26512013961792,2.2604180156707763,0.2338,1.0,3.73458,0.06177898773642452,0.9641943734015346,0.9990000128746033,1.0,3.0034,7.590062159579247e-05,1.0,0.9990000128746033,10000.0,
2026-03-27T12:34:09,comparison_condition_crp_adaptive_feedforward_init_20260327_005712,crp_adaptive_feedforward_init,10,10,929723557,560686510,crp_adaptive,feedforward,12,2.2536610625457763,2.249090622329712,0.2519,1.0,3.61912,0.13847118907515532,0.8721227621483376,0.9990000128746033,1.0,3.0549,0.00030562348547391593,1.0,0.9990000128746033,10000.0,
2026-03-27T12:34:32,comparison_condition_crp_adaptive_feedforward_init_20260327_005712,crp_adaptive_feedforward_init,10,10,929723557,560686510,crp_adaptive,feedforward,13,2.242134645233154,2.2346351264953612,0.2863,1.0,3.52316,0.08088360413581969,0.9258312020460358,0.9990000128746033,1.0,3.1458,0.0004979062359780073,1.0,0.9990000128746033,10000.0,
2026-03-27T12:34:54,comparison_condition_crp_adaptive_feedforward_init_20260327_005712,crp_adaptive_feedforward_init,10,10,929723557,560686510,crp_adaptive,feedforward,14,2.2259128215026855,2.2175353141784666,0.3177,1.0,3.53684,0.14094086535003633,0.8849104859335039,0.9990000128746033,1.0,3.034,0.0001511276641394943,1.0,0.9990000128746033,10000.0,
2026-03-27T12:35:17,comparison_condition_crp_adaptive_feedforward_init_20260327_005712,crp_adaptive_feedforward_init,10,10,929723557,560686510,crp_adaptive,feedforward,15,2.2059830140686034,2.1970434574127196,0.3167,1.0,3.92666,0.21125860242323247,0.7928388746803069,0.9990000128746033,1.0,3.0079,5.3181669500190765e-05,1.0,0.9990000128746033,10000.0,
2026-03-27T12:35:39,comparison_condition_crp_adaptive_feedforward_init_20260327_005712,crp_adaptive_feedforward_init,10,10,929723557,560686510,crp_adaptive,feedforward,16,2.1832819012451172,2.173134381866455,0.3452,1.0,4.1292,0.2510715477536117,0.7672634271099744,0.9990000128746033,1.0,3.1023,0.00018478836864233017,1.0,0.9990000128746033,10000.0,
2026-03-27T12:36:02,comparison_condition_crp_adaptive_feedforward_init_20260327_005712,crp_adaptive_feedforward_init,10,10,929723557,560686510,crp_adaptive,feedforward,17,2.1543983541870118,2.1448769554138183,0.3718,1.0,4.63072,0.39195094794857493,0.6163682864450127,0.9990000128746033,1.0,3.0015,1.7247011783183552e-05,1.0,0.9990000128746033,10000.0,
2026-03-27T12:36:24,comparison_condition_crp_adaptive_feedforward_init_20260327_005712,crp_adaptive_feedforward_init,10,10,929723557,560686510,crp_adaptive,feedforward,18,2.1318979055786134,2.1127199447631835,0.3854,1.0,3.605,0.08805230270601776,0.9411764705882353,0.9990000128746033,1.0,3.0029,3.6510813515633345e-05,1.0,0.9990000128746033,10000.0,
2026-03-27T12:36:46,comparison_condition_crp_adaptive_feedforward_init_20260327_005712,crp_adaptive_feedforward_init,10,10,929723557,560686510,crp_adaptive,feedforward,19,2.0969066315460205,2.0774241706848144,0.3979,1.0,4.30042,0.17837469391996333,0.8363171355498721,0.9990000128746033,1.0,3.0218,9.336508082924411e-05,1.0,0.9990000128746033,10000.0,
2026-03-27T12:37:09,comparison_condition_crp_adaptive_feedforward_init_20260327_005712,crp_adaptive_feedforward_init,10,10,929723557,560686510,crp_adaptive,feedforward,20,2.061652265777588,2.0386106624603273,0.4138,1.0,4.117,0.14378413729927303,0.9181585677749361,0.9990000128746033,1.0,3.7644,0.0007213699864223599,1.0,0.9990000128746033,10000.0,
2026-03-27T12:37:32,comparison_condition_crp_adaptive_feedforward_init_20260327_005712,crp_adaptive_feedforward_init,10,10,929723557,560686510,crp_adaptive,feedforward,21,2.024967436180115,1.9977949409484863,0.4176,1.0,3.32282,0.06152655382313633,0.9411764705882353,0.9990000128746033,1.0,3.0166,8.549224730813876e-05,1.0,0.9990000128746033,10000.0,
2026-03-27T12:37:54,comparison_condition_crp_adaptive_feedforward_init_20260327_005712,crp_adaptive_feedforward_init,10,10,929723557,560686510,crp_adaptive,feedforward,22,1.978974740562439,1.9558183750152587,0.4323,1.0,3.72534,0.2676958426108683,0.7340153452685422,0.9990000128746033,1.0,3.0006,5.2536968723870814e-05,1.0,0.9990000128746033,10000.0,
2026-03-27T12:38:16,comparison_condition_crp_adaptive_feedforward_init_20260327_005712,crp_adaptive_feedforward_init,10,10,929723557,560686510,crp_adaptive,feedforward,23,1.939545048904419,1.913501732635498,0.4529,1.0,4.01418,0.18436457648650548,0.8542199488491049,0.9990000128746033,1.0,3.0241,0.0002024217537837103,1.0,0.9990000128746033,10000.0,
2026-03-27T12:38:41,comparison_condition_crp_adaptive_feedforward_init_20260327_005712,crp_adaptive_feedforward_init,10,10,929723557,560686510,crp_adaptive,feedforward,24,1.9003392974853515,1.8705702236175537,0.4607,1.0,4.159,0.094753665906211,0.9104859335038363,0.9990000128746033,1.0,3.9422,0.0009551206603646278,1.0,0.9990000128746033,10000.0,
2026-03-27T12:39:03,comparison_condition_crp_adaptive_feedforward_init_20260327_005712,crp_adaptive_feedforward_init,10,10,929723557,560686510,crp_adaptive,feedforward,25,1.8586728331756592,1.8289310949325561,0.4715,1.0,3.68608,0.10139690149536244,0.9053708439897699,0.9990000128746033,1.0,3.0227,0.00014757250028196722,1.0,0.9990000128746033,10000.0,
2026-03-27T12:39:30,comparison_condition_crp_adaptive_feedforward_init_20260327_005712,crp_adaptive_feedforward_init,11,11,1207054354,1346933383,crp_adaptive,feedforward,1,2.3013833530426027,2.3009080921173095,0.1158,1.0,2.53266,0.11772247228502303,0.8823529411764706,0.9990000128746033,1.0,2.114,9.082950782612897e-06,1.0,0.9990000128746033,10000.0,
2026-03-27T12:39:53,comparison_condition_crp_adaptive_feedforward_init_20260327_005712,crp_adaptive_feedforward_init,11,11,1207054354,1346933383,crp_adaptive,feedforward,2,2.297334393157959,2.3007182640075685,0.1158,1.0,4.36052,0.4199591472380511,0.5933503836317136,0.9990000128746033,1.0,3.9137,0.0014488179003819823,1.0,0.9990000128746033,10000.0,
2026-03-27T12:40:14,comparison_condition_crp_adaptive_feedforward_init_20260327_005712,crp_adaptive_feedforward_init,11,11,1207054354,1346933383,crp_adaptive,feedforward,3,2.2986524070739747,2.300100695037842,0.1158,1.0,3.55928,0.15638523472586277,0.9360613810741688,0.9990000128746033,1.0,3.0011,8.611554221715778e-05,1.0,0.9990000128746033,10000.0,
2026-03-27T12:40:34,comparison_condition_crp_adaptive_feedforward_init_20260327_005712,crp_adaptive_feedforward_init,11,11,1207054354,1346933383,crp_adaptive,feedforward,4,2.299366379470825,2.299387710571289,0.1158,1.0,3.21408,0.06164147753076886,0.9411764705882353,0.9990000128746033,1.0,3.004,0.00014000989904161543,1.0,0.9990000128746033,10000.0,
2026-03-27T12:40:59,comparison_condition_crp_adaptive_feedforward_init_20260327_005712,crp_adaptive_feedforward_init,11,11,1207054354,1346933383,crp_adaptive,feedforward,5,2.2923255323791505,2.298341121673584,0.1158,1.0,3.98454,0.39431874450339277,0.6061381074168798,0.9990000128746033,1.0,3.0001,3.150602788082324e-05,1.0,0.9990000128746033,10000.0,
2026-03-27T12:41:26,comparison_condition_crp_adaptive_feedforward_init_20260327_005712,crp_adaptive_feedforward_init,11,11,1207054354,1346933383,crp_adaptive,feedforward,6,2.2918050409698485,2.2964892955780027,0.1172,1.0,3.7548,0.28391874343512946,0.7289002557544757,0.9990000128746033,1.0,3.0,1.8011958673014306e-05,1.0,0.9990000128746033,10000.0,
2026-03-27T12:41:48,comparison_condition_crp_adaptive_feedforward_init_20260327_005712,crp_adaptive_feedforward_init,11,11,1207054354,1346933383,crp_adaptive,feedforward,7,2.291298250274658,2.294520259475708,0.1158,1.0,3.48114,0.20519389593006945,0.7953964194373402,0.9990000128746033,1.0,3.0002,2.9067721698083915e-05,1.0,0.9990000128746033,10000.0,
2026-03-27T12:42:09,comparison_condition_crp_adaptive_feedforward_init_20260327_005712,crp_adaptive_feedforward_init,11,11,1207054354,1346933383,crp_adaptive,feedforward,8,2.2924421321105957,2.292245169830322,0.1272,1.0,3.5703,0.06559765425592322,0.9539641943734015,0.9990000128746033,1.0,3.7679,0.0014349725097417831,1.0,0.9990000128746033,10000.0,
2026-03-27T12:42:32,comparison_condition_crp_adaptive_feedforward_init_20260327_005712,crp_adaptive_feedforward_init,11,11,1207054354,1346933383,crp_adaptive,feedforward,9,2.287901075134277,2.289208602142334,0.15,1.0,3.34298,0.12835910401485578,0.8746803069053708,0.9990000128746033,1.0,3.0023,3.963971903431229e-05,1.0,0.9990000128746033,10000.0,
2026-03-27T12:42:55,comparison_condition_crp_adaptive_feedforward_init_20260327_005712,crp_adaptive_feedforward_init,11,11,1207054354,1346933383,crp_adaptive,feedforward,10,2.286985079421997,2.285540993499756,0.1726,1.0,3.17224,0.03314868896270169,0.9744245524296675,0.9990000128746033,1.0,3.0043,4.519156937021762e-05,1.0,0.9990000128746033,10000.0,
2026-03-27T12:43:20,comparison_condition_crp_adaptive_feedforward_init_20260327_005712,crp_adaptive_feedforward_init,11,11,1207054354,1346933383,crp_adaptive,feedforward,11,2.2749990900421144,2.2813168296813964,0.164,1.0,4.72656,0.32279741860356875,0.690537084398977,0.9990000128746033,1.0,4.0146,0.004299445543438196,1.0,0.9990000128746033,10000.0,
2026-03-27T12:43:44,comparison_condition_crp_adaptive_feedforward_init_20260327_005712,crp_adaptive_feedforward_init,11,11,1207054354,1346933383,crp_adaptive,feedforward,12,2.270418598098755,2.2763434799194338,0.1902,1.0,4.10288,0.30003947984049867,0.7007672634271099,0.9990000128746033,1.0,3.0564,9.346044680569321e-05,1.0,0.9990000128746033,10000.0,
2026-03-27T12:44:07,comparison_condition_crp_adaptive_feedforward_init_20260327_005712,crp_adaptive_feedforward_init,11,11,1207054354,1346933383,crp_adaptive,feedforward,13,2.271660679473877,2.270424559020996,0.2183,1.0,3.20768,0.06691572806806659,0.9335038363171355,0.9990000128746033,1.0,3.0009,1.0528011443966534e-05,1.0,0.9990000128746033,10000.0,
2026-03-27T12:44:30,comparison_condition_crp_adaptive_feedforward_init_20260327_005712,crp_adaptive_feedforward_init,11,11,1207054354,1346933383,crp_adaptive,feedforward,14,2.261139608001709,2.2628744354248047,0.243,1.0,3.65376,0.17052536663906206,0.8516624040920716,0.9990000128746033,1.0,3.0015,6.149905675556511e-05,1.0,0.9990000128746033,10000.0,
2026-03-27T12:44:52,comparison_condition_crp_adaptive_feedforward_init_20260327_005712,crp_adaptive_feedforward_init,11,11,1207054354,1346933383,crp_adaptive,feedforward,15,2.2554554289245607,2.2544439697265624,0.2642,1.0,3.31006,0.1023503729712546,0.8976982097186701,0.9990000128746033,1.0,3.0013,3.6822126276092604e-05,1.0,0.9990000128746033,10000.0,
2026-03-27T12:45:15,comparison_condition_crp_adaptive_feedforward_init_20260327_005712,crp_adaptive_feedforward_init,11,11,1207054354,1346933383,crp_adaptive,feedforward,16,2.246907894973755,2.236317278289795,0.3039,1.0,3.96178,0.07396945461411686,0.959079283887468,0.9990000128746033,1.0,5.0541,0.1989961564540863,1.0,0.9990000128746033,10000.0,
2026-03-27T12:45:37,comparison_condition_crp_adaptive_feedforward_init_20260327_005712,crp_adaptive_feedforward_init,11,11,1207054354,1346933383,crp_adaptive,feedforward,17,2.2365878858947754,2.2310624629974365,0.2924,1.0,3.09868,0.02880524265140633,0.9718670076726342,0.9990000128746033,1.0,3.0011,3.6232260754331946e-05,1.0,0.9990000128746033,10000.0,
2026-03-27T12:45:59,comparison_condition_crp_adaptive_feedforward_init_20260327_005712,crp_adaptive_feedforward_init,11,11,1207054354,1346933383,crp_adaptive,feedforward,18,2.2050019252777098,2.2155372470855714,0.3641,1.0,5.04546,0.4627293839860071,0.5473145780051151,0.9990000128746033,1.0,4.007,0.0034641867969185114,1.0,0.9990000128746033,10000.0,
2026-03-27T12:46:20,comparison_condition_crp_adaptive_feedforward_init_20260327_005712,crp_adaptive_feedforward_init,11,11,1207054354,1346933383,crp_adaptive,feedforward,19,2.2046189277648924,2.196042673110962,0.3344,1.0,3.4189,0.020278765661002937,0.9846547314578005,0.9990000128746033,1.0,3.3469,0.00034638168290257454,1.0,0.9990000128746033,10000.0,
2026-03-27T12:46:41,comparison_condition_crp_adaptive_feedforward_init_20260327_005712,crp_adaptive_feedforward_init,11,11,1207054354,1346933383,crp_adaptive,feedforward,20,2.183309176940918,2.1737436294555663,0.3419,1.0,3.286,0.02089818815917202,0.979539641943734,0.9990000128746033,1.0,3.0233,7.761567394481972e-05,1.0,0.9990000128746033,10000.0,
2026-03-27T12:47:02,comparison_condition_crp_adaptive_feedforward_init_20260327_005712,crp_adaptive_feedforward_init,11,11,1207054354,1346933383,crp_adaptive,feedforward,21,2.1542070165252687,2.146551706314087,0.367,1.0,3.45698,0.11640161053566395,0.887468030690537,0.9990000128746033,1.0,3.0009,2.5474686481175013e-05,1.0,0.9990000128746033,10000.0,
2026-03-27T12:47:23,comparison_condition_crp_adaptive_feedforward_init_20260327_005712,crp_adaptive_feedforward_init,11,11,1207054354,1346933383,crp_adaptive,feedforward,22,2.112224974899292,2.1153586547851564,0.3803,1.0,4.4488,0.37435200537976665,0.629156010230179,0.9990000128746033,1.0,3.0052,4.917779369861819e-05,1.0,0.9990000128746033,10000.0,
2026-03-27T12:47:45,comparison_condition_crp_adaptive_feedforward_init_20260327_005712,crp_adaptive_feedforward_init,11,11,1207054354,1346933383,crp_adaptive,feedforward,23,2.0932499586486815,2.0794286159515383,0.3876,1.0,3.58862,0.053071675449762344,0.948849104859335,0.9990000128746033,1.0,4.055,0.006297434214502573,1.0,0.9990000128746033,10000.0,
2026-03-27T12:48:06,comparison_condition_crp_adaptive_feedforward_init_20260327_005712,crp_adaptive_feedforward_init,11,11,1207054354,1346933383,crp_adaptive,feedforward,24,2.053141633224487,2.038952175140381,0.3967,1.0,3.58894,0.08568364147506652,0.9207161125319693,0.9990000128746033,1.0,4.1495,0.010582413524389267,1.0,0.9990000128746033,10000.0,
2026-03-27T12:48:27,comparison_condition_crp_adaptive_feedforward_init_20260327_005712,crp_adaptive_feedforward_init,11,11,1207054354,1346933383,crp_adaptive,feedforward,25,2.011810397644043,1.9953459827423097,0.4145,1.0,4.02852,0.0541307726897129,0.9539641943734015,0.9990000128746033,1.0,3.9595,0.0009395222296006978,1.0,0.9990000128746033,10000.0,
2026-03-27T12:48:53,comparison_condition_crp_adaptive_feedforward_init_20260327_005712,crp_adaptive_feedforward_init,12,12,374399940,1313764614,crp_adaptive,feedforward,1,2.3018071366882324,2.3011192371368407,0.1119,1.0,2.36174,0.012825080623822527,0.9872122762148338,0.9990000128746033,1.0,2.2086,7.57585894461954e-06,1.0,0.9990000128746033,10000.0,
2026-03-27T12:49:14,comparison_condition_crp_adaptive_feedforward_init_20260327_005712,crp_adaptive_feedforward_init,12,12,374399940,1313764614,crp_adaptive,feedforward,2,2.3005699577331544,2.300390789413452,0.1119,1.0,4.07362,0.12057036331824354,0.907928388746803,0.9990000128746033,1.0,4.8112,0.03259333595633507,1.0,0.9990000128746033,10000.0,
2026-03-27T12:49:36,comparison_condition_crp_adaptive_feedforward_init_20260327_005712,crp_adaptive_feedforward_init,12,12,374399940,1313764614,crp_adaptive,feedforward,3,2.2975771980285646,2.3002191818237305,0.1119,1.0,3.92954,0.33476226261726555,0.670076726342711,0.9990000128746033,1.0,3.0521,0.0008427354623563588,1.0,0.9990000128746033,10000.0,
2026-03-27T12:49:57,comparison_condition_crp_adaptive_feedforward_init_20260327_005712,crp_adaptive_feedforward_init,12,12,374399940,1313764614,crp_adaptive,feedforward,4,2.2972441944122313,2.2993180549621584,0.1119,1.0,4.10072,0.20855944181415503,0.8260869565217391,0.9990000128746033,1.0,3.6837,0.0025300595443695784,1.0,0.9990000128746033,10000.0,
2026-03-27T12:50:18,comparison_condition_crp_adaptive_feedforward_init_20260327_005712,crp_adaptive_feedforward_init,12,12,374399940,1313764614,crp_adaptive,feedforward,5,2.298796375579834,2.298134680557251,0.1119,1.0,3.38354,0.016738122639511754,0.9974424552429667,0.9990000128746033,1.0,3.0005,4.578075458994135e-05,1.0,0.9990000128746033,10000.0,
2026-03-27T12:50:44,comparison_condition_crp_adaptive_feedforward_init_20260327_005712,crp_adaptive_feedforward_init,12,12,374399940,1313764614,crp_adaptive,feedforward,6,2.296475969696045,2.2967813987731933,0.1119,1.0,3.29348,0.08349975642882233,0.9744245524296675,0.9990000128746033,1.0,3.0001,7.923466910142452e-05,1.0,0.9990000128746033,10000.0,
2026-03-27T12:51:07,comparison_condition_crp_adaptive_feedforward_init_20260327_005712,crp_adaptive_feedforward_init,12,12,374399940,1313764614,crp_adaptive,feedforward,7,2.282006934051514,2.2950657958984375,0.1119,1.0,4.8877,0.7820568509567591,0.2608695652173913,0.9990000128746033,1.0,3.9997,0.0045149484649300575,1.0,0.9990000128746033,10000.0,
2026-03-27T12:51:29,comparison_condition_crp_adaptive_feedforward_init_20260327_005712,crp_adaptive_feedforward_init,12,12,374399940,1313764614,crp_adaptive,feedforward,8,2.291816641998291,2.2921399604797363,0.1119,1.0,3.65496,0.10289644071327783,0.9002557544757033,0.9990000128746033,1.0,3.113,0.0003808016190305352,1.0,0.9990000128746033,10000.0,
2026-03-27T12:51:52,comparison_condition_crp_adaptive_feedforward_init_20260327_005712,crp_adaptive_feedforward_init,12,12,374399940,1313764614,crp_adaptive,feedforward,9,2.2904611277770996,2.288426282119751,0.112,1.0,4.653,0.01936925801261247,1.0,0.9990000128746033,1.0,4.7983,0.019567960873246193,1.0,0.9990000128746033,10000.0,
2026-03-27T12:52:14,comparison_condition_crp_adaptive_feedforward_init_20260327_005712,crp_adaptive_feedforward_init,12,12,374399940,1313764614,crp_adaptive,feedforward,10,2.2872475814056394,2.2849493721008303,0.12,1.0,3.4918,0.004657289030172465,1.0,0.9990000128746033,1.0,3.0025,2.8120299248257652e-05,1.0,0.9990000128746033,10000.0,
2026-03-27T12:52:36,comparison_condition_crp_adaptive_feedforward_init_20260327_005712,crp_adaptive_feedforward_init,12,12,374399940,1313764614,crp_adaptive,feedforward,11,2.2820878230285646,2.280135387802124,0.1449,1.0,3.27466,0.0414879996724383,1.0,0.9990000128746033,1.0,3.0409,9.559025056660175e-05,1.0,0.9990000128746033,10000.0,
2026-03-27T12:52:59,comparison_condition_crp_adaptive_feedforward_init_20260327_005712,crp_adaptive_feedforward_init,12,12,374399940,1313764614,crp_adaptive,feedforward,12,2.274903530578613,2.2744813430786133,0.187,1.0,4.18772,0.1385029682466347,0.969309462915601,0.9990000128746033,1.0,3.7161,0.00027380400570109487,1.0,0.9990000128746033,10000.0,
2026-03-27T12:53:21,comparison_condition_crp_adaptive_feedforward_init_20260327_005712,crp_adaptive_feedforward_init,12,12,374399940,1313764614,crp_adaptive,feedforward,13,2.2676396574401854,2.267326371383667,0.2115,1.0,4.64892,0.16513474449275561,0.8925831202046036,0.9990000128746033,1.0,3.0012,1.402172347297892e-05,1.0,0.9990000128746033,10000.0,
2026-03-27T12:53:43,comparison_condition_crp_adaptive_feedforward_init_20260327_005712,crp_adaptive_feedforward_init,12,12,374399940,1313764614,crp_adaptive,feedforward,14,2.2635536422729494,2.2585896507263183,0.2594,1.0,3.04214,0.005291586718781602,0.9948849104859335,0.9990000128746033,1.0,3.0074,6.730236054863781e-05,1.0,0.9990000128746033,10000.0,
2026-03-27T12:54:05,comparison_condition_crp_adaptive_feedforward_init_20260327_005712,crp_adaptive_feedforward_init,12,12,374399940,1313764614,crp_adaptive,feedforward,15,2.252368732833862,2.24806708984375,0.2737,1.0,3.4052,0.07643905971088297,0.9258312020460358,0.9990000128746033,1.0,3.0,7.775871381454635e-06,1.0,0.9990000128746033,10000.0,
2026-03-27T12:54:28,comparison_condition_crp_adaptive_feedforward_init_20260327_005712,crp_adaptive_feedforward_init,12,12,374399940,1313764614,crp_adaptive,feedforward,16,2.2397225888824464,2.235253472137451,0.3109,1.0,3.69046,0.11018193081660924,0.9130434782608695,0.9990000128746033,1.0,3.5119,0.0006831612554378808,1.0,0.9990000128746033,10000.0,
2026-03-27T12:54:50,comparison_condition_crp_adaptive_feedforward_init_20260327_005712,crp_adaptive_feedforward_init,12,12,374399940,1313764614,crp_adaptive,feedforward,17,2.2278508338165284,2.219573804473877,0.3331,1.0,3.19716,0.02498391285461113,0.9769820971867008,0.9990000128746033,1.0,3.0711,0.000321902654832229,1.0,0.9990000128746033,10000.0,
2026-03-27T12:55:12,comparison_condition_crp_adaptive_feedforward_init_20260327_005712,crp_adaptive_feedforward_init,12,12,374399940,1313764614,crp_adaptive,feedforward,18,2.2008792558288572,2.1683865741729735,0.4177,1.0,4.21512,0.35484269046952027,0.6751918158567775,0.9990000128746033,1.0,5.9233,1.0,0.0,0.9990000128746033,10000.0,
2026-03-27T12:55:34,comparison_condition_crp_adaptive_feedforward_init_20260327_005712,crp_adaptive_feedforward_init,12,12,374399940,1313764614,crp_adaptive,feedforward,19,2.17614936920166,2.1775946334838867,0.3901,1.0,4.61336,0.42797808662714215,0.6010230179028133,0.9990000128746033,1.0,3.0236,0.00012231801520101726,1.0,0.9990000128746033,10000.0,
2026-03-27T12:55:55,comparison_condition_crp_adaptive_feedforward_init_20260327_005712,crp_adaptive_feedforward_init,12,12,374399940,1313764614,crp_adaptive,feedforward,20,2.165029349746704,2.150707398223877,0.4021,0.99998,3.2185,0.027607214615235607,0.9820971867007673,0.9990000128746033,1.0,3.0234,0.00011037695367122069,1.0,0.9990000128746033,10000.0,
2026-03-27T12:56:16,comparison_condition_crp_adaptive_feedforward_init_20260327_005712,crp_adaptive_feedforward_init,12,12,374399940,1313764614,crp_adaptive,feedforward,21,2.12936049118042,2.1194717861175536,0.4224,1.0,4.02468,0.2123116586107107,0.8516624040920716,0.9990000128746033,1.0,3.0866,0.00015599490143358707,1.0,0.9990000128746033,10000.0,
2026-03-27T12:56:37,comparison_condition_crp_adaptive_feedforward_init_20260327_005712,crp_adaptive_feedforward_init,12,12,374399940,1313764614,crp_adaptive,feedforward,22,2.1046362757873536,2.0852777240753175,0.4368,1.0,3.13322,0.005207446514596969,0.9974424552429667,0.9990000128746033,1.0,3.0005,2.6948195227305405e-05,1.0,0.9990000128746033,10000.0,
2026-03-27T12:56:58,comparison_condition_crp_adaptive_feedforward_init_20260327_005712,crp_adaptive_feedforward_init,12,12,374399940,1313764614,crp_adaptive,feedforward,23,2.0666651942443846,2.0486759746551515,0.4426,1.0,3.69624,0.07430788278953186,0.9386189258312021,0.9990000128746033,1.0,3.0031,4.36339651059825e-05,1.0,0.9990000128746033,10000.0,
2026-03-27T12:57:20,comparison_condition_crp_adaptive_feedforward_init_20260327_005712,crp_adaptive_feedforward_init,12,12,374399940,1313764614,crp_adaptive,feedforward,24,2.0226252868270875,2.009015982055664,0.4575,1.0,3.99686,0.21371166112622747,0.80306905370844,0.9990000128746033,1.0,4.0007,0.0040186671540141106,1.0,0.9990000128746033,10000.0,
2026-03-27T12:57:41,comparison_condition_crp_adaptive_feedforward_init_20260327_005712,crp_adaptive_feedforward_init,12,12,374399940,1313764614,crp_adaptive,feedforward,25,1.9834618074035644,1.9674271018981933,0.466,1.0,3.94172,0.1744481329908124,0.8337595907928389,0.9990000128746033,1.0,3.0993,0.00023840850917622447,1.0,0.9990000128746033,10000.0,
2026-03-27T12:58:06,comparison_condition_crp_adaptive_feedforward_init_20260327_005712,crp_adaptive_feedforward_init,13,13,1188033244,401169362,crp_adaptive,feedforward,1,2.3017888145446777,2.300893689727783,0.1145,1.0,2.50508,0.02816873052010091,0.9718670076726342,0.9990000128746033,1.0,2.236,1.1584710591705516e-05,1.0,0.9990000128746033,10000.0,
2026-03-27T12:58:28,comparison_condition_crp_adaptive_feedforward_init_20260327_005712,crp_adaptive_feedforward_init,13,13,1188033244,401169362,crp_adaptive,feedforward,2,2.300559779434204,2.2995719104766845,0.1145,1.0,4.45828,0.11482018436286393,1.0,0.9990000128746033,1.0,4.9962,0.10664921998977661,1.0,0.9990000128746033,10000.0,
2026-03-27T12:58:51,comparison_condition_crp_adaptive_feedforward_init_20260327_005712,crp_adaptive_feedforward_init,13,13,1188033244,401169362,crp_adaptive,feedforward,3,2.299652850189209,2.3001681449890135,0.1145,1.0,3.60776,0.17935588866432384,0.8286445012787724,0.9990000128746033,1.0,3.6756,0.0033376335632056,1.0,0.9990000128746033,10000.0,
2026-03-27T12:59:14,comparison_condition_crp_adaptive_feedforward_init_20260327_005712,crp_adaptive_feedforward_init,13,13,1188033244,401169362,crp_adaptive,feedforward,4,2.2995804830932616,2.299680878829956,0.1145,1.0,4.45222,0.10602044371743341,0.989769820971867,0.9990000128746033,1.0,4.0129,0.02565191127359867,1.0,0.9990000128746033,10000.0,
2026-03-27T12:59:36,comparison_condition_crp_adaptive_feedforward_init_20260327_005712,crp_adaptive_feedforward_init,13,13,1188033244,401169362,crp_adaptive,feedforward,5,2.300509456939697,2.2996607307434083,0.1145,1.0,3.14426,0.004448843794614364,1.0,0.9990000128746033,1.0,3.1582,0.00030874426010996103,1.0,0.9990000128746033,10000.0,
2026-03-27T12:59:58,comparison_condition_crp_adaptive_feedforward_init_20260327_005712,crp_adaptive_feedforward_init,13,13,1188033244,401169362,crp_adaptive,feedforward,6,2.299670330810547,2.2989464179992676,0.1145,1.0,3.32472,0.030022942844866205,1.0,0.9990000128746033,1.0,3.0011,3.609534178394824e-05,1.0,0.9990000128746033,10000.0,
2026-03-27T13:00:20,comparison_condition_crp_adaptive_feedforward_init_20260327_005712,crp_adaptive_feedforward_init,13,13,1188033244,401169362,crp_adaptive,feedforward,7,2.2968890776824953,2.297970669174194,0.1145,1.0,3.54736,0.168692317883705,0.8363171355498721,0.9990000128746033,1.0,3.001,2.8933478461112827e-05,1.0,0.9990000128746033,10000.0,
2026-03-27T13:00:43,comparison_condition_crp_adaptive_feedforward_init_20260327_005712,crp_adaptive_feedforward_init,13,13,1188033244,401169362,crp_adaptive,feedforward,8,2.2976783380126955,2.2968629859924317,0.1145,1.0,3.28866,0.041677427662266606,0.959079283887468,0.9990000128746033,1.0,3.0079,0.00010638525418471545,1.0,0.9990000128746033,10000.0,
2026-03-27T13:01:05,comparison_condition_crp_adaptive_feedforward_init_20260327_005712,crp_adaptive_feedforward_init,13,13,1188033244,401169362,crp_adaptive,feedforward,9,2.2963926639556886,2.295525690841675,0.1145,1.0,3.23792,0.0395007043678519,0.9616368286445013,0.9990000128746033,1.0,3.0005,3.303576886537485e-05,1.0,0.9990000128746033,10000.0,
2026-03-27T13:01:27,comparison_condition_crp_adaptive_feedforward_init_20260327_005712,crp_adaptive_feedforward_init,13,13,1188033244,401169362,crp_adaptive,feedforward,10,2.2917107192230226,2.2933376739501954,0.1145,1.0,3.8052,0.21906481855299936,0.782608695652174,0.9990000128746033,1.0,3.0173,0.0001616879744688049,1.0,0.9990000128746033,10000.0,
2026-03-27T13:01:49,comparison_condition_crp_adaptive_feedforward_init_20260327_005712,crp_adaptive_feedforward_init,13,13,1188033244,401169362,crp_adaptive,feedforward,11,2.2899173309326173,2.290315135192871,0.1146,1.0,3.8205,0.1494113813476784,0.8823529411764706,0.9990000128746033,1.0,3.0024,3.358575122547336e-05,1.0,0.9990000128746033,10000.0,
2026-03-27T13:02:11,comparison_condition_crp_adaptive_feedforward_init_20260327_005712,crp_adaptive_feedforward_init,13,13,1188033244,401169362,crp_adaptive,feedforward,12,2.288954239959717,2.286718983078003,0.1324,1.0,3.6935,0.023759293374740576,0.9820971867007673,0.9990000128746033,1.0,3.0794,0.00010926637332886457,1.0,0.9990000128746033,10000.0,
2026-03-27T13:02:34,comparison_condition_crp_adaptive_feedforward_init_20260327_005712,crp_adaptive_feedforward_init,13,13,1188033244,401169362,crp_adaptive,feedforward,13,2.2850725016021727,2.2816914100646972,0.1321,1.0,3.4236,0.0035326716995285126,0.9974424552429667,0.9990000128746033,1.0,3.1587,0.000308511866023764,1.0,0.9990000128746033,10000.0,
2026-03-27T13:02:56,comparison_condition_crp_adaptive_feedforward_init_20260327_005712,crp_adaptive_feedforward_init,13,13,1188033244,401169362,crp_adaptive,feedforward,14,2.2780689670562744,2.2750232135772706,0.1767,1.0,3.2117,0.06947408776191004,0.9335038363171355,0.9990000128746033,1.0,3.002,4.278993219486438e-05,1.0,0.9990000128746033,10000.0,
2026-03-27T13:03:19,comparison_condition_crp_adaptive_feedforward_init_20260327_005712,crp_adaptive_feedforward_init,13,13,1188033244,401169362,crp_adaptive,feedforward,15,2.2712592262268068,2.2669674671173095,0.2077,1.0,3.1737,0.03284245824473023,0.9718670076726342,0.9990000128746033,1.0,3.0665,0.0005194437690079212,1.0,0.9990000128746033,10000.0,
2026-03-27T13:03:41,comparison_condition_crp_adaptive_feedforward_init_20260327_005712,crp_adaptive_feedforward_init,13,13,1188033244,401169362,crp_adaptive,feedforward,16,2.261084329986572,2.257079683303833,0.2515,1.0,3.36698,0.08626707278153728,0.9769820971867008,0.9990000128746033,1.0,3.0022,3.931066021323204e-05,1.0,0.9990000128746033,10000.0,
2026-03-27T13:04:04,comparison_condition_crp_adaptive_feedforward_init_20260327_005712,crp_adaptive_feedforward_init,13,13,1188033244,401169362,crp_adaptive,feedforward,17,2.2459326684570313,2.244766925430298,0.264,1.0,3.74118,0.270406258361013,0.7365728900255755,0.9990000128746033,1.0,3.0173,0.000241402696701698,1.0,0.9990000128746033,10000.0,
2026-03-27T13:04:26,comparison_condition_crp_adaptive_feedforward_init_20260327_005712,crp_adaptive_feedforward_init,13,13,1188033244,401169362,crp_adaptive,feedforward,18,2.2360813466644287,2.2294531326293945,0.293,1.0,3.9244,0.09429795736325053,0.9104859335038363,0.9990000128746033,1.0,4.0032,0.007962159812450409,1.0,0.9990000128746033,10000.0,
2026-03-27T13:04:49,comparison_condition_crp_adaptive_feedforward_init_20260327_005712,crp_adaptive_feedforward_init,13,13,1188033244,401169362,crp_adaptive,feedforward,19,2.2182283756256105,2.2117172958374023,0.2953,1.0,3.45988,0.14730345524811808,0.8618925831202046,0.9990000128746033,1.0,3.0074,0.00010098686470882967,1.0,0.9990000128746033,10000.0,
2026-03-27T13:05:12,comparison_condition_crp_adaptive_feedforward_init_20260327_005712,crp_adaptive_feedforward_init,13,13,1188033244,401169362,crp_adaptive,feedforward,20,2.201000779724121,2.19078289604187,0.3187,1.0,3.12494,0.0561841260941272,0.9462915601023018,0.9990000128746033,1.0,3.0,1.577381044626236e-05,1.0,0.9990000128746033,10000.0,
2026-03-27T13:05:36,comparison_condition_crp_adaptive_feedforward_init_20260327_005712,crp_adaptive_feedforward_init,13,13,1188033244,401169362,crp_adaptive,feedforward,21,2.1792122537231444,2.1660563076019286,0.3331,1.0,3.04422,0.010406157994772314,0.989769820971867,0.9990000128746033,1.0,3.0,9.268067515222356e-06,1.0,0.9990000128746033,10000.0,
2026-03-27T13:05:57,comparison_condition_crp_adaptive_feedforward_init_20260327_005712,crp_adaptive_feedforward_init,13,13,1188033244,401169362,crp_adaptive,feedforward,22,2.1516113511657715,2.1371983947753908,0.3432,1.0,3.09772,0.04109924643040251,0.959079283887468,0.9990000128746033,1.0,3.0001,1.815303403418511e-05,1.0,0.9990000128746033,10000.0,
2026-03-27T13:06:18,comparison_condition_crp_adaptive_feedforward_init_20260327_005712,crp_adaptive_feedforward_init,13,13,1188033244,401169362,crp_adaptive,feedforward,23,2.1204608654785155,2.103439435958862,0.3543,1.0,3.09546,0.030935441140182075,0.969309462915601,0.9990000128746033,1.0,3.004,0.00011234718112973496,1.0,0.9990000128746033,10000.0,
2026-03-27T13:06:41,comparison_condition_crp_adaptive_feedforward_init_20260327_005712,crp_adaptive_feedforward_init,13,13,1188033244,401169362,crp_adaptive,feedforward,24,2.084227936553955,2.0671366806030274,0.3676,1.0,3.23002,0.07762260349906969,0.9258312020460358,0.9990000128746033,1.0,3.0066,0.00011548153997864574,1.0,0.9990000128746033,10000.0,
2026-03-27T13:07:03,comparison_condition_crp_adaptive_feedforward_init_20260327_005712,crp_adaptive_feedforward_init,13,13,1188033244,401169362,crp_adaptive,feedforward,25,2.0482704991149903,2.028204814529419,0.3798,1.0,3.38308,0.010351154008078636,0.9948849104859335,0.9990000128746033,1.0,3.0067,0.0001421809574821964,1.0,0.9990000128746033,10000.0,
2026-03-27T13:07:29,comparison_condition_crp_adaptive_feedforward_init_20260327_005712,crp_adaptive_feedforward_init,14,14,762144912,1585161917,crp_adaptive,feedforward,1,2.301860823287964,2.300840390777588,0.116,1.0,3.01318,0.053868474645351126,0.9462915601023018,0.9990000128746033,1.0,2.9909,6.894806574564427e-05,1.0,0.9990000128746033,10000.0,
2026-03-27T13:07:51,comparison_condition_crp_adaptive_feedforward_init_20260327_005712,crp_adaptive_feedforward_init,14,14,762144912,1585161917,crp_adaptive,feedforward,2,2.3000006218719484,2.300602219772339,0.116,1.0,3.8829,0.31920143003858203,0.6828644501278772,0.9990000128746033,1.0,3.9994,0.004317195154726505,1.0,0.9990000128746033,10000.0,
2026-03-27T13:08:13,comparison_condition_crp_adaptive_feedforward_init_20260327_005712,crp_adaptive_feedforward_init,14,14,762144912,1585161917,crp_adaptive,feedforward,3,2.300332073135376,2.300202783203125,0.116,1.0,3.15988,0.09778529017824875,0.9028132992327366,0.9990000128746033,1.0,3.0035,0.0003083313349634409,1.0,0.9990000128746033,10000.0,
2026-03-27T13:08:37,comparison_condition_crp_adaptive_feedforward_init_20260327_005712,crp_adaptive_feedforward_init,14,14,762144912,1585161917,crp_adaptive,feedforward,4,2.2971085066223145,2.299480154800415,0.116,1.0,3.7728,0.29424346202758805,0.7672634271099744,0.9990000128746033,1.0,3.0,2.627803223731462e-05,1.0,0.9990000128746033,10000.0,
2026-03-27T13:08:59,comparison_condition_crp_adaptive_feedforward_init_20260327_005712,crp_adaptive_feedforward_init,14,14,762144912,1585161917,crp_adaptive,feedforward,5,2.2994574193573,2.2983324348449705,0.116,1.0,3.97092,0.0024302200786188804,1.0,0.9990000128746033,1.0,3.9995,0.002188683720305562,1.0,0.9990000128746033,10000.0,
2026-03-27T13:09:22,comparison_condition_crp_adaptive_feedforward_init_20260327_005712,crp_adaptive_feedforward_init,14,14,762144912,1585161917,crp_adaptive,feedforward,6,2.297899739379883,2.2966423568725585,0.116,1.0,3.24524,0.01840253898692603,0.989769820971867,0.9990000128746033,1.0,3.0032,0.0005986387259326875,1.0,0.9990000128746033,10000.0,
2026-03-27T13:09:44,comparison_condition_crp_adaptive_feedforward_init_20260327_005712,crp_adaptive_feedforward_init,14,14,762144912,1585161917,crp_adaptive,feedforward,7,2.2944207272338866,2.2943945133209227,0.116,1.0,4.59652,0.13002064163544122,0.9514066496163683,0.9990000128746033,1.0,3.8753,0.004287987947463989,1.0,0.9990000128746033,10000.0,
2026-03-27T13:10:08,comparison_condition_crp_adaptive_feedforward_init_20260327_005712,crp_adaptive_feedforward_init,14,14,762144912,1585161917,crp_adaptive,feedforward,8,2.2848301922607424,2.291981833267212,0.1323,1.0,4.95556,0.5555043960513101,0.4731457800511509,0.9990000128746033,1.0,4.0382,0.010486972518265247,1.0,0.9990000128746033,10000.0,
2026-03-27T13:10:30,comparison_condition_crp_adaptive_feedforward_init_20260327_005712,crp_adaptive_feedforward_init,14,14,762144912,1585161917,crp_adaptive,feedforward,9,2.2910740187072753,2.2884185523986815,0.1669,1.0,3.0374,0.0027483338997956862,0.9974424552429667,0.9990000128746033,1.0,3.0126,0.00011429623555159196,1.0,0.9990000128746033,10000.0,
2026-03-27T13:10:54,comparison_condition_crp_adaptive_feedforward_init_20260327_005712,crp_adaptive_feedforward_init,14,14,762144912,1585161917,crp_adaptive,feedforward,10,2.2816135595703124,2.283936317443848,0.1712,1.0,4.34482,0.3010276647514834,0.7033248081841432,0.9990000128746033,1.0,3.1195,0.00013363406469579786,1.0,0.9990000128746033,10000.0,
2026-03-27T13:11:17,comparison_condition_crp_adaptive_feedforward_init_20260327_005712,crp_adaptive_feedforward_init,14,14,762144912,1585161917,crp_adaptive,feedforward,11,2.28180873878479,2.278333699798584,0.1802,1.0,3.06694,0.023064862780083413,0.9769820971867008,0.9990000128746033,1.0,3.0031,3.596638634917326e-05,1.0,0.9990000128746033,10000.0,
2026-03-27T13:11:40,comparison_condition_crp_adaptive_feedforward_init_20260327_005712,crp_adaptive_feedforward_init,14,14,762144912,1585161917,crp_adaptive,feedforward,12,2.2581487196350096,2.271531597137451,0.2374,1.0,5.76724,0.8447070947887413,0.16624040920716113,0.9990000128746033,1.0,4.5567,0.021917499601840973,1.0,0.9990000128746033,10000.0,
2026-03-27T13:12:01,comparison_condition_crp_adaptive_feedforward_init_20260327_005712,crp_adaptive_feedforward_init,14,14,762144912,1585161917,crp_adaptive,feedforward,13,2.2624703007507323,2.263017246246338,0.2111,1.0,3.84172,0.26593087934160187,0.7416879795396419,0.9990000128746033,1.0,3.0091,5.827183849760331e-05,1.0,0.9990000128746033,10000.0,
2026-03-27T13:12:26,comparison_condition_crp_adaptive_feedforward_init_20260327_005712,crp_adaptive_feedforward_init,14,14,762144912,1585161917,crp_adaptive,feedforward,14,2.246390736846924,2.2529878086090087,0.2534,1.0,5.21698,0.5379162359422387,0.5038363171355499,0.9990000128746033,1.0,3.9652,0.000885235087480396,1.0,0.9990000128746033,10000.0,
2026-03-27T13:12:49,comparison_condition_crp_adaptive_feedforward_init_20260327_005712,crp_adaptive_feedforward_init,14,14,762144912,1585161917,crp_adaptive,feedforward,15,2.241315704193115,2.240079029083252,0.2927,1.0,4.8199,0.2668298266032841,0.7647058823529411,0.9990000128746033,1.0,3.0222,7.540314982179552e-05,1.0,0.9990000128746033,10000.0,
2026-03-27T13:13:12,comparison_condition_crp_adaptive_feedforward_init_20260327_005712,crp_adaptive_feedforward_init,14,14,762144912,1585161917,crp_adaptive,feedforward,16,2.230741209182739,2.2244779415130616,0.329,1.0,4.0024,0.13136778149613576,0.8695652173913043,0.9990000128746033,1.0,3.6275,0.0004946631379425526,1.0,0.9990000128746033,10000.0,
2026-03-27T13:13:36,comparison_condition_crp_adaptive_feedforward_init_20260327_005712,crp_adaptive_feedforward_init,14,14,762144912,1585161917,crp_adaptive,feedforward,17,2.2173674922943114,2.2061657165527344,0.3337,1.0,3.03006,0.010246185691489246,0.989769820971867,0.9990000128746033,1.0,3.0003,8.174602953658905e-06,1.0,0.9990000128746033,10000.0,
2026-03-27T13:13:58,comparison_condition_crp_adaptive_feedforward_init_20260327_005712,crp_adaptive_feedforward_init,14,14,762144912,1585161917,crp_adaptive,feedforward,18,2.174303660964966,2.18056462097168,0.3785,1.0,5.43122,0.8084504930841405,0.2864450127877238,0.9990000128746033,1.0,5.0079,0.15491068363189697,1.0,0.9990000128746033,10000.0,
2026-03-27T13:14:20,comparison_condition_crp_adaptive_feedforward_init_20260327_005712,crp_adaptive_feedforward_init,14,14,762144912,1585161917,crp_adaptive,feedforward,19,2.1656649938201906,2.1593704193115233,0.3941,1.0,4.25784,0.3059444646457853,0.7058823529411765,0.9990000128746033,1.0,4.0358,0.008541318587958813,1.0,0.9990000128746033,10000.0,
2026-03-27T13:14:41,comparison_condition_crp_adaptive_feedforward_init_20260327_005712,crp_adaptive_feedforward_init,14,14,762144912,1585161917,crp_adaptive,feedforward,20,2.1428766032409667,2.109636972427368,0.4378,1.0,4.05678,0.18604957596210664,0.8516624040920716,0.9990000128746033,1.0,5.7572,0.6344799399375916,1.0,0.9990000128746033,10000.0,
2026-03-27T13:15:02,comparison_condition_crp_adaptive_feedforward_init_20260327_005712,crp_adaptive_feedforward_init,14,14,762144912,1585161917,crp_adaptive,feedforward,21,2.117856483078003,2.0996579208374024,0.4381,1.0,3.52364,0.056051601569521166,0.948849104859335,0.9990000128746033,1.0,4.0514,0.008213130757212639,1.0,0.9990000128746033,10000.0,
2026-03-27T13:15:24,comparison_condition_crp_adaptive_feedforward_init_20260327_005712,crp_adaptive_feedforward_init,14,14,762144912,1585161917,crp_adaptive,feedforward,22,2.076151981048584,2.0646373638153075,0.4634,1.0,3.9313,0.29760956164641345,0.7058823529411765,0.9990000128746033,1.0,3.158,0.00015563193301204592,1.0,0.9990000128746033,10000.0,
2026-03-27T13:15:45,comparison_condition_crp_adaptive_feedforward_init_20260327_005712,crp_adaptive_feedforward_init,14,14,762144912,1585161917,crp_adaptive,feedforward,23,2.0453774452209474,2.026299285316467,0.4712,1.0,4.07632,0.1272689789242428,0.8823529411764706,0.9990000128746033,1.0,3.0075,6.63445534883067e-05,1.0,0.9990000128746033,10000.0,
2026-03-27T13:16:08,comparison_condition_crp_adaptive_feedforward_init_20260327_005712,crp_adaptive_feedforward_init,14,14,762144912,1585161917,crp_adaptive,feedforward,24,1.999990666885376,1.9853201150894164,0.4841,1.0,4.43186,0.28979131116584933,0.7135549872122762,0.9990000128746033,1.0,3.3197,0.0002604238106869161,1.0,0.9990000128746033,10000.0,
2026-03-27T13:16:31,comparison_condition_crp_adaptive_feedforward_init_20260327_005712,crp_adaptive_feedforward_init,14,14,762144912,1585161917,crp_adaptive,feedforward,25,1.9512497302627563,1.941309449005127,0.5023,1.0,5.21854,0.42806460999384555,0.6138107416879796,0.9990000128746033,1.0,3.0448,0.00013504401431418955,1.0,0.9990000128746033,10000.0,
2026-03-27T13:16:58,comparison_condition_crp_adaptive_feedforward_init_20260327_005712,crp_adaptive_feedforward_init,15,15,2057428455,1573825650,crp_adaptive,feedforward,1,2.3016633240509035,2.301288240432739,0.1109,1.0,2.64648,0.04863711108401914,0.9514066496163683,0.9990000128746033,1.0,2.1441,3.160472260788083e-05,1.0,0.9990000128746033,10000.0,
2026-03-27T13:17:23,comparison_condition_crp_adaptive_feedforward_init_20260327_005712,crp_adaptive_feedforward_init,15,15,2057428455,1573825650,crp_adaptive,feedforward,2,2.298666427459717,2.2981191871643065,0.1109,1.0,4.4979,0.3458153041275738,0.7058823529411765,0.9990000128746033,1.0,5.0088,0.26089808344841003,1.0,0.9990000128746033,10000.0,
2026-03-27T13:17:46,comparison_condition_crp_adaptive_feedforward_init_20260327_005712,crp_adaptive_feedforward_init,15,15,2057428455,1573825650,crp_adaptive,feedforward,3,2.299363692550659,2.3000388458251955,0.1109,1.0,3.3327,0.08929942577110861,0.928388746803069,0.9990000128746033,1.0,3.0,8.92316093086265e-05,1.0,0.9990000128746033,10000.0,
2026-03-27T13:18:08,comparison_condition_crp_adaptive_feedforward_init_20260327_005712,crp_adaptive_feedforward_init,15,15,2057428455,1573825650,crp_adaptive,feedforward,4,2.297203928222656,2.298514088821411,0.1109,1.0,4.12474,0.16933797901996714,0.887468030690537,0.9990000128746033,1.0,4.0752,0.023677058517932892,1.0,0.9990000128746033,10000.0,
2026-03-27T13:18:29,comparison_condition_crp_adaptive_feedforward_init_20260327_005712,crp_adaptive_feedforward_init,15,15,2057428455,1573825650,crp_adaptive,feedforward,5,2.2959435387420655,2.2970386165618897,0.1109,1.0,4.1736,0.14470953515426474,0.8976982097186701,0.9990000128746033,1.0,4.4521,0.029168440029025078,1.0,0.9990000128746033,10000.0,
2026-03-27T13:18:51,comparison_condition_crp_adaptive_feedforward_init_20260327_005712,crp_adaptive_feedforward_init,15,15,2057428455,1573825650,crp_adaptive,feedforward,6,2.2936596826171876,2.29546831741333,0.1109,1.0,4.00482,0.1735000694358913,0.8363171355498721,0.9990000128746033,1.0,3.9981,0.010198106989264488,1.0,0.9990000128746033,10000.0,
2026-03-27T13:19:13,comparison_condition_crp_adaptive_feedforward_init_20260327_005712,crp_adaptive_feedforward_init,15,15,2057428455,1573825650,crp_adaptive,feedforward,7,2.2890700534057618,2.288675732421875,0.1129,1.0,4.46168,0.28870469749697647,0.8363171355498721,0.9990000128746033,1.0,5.0001,0.23052772879600525,1.0,0.9990000128746033,10000.0,
2026-03-27T13:19:36,comparison_condition_crp_adaptive_feedforward_init_20260327_005712,crp_adaptive_feedforward_init,15,15,2057428455,1573825650,crp_adaptive,feedforward,8,2.2838227229309083,2.270619916534424,0.1647,1.0,4.28422,0.39970751986312997,0.6010230179028133,0.9990000128746033,1.0,5.9668,1.0,0.0,0.9990000128746033,10000.0,
2026-03-27T13:19:57,comparison_condition_crp_adaptive_feedforward_init_20260327_005712,crp_adaptive_feedforward_init,15,15,2057428455,1573825650,crp_adaptive,feedforward,9,2.2869456885528563,2.2863033958435057,0.1184,1.0,3.20162,0.0487550154379036,0.9514066496163683,0.9990000128746033,1.0,3.0314,6.648185808444396e-05,1.0,0.9990000128746033,10000.0,
2026-03-27T13:20:18,comparison_condition_crp_adaptive_feedforward_init_20260327_005712,crp_adaptive_feedforward_init,15,15,2057428455,1573825650,crp_adaptive,feedforward,10,2.2797376792144775,2.281900263595581,0.1171,1.0,3.80304,0.20800245557528543,0.8567774936061381,0.9990000128746033,1.0,3.0042,7.888431719038635e-05,1.0,0.9990000128746033,10000.0,
2026-03-27T13:20:39,comparison_condition_crp_adaptive_feedforward_init_20260327_005712,crp_adaptive_feedforward_init,15,15,2057428455,1573825650,crp_adaptive,feedforward,11,2.277321100692749,2.2749537769317625,0.1501,1.0,3.6205,0.09199814931009984,0.9104859335038363,0.9990000128746033,1.0,5.0074,0.07645166665315628,1.0,0.9990000128746033,10000.0,
2026-03-27T13:21:00,comparison_condition_crp_adaptive_feedforward_init_20260327_005712,crp_adaptive_feedforward_init,15,15,2057428455,1573825650,crp_adaptive,feedforward,12,2.269386857910156,2.2480348308563234,0.3148,1.0,3.8142,0.19509012300201142,0.8056265984654731,0.9990000128746033,1.0,6.0153,1.0,0.0,0.9990000128746033,10000.0,
2026-03-27T13:21:22,comparison_condition_crp_adaptive_feedforward_init_20260327_005712,crp_adaptive_feedforward_init,15,15,2057428455,1573825650,crp_adaptive,feedforward,13,2.2631087757873534,2.2633887382507325,0.2073,1.0,3.856,0.17270794077371077,0.8286445012787724,0.9990000128746033,1.0,3.9669,0.0019945548847317696,1.0,0.9990000128746033,10000.0,
2026-03-27T13:21:43,comparison_condition_crp_adaptive_feedforward_init_20260327_005712,crp_adaptive_feedforward_init,15,15,2057428455,1573825650,crp_adaptive,feedforward,14,2.25405030418396,2.254889485168457,0.2436,1.0,3.8182,0.21766946863599027,0.7851662404092071,0.9990000128746033,1.0,3.0006,6.124592619016767e-05,1.0,0.9990000128746033,10000.0,
2026-03-27T13:22:04,comparison_condition_crp_adaptive_feedforward_init_20260327_005712,crp_adaptive_feedforward_init,15,15,2057428455,1573825650,crp_adaptive,feedforward,15,2.246320098495483,2.244667645263672,0.2807,1.0,3.49438,0.14873633576375458,0.8516624040920716,0.9990000128746033,1.0,3.0235,0.0001233148213941604,1.0,0.9990000128746033,10000.0,
2026-03-27T13:22:26,comparison_condition_crp_adaptive_feedforward_init_20260327_005712,crp_adaptive_feedforward_init,15,15,2057428455,1573825650,crp_adaptive,feedforward,16,2.236345683670044,2.232866707611084,0.3203,1.0,3.62802,0.10941967997352962,0.8976982097186701,0.9990000128746033,1.0,3.1473,0.00045197748113423586,1.0,0.9990000128746033,10000.0,
2026-03-27T13:22:48,comparison_condition_crp_adaptive_feedforward_init_20260327_005712,crp_adaptive_feedforward_init,15,15,2057428455,1573825650,crp_adaptive,feedforward,17,2.209987869567871,2.2157529262542726,0.3412,1.0,5.40236,0.576052124020913,0.4680306905370844,0.9990000128746033,1.0,5.0168,0.1053285300731659,1.0,0.9990000128746033,10000.0,
2026-03-27T13:23:09,comparison_condition_crp_adaptive_feedforward_init_20260327_005712,crp_adaptive_feedforward_init,15,15,2057428455,1573825650,crp_adaptive,feedforward,18,2.2085800202941894,2.202353621292114,0.3471,1.0,4.07304,0.09990004991514977,0.9181585677749361,0.9990000128746033,1.0,3.0071,2.8246946385479532e-05,1.0,0.9990000128746033,10000.0,
2026-03-27T13:23:31,comparison_condition_crp_adaptive_feedforward_init_20260327_005712,crp_adaptive_feedforward_init,15,15,2057428455,1573825650,crp_adaptive,feedforward,19,2.181711471405029,2.182730385971069,0.3629,1.0,4.37042,0.365303797286369,0.6624040920716112,0.9990000128746033,1.0,3.0406,0.0007422776543535292,1.0,0.9990000128746033,10000.0,
2026-03-27T13:23:54,comparison_condition_crp_adaptive_feedforward_init_20260327_005712,crp_adaptive_feedforward_init,15,15,2057428455,1573825650,crp_adaptive,feedforward,20,2.1636268403625487,2.1605595565795896,0.3737,1.0,3.69568,0.2666783836819684,0.7365728900255755,0.9990000128746033,1.0,3.0,1.4717094018124044e-05,1.0,0.9990000128746033,10000.0,
2026-03-27T13:24:18,comparison_condition_crp_adaptive_feedforward_init_20260327_005712,crp_adaptive_feedforward_init,15,15,2057428455,1573825650,crp_adaptive,feedforward,21,2.1494189862823485,2.1353207733154296,0.397,1.0,3.03752,0.010415462125638908,0.989769820971867,0.9990000128746033,1.0,3.0,1.851118213380687e-05,1.0,0.9990000128746033,10000.0,
2026-03-27T13:24:39,comparison_condition_crp_adaptive_feedforward_init_20260327_005712,crp_adaptive_feedforward_init,15,15,2057428455,1573825650,crp_adaptive,feedforward,22,2.119772784576416,2.1060913200378417,0.4158,1.0,3.30128,0.07848628249447828,0.9258312020460358,0.9990000128746033,1.0,3.0001,3.356927845743485e-05,1.0,0.9990000128746033,10000.0,
2026-03-27T13:25:01,comparison_condition_crp_adaptive_feedforward_init_20260327_005712,crp_adaptive_feedforward_init,15,15,2057428455,1573825650,crp_adaptive,feedforward,23,2.0879595454406736,2.073188513183594,0.4297,1.0,3.37776,0.10160472631260603,0.9002557544757033,0.9990000128746033,1.0,3.0019,6.497225695056841e-05,1.0,0.9990000128746033,10000.0,
2026-03-27T13:25:24,comparison_condition_crp_adaptive_feedforward_init_20260327_005712,crp_adaptive_feedforward_init,15,15,2057428455,1573825650,crp_adaptive,feedforward,24,2.054540916900635,2.0357491813659667,0.4434,1.0,3.31028,0.06901369040740071,0.9360613810741688,0.9990000128746033,1.0,3.0008,3.660891889012419e-05,1.0,0.9990000128746033,10000.0,
2026-03-27T13:25:48,comparison_condition_crp_adaptive_feedforward_init_20260327_005712,crp_adaptive_feedforward_init,15,15,2057428455,1573825650,crp_adaptive,feedforward,25,1.998979105911255,1.9946917570114135,0.4523,1.0,4.33552,0.4120468645576698,0.5907928388746803,0.9990000128746033,1.0,3.0041,7.869631372159347e-05,1.0,0.9990000128746033,10000.0,
2026-03-27T13:26:19,comparison_condition_crp_adaptive_feedforward_init_20260327_005712,crp_adaptive_feedforward_init,16,16,196052585,1140405623,crp_adaptive,feedforward,1,2.3014356421661377,2.300900617980957,0.1139,1.0,2.50908,0.0819133688267815,0.9181585677749361,0.9990000128746033,1.0,2.7647,5.9678208344848827e-05,1.0,0.9990000128746033,10000.0,
2026-03-27T13:26:40,comparison_condition_crp_adaptive_feedforward_init_20260327_005712,crp_adaptive_feedforward_init,16,16,196052585,1140405623,crp_adaptive,feedforward,2,2.292904054107666,2.2876281593322756,0.134,1.0,4.64898,0.7050877793880297,0.35805626598465473,0.9990000128746033,1.0,5.3731,0.806690514087677,1.0,0.9990000128746033,10000.0,
2026-03-27T13:27:01,comparison_condition_crp_adaptive_feedforward_init_20260327_005712,crp_adaptive_feedforward_init,16,16,196052585,1140405623,crp_adaptive,feedforward,3,2.2993433374023438,2.3003430355072023,0.1139,1.0,3.43314,0.09878562640278454,0.907928388746803,0.9990000128746033,1.0,3.11,0.0003648733254522085,1.0,0.9990000128746033,10000.0,
2026-03-27T13:27:21,comparison_condition_crp_adaptive_feedforward_init_20260327_005712,crp_adaptive_feedforward_init,16,16,196052585,1140405623,crp_adaptive,feedforward,4,2.3000093435668947,2.2999248836517334,0.1139,1.0,3.9598,0.03539220739737787,0.9667519181585678,0.9990000128746033,1.0,3.9587,0.0006907382048666477,1.0,0.9990000128746033,10000.0,
2026-03-27T13:27:43,comparison_condition_crp_adaptive_feedforward_init_20260327_005712,crp_adaptive_feedforward_init,16,16,196052585,1140405623,crp_adaptive,feedforward,5,2.2966185693359376,2.299320478439331,0.1139,1.0,4.23024,0.18986835194806898,0.8337595907928389,0.9990000128746033,1.0,3.0001,1.8725835616351105e-05,1.0,0.9990000128746033,10000.0,
2026-03-27T13:28:04,comparison_condition_crp_adaptive_feedforward_init_20260327_005712,crp_adaptive_feedforward_init,16,16,196052585,1140405623,crp_adaptive,feedforward,6,2.2974379833984373,2.298377254104614,0.1139,1.0,3.30836,0.09832314109855798,0.9207161125319693,0.9990000128746033,1.0,3.0052,9.281789971282706e-05,1.0,0.9990000128746033,10000.0,
2026-03-27T13:28:25,comparison_condition_crp_adaptive_feedforward_init_20260327_005712,crp_adaptive_feedforward_init,16,16,196052585,1140405623,crp_adaptive,feedforward,7,2.296586130371094,2.295755376434326,0.1139,1.0,4.86352,0.08385723387453166,1.0,0.9990000128746033,1.0,5.0013,0.07853300869464874,1.0,0.9990000128746033,10000.0,
2026-03-27T13:28:46,comparison_condition_crp_adaptive_feedforward_init_20260327_005712,crp_adaptive_feedforward_init,16,16,196052585,1140405623,crp_adaptive,feedforward,8,2.2927252124023436,2.296045481109619,0.1139,1.0,4.32384,0.21652757659741648,0.7902813299232737,0.9990000128746033,1.0,3.0122,0.00011085569713031873,1.0,0.9990000128746033,10000.0,
2026-03-27T13:29:09,comparison_condition_crp_adaptive_feedforward_init_20260327_005712,crp_adaptive_feedforward_init,16,16,196052585,1140405623,crp_adaptive,feedforward,9,2.294594703979492,2.2939117542266847,0.1139,1.0,3.11938,0.03707034541941511,0.9641943734015346,0.9990000128746033,1.0,3.0005,3.456574268057011e-05,1.0,0.9990000128746033,10000.0,
2026-03-27T13:29:32,comparison_condition_crp_adaptive_feedforward_init_20260327_005712,crp_adaptive_feedforward_init,16,16,196052585,1140405623,crp_adaptive,feedforward,10,2.2862246836090088,2.2912226230621338,0.1148,1.0,4.43274,0.28417104156344525,0.989769820971867,0.9990000128746033,1.0,3.0521,0.00022063667711336166,1.0,0.9990000128746033,10000.0,
2026-03-27T13:29:55,comparison_condition_crp_adaptive_feedforward_init_20260327_005712,crp_adaptive_feedforward_init,16,16,196052585,1140405623,crp_adaptive,feedforward,11,2.2890523818206785,2.2884048709869385,0.1273,1.0,3.11578,0.047934130741660086,0.959079283887468,0.9990000128746033,1.0,3.0014,4.8254794819513336e-05,1.0,0.9990000128746033,10000.0,
2026-03-27T13:30:17,comparison_condition_crp_adaptive_feedforward_init_20260327_005712,crp_adaptive_feedforward_init,16,16,196052585,1140405623,crp_adaptive,feedforward,12,2.2774472090911866,2.284848476409912,0.127,0.9999,4.21308,0.37744343930736224,0.6445012787723785,0.9990000128746033,1.0,3.0022,7.012576679699123e-05,1.0,0.9990000128746033,10000.0,
2026-03-27T13:30:39,comparison_condition_crp_adaptive_feedforward_init_20260327_005712,crp_adaptive_feedforward_init,16,16,196052585,1140405623,crp_adaptive,feedforward,13,2.2783881852722168,2.2810763442993163,0.1682,0.99986,3.81982,0.1854402830539377,0.8260869565217391,0.9990000128746033,1.0,3.0005,2.3905226044007577e-05,1.0,0.9990000128746033,10000.0,
2026-03-27T13:31:02,comparison_condition_crp_adaptive_feedforward_init_20260327_005712,crp_adaptive_feedforward_init,16,16,196052585,1140405623,crp_adaptive,feedforward,14,2.2789620040130614,2.2763848003387452,0.1989,1.0,3.15418,0.002856256748700593,0.9974424552429667,0.9990000128746033,1.0,3.0009,2.4031209250097163e-05,1.0,0.9990000128746033,10000.0,
2026-03-27T13:31:25,comparison_condition_crp_adaptive_feedforward_init_20260327_005712,crp_adaptive_feedforward_init,16,16,196052585,1140405623,crp_adaptive,feedforward,15,2.2701254100036623,2.2706734149932863,0.1954,0.99982,3.46412,0.13304754164182156,0.8670076726342711,0.9990000128746033,1.0,3.0029,1.9250424884376116e-05,1.0,0.9990000128746033,10000.0,
2026-03-27T13:31:47,comparison_condition_crp_adaptive_feedforward_init_20260327_005712,crp_adaptive_feedforward_init,16,16,196052585,1140405623,crp_adaptive,feedforward,16,2.2673273722076415,2.264355135726929,0.2316,1.0,3.06866,0.020511615023809302,0.979539641943734,0.9990000128746033,1.0,3.0006,1.730660915200133e-05,1.0,0.9990000128746033,10000.0,
2026-03-27T13:32:11,comparison_condition_crp_adaptive_feedforward_init_20260327_005712,crp_adaptive_feedforward_init,16,16,196052585,1140405623,crp_adaptive,feedforward,17,2.259606903076172,2.256862378692627,0.2573,0.99998,3.3063,0.043587917080854875,0.9565217391304348,0.9990000128746033,1.0,3.0194,5.265673098620027e-05,1.0,0.9990000128746033,10000.0,
2026-03-27T13:32:34,comparison_condition_crp_adaptive_feedforward_init_20260327_005712,crp_adaptive_feedforward_init,16,16,196052585,1140405623,crp_adaptive,feedforward,18,2.2472819027709963,2.2476786201477053,0.2717,0.99992,3.62174,0.17998220401091145,0.8260869565217391,0.9990000128746033,1.0,3.0015,3.5867560654878616e-05,1.0,0.9990000128746033,10000.0,
2026-03-27T13:32:57,comparison_condition_crp_adaptive_feedforward_init_20260327_005712,crp_adaptive_feedforward_init,16,16,196052585,1140405623,crp_adaptive,feedforward,19,2.2415674280548097,2.2367303272247314,0.2913,1.0,3.99522,0.030725938002238006,0.9718670076726342,0.9990000128746033,1.0,3.7422,0.0003147961979266256,1.0,0.9990000128746033,10000.0,
2026-03-27T13:33:20,comparison_condition_crp_adaptive_feedforward_init_20260327_005712,crp_adaptive_feedforward_init,16,16,196052585,1140405623,crp_adaptive,feedforward,20,2.225770033569336,2.223293083190918,0.3275,1.0,3.90766,0.1323529176692658,0.8849104859335039,0.9990000128746033,1.0,3.1413,4.924470340483822e-05,1.0,0.9990000128746033,10000.0,
2026-03-27T13:33:43,comparison_condition_crp_adaptive_feedforward_init_20260327_005712,crp_adaptive_feedforward_init,16,16,196052585,1140405623,crp_adaptive,feedforward,21,2.2146418698883057,2.2071348945617677,0.3142,1.0,4.03512,0.028664063582720254,0.979539641943734,0.9990000128746033,1.0,3.9976,0.0023538111709058285,1.0,0.9990000128746033,10000.0,
2026-03-27T13:34:04,comparison_condition_crp_adaptive_feedforward_init_20260327_005712,crp_adaptive_feedforward_init,16,16,196052585,1140405623,crp_adaptive,feedforward,22,2.197611724090576,2.1892161113739013,0.3384,1.0,3.27898,0.030972697707197523,0.969309462915601,0.9990000128746033,1.0,3.0049,1.509487810835708e-05,1.0,0.9990000128746033,10000.0,
2026-03-27T13:34:27,comparison_condition_crp_adaptive_feedforward_init_20260327_005712,crp_adaptive_feedforward_init,16,16,196052585,1140405623,crp_adaptive,feedforward,23,2.1680613440704346,2.168093478012085,0.3585,1.0,4.122,0.2873016184342809,0.7161125319693095,0.9990000128746033,1.0,3.0026,7.139348599594086e-05,1.0,0.9990000128746033,10000.0,
2026-03-27T13:34:52,comparison_condition_crp_adaptive_feedforward_init_20260327_005712,crp_adaptive_feedforward_init,16,16,196052585,1140405623,crp_adaptive,feedforward,24,2.146459426803589,2.1436055374145506,0.3644,1.0,4.58,0.2404882951130536,0.782608695652174,0.9990000128746033,1.0,3.2414,0.0002981505822390318,1.0,0.9990000128746033,10000.0,
2026-03-27T13:35:17,comparison_condition_crp_adaptive_feedforward_init_20260327_005712,crp_adaptive_feedforward_init,16,16,196052585,1140405623,crp_adaptive,feedforward,25,2.1299191371917723,2.1125246147155763,0.3934,1.0,3.70874,0.01915345630774525,0.9948849104859335,0.9990000128746033,1.0,5.0057,0.0786198303103447,1.0,0.9990000128746033,10000.0,
2026-03-27T13:35:47,comparison_condition_crp_adaptive_feedforward_init_20260327_005712,crp_adaptive_feedforward_init,17,17,2101613385,1579239073,crp_adaptive,feedforward,1,2.3009826642608644,2.301149136352539,0.1156,1.0,3.22782,0.30705227055263734,0.6930946291560103,0.9990000128746033,1.0,2.801,2.8324584491201676e-05,1.0,0.9990000128746033,10000.0,
2026-03-27T13:36:12,comparison_condition_crp_adaptive_feedforward_init_20260327_005712,crp_adaptive_feedforward_init,17,17,2101613385,1579239073,crp_adaptive,feedforward,2,2.300968430633545,2.300821393966675,0.1156,1.0,3.97704,0.0033016125346752643,1.0,0.9990000128746033,1.0,3.4329,0.00027274899184703827,1.0,0.9990000128746033,10000.0,
2026-03-27T13:36:38,comparison_condition_crp_adaptive_feedforward_init_20260327_005712,crp_adaptive_feedforward_init,17,17,2101613385,1579239073,crp_adaptive,feedforward,3,2.291181224822998,2.285820771026611,0.1165,1.0,5.1129,0.8628867509679923,0.1432225063938619,0.9990000128746033,1.0,5.2721,1.0,0.0,0.9990000128746033,10000.0,
2026-03-27T13:37:02,comparison_condition_crp_adaptive_feedforward_init_20260327_005712,crp_adaptive_feedforward_init,17,17,2101613385,1579239073,crp_adaptive,feedforward,4,2.2997203630828857,2.2991405376434324,0.1156,1.0,3.88966,0.01609254000674072,0.9974424552429667,0.9990000128746033,1.0,4.0849,0.019333621487021446,1.0,0.9990000128746033,10000.0,
2026-03-27T13:37:27,comparison_condition_crp_adaptive_feedforward_init_20260327_005712,crp_adaptive_feedforward_init,17,17,2101613385,1579239073,crp_adaptive,feedforward,5,2.295607942352295,2.295373450088501,0.1156,1.0,4.07226,0.20394601054383021,0.9028132992327366,0.9990000128746033,1.0,5.0101,0.17002566158771515,1.0,0.9990000128746033,10000.0,
2026-03-27T13:37:52,comparison_condition_crp_adaptive_feedforward_init_20260327_005712,crp_adaptive_feedforward_init,17,17,2101613385,1579239073,crp_adaptive,feedforward,6,2.2939037114715575,2.296175832748413,0.1156,1.0,4.38818,0.20109011700494175,0.8670076726342711,0.9990000128746033,1.0,3.0009,7.383384217973799e-05,1.0,0.9990000128746033,10000.0,
2026-03-27T13:38:18,comparison_condition_crp_adaptive_feedforward_init_20260327_005712,crp_adaptive_feedforward_init,17,17,2101613385,1579239073,crp_adaptive,feedforward,7,2.287373196258545,2.288479375839233,0.1162,1.0,4.96758,0.4177643493451278,0.7749360613810742,0.9990000128746033,1.0,5.0377,0.27396079897880554,1.0,0.9990000128746033,10000.0,
2026-03-27T13:38:43,comparison_condition_crp_adaptive_feedforward_init_20260327_005712,crp_adaptive_feedforward_init,17,17,2101613385,1579239073,crp_adaptive,feedforward,8,2.2917057608795166,2.2909363788604735,0.1156,1.0,3.94176,0.026344018491401534,0.9948849104859335,0.9990000128746033,1.0,3.8397,0.0015246403636410832,1.0,0.9990000128746033,10000.0,
2026-03-27T13:39:09,comparison_condition_crp_adaptive_feedforward_init_20260327_005712,crp_adaptive_feedforward_init,17,17,2101613385,1579239073,crp_adaptive,feedforward,9,2.2833288076782225,2.2876033412933348,0.1158,1.0,5.1895,0.29179426784636964,0.8695652173913043,0.9990000128746033,1.0,3.1744,0.00013303401647135615,1.0,0.9990000128746033,10000.0,
2026-03-27T13:39:34,comparison_condition_crp_adaptive_feedforward_init_20260327_005712,crp_adaptive_feedforward_init,17,17,2101613385,1579239073,crp_adaptive,feedforward,10,2.2787433849334717,2.282509462738037,0.1425,1.0,5.22358,0.3256617619936942,0.7723785166240409,0.9990000128746033,0.9999,4.976,0.04692995920777321,1.0,0.9990000128746033,10000.0,
2026-03-27T13:39:58,comparison_condition_crp_adaptive_feedforward_init_20260327_005712,crp_adaptive_feedforward_init,17,17,2101613385,1579239073,crp_adaptive,feedforward,11,2.280412632598877,2.2779537498474123,0.1273,0.99998,3.35598,0.008588978907404746,0.9923273657289002,0.9990000128746033,1.0,3.0008,1.7847170965978876e-05,1.0,0.9990000128746033,10000.0,
2026-03-27T13:40:25,comparison_condition_crp_adaptive_feedforward_init_20260327_005712,crp_adaptive_feedforward_init,17,17,2101613385,1579239073,crp_adaptive,feedforward,12,2.2639259908294678,2.2655031631469726,0.2308,0.99942,5.04184,0.4635617614642162,0.6879795396419437,0.9990000128746033,0.9994,5.1007,0.24205176532268524,1.0,0.9990000128746033,10000.0,
2026-03-27T13:40:49,comparison_condition_crp_adaptive_feedforward_init_20260327_005712,crp_adaptive_feedforward_init,17,17,2101613385,1579239073,crp_adaptive,feedforward,13,2.2671230828094484,2.2638299030303957,0.2748,0.99998,4.115,0.019386385946617644,0.9872122762148338,0.9990000128746033,1.0,3.5923,0.00020110158948227763,1.0,0.9990000128746033,10000.0,
2026-03-27T13:41:15,comparison_condition_crp_adaptive_feedforward_init_20260327_005712,crp_adaptive_feedforward_init,17,17,2101613385,1579239073,crp_adaptive,feedforward,14,2.2531425052642824,2.2533485919952394,0.3265,0.99968,4.2954,0.20159379002576044,0.8005115089514067,0.9990000128746033,1.0,3.015,5.334999514161609e-05,1.0,0.9990000128746033,10000.0,
2026-03-27T13:41:42,comparison_condition_crp_adaptive_feedforward_init_20260327_005712,crp_adaptive_feedforward_init,17,17,2101613385,1579239073,crp_adaptive,feedforward,15,2.237985874557495,2.240302138900757,0.3637,0.9994,4.21576,0.3121075831519923,0.6930946291560103,0.9990000128746033,1.0,3.0025,9.96219660009956e-06,1.0,0.9990000128746033,10000.0,
2026-03-27T13:42:07,comparison_condition_crp_adaptive_feedforward_init_20260327_005712,crp_adaptive_feedforward_init,17,17,2101613385,1579239073,crp_adaptive,feedforward,16,2.2277684714508057,2.224202117919922,0.3575,0.99958,3.53366,0.14605617223869116,0.8593350383631714,0.9990000128746033,1.0,3.0396,4.150911991018802e-05,1.0,0.9990000128746033,10000.0,
2026-03-27T13:42:31,comparison_condition_crp_adaptive_feedforward_init_20260327_005712,crp_adaptive_feedforward_init,17,17,2101613385,1579239073,crp_adaptive,feedforward,17,2.212054608001709,2.2051178424835207,0.3999,0.99976,3.37396,0.07426520392425777,0.9258312020460358,0.9990000128746033,1.0,3.0036,1.7336476958007552e-05,1.0,0.9990000128746033,10000.0,
2026-03-27T13:42:59,comparison_condition_crp_adaptive_feedforward_init_20260327_005712,crp_adaptive_feedforward_init,17,17,2101613385,1579239073,crp_adaptive,feedforward,18,2.181516756439209,2.1811912071228026,0.4336,0.99886,5.02966,0.341023045106605,0.7186700767263428,0.9990000128746033,1.0,4.058,0.004447387531399727,1.0,0.9990000128746033,10000.0,
2026-03-27T13:43:24,comparison_condition_crp_adaptive_feedforward_init_20260327_005712,crp_adaptive_feedforward_init,17,17,2101613385,1579239073,crp_adaptive,feedforward,19,2.1632778300476074,2.153746178817749,0.4414,0.99958,3.47844,0.10300291979734198,0.8976982097186701,0.9990000128746033,1.0,3.0456,5.874197813682258e-05,1.0,0.9990000128746033,10000.0,
2026-03-27T13:43:50,comparison_condition_crp_adaptive_feedforward_init_20260327_005712,crp_adaptive_feedforward_init,17,17,2101613385,1579239073,crp_adaptive,feedforward,20,2.131300608291626,2.1208123767852785,0.4503,0.99966,3.74128,0.13571566777698912,0.8695652173913043,0.9990000128746033,1.0,3.0377,0.00016772044182289392,1.0,0.9990000128746033,10000.0,
2026-03-27T13:44:15,comparison_condition_crp_adaptive_feedforward_init_20260327_005712,crp_adaptive_feedforward_init,17,17,2101613385,1579239073,crp_adaptive,feedforward,21,2.0984464503479003,2.0826011241912843,0.4605,0.9999,3.30042,0.05575458987570523,0.9514066496163683,0.9990000128746033,1.0,3.0166,4.647412060876377e-05,1.0,0.9990000128746033,10000.0,
2026-03-27T13:44:40,comparison_condition_crp_adaptive_feedforward_init_20260327_005712,crp_adaptive_feedforward_init,17,17,2101613385,1579239073,crp_adaptive,feedforward,22,2.0545214108276366,2.038330249404907,0.4625,0.99984,3.7116,0.11495516212445737,0.887468030690537,0.9990000128746033,1.0,4.0361,0.005017666146159172,1.0,0.9990000128746033,10000.0,
2026-03-27T13:45:06,comparison_condition_crp_adaptive_feedforward_init_20260327_005712,crp_adaptive_feedforward_init,17,17,2101613385,1579239073,crp_adaptive,feedforward,23,2.006565755271912,1.9901362958908082,0.4742,0.99954,3.73172,0.14699237476757435,0.8542199488491049,0.9990000128746033,1.0,3.0994,0.00012167631939519197,1.0,0.9990000128746033,10000.0,
2026-03-27T13:45:34,comparison_condition_crp_adaptive_feedforward_init_20260327_005712,crp_adaptive_feedforward_init,17,17,2101613385,1579239073,crp_adaptive,feedforward,24,1.9493839728164672,1.9370824691772461,0.4868,0.99904,4.39772,0.2668763713579217,0.7365728900255755,0.9990000128746033,1.0,3.0139,5.888912346563302e-05,1.0,0.9990000128746033,10000.0,
2026-03-27T13:46:00,comparison_condition_crp_adaptive_feedforward_init_20260327_005712,crp_adaptive_feedforward_init,17,17,2101613385,1579239073,crp_adaptive,feedforward,25,1.9012780392074584,1.8813764621734619,0.4989,0.99966,3.54334,0.12431703965983644,0.8797953964194374,0.9990000128746033,1.0,3.0035,6.79864315316081e-05,1.0,0.9990000128746033,10000.0,
2026-03-27T13:46:29,comparison_condition_crp_adaptive_feedforward_init_20260327_005712,crp_adaptive_feedforward_init,18,18,885019663,1256390092,crp_adaptive,feedforward,1,2.301793231048584,2.300498157119751,0.1129,1.0,2.54432,0.11258669531182018,0.887468030690537,0.9990000128746033,1.0,2.0405,2.1834772269357927e-05,1.0,0.9990000128746033,10000.0,
2026-03-27T13:46:51,comparison_condition_crp_adaptive_feedforward_init_20260327_005712,crp_adaptive_feedforward_init,18,18,885019663,1256390092,crp_adaptive,feedforward,2,2.299677509307861,2.3006281173706054,0.1129,1.0,3.31732,0.2935409645223214,0.7084398976982097,0.9990000128746033,1.0,3.0,2.2309101041173562e-05,1.0,0.9990000128746033,10000.0,
2026-03-27T13:47:15,comparison_condition_crp_adaptive_feedforward_init_20260327_005712,crp_adaptive_feedforward_init,18,18,885019663,1256390092,crp_adaptive,feedforward,3,2.3011452101135252,2.3002349918365477,0.1129,1.0,3.35386,0.004193349060231952,1.0,0.9990000128746033,1.0,3.0007,3.852638474199921e-05,1.0,0.9990000128746033,10000.0,
2026-03-27T13:47:39,comparison_condition_crp_adaptive_feedforward_init_20260327_005712,crp_adaptive_feedforward_init,18,18,885019663,1256390092,crp_adaptive,feedforward,4,2.3008081955718995,2.299803673171997,0.1129,1.0,3.95518,0.0033310472740002138,1.0,0.9990000128746033,1.0,4.0812,0.003971907310187817,1.0,0.9990000128746033,10000.0,
2026-03-27T13:48:04,comparison_condition_crp_adaptive_feedforward_init_20260327_005712,crp_adaptive_feedforward_init,18,18,885019663,1256390092,crp_adaptive,feedforward,5,2.3002667558288574,2.299146662902832,0.1129,1.0,4.3838,0.008707329290910074,1.0,0.9990000128746033,1.0,4.5718,0.010063625872135162,1.0,0.9990000128746033,10000.0,
2026-03-27T13:48:28,comparison_condition_crp_adaptive_feedforward_init_20260327_005712,crp_adaptive_feedforward_init,18,18,885019663,1256390092,crp_adaptive,feedforward,6,2.299361634674072,2.298168848800659,0.1129,1.0,4.4396,0.01365456883878926,1.0,0.9990000128746033,1.0,4.7374,0.018799150362610817,1.0,0.9990000128746033,10000.0,
2026-03-27T13:48:52,comparison_condition_crp_adaptive_feedforward_init_20260327_005712,crp_adaptive_feedforward_init,18,18,885019663,1256390092,crp_adaptive,feedforward,7,2.2981800133514403,2.296493238067627,0.1129,1.0,4.60342,0.01529785211357619,1.0,0.9990000128746033,1.0,4.8736,0.019922159612178802,1.0,0.9990000128746033,10000.0,
2026-03-27T13:49:17,comparison_condition_crp_adaptive_feedforward_init_20260327_005712,crp_adaptive_feedforward_init,18,18,885019663,1256390092,crp_adaptive,feedforward,8,2.295884266433716,2.2941043853759764,0.1129,1.0,4.10032,0.012678507847989344,1.0,0.9990000128746033,1.0,3.0207,9.192794823320583e-05,1.0,0.9990000128746033,10000.0,
2026-03-27T13:49:41,comparison_condition_crp_adaptive_feedforward_init_20260327_005712,crp_adaptive_feedforward_init,18,18,885019663,1256390092,crp_adaptive,feedforward,9,2.292955639190674,2.2911142951965333,0.1129,1.0,3.5503,0.031481446952547815,1.0,0.9990000128746033,1.0,3.0033,5.927673919359222e-05,1.0,0.9990000128746033,10000.0,
2026-03-27T13:50:05,comparison_condition_crp_adaptive_feedforward_init_20260327_005712,crp_adaptive_feedforward_init,18,18,885019663,1256390092,crp_adaptive,feedforward,10,2.2871453401184083,2.2872591529846193,0.126,1.0,4.6474,0.19638272991193176,0.9232736572890026,0.9990000128746033,1.0,4.0342,0.01093149371445179,1.0,0.9990000128746033,10000.0,
2026-03-27T13:50:29,comparison_condition_crp_adaptive_feedforward_init_20260327_005712,crp_adaptive_feedforward_init,18,18,885019663,1256390092,crp_adaptive,feedforward,11,2.280428847808838,2.2828939620971678,0.1416,1.0,4.23414,0.3118112736033684,0.7493606138107417,0.9990000128746033,1.0,3.0087,0.00019608592265285552,1.0,0.9990000128746033,10000.0,
2026-03-27T13:50:54,comparison_condition_crp_adaptive_feedforward_init_20260327_005712,crp_adaptive_feedforward_init,18,18,885019663,1256390092,crp_adaptive,feedforward,12,2.2707862800598146,2.2643462089538575,0.1801,1.0,4.75426,0.49493308255679014,0.7416879795396419,0.9990000128746033,1.0,5.1732,0.5902983546257019,1.0,0.9990000128746033,10000.0,
2026-03-27T13:51:17,comparison_condition_crp_adaptive_feedforward_init_20260327_005712,crp_adaptive_feedforward_init,18,18,885019663,1256390092,crp_adaptive,feedforward,13,2.272553252105713,2.2705833728790283,0.1904,1.0,3.49624,0.10091857720375456,0.9028132992327366,0.9990000128746033,1.0,3.444,0.0007275146199390292,1.0,0.9990000128746033,10000.0,
2026-03-27T13:51:41,comparison_condition_crp_adaptive_feedforward_init_20260327_005712,crp_adaptive_feedforward_init,18,18,885019663,1256390092,crp_adaptive,feedforward,14,2.2651005418395997,2.262113132858276,0.1997,1.0,4.00078,0.09313459438874738,0.9335038363171355,0.9990000128746033,1.0,3.309,0.0007278496632352471,1.0,0.9990000128746033,10000.0,
2026-03-27T13:52:04,comparison_condition_crp_adaptive_feedforward_init_20260327_005712,crp_adaptive_feedforward_init,18,18,885019663,1256390092,crp_adaptive,feedforward,15,2.256088567581177,2.2518622394561767,0.2165,1.0,3.27626,0.07970940797903683,0.9207161125319693,0.9990000128746033,1.0,3.0982,0.00045393002801574767,1.0,0.9990000128746033,10000.0,
2026-03-27T13:52:27,comparison_condition_crp_adaptive_feedforward_init_20260327_005712,crp_adaptive_feedforward_init,18,18,885019663,1256390092,crp_adaptive,feedforward,16,2.2399544438171386,2.2394779537200926,0.2232,1.0,3.77054,0.27426537170400417,0.7749360613810742,0.9990000128746033,1.0,3.0031,5.920838157180697e-05,1.0,0.9990000128746033,10000.0,
2026-03-27T13:52:52,comparison_condition_crp_adaptive_feedforward_init_20260327_005712,crp_adaptive_feedforward_init,18,18,885019663,1256390092,crp_adaptive,feedforward,17,2.2296072676849366,2.2247852516174316,0.2483,1.0,4.35108,0.12913200569588748,0.9565217391304348,0.9990000128746033,1.0,3.879,0.00034209302975796163,1.0,0.9990000128746033,10000.0,
2026-03-27T13:53:16,comparison_condition_crp_adaptive_feedforward_init_20260327_005712,crp_adaptive_feedforward_init,18,18,885019663,1256390092,crp_adaptive,feedforward,18,2.2110749839019777,2.207385317993164,0.2616,1.0,4.11462,0.2209005031202132,0.9028132992327366,0.9990000128746033,1.0,3.0,1.0878633474931121e-05,1.0,0.9990000128746033,10000.0,
2026-03-27T13:53:40,comparison_condition_crp_adaptive_feedforward_init_20260327_005712,crp_adaptive_feedforward_init,18,18,885019663,1256390092,crp_adaptive,feedforward,19,2.1958851471710203,2.187566962051392,0.2838,1.0,3.31986,0.09956378880775456,0.9028132992327366,0.9990000128746033,1.0,3.0055,0.00011111713683931157,1.0,0.9990000128746033,10000.0,
2026-03-27T13:54:04,comparison_condition_crp_adaptive_feedforward_init_20260327_005712,crp_adaptive_feedforward_init,18,18,885019663,1256390092,crp_adaptive,feedforward,20,2.1713721575927734,2.1664669536590577,0.293,1.0,3.73656,0.22394666310792485,0.7851662404092071,0.9990000128746033,1.0,3.0002,4.30064246756956e-05,1.0,0.9990000128746033,10000.0,
2026-03-27T13:54:28,comparison_condition_crp_adaptive_feedforward_init_20260327_005712,crp_adaptive_feedforward_init,18,18,885019663,1256390092,crp_adaptive,feedforward,21,2.1370983721923826,2.1086629764556886,0.372,1.0,4.2981,0.5699529144582842,0.43478260869565216,0.9990000128746033,1.0,5.1009,1.0,0.0,0.9990000128746033,10000.0,
2026-03-27T13:54:53,comparison_condition_crp_adaptive_feedforward_init_20260327_005712,crp_adaptive_feedforward_init,18,18,885019663,1256390092,crp_adaptive,feedforward,22,2.106051678390503,2.079728200912476,0.3805,1.0,5.02678,0.6942719652101903,0.3631713554987212,0.9990000128746033,0.9999,5.3111,1.0,0.0,0.9990000128746033,10000.0,
2026-03-27T13:55:17,comparison_condition_crp_adaptive_feedforward_init_20260327_005712,crp_adaptive_feedforward_init,18,18,885019663,1256390092,crp_adaptive,feedforward,23,2.083088455963135,2.0889600509643556,0.3356,1.0,4.26182,0.5533793457036661,0.4475703324808184,0.9990000128746033,1.0,3.0048,9.522002801531926e-05,1.0,0.9990000128746033,10000.0,
2026-03-27T13:55:41,comparison_condition_crp_adaptive_feedforward_init_20260327_005712,crp_adaptive_feedforward_init,18,18,885019663,1256390092,crp_adaptive,feedforward,24,2.0677985485839843,2.061339018249512,0.3382,1.0,3.53414,0.22515177719154697,0.7774936061381074,0.9990000128746033,1.0,3.0004,4.9790400225901976e-05,1.0,0.9990000128746033,10000.0,
2026-03-27T13:56:04,comparison_condition_crp_adaptive_feedforward_init_20260327_005712,crp_adaptive_feedforward_init,18,18,885019663,1256390092,crp_adaptive,feedforward,25,2.0476208374023437,2.0333873428344726,0.3617,1.0,3.1498,0.04119806835906577,0.959079283887468,0.9990000128746033,1.0,3.0002,1.7839116480899975e-05,1.0,0.9990000128746033,10000.0,
2026-03-27T13:56:33,comparison_condition_crp_adaptive_feedforward_init_20260327_005712,crp_adaptive_feedforward_init,19,19,1082192973,357712575,crp_adaptive,feedforward,1,2.3015699745941163,2.3009567672729494,0.1139,1.0,2.87278,0.17153111224622228,0.8286445012787724,0.9990000128746033,1.0,2.1024,2.713681351451669e-05,1.0,0.9990000128746033,10000.0,
2026-03-27T13:56:56,comparison_condition_crp_adaptive_feedforward_init_20260327_005712,crp_adaptive_feedforward_init,19,19,1082192973,357712575,crp_adaptive,feedforward,2,2.300642761077881,2.3007569721221923,0.1139,0.99998,3.68426,0.09791301724248733,0.9744245524296675,0.9990000128746033,1.0,3.0041,0.0006855700630694628,1.0,0.9990000128746033,10000.0,
2026-03-27T13:57:21,comparison_condition_crp_adaptive_feedforward_init_20260327_005712,crp_adaptive_feedforward_init,19,19,1082192973,357712575,crp_adaptive,feedforward,3,2.2982762133026124,2.2988885646820068,0.1139,1.0,4.28894,0.265408523065713,1.0,0.9990000128746033,1.0,4.0556,0.03631061688065529,1.0,0.9990000128746033,10000.0,
2026-03-27T13:57:45,comparison_condition_crp_adaptive_feedforward_init_20260327_005712,crp_adaptive_feedforward_init,19,19,1082192973,357712575,crp_adaptive,feedforward,4,2.2978691786193846,2.297266971588135,0.1139,1.0,3.3247,0.07751637937030573,1.0,0.9990000128746033,1.0,3.0002,3.141821798635647e-05,1.0,0.9990000128746033,10000.0,
2026-03-27T13:58:09,comparison_condition_crp_adaptive_feedforward_init_20260327_005712,crp_adaptive_feedforward_init,19,19,1082192973,357712575,crp_adaptive,feedforward,5,2.2933420518493652,2.295011231994629,0.1139,1.0,4.25038,0.2673056055122604,1.0,0.9990000128746033,1.0,3.0002,4.421569246915169e-05,1.0,0.9990000128746033,10000.0,
2026-03-27T13:58:34,comparison_condition_crp_adaptive_feedforward_init_20260327_005712,crp_adaptive_feedforward_init,19,19,1082192973,357712575,crp_adaptive,feedforward,6,2.288295086212158,2.292103843688965,0.1226,1.0,4.7034,0.4338752059905176,0.5728900255754475,0.9990000128746033,1.0,3.0431,0.0001413510472048074,1.0,0.9990000128746033,10000.0,
2026-03-27T13:59:00,comparison_condition_crp_adaptive_feedforward_init_20260327_005712,crp_adaptive_feedforward_init,19,19,1082192973,357712575,crp_adaptive,feedforward,7,2.288935007324219,2.288249438858032,0.1389,1.0,4.87278,0.1391659010803271,0.8951406649616368,0.9990000128746033,1.0,4.7941,0.026184620335698128,1.0,0.9990000128746033,10000.0,
2026-03-27T13:59:24,comparison_condition_crp_adaptive_feedforward_init_20260327_005712,crp_adaptive_feedforward_init,19,19,1082192973,357712575,crp_adaptive,feedforward,8,2.28266805519104,2.2845659141540526,0.161,1.0,4.01172,0.30760160245644447,0.6930946291560103,0.9990000128746033,1.0,3.0022,1.849507498263847e-05,1.0,0.9990000128746033,10000.0,
2026-03-27T13:59:48,comparison_condition_crp_adaptive_feedforward_init_20260327_005712,crp_adaptive_feedforward_init,19,19,1082192973,357712575,crp_adaptive,feedforward,9,2.281380604095459,2.2795426010131834,0.1808,1.0,3.50692,0.09447072770202691,0.9130434782608695,0.9990000128746033,1.0,3.0016,3.1842711905483156e-05,1.0,0.9990000128746033,10000.0,
2026-03-27T14:00:12,comparison_condition_crp_adaptive_feedforward_init_20260327_005712,crp_adaptive_feedforward_init,19,19,1082192973,357712575,crp_adaptive,feedforward,10,2.275366981048584,2.273541262817383,0.1848,1.0,3.84072,0.1225251708588878,0.8797953964194374,0.9990000128746033,1.0,3.0154,5.870659515494481e-05,1.0,0.9990000128746033,10000.0,
2026-03-27T14:00:37,comparison_condition_crp_adaptive_feedforward_init_20260327_005712,crp_adaptive_feedforward_init,19,19,1082192973,357712575,crp_adaptive,feedforward,11,2.2651454113006593,2.266242163848877,0.195,1.0,4.74352,0.33371948157539866,0.6956521739130435,0.9990000128746033,1.0,3.3915,0.000979993841610849,1.0,0.9990000128746033,10000.0,
2026-03-27T14:01:03,comparison_condition_crp_adaptive_feedforward_init_20260327_005712,crp_adaptive_feedforward_init,19,19,1082192973,357712575,crp_adaptive,feedforward,12,2.2563834927368163,2.257355743789673,0.2087,1.0,4.93642,0.3609240326295828,0.7058823529411765,0.9990000128746033,1.0,3.9992,0.003426595125347376,1.0,0.9990000128746033,10000.0,
2026-03-27T14:01:26,comparison_condition_crp_adaptive_feedforward_init_20260327_005712,crp_adaptive_feedforward_init,19,19,1082192973,357712575,crp_adaptive,feedforward,13,2.252994758377075,2.2471898933410643,0.2198,1.0,3.43726,0.032745441363719235,0.9718670076726342,0.9990000128746033,1.0,3.001,2.997758929268457e-05,1.0,0.9990000128746033,10000.0,
2026-03-27T14:01:50,comparison_condition_crp_adaptive_feedforward_init_20260327_005712,crp_adaptive_feedforward_init,19,19,1082192973,357712575,crp_adaptive,feedforward,14,2.23597707572937,2.2353495998382567,0.217,1.0,4.54766,0.3377980352708381,0.731457800511509,0.9990000128746033,1.0,4.0032,0.0023894498590379953,1.0,0.9990000128746033,10000.0,
2026-03-27T14:02:14,comparison_condition_crp_adaptive_feedforward_init_20260327_005712,crp_adaptive_feedforward_init,19,19,1082192973,357712575,crp_adaptive,feedforward,15,2.22509512008667,2.2216448650360108,0.2204,0.99998,4.58744,0.23841068951074806,0.7851662404092071,0.9990000128746033,1.0,4.7061,0.02423464134335518,1.0,0.9990000128746033,10000.0,
2026-03-27T14:02:36,comparison_condition_crp_adaptive_feedforward_init_20260327_005712,crp_adaptive_feedforward_init,19,19,1082192973,357712575,crp_adaptive,feedforward,16,2.215823623046875,2.2065036155700684,0.2358,1.0,3.03078,0.005152028367979314,0.9948849104859335,0.9990000128746033,1.0,3.0004,1.3552675227401778e-05,1.0,0.9990000128746033,10000.0,
2026-03-27T14:03:00,comparison_condition_crp_adaptive_feedforward_init_20260327_005712,crp_adaptive_feedforward_init,19,19,1082192973,357712575,crp_adaptive,feedforward,17,2.199790533905029,2.1900468921661376,0.2576,1.0,3.02816,0.002731078375453788,0.9974424552429667,0.9990000128746033,1.0,3.0144,0.0001947360287886113,1.0,0.9990000128746033,10000.0,
2026-03-27T14:03:23,comparison_condition_crp_adaptive_feedforward_init_20260327_005712,crp_adaptive_feedforward_init,19,19,1082192973,357712575,crp_adaptive,feedforward,18,2.1826297352600097,2.1718645332336424,0.2574,1.0,3.0269,0.005291002877487573,0.9948849104859335,0.9990000128746033,1.0,3.0114,0.00018293739412911236,1.0,0.9990000128746033,10000.0,
2026-03-27T14:03:49,comparison_condition_crp_adaptive_feedforward_init_20260327_005712,crp_adaptive_feedforward_init,19,19,1082192973,357712575,crp_adaptive,feedforward,19,2.1606499408721924,2.1526159030914305,0.2685,1.0,4.51026,0.15480482131301182,0.8849104859335039,0.9990000128746033,1.0,3.0351,0.00012965542555321008,1.0,0.9990000128746033,10000.0,
2026-03-27T14:04:13,comparison_condition_crp_adaptive_feedforward_init_20260327_005712,crp_adaptive_feedforward_init,19,19,1082192973,357712575,crp_adaptive,feedforward,20,2.1384451248168945,2.132060744857788,0.2925,1.0,3.9815,0.23868844876048043,0.7774936061381074,0.9990000128746033,1.0,3.0005,3.895475674653426e-05,1.0,0.9990000128746033,10000.0,
2026-03-27T14:04:38,comparison_condition_crp_adaptive_feedforward_init_20260327_005712,crp_adaptive_feedforward_init,19,19,1082192973,357712575,crp_adaptive,feedforward,21,2.1197155766296385,2.0816864891052247,0.4019,1.0,4.1669,0.15119464839043087,0.9002557544757033,0.9990000128746033,1.0,5.6097,1.0,0.0,0.9990000128746033,10000.0,
2026-03-27T14:05:03,comparison_condition_crp_adaptive_feedforward_init_20260327_005712,crp_adaptive_feedforward_init,19,19,1082192973,357712575,crp_adaptive,feedforward,22,2.09788473487854,2.087703254699707,0.3101,1.0,3.8627,0.14089253826152526,0.8644501278772379,0.9990000128746033,1.0,3.9866,0.0047618309035897255,1.0,0.9990000128746033,10000.0,
2026-03-27T14:05:27,comparison_condition_crp_adaptive_feedforward_init_20260327_005712,crp_adaptive_feedforward_init,19,19,1082192973,357712575,crp_adaptive,feedforward,23,2.0675235647583006,2.0634148681640627,0.3409,1.0,5.09826,0.33122250868220127,0.7621483375959079,0.9990000128746033,1.0,3.161,0.00045296933967620134,1.0,0.9990000128746033,10000.0,
2026-03-27T14:05:51,comparison_condition_crp_adaptive_feedforward_init_20260327_005712,crp_adaptive_feedforward_init,19,19,1082192973,357712575,crp_adaptive,feedforward,24,2.0470706797790528,2.037528381729126,0.3659,1.0,3.7938,0.19004852275158365,0.8312020460358056,0.9990000128746033,1.0,3.1457,0.0008267933735623956,1.0,0.9990000128746033,10000.0,
2026-03-27T14:06:16,comparison_condition_crp_adaptive_feedforward_init_20260327_005712,crp_adaptive_feedforward_init,19,19,1082192973,357712575,crp_adaptive,feedforward,25,2.0184119106292724,2.010089876937866,0.3882,1.0,4.4019,0.23492584526250787,0.8363171355498721,0.9990000128746033,1.0,3.9101,0.004718476440757513,1.0,0.9990000128746033,10000.0,
2026-03-27T14:06:44,comparison_condition_crp_adaptive_feedforward_init_20260327_005712,crp_adaptive_feedforward_init,20,20,318141474,441767840,crp_adaptive,feedforward,1,2.3012713356018066,2.3013692096710203,0.113,1.0,2.61702,0.14340902242255957,0.8567774936061381,0.9990000128746033,1.0,2.0,1.626395169296302e-05,1.0,0.9990000128746033,10000.0,
2026-03-27T14:07:09,comparison_condition_crp_adaptive_feedforward_init_20260327_005712,crp_adaptive_feedforward_init,20,20,318141474,441767840,crp_adaptive,feedforward,2,2.2950843856048584,2.2884597068786623,0.1144,1.0,4.33502,0.6396558118839589,0.36061381074168797,0.9990000128746033,1.0,5.0099,1.0,0.0,0.9990000128746033,10000.0,
2026-03-27T14:07:33,comparison_condition_crp_adaptive_feedforward_init_20260327_005712,crp_adaptive_feedforward_init,20,20,318141474,441767840,crp_adaptive,feedforward,3,2.29570262008667,2.3004604721069337,0.113,1.0,4.68892,0.3776589755196353,0.659846547314578,0.9990000128746033,1.0,4.076,0.009484893642365932,1.0,0.9990000128746033,10000.0,
2026-03-27T14:07:57,comparison_condition_crp_adaptive_feedforward_init_20260327_005712,crp_adaptive_feedforward_init,20,20,318141474,441767840,crp_adaptive,feedforward,4,2.2991829301452635,2.29871039352417,0.113,1.0,3.9306,0.06014534248939745,0.969309462915601,0.9990000128746033,1.0,4.8008,0.06610707938671112,1.0,0.9990000128746033,10000.0,
2026-03-27T14:08:20,comparison_condition_crp_adaptive_feedforward_init_20260327_005712,crp_adaptive_feedforward_init,20,20,318141474,441767840,crp_adaptive,feedforward,5,2.2974836016845703,2.2981158172607423,0.113,1.0,3.31324,0.08890297847139426,0.9156010230179028,0.9990000128746033,1.0,3.0,2.5724189981701784e-05,1.0,0.9990000128746033,10000.0,
2026-03-27T14:08:43,comparison_condition_crp_adaptive_feedforward_init_20260327_005712,crp_adaptive_feedforward_init,20,20,318141474,441767840,crp_adaptive,feedforward,6,2.2972797229766844,2.2965408477783202,0.113,1.0,3.57612,0.005020271919536642,1.0,0.9990000128746033,1.0,3.0,3.2758849556557834e-05,1.0,0.9990000128746033,10000.0,
2026-03-27T14:09:06,comparison_condition_crp_adaptive_feedforward_init_20260327_005712,crp_adaptive_feedforward_init,20,20,318141474,441767840,crp_adaptive,feedforward,7,2.2911636030578615,2.294703914642334,0.113,1.0,3.86436,0.2653635892290723,0.7468030690537084,0.9990000128746033,1.0,3.0001,1.6017764210118912e-05,1.0,0.9990000128746033,10000.0,
2026-03-27T14:09:29,comparison_condition_crp_adaptive_feedforward_init_20260327_005712,crp_adaptive_feedforward_init,20,20,318141474,441767840,crp_adaptive,feedforward,8,2.2933563439941405,2.2925119117736816,0.1154,1.0,3.22914,0.01192215903386887,0.9923273657289002,0.9990000128746033,1.0,3.0007,5.496289668371901e-05,1.0,0.9990000128746033,10000.0,
2026-03-27T14:09:54,comparison_condition_crp_adaptive_feedforward_init_20260327_005712,crp_adaptive_feedforward_init,20,20,318141474,441767840,crp_adaptive,feedforward,9,2.29017115776062,2.2897392364501954,0.1199,1.0,3.77684,0.05234096643812743,0.959079283887468,0.9990000128746033,1.0,3.2121,0.0006953547708690166,1.0,0.9990000128746033,10000.0,
2026-03-27T14:10:18,comparison_condition_crp_adaptive_feedforward_init_20260327_005712,crp_adaptive_feedforward_init,20,20,318141474,441767840,crp_adaptive,feedforward,10,2.2843819832611083,2.266820527267456,0.2497,1.0,3.66288,0.19930706388468,0.8209718670076727,0.9990000128746033,1.0,5.6719,1.0,0.0,0.9990000128746033,10000.0,
2026-03-27T14:10:43,comparison_condition_crp_adaptive_feedforward_init_20260327_005712,crp_adaptive_feedforward_init,20,20,318141474,441767840,crp_adaptive,feedforward,11,2.282100051879883,2.2816448539733885,0.1352,1.0,4.44102,0.12145319404168342,0.9769820971867008,0.9990000128746033,1.0,4.6397,0.04473261907696724,1.0,0.9990000128746033,10000.0,
2026-03-27T14:11:07,comparison_condition_crp_adaptive_feedforward_init_20260327_005712,crp_adaptive_feedforward_init,20,20,318141474,441767840,crp_adaptive,feedforward,12,2.2725992765808107,2.2780265365600587,0.1651,1.0,4.61418,0.3663912907298526,0.6368286445012787,0.9990000128746033,1.0,3.0021,4.6645411202916875e-05,1.0,0.9990000128746033,10000.0,
2026-03-27T14:11:30,comparison_condition_crp_adaptive_feedforward_init_20260327_005712,crp_adaptive_feedforward_init,20,20,318141474,441767840,crp_adaptive,feedforward,13,2.2745781852722167,2.272260298538208,0.2269,1.0,3.2738,0.031166431755689263,0.969309462915601,0.9990000128746033,1.0,3.0009,1.7404126992914826e-05,1.0,0.9990000128746033,10000.0,
2026-03-27T14:11:55,comparison_condition_crp_adaptive_feedforward_init_20260327_005712,crp_adaptive_feedforward_init,20,20,318141474,441767840,crp_adaptive,feedforward,14,2.2565610945892334,2.2648850910186766,0.235,1.0,5.35476,0.5097421585062496,0.5421994884910486,0.9990000128746033,1.0,3.0438,0.00016861665062606335,1.0,0.9990000128746033,10000.0,
2026-03-27T14:12:19,comparison_condition_crp_adaptive_feedforward_init_20260327_005712,crp_adaptive_feedforward_init,20,20,318141474,441767840,crp_adaptive,feedforward,15,2.255692619857788,2.255865142059326,0.2726,1.0,3.68252,0.19042082676211286,0.8158567774936062,0.9990000128746033,1.0,3.0,9.404404408996925e-06,1.0,0.9990000128746033,10000.0,
2026-03-27T14:12:43,comparison_condition_crp_adaptive_feedforward_init_20260327_005712,crp_adaptive_feedforward_init,20,20,318141474,441767840,crp_adaptive,feedforward,16,2.2505609465026857,2.2451696128845215,0.2678,1.0,3.2328,0.011847593034358199,0.989769820971867,0.9990000128746033,1.0,3.0006,5.157932173460722e-05,1.0,0.9990000128746033,10000.0,
2026-03-27T14:13:06,comparison_condition_crp_adaptive_feedforward_init_20260327_005712,crp_adaptive_feedforward_init,20,20,318141474,441767840,crp_adaptive,feedforward,17,2.237014709777832,2.2310922729492186,0.2871,1.0,3.41864,0.05696180209600399,0.9437340153452686,0.9990000128746033,1.0,3.0127,0.00021803977142553777,1.0,0.9990000128746033,10000.0,
2026-03-27T14:13:29,comparison_condition_crp_adaptive_feedforward_init_20260327_005712,crp_adaptive_feedforward_init,20,20,318141474,441767840,crp_adaptive,feedforward,18,2.222218158416748,2.2139228691101076,0.3001,1.0,3.71282,0.024606705678039346,0.979539641943734,0.9990000128746033,1.0,3.0394,0.0004720202705357224,1.0,0.9990000128746033,10000.0,
2026-03-27T14:13:54,comparison_condition_crp_adaptive_feedforward_init_20260327_005712,crp_adaptive_feedforward_init,20,20,318141474,441767840,crp_adaptive,feedforward,19,2.197438411026001,2.1938272285461426,0.3195,1.0,3.78258,0.2305624955357216,0.7774936061381074,0.9990000128746033,1.0,3.0094,0.00013478912296704948,1.0,0.9990000128746033,10000.0,
2026-03-27T14:14:17,comparison_condition_crp_adaptive_feedforward_init_20260327_005712,crp_adaptive_feedforward_init,20,20,318141474,441767840,crp_adaptive,feedforward,20,2.1811714123535157,2.1699380897521974,0.3309,1.0,3.1704,0.044669881111646284,0.9565217391304348,0.9990000128746033,1.0,3.0063,0.0002946676395367831,1.0,0.9990000128746033,10000.0,
2026-03-27T14:14:38,comparison_condition_crp_adaptive_feedforward_init_20260327_005712,crp_adaptive_feedforward_init,20,20,318141474,441767840,crp_adaptive,feedforward,21,2.154076109085083,2.1419453033447264,0.338,1.0,3.3733,0.08131434329666926,0.9207161125319693,0.9990000128746033,1.0,3.0,8.771993634582032e-06,1.0,0.9990000128746033,10000.0,
2026-03-27T14:15:01,comparison_condition_crp_adaptive_feedforward_init_20260327_005712,crp_adaptive_feedforward_init,20,20,318141474,441767840,crp_adaptive,feedforward,22,2.115869539337158,2.1100739486694335,0.3613,1.0,4.21572,0.31386148607228226,0.7058823529411765,0.9990000128746033,1.0,3.4812,0.0013930770801380277,1.0,0.9990000128746033,10000.0,
2026-03-27T14:15:24,comparison_condition_crp_adaptive_feedforward_init_20260327_005712,crp_adaptive_feedforward_init,20,20,318141474,441767840,crp_adaptive,feedforward,23,2.0930030058288573,2.074521952819824,0.3605,1.0,3.0169,0.002621182069467703,0.9974424552429667,0.9990000128746033,1.0,3.0009,4.077380435774103e-05,1.0,0.9990000128746033,10000.0,
2026-03-27T14:15:47,comparison_condition_crp_adaptive_feedforward_init_20260327_005712,crp_adaptive_feedforward_init,20,20,318141474,441767840,crp_adaptive,feedforward,24,2.0539368920898435,2.0363078002929687,0.3708,1.0,3.30374,0.062354387802863405,0.9386189258312021,0.9990000128746033,1.0,3.0018,8.357565093319863e-05,1.0,0.9990000128746033,10000.0,
2026-03-27T14:16:12,comparison_condition_crp_adaptive_feedforward_init_20260327_005712,crp_adaptive_feedforward_init,20,20,318141474,441767840,crp_adaptive,feedforward,25,2.011374373550415,1.9957432773590087,0.3815,1.0,3.49728,0.1442123028999635,0.8567774936061381,0.9990000128746033,1.0,3.0199,0.0004802088369615376,1.0,0.9990000128746033,10000.0,
2026-03-27T14:16:42,comparison_condition_crp_adaptive_feedforward_init_20260327_005712,crp_adaptive_feedforward_init,21,21,1543970182,167164485,crp_adaptive,feedforward,1,2.3010547185516357,2.3010502090454104,0.1127,1.0,2.7149,0.11257633657289931,0.887468030690537,0.9990000128746033,1.0,2.2431,1.190888178825844e-05,1.0,0.9990000128746033,10000.0,
2026-03-27T14:17:05,comparison_condition_crp_adaptive_feedforward_init_20260327_005712,crp_adaptive_feedforward_init,21,21,1543970182,167164485,crp_adaptive,feedforward,2,2.2963661032104494,2.3003971744537353,0.1127,1.0,3.86884,0.42432735682094463,0.5805626598465473,0.9990000128746033,1.0,3.0,1.3045205378148239e-05,1.0,0.9990000128746033,10000.0,
2026-03-27T14:17:28,comparison_condition_crp_adaptive_feedforward_init_20260327_005712,crp_adaptive_feedforward_init,21,21,1543970182,167164485,crp_adaptive,feedforward,3,2.2994971241760256,2.298941352081299,0.1127,1.0,3.3172,0.0021237766488546492,1.0,0.9990000128746033,1.0,3.1987,0.00015659605560358614,1.0,0.9990000128746033,10000.0,
2026-03-27T14:17:50,comparison_condition_crp_adaptive_feedforward_init_20260327_005712,crp_adaptive_feedforward_init,21,21,1543970182,167164485,crp_adaptive,feedforward,4,2.293742197799683,2.2973673526763916,0.1127,1.0,3.98616,0.2878422330728459,0.7493606138107417,0.9990000128746033,1.0,3.002,4.6471122914226726e-05,1.0,0.9990000128746033,10000.0,
2026-03-27T14:18:12,comparison_condition_crp_adaptive_feedforward_init_20260327_005712,crp_adaptive_feedforward_init,21,21,1543970182,167164485,crp_adaptive,feedforward,5,2.295563412017822,2.2948586166381837,0.1127,1.0,3.61722,0.019858088088969914,1.0,0.9990000128746033,1.0,3.9978,0.0024363852571696043,1.0,0.9990000128746033,10000.0,
2026-03-27T14:18:34,comparison_condition_crp_adaptive_feedforward_init_20260327_005712,crp_adaptive_feedforward_init,21,21,1543970182,167164485,crp_adaptive,feedforward,6,2.292278017578125,2.2914459018707274,0.1127,1.0,3.4011,0.03227513253886733,0.979539641943734,0.9990000128746033,1.0,3.0011,5.1471473852870986e-05,1.0,0.9990000128746033,10000.0,
2026-03-27T14:18:57,comparison_condition_crp_adaptive_feedforward_init_20260327_005712,crp_adaptive_feedforward_init,21,21,1543970182,167164485,crp_adaptive,feedforward,7,2.288572208480835,2.287606304550171,0.1127,1.0,3.09874,0.03334367524349799,0.9667519181585678,0.9990000128746033,1.0,3.0003,2.8355423637549393e-05,1.0,0.9990000128746033,10000.0,
2026-03-27T14:19:22,comparison_condition_crp_adaptive_feedforward_init_20260327_005712,crp_adaptive_feedforward_init,21,21,1543970182,167164485,crp_adaptive,feedforward,8,2.279289366989136,2.282543850708008,0.1366,0.99978,3.79066,0.269141318493389,0.7340153452685422,0.9990000128746033,1.0,3.9653,0.0017936252988874912,1.0,0.9990000128746033,10000.0,
2026-03-27T14:19:46,comparison_condition_crp_adaptive_feedforward_init_20260327_005712,crp_adaptive_feedforward_init,21,21,1543970182,167164485,crp_adaptive,feedforward,9,2.2758329136657713,2.2764610694885254,0.1549,0.99986,3.46998,0.14151575042572118,0.8797953964194374,0.9990000128746033,1.0,3.012,0.00010519354691496119,1.0,0.9990000128746033,10000.0,
2026-03-27T14:20:10,comparison_condition_crp_adaptive_feedforward_init_20260327_005712,crp_adaptive_feedforward_init,21,21,1543970182,167164485,crp_adaptive,feedforward,10,2.2711354573059084,2.2691675792694093,0.1785,1.0,3.2898,0.041892675359582784,0.959079283887468,0.9990000128746033,1.0,3.0004,2.6969668397214264e-05,1.0,0.9990000128746033,10000.0,
2026-03-27T14:20:33,comparison_condition_crp_adaptive_feedforward_init_20260327_005712,crp_adaptive_feedforward_init,21,21,1543970182,167164485,crp_adaptive,feedforward,11,2.2596428492736815,2.259788901901245,0.2363,1.0,3.74974,0.15689142063826375,0.8491048593350383,0.9990000128746033,1.0,3.1453,0.00043151123099960387,1.0,0.9990000128746033,10000.0,
2026-03-27T14:20:56,comparison_condition_crp_adaptive_feedforward_init_20260327_005712,crp_adaptive_feedforward_init,21,21,1543970182,167164485,crp_adaptive,feedforward,12,2.251795107421875,2.248527793884277,0.2473,1.0,3.68498,0.04683577890717856,0.9667519181585678,0.9990000128746033,1.0,3.0711,0.00026893234462477267,1.0,0.9990000128746033,10000.0,
2026-03-27T14:21:20,comparison_condition_crp_adaptive_feedforward_init_20260327_005712,crp_adaptive_feedforward_init,21,21,1543970182,167164485,crp_adaptive,feedforward,13,2.2304403339385988,2.234177939605713,0.3127,1.0,4.0881,0.3349901211210177,0.6828644501278772,0.9990000128746033,1.0,3.0048,8.732653077458963e-05,1.0,0.9990000128746033,10000.0,
2026-03-27T14:21:41,comparison_condition_crp_adaptive_feedforward_init_20260327_005712,crp_adaptive_feedforward_init,21,21,1543970182,167164485,crp_adaptive,feedforward,14,2.2223781803894043,2.216675616455078,0.3324,1.0,3.51918,0.03761766649033997,0.969309462915601,0.9990000128746033,1.0,3.0174,0.00020549568580463529,1.0,0.9990000128746033,10000.0,
2026-03-27T14:22:03,comparison_condition_crp_adaptive_feedforward_init_20260327_005712,crp_adaptive_feedforward_init,21,21,1543970182,167164485,crp_adaptive,feedforward,15,2.1975577882385253,2.195044271850586,0.3757,1.0,3.97346,0.19015796594843512,0.8209718670076727,0.9990000128746033,1.0,3.4594,0.0016087533440440893,1.0,0.9990000128746033,10000.0,
2026-03-27T14:22:24,comparison_condition_crp_adaptive_feedforward_init_20260327_005712,crp_adaptive_feedforward_init,21,21,1543970182,167164485,crp_adaptive,feedforward,16,2.1727572416687013,2.1693571338653563,0.38,1.0,3.79092,0.19447281576581107,0.8184143222506394,0.9990000128746033,1.0,3.1982,0.0013202334521338344,1.0,0.9990000128746033,10000.0,
2026-03-27T14:22:46,comparison_condition_crp_adaptive_feedforward_init_20260327_005712,crp_adaptive_feedforward_init,21,21,1543970182,167164485,crp_adaptive,feedforward,17,2.1438219941711427,2.1389662990570066,0.4006,1.0,3.84734,0.1874304851923865,0.8209718670076727,0.9990000128746033,1.0,3.0238,0.00035680009750649333,1.0,0.9990000128746033,10000.0,
2026-03-27T14:23:06,comparison_condition_crp_adaptive_feedforward_init_20260327_005712,crp_adaptive_feedforward_init,21,21,1543970182,167164485,crp_adaptive,feedforward,18,2.117357931060791,2.1044735301971436,0.427,1.0,3.06064,0.008115581851002633,0.9923273657289002,0.9990000128746033,1.0,3.0003,5.8692825405159965e-05,1.0,0.9990000128746033,10000.0,
2026-03-27T14:23:27,comparison_condition_crp_adaptive_feedforward_init_20260327_005712,crp_adaptive_feedforward_init,21,21,1543970182,167164485,crp_adaptive,feedforward,19,2.074930068435669,2.0661945423126222,0.4493,1.0,3.57148,0.13857871218123227,0.8644501278772379,0.9990000128746033,1.0,3.0017,5.786810288554989e-05,1.0,0.9990000128746033,10000.0,
2026-03-27T14:23:49,comparison_condition_crp_adaptive_feedforward_init_20260327_005712,crp_adaptive_feedforward_init,21,21,1543970182,167164485,crp_adaptive,feedforward,20,2.028792311630249,2.0240651405334473,0.4553,0.99994,4.30518,0.2426842895699205,0.7621483375959079,0.9990000128746033,1.0,3.741,0.0013320391299203038,1.0,0.9990000128746033,10000.0,
2026-03-27T14:24:11,comparison_condition_crp_adaptive_feedforward_init_20260327_005712,crp_adaptive_feedforward_init,21,21,1543970182,167164485,crp_adaptive,feedforward,21,1.9743647808074951,1.9781082450866698,0.4705,0.99992,4.89708,0.42057956283983483,0.6240409207161125,0.9990000128746033,1.0,3.7387,0.000956328643951565,1.0,0.9990000128746033,10000.0,
2026-03-27T14:24:35,comparison_condition_crp_adaptive_feedforward_init_20260327_005712,crp_adaptive_feedforward_init,21,21,1543970182,167164485,crp_adaptive,feedforward,22,1.9350469599151612,1.9284576044082642,0.4899,0.99996,4.40514,0.20697085737478366,0.8107416879795396,0.9990000128746033,1.0,3.0716,0.00014937331434339285,1.0,0.9990000128746033,10000.0,
2026-03-27T14:24:57,comparison_condition_crp_adaptive_feedforward_init_20260327_005712,crp_adaptive_feedforward_init,21,21,1543970182,167164485,crp_adaptive,feedforward,23,1.8760511179351806,1.8767032234191894,0.5036,0.99998,4.46744,0.33596604134494035,0.6956521739130435,0.9990000128746033,1.0,3.0105,5.181862798053771e-05,1.0,0.9990000128746033,10000.0,
2026-03-27T14:25:20,comparison_condition_crp_adaptive_feedforward_init_20260327_005712,crp_adaptive_feedforward_init,21,21,1543970182,167164485,crp_adaptive,feedforward,24,1.8381336615371704,1.8225687301635742,0.5157,1.0,3.37708,0.031533965376456065,0.9744245524296675,0.9990000128746033,1.0,3.0473,0.00010939145431621,1.0,0.9990000128746033,10000.0,
2026-03-27T14:25:44,comparison_condition_crp_adaptive_feedforward_init_20260327_005712,crp_adaptive_feedforward_init,21,21,1543970182,167164485,crp_adaptive,feedforward,25,1.7724629247665404,1.7659970281600952,0.5257,1.0,4.85192,0.1947243924760908,0.8797953964194374,0.9990000128746033,1.0,3.0215,5.242395491222851e-05,1.0,0.9990000128746033,10000.0,
2026-03-27T14:26:12,comparison_condition_crp_adaptive_feedforward_init_20260327_005712,crp_adaptive_feedforward_init,22,22,407960426,1797594736,crp_adaptive,feedforward,1,2.300883529815674,2.301380599975586,0.1095,1.0,2.6973,0.25073555671649983,0.7493606138107417,0.9990000128746033,1.0,2.1929,1.3817906619806308e-05,1.0,0.9990000128746033,10000.0,
2026-03-27T14:26:33,comparison_condition_crp_adaptive_feedforward_init_20260327_005712,crp_adaptive_feedforward_init,22,22,407960426,1797594736,crp_adaptive,feedforward,2,2.2996051424407957,2.301032297515869,0.1095,1.0,4.17736,0.19068067235700728,0.9258312020460358,0.9990000128746033,1.0,3.9998,0.0484466478228569,1.0,0.9990000128746033,10000.0,
2026-03-27T14:26:55,comparison_condition_crp_adaptive_feedforward_init_20260327_005712,crp_adaptive_feedforward_init,22,22,407960426,1797594736,crp_adaptive,feedforward,3,2.290150840835571,2.284540559387207,0.1155,1.0,4.2664,0.7767806936570433,0.34782608695652173,0.9990000128746033,1.0,5.0,1.0,0.0,0.9990000128746033,10000.0,
2026-03-27T14:27:17,comparison_condition_crp_adaptive_feedforward_init_20260327_005712,crp_adaptive_feedforward_init,22,22,407960426,1797594736,crp_adaptive,feedforward,4,2.2929817723846435,2.3004025871276856,0.1095,1.0,4.5232,0.41534142291201326,0.80306905370844,0.9990000128746033,1.0,3.7216,0.008328676223754883,1.0,0.9990000128746033,10000.0,
2026-03-27T14:27:47,comparison_condition_crp_adaptive_feedforward_init_20260327_005712,crp_adaptive_feedforward_init,22,22,407960426,1797594736,crp_adaptive,feedforward,5,2.2984881845092775,2.294174044036865,0.1095,1.0,3.81674,0.0707331453408341,1.0,0.9990000128746033,1.0,5.0166,0.2952949106693268,1.0,0.9990000128746033,10000.0,
2026-03-27T14:28:11,comparison_condition_crp_adaptive_feedforward_init_20260327_005712,crp_adaptive_feedforward_init,22,22,407960426,1797594736,crp_adaptive,feedforward,6,2.2876155677032473,2.2774679943084717,0.1407,1.0,4.39572,0.5553042470768411,0.47058823529411764,0.9990000128746033,1.0,5.0102,1.0,0.0,0.9990000128746033,10000.0,
2026-03-27T14:28:36,comparison_condition_crp_adaptive_feedforward_init_20260327_005712,crp_adaptive_feedforward_init,22,22,407960426,1797594736,crp_adaptive,feedforward,7,2.292934301223755,2.2977673873901368,0.1095,1.0,4.28598,0.22903672781199358,0.8516624040920716,0.9990000128746033,1.0,3.0002,2.197373214585241e-05,1.0,0.9990000128746033,10000.0,
2026-03-27T14:28:58,comparison_condition_crp_adaptive_feedforward_init_20260327_005712,crp_adaptive_feedforward_init,22,22,407960426,1797594736,crp_adaptive,feedforward,8,2.2850147789764406,2.2957862571716308,0.1098,1.0,4.37094,0.48721243532200437,0.5549872122762148,0.9990000128746033,1.0,3.9997,0.007388659752905369,1.0,0.9990000128746033,10000.0,
2026-03-27T14:29:20,comparison_condition_crp_adaptive_feedforward_init_20260327_005712,crp_adaptive_feedforward_init,22,22,407960426,1797594736,crp_adaptive,feedforward,9,2.2918930549621583,2.293511093521118,0.1117,1.0,3.3652,0.09357293768873154,0.989769820971867,0.9990000128746033,1.0,3.0,6.627891252719564e-06,1.0,0.9990000128746033,10000.0,
2026-03-27T14:29:42,comparison_condition_crp_adaptive_feedforward_init_20260327_005712,crp_adaptive_feedforward_init,22,22,407960426,1797594736,crp_adaptive,feedforward,10,2.28871998336792,2.290170418167114,0.1321,1.0,4.57112,0.09999304485243514,1.0,0.9990000128746033,1.0,4.0111,0.004382322076708078,1.0,0.9990000128746033,10000.0,
2026-03-27T14:30:05,comparison_condition_crp_adaptive_feedforward_init_20260327_005712,crp_adaptive_feedforward_init,22,22,407960426,1797594736,crp_adaptive,feedforward,11,2.2867090208435057,2.286816445541382,0.148,1.0,4.2112,0.04695099549500294,1.0,0.9990000128746033,1.0,3.9301,0.0015593882417306304,1.0,0.9990000128746033,10000.0,
2026-03-27T14:30:26,comparison_condition_crp_adaptive_feedforward_init_20260327_005712,crp_adaptive_feedforward_init,22,22,407960426,1797594736,crp_adaptive,feedforward,12,2.274148810958862,2.2728330917358397,0.1695,1.0,4.97392,0.3414481873028552,1.0,0.9990000128746033,1.0,5.0124,0.3329746723175049,1.0,0.9990000128746033,10000.0,
2026-03-27T14:30:49,comparison_condition_crp_adaptive_feedforward_init_20260327_005712,crp_adaptive_feedforward_init,22,22,407960426,1797594736,crp_adaptive,feedforward,13,2.2767046020507813,2.2773162536621094,0.1728,1.0,3.38594,0.08302540596973104,0.928388746803069,0.9990000128746033,1.0,3.1151,0.00029988688766025007,1.0,0.9990000128746033,10000.0,
2026-03-27T14:31:11,comparison_condition_crp_adaptive_feedforward_init_20260327_005712,crp_adaptive_feedforward_init,22,22,407960426,1797594736,crp_adaptive,feedforward,14,2.271778797225952,2.2712021480560303,0.1884,1.0,3.55678,0.059386333957205405,0.9565217391304348,0.9990000128746033,1.0,3.0,1.1428123798395973e-05,1.0,0.9990000128746033,10000.0,
2026-03-27T14:31:33,comparison_condition_crp_adaptive_feedforward_init_20260327_005712,crp_adaptive_feedforward_init,22,22,407960426,1797594736,crp_adaptive,feedforward,15,2.2608373005676268,2.2638751178741456,0.1968,1.0,3.93716,0.20366538078287658,0.7979539641943734,0.9990000128746033,1.0,3.0017,6.823381409049034e-05,1.0,0.9990000128746033,10000.0,
2026-03-27T14:31:55,comparison_condition_crp_adaptive_feedforward_init_20260327_005712,crp_adaptive_feedforward_init,22,22,407960426,1797594736,crp_adaptive,feedforward,16,2.257121686630249,2.2552061111450197,0.2102,1.0,3.17456,0.05072633631289718,0.9514066496163683,0.9990000128746033,1.0,3.0051,9.979644528357312e-05,1.0,0.9990000128746033,10000.0,
2026-03-27T14:32:18,comparison_condition_crp_adaptive_feedforward_init_20260327_005712,crp_adaptive_feedforward_init,22,22,407960426,1797594736,crp_adaptive,feedforward,17,2.2459814962005615,2.2448137859344484,0.2189,1.0,3.96252,0.09863154975228983,0.907928388746803,0.9990000128746033,1.0,3.0108,9.945867350324988e-05,1.0,0.9990000128746033,10000.0,
2026-03-27T14:32:43,comparison_condition_crp_adaptive_feedforward_init_20260327_005712,crp_adaptive_feedforward_init,22,22,407960426,1797594736,crp_adaptive,feedforward,18,2.2241891020202638,2.232517469787598,0.2623,1.0,4.7351,0.392876953132145,0.7851662404092071,0.9990000128746033,1.0,3.0119,9.561488695908338e-05,1.0,0.9990000128746033,10000.0,
2026-03-27T14:33:09,comparison_condition_crp_adaptive_feedforward_init_20260327_005712,crp_adaptive_feedforward_init,22,22,407960426,1797594736,crp_adaptive,feedforward,19,2.2058273259735106,2.2179321556091307,0.2807,1.0,4.96784,0.49145115296061026,0.5345268542199488,0.9990000128746033,1.0,3.912,0.001484276377595961,1.0,0.9990000128746033,10000.0,
2026-03-27T14:33:32,comparison_condition_crp_adaptive_feedforward_init_20260327_005712,crp_adaptive_feedforward_init,22,22,407960426,1797594736,crp_adaptive,feedforward,20,2.1654706354522704,2.1542142448425294,0.3433,1.0,6.41224,0.9923340704401031,0.0076726342710997444,0.9990000128746033,1.0,6.5943,1.0,0.0,0.9990000128746033,10000.0,
2026-03-27T14:33:55,comparison_condition_crp_adaptive_feedforward_init_20260327_005712,crp_adaptive_feedforward_init,22,22,407960426,1797594736,crp_adaptive,feedforward,21,2.150396833267212,2.129337731552124,0.3492,0.99998,5.97586,0.8082078665768949,0.1918158567774936,0.9990000128746033,1.0,6.6103,1.0,0.0,0.9990000128746033,10000.0,
2026-03-27T14:34:18,comparison_condition_crp_adaptive_feedforward_init_20260327_005712,crp_adaptive_feedforward_init,22,22,407960426,1797594736,crp_adaptive,feedforward,22,2.15034361831665,2.1041147647857668,0.313,1.0,4.27568,0.3434624124343604,0.6777493606138107,0.9990000128746033,1.0,6.7053,1.0,0.0,0.9990000128746033,10000.0,
2026-03-27T14:34:41,comparison_condition_crp_adaptive_feedforward_init_20260327_005712,crp_adaptive_feedforward_init,22,22,407960426,1797594736,crp_adaptive,feedforward,23,2.115532208328247,2.072726293182373,0.3702,1.0,5.44282,0.5050619824111665,0.49872122762148335,0.9990000128746033,1.0,6.8912,1.0,0.0,0.9990000128746033,10000.0,
2026-03-27T14:35:03,comparison_condition_crp_adaptive_feedforward_init_20260327_005712,crp_adaptive_feedforward_init,22,22,407960426,1797594736,crp_adaptive,feedforward,24,2.1047005292510987,2.099079832458496,0.371,1.0,4.98808,0.1810435158539387,0.8567774936061381,0.9990000128746033,1.0,4.8727,0.02663196437060833,1.0,0.9990000128746033,10000.0,
2026-03-27T14:35:26,comparison_condition_crp_adaptive_feedforward_init_20260327_005712,crp_adaptive_feedforward_init,22,22,407960426,1797594736,crp_adaptive,feedforward,25,2.0819292182922364,2.0682882568359373,0.3936,1.0,3.08566,0.03846869453796606,0.9616368286445013,0.9990000128746033,1.0,3.0001,1.8571368855191395e-05,1.0,0.9990000128746033,10000.0,
2026-03-27T14:35:54,comparison_condition_crp_adaptive_feedforward_init_20260327_005712,crp_adaptive_feedforward_init,23,23,733495427,691573102,crp_adaptive,feedforward,1,2.301665221710205,2.3012547374725343,0.1116,1.0,2.64756,0.11519684773101176,0.8849104859335039,0.9990000128746033,1.0,2.0716,1.4898799236107152e-05,1.0,0.9990000128746033,10000.0,
2026-03-27T14:36:17,comparison_condition_crp_adaptive_feedforward_init_20260327_005712,crp_adaptive_feedforward_init,23,23,733495427,691573102,crp_adaptive,feedforward,2,2.2985968466186524,2.3010505096435545,0.1116,1.0,4.25682,0.5288147853371972,0.5882352941176471,0.9990000128746033,1.0,4.481,0.05658404529094696,1.0,0.9990000128746033,10000.0,
2026-03-27T14:36:38,comparison_condition_crp_adaptive_feedforward_init_20260327_005712,crp_adaptive_feedforward_init,23,23,733495427,691573102,crp_adaptive,feedforward,3,2.297823741912842,2.301364185714722,0.1116,1.0,3.91494,0.3886928824448778,0.6342710997442456,0.9990000128746033,1.0,3.0003,0.00010540298535488546,1.0,0.9990000128746033,10000.0,
2026-03-27T14:37:01,comparison_condition_crp_adaptive_feedforward_init_20260327_005712,crp_adaptive_feedforward_init,23,23,733495427,691573102,crp_adaptive,feedforward,4,2.2998384561920164,2.300806188964844,0.1116,1.0,3.2936,0.13060561763498943,0.8695652173913043,0.9990000128746033,1.0,3.0006,0.00012718889047391713,1.0,0.9990000128746033,10000.0,
2026-03-27T14:37:26,comparison_condition_crp_adaptive_feedforward_init_20260327_005712,crp_adaptive_feedforward_init,23,23,733495427,691573102,crp_adaptive,feedforward,5,2.296006384048462,2.300413764953613,0.1116,1.0,4.52806,0.4288222398108724,0.6368286445012787,0.9990000128746033,1.0,3.895,0.0059192306362092495,1.0,0.9990000128746033,10000.0,
2026-03-27T14:37:50,comparison_condition_crp_adaptive_feedforward_init_20260327_005712,crp_adaptive_feedforward_init,23,23,733495427,691573102,crp_adaptive,feedforward,6,2.2990712664794923,2.2996527462005614,0.1116,1.0,3.36592,0.08837739763539572,0.9386189258312021,0.9990000128746033,1.0,3.0,2.4291253794217482e-05,1.0,0.9990000128746033,10000.0,
2026-03-27T14:38:13,comparison_condition_crp_adaptive_feedforward_init_20260327_005712,crp_adaptive_feedforward_init,23,23,733495427,691573102,crp_adaptive,feedforward,7,2.295757784576416,2.298092610168457,0.1116,1.0,4.2177,0.24746483739211952,0.7723785166240409,0.9990000128746033,1.0,4.001,0.004773401189595461,1.0,0.9990000128746033,10000.0,
2026-03-27T14:38:36,comparison_condition_crp_adaptive_feedforward_init_20260327_005712,crp_adaptive_feedforward_init,23,23,733495427,691573102,crp_adaptive,feedforward,8,2.29386609085083,2.2958892467498777,0.1116,1.0,3.70806,0.2502600988641496,0.8005115089514067,0.9990000128746033,1.0,3.0003,5.583983875112608e-05,1.0,0.9990000128746033,10000.0,
2026-03-27T14:38:57,comparison_condition_crp_adaptive_feedforward_init_20260327_005712,crp_adaptive_feedforward_init,23,23,733495427,691573102,crp_adaptive,feedforward,9,2.2929891456604006,2.2934420639038087,0.1116,1.0,4.25546,0.13449627351114582,0.8797953964194374,0.9990000128746033,1.0,4.0011,0.005230407230556011,1.0,0.9990000128746033,10000.0,
2026-03-27T14:39:19,comparison_condition_crp_adaptive_feedforward_init_20260327_005712,crp_adaptive_feedforward_init,23,23,733495427,691573102,crp_adaptive,feedforward,10,2.28706454208374,2.2905552040100097,0.1116,1.0,4.77266,0.36034095675989397,0.8209718670076727,0.9990000128746033,1.0,4.3592,0.028458496555685997,1.0,0.9990000128746033,10000.0,
2026-03-27T14:39:41,comparison_condition_crp_adaptive_feedforward_init_20260327_005712,crp_adaptive_feedforward_init,23,23,733495427,691573102,crp_adaptive,feedforward,11,2.288709905166626,2.2874495475769043,0.1137,1.0,3.8626,0.03145670918774951,0.969309462915601,0.9990000128746033,1.0,3.0076,6.704937550239265e-05,1.0,0.9990000128746033,10000.0,
2026-03-27T14:40:03,comparison_condition_crp_adaptive_feedforward_init_20260327_005712,crp_adaptive_feedforward_init,23,23,733495427,691573102,crp_adaptive,feedforward,12,2.2852350130462646,2.283601232910156,0.1281,1.0,3.81702,0.029315239361655105,1.0,0.9990000128746033,1.0,3.9186,0.0009934259578585625,1.0,0.9990000128746033,10000.0,
2026-03-27T14:40:27,comparison_condition_crp_adaptive_feedforward_init_20260327_005712,crp_adaptive_feedforward_init,23,23,733495427,691573102,crp_adaptive,feedforward,13,2.2810765741729737,2.279380576324463,0.1368,0.99998,3.50388,0.039016102396459834,0.9616368286445013,0.9990000128746033,1.0,3.0554,0.00012303573021199554,1.0,0.9990000128746033,10000.0,
2026-03-27T14:40:49,comparison_condition_crp_adaptive_feedforward_init_20260327_005712,crp_adaptive_feedforward_init,23,23,733495427,691573102,crp_adaptive,feedforward,14,2.2753812238311766,2.274276940536499,0.1626,1.0,3.43232,0.09962113823633484,0.9028132992327366,0.9990000128746033,1.0,3.0052,0.00020975538063794374,1.0,0.9990000128746033,10000.0,
2026-03-27T14:41:16,comparison_condition_crp_adaptive_feedforward_init_20260327_005712,crp_adaptive_feedforward_init,23,23,733495427,691573102,crp_adaptive,feedforward,15,2.2560962257385255,2.248384688949585,0.3154,0.99996,5.14972,0.8302372019031707,0.18414322250639387,0.9990000128746033,1.0,5.1865,1.0,0.0,0.9990000128746033,10000.0,
2026-03-27T14:41:40,comparison_condition_crp_adaptive_feedforward_init_20260327_005712,crp_adaptive_feedforward_init,23,23,733495427,691573102,crp_adaptive,feedforward,16,2.2551036177062986,2.252862702560425,0.2345,1.0,4.99004,0.4393417576597633,0.7468030690537084,0.9990000128746033,1.0,5.0222,0.3329581022262573,1.0,0.9990000128746033,10000.0,
2026-03-27T14:42:05,comparison_condition_crp_adaptive_feedforward_init_20260327_005712,crp_adaptive_feedforward_init,23,23,733495427,691573102,crp_adaptive,feedforward,17,2.250498413848877,2.2506572551727295,0.2317,1.0,4.07646,0.22422507265636646,0.80306905370844,0.9990000128746033,1.0,3.0037,3.315233698231168e-05,1.0,0.9990000128746033,10000.0,
2026-03-27T14:42:32,comparison_condition_crp_adaptive_feedforward_init_20260327_005712,crp_adaptive_feedforward_init,23,23,733495427,691573102,crp_adaptive,feedforward,18,2.240713962097168,2.238942794418335,0.2631,1.0,4.30764,0.17542483932115166,0.9104859335038363,0.9990000128746033,1.0,4.0002,0.0020154828671365976,1.0,0.9990000128746033,10000.0,
2026-03-27T14:42:57,comparison_condition_crp_adaptive_feedforward_init_20260327_005712,crp_adaptive_feedforward_init,23,23,733495427,691573102,crp_adaptive,feedforward,19,2.223543875808716,2.2249036140441896,0.2981,1.0,4.56458,0.3468652340723477,0.8414322250639387,0.9990000128746033,1.0,4.0008,0.0031567211262881756,1.0,0.9990000128746033,10000.0,
2026-03-27T14:43:22,comparison_condition_crp_adaptive_feedforward_init_20260327_005712,crp_adaptive_feedforward_init,23,23,733495427,691573102,crp_adaptive,feedforward,20,2.2081666469573973,2.207791416168213,0.3204,1.0,4.41962,0.3165135439451816,0.7672634271099744,0.9990000128746033,1.0,4.0006,0.006447554100304842,1.0,0.9990000128746033,10000.0,
2026-03-27T14:43:44,comparison_condition_crp_adaptive_feedforward_init_20260327_005712,crp_adaptive_feedforward_init,23,23,733495427,691573102,crp_adaptive,feedforward,21,2.1944917970275877,2.188797745513916,0.3592,1.0,3.84926,0.14512724332489876,0.8593350383631714,0.9990000128746033,1.0,3.4156,0.0009759081876836717,1.0,0.9990000128746033,10000.0,
2026-03-27T14:44:07,comparison_condition_crp_adaptive_feedforward_init_20260327_005712,crp_adaptive_feedforward_init,23,23,733495427,691573102,crp_adaptive,feedforward,22,2.1748526885223387,2.166977819442749,0.3691,1.0,3.60638,0.10830763469983237,0.9207161125319693,0.9990000128746033,1.0,3.1333,0.0005330380517989397,1.0,0.9990000128746033,10000.0,
2026-03-27T14:44:29,comparison_condition_crp_adaptive_feedforward_init_20260327_005712,crp_adaptive_feedforward_init,23,23,733495427,691573102,crp_adaptive,feedforward,23,2.1527891941070556,2.1415768810272215,0.3978,1.0,3.1379,0.04160782413443585,0.959079283887468,0.9990000128746033,1.0,3.0051,0.00018504986655898392,1.0,0.9990000128746033,10000.0,
2026-03-27T14:44:51,comparison_condition_crp_adaptive_feedforward_init_20260327_005712,crp_adaptive_feedforward_init,23,23,733495427,691573102,crp_adaptive,feedforward,24,2.125205925369263,2.1142223777770996,0.3998,1.0,3.58428,0.07991568992977538,0.9258312020460358,0.9990000128746033,1.0,3.0114,0.00014419401122722775,1.0,0.9990000128746033,10000.0,
2026-03-27T14:45:14,comparison_condition_crp_adaptive_feedforward_init_20260327_005712,crp_adaptive_feedforward_init,23,23,733495427,691573102,crp_adaptive,feedforward,25,2.0959742204284666,2.084152870178223,0.4093,1.0,3.20084,0.08474677279824726,0.9156010230179028,0.9990000128746033,1.0,3.0002,2.9479258955689147e-05,1.0,0.9990000128746033,10000.0,
2026-03-27T14:45:41,comparison_condition_crp_adaptive_feedforward_init_20260327_005712,crp_adaptive_feedforward_init,24,24,50511425,985348261,crp_adaptive,feedforward,1,2.3017186328125,2.3006515914916994,0.1155,1.0,2.49028,0.017947248076114686,0.9820971867007673,0.9990000128746033,1.0,2.1722,1.145993792306399e-05,1.0,0.9990000128746033,10000.0,
2026-03-27T14:46:04,comparison_condition_crp_adaptive_feedforward_init_20260327_005712,crp_adaptive_feedforward_init,24,24,50511425,985348261,crp_adaptive,feedforward,2,2.3012470291900633,2.3003580451965333,0.1155,1.0,3.81946,0.011004515185077881,1.0,0.9990000128746033,1.0,3.0115,8.489275933243334e-05,1.0,0.9990000128746033,10000.0,
2026-03-27T14:46:26,comparison_condition_crp_adaptive_feedforward_init_20260327_005712,crp_adaptive_feedforward_init,24,24,50511425,985348261,crp_adaptive,feedforward,3,2.3011214234924315,2.3002320930480957,0.1155,1.0,3.3942,0.008108502667847366,1.0,0.9990000128746033,1.0,3.0001,2.1320893210940994e-05,1.0,0.9990000128746033,10000.0,
2026-03-27T14:46:47,comparison_condition_crp_adaptive_feedforward_init_20260327_005712,crp_adaptive_feedforward_init,24,24,50511425,985348261,crp_adaptive,feedforward,4,2.294778232574463,2.3000687965393065,0.1155,1.0,4.39916,0.5220520167351372,0.6086956521739131,0.9990000128746033,1.0,3.0004,7.855924195609987e-05,1.0,0.9990000128746033,10000.0,
2026-03-27T14:47:09,comparison_condition_crp_adaptive_feedforward_init_20260327_005712,crp_adaptive_feedforward_init,24,24,50511425,985348261,crp_adaptive,feedforward,5,2.2959535230255126,2.2994809745788576,0.1155,1.0,4.42184,0.281302621859573,0.7289002557544757,0.9990000128746033,1.0,3.9309,0.0016395917627960443,1.0,0.9990000128746033,10000.0,
2026-03-27T14:47:33,comparison_condition_crp_adaptive_feedforward_init_20260327_005712,crp_adaptive_feedforward_init,24,24,50511425,985348261,crp_adaptive,feedforward,6,2.2877480284118654,2.2986818950653074,0.1155,1.0,5.26786,0.6240886873640793,0.37851662404092073,0.9990000128746033,1.0,4.0451,0.0036617012228816748,1.0,0.9990000128746033,10000.0,
2026-03-27T14:47:54,comparison_condition_crp_adaptive_feedforward_init_20260327_005712,crp_adaptive_feedforward_init,24,24,50511425,985348261,crp_adaptive,feedforward,7,2.2979536225128174,2.298109781265259,0.1155,1.0,3.20284,0.07172224602685362,0.9335038363171355,0.9990000128746033,1.0,3.0,8.813169188215397e-06,1.0,0.9990000128746033,10000.0,
2026-03-27T14:48:17,comparison_condition_crp_adaptive_feedforward_init_20260327_005712,crp_adaptive_feedforward_init,24,24,50511425,985348261,crp_adaptive,feedforward,8,2.2946336820983886,2.296962216567993,0.1155,1.0,4.19638,0.17722082010498727,0.8337595907928389,0.9990000128746033,1.0,3.0733,0.0002637133002281189,1.0,0.9990000128746033,10000.0,
2026-03-27T14:48:40,comparison_condition_crp_adaptive_feedforward_init_20260327_005712,crp_adaptive_feedforward_init,24,24,50511425,985348261,crp_adaptive,feedforward,9,2.2888183138275147,2.2950236644744875,0.1155,1.0,5.01202,0.3515874455638868,0.6547314578005116,0.9990000128746033,1.0,4.0541,0.003611682914197445,1.0,0.9990000128746033,10000.0,
2026-03-27T14:49:01,comparison_condition_crp_adaptive_feedforward_init_20260327_005712,crp_adaptive_feedforward_init,24,24,50511425,985348261,crp_adaptive,feedforward,10,2.2918931377410887,2.2928772926330567,0.1157,1.0,3.89844,0.13335162248419583,0.8670076726342711,0.9990000128746033,1.0,3.5347,0.00041558800148777664,1.0,0.9990000128746033,10000.0,
2026-03-27T14:49:22,comparison_condition_crp_adaptive_feedforward_init_20260327_005712,crp_adaptive_feedforward_init,24,24,50511425,985348261,crp_adaptive,feedforward,11,2.284163477401733,2.290084104537964,0.1157,1.0,4.25138,0.3325234914170505,0.6675191815856778,0.9990000128746033,1.0,3.0003,7.591512712679105e-06,1.0,0.9990000128746033,10000.0,
2026-03-27T14:49:44,comparison_condition_crp_adaptive_feedforward_init_20260327_005712,crp_adaptive_feedforward_init,24,24,50511425,985348261,crp_adaptive,feedforward,12,2.2710127097320556,2.286405813217163,0.1157,1.0,5.34256,0.6668168831665171,0.4680306905370844,0.9990000128746033,1.0,3.0361,0.00013657663657795638,1.0,0.9990000128746033,10000.0,
2026-03-27T14:50:07,comparison_condition_crp_adaptive_feedforward_init_20260327_005712,crp_adaptive_feedforward_init,24,24,50511425,985348261,crp_adaptive,feedforward,13,2.2848124089050295,2.281569358444214,0.1406,1.0,3.12948,0.01600382064380098,1.0,0.9990000128746033,1.0,3.0032,3.905007542925887e-05,1.0,0.9990000128746033,10000.0,
2026-03-27T14:50:29,comparison_condition_crp_adaptive_feedforward_init_20260327_005712,crp_adaptive_feedforward_init,24,24,50511425,985348261,crp_adaptive,feedforward,14,2.2751711965179444,2.275457627105713,0.1613,1.0,3.92378,0.1676231143357603,1.0,0.9990000128746033,1.0,4.0077,0.01615338772535324,1.0,0.9990000128746033,10000.0,
2026-03-27T14:50:51,comparison_condition_crp_adaptive_feedforward_init_20260327_005712,crp_adaptive_feedforward_init,24,24,50511425,985348261,crp_adaptive,feedforward,15,2.2722147210693358,2.269434065628052,0.1887,1.0,3.55562,0.07032709121246145,1.0,0.9990000128746033,1.0,3.0002,4.1423325455980375e-05,1.0,0.9990000128746033,10000.0,
2026-03-27T14:51:14,comparison_condition_crp_adaptive_feedforward_init_20260327_005712,crp_adaptive_feedforward_init,24,24,50511425,985348261,crp_adaptive,feedforward,16,2.2623801124572753,2.2609207176208495,0.1762,1.0,4.10256,0.14873578206644125,0.9053708439897699,0.9990000128746033,1.0,3.5775,0.0011912545887753367,1.0,0.9990000128746033,10000.0,
2026-03-27T14:51:35,comparison_condition_crp_adaptive_feedforward_init_20260327_005712,crp_adaptive_feedforward_init,24,24,50511425,985348261,crp_adaptive,feedforward,17,2.2566602213287354,2.25117891998291,0.2544,1.0,3.14506,0.04780977181279785,0.9539641943734015,0.9990000128746033,1.0,3.0,1.2485167644626927e-05,1.0,0.9990000128746033,10000.0,
2026-03-27T14:51:58,comparison_condition_crp_adaptive_feedforward_init_20260327_005712,crp_adaptive_feedforward_init,24,24,50511425,985348261,crp_adaptive,feedforward,18,2.2456557539367674,2.239576692581177,0.2934,1.0,3.14906,0.0654261938936445,0.9360613810741688,0.9990000128746033,1.0,3.0001,3.199059938197024e-05,1.0,0.9990000128746033,10000.0,
2026-03-27T14:52:20,comparison_condition_crp_adaptive_feedforward_init_20260327_005712,crp_adaptive_feedforward_init,24,24,50511425,985348261,crp_adaptive,feedforward,19,2.232504189605713,2.225495598983765,0.3397,1.0,3.5917,0.08152808977975114,0.9335038363171355,0.9990000128746033,1.0,3.0,4.932531373924576e-05,1.0,0.9990000128746033,10000.0,
2026-03-27T14:52:43,comparison_condition_crp_adaptive_feedforward_init_20260327_005712,crp_adaptive_feedforward_init,24,24,50511425,985348261,crp_adaptive,feedforward,20,2.2035385246276857,2.208067741394043,0.3468,1.0,4.03778,0.43828107678521466,0.5677749360613811,0.9990000128746033,1.0,3.7893,0.0024491806980222464,1.0,0.9990000128746033,10000.0,
2026-03-27T14:53:06,comparison_condition_crp_adaptive_feedforward_init_20260327_005712,crp_adaptive_feedforward_init,24,24,50511425,985348261,crp_adaptive,feedforward,21,2.190603109436035,2.188026075363159,0.4059,1.0,3.68914,0.2823006170202715,0.7391304347826086,0.9990000128746033,1.0,3.0039,0.00011404655379010364,1.0,0.9990000128746033,10000.0,
2026-03-27T14:53:29,comparison_condition_crp_adaptive_feedforward_init_20260327_005712,crp_adaptive_feedforward_init,24,24,50511425,985348261,crp_adaptive,feedforward,22,2.179285155258179,2.165329288101196,0.4196,1.0,3.67942,0.04845279163710261,0.9769820971867008,0.9990000128746033,1.0,3.002,5.6538185162935406e-05,1.0,0.9990000128746033,10000.0,
2026-03-27T14:53:51,comparison_condition_crp_adaptive_feedforward_init_20260327_005712,crp_adaptive_feedforward_init,24,24,50511425,985348261,crp_adaptive,feedforward,23,2.155164944229126,2.1396464420318604,0.4336,1.0,3.55914,0.05870323189511135,0.948849104859335,0.9990000128746033,1.0,3.0005,5.235482603893615e-05,1.0,0.9990000128746033,10000.0,
2026-03-27T14:54:13,comparison_condition_crp_adaptive_feedforward_init_20260327_005712,crp_adaptive_feedforward_init,24,24,50511425,985348261,crp_adaptive,feedforward,24,2.1295605220794678,2.1110914894104003,0.4533,1.0,3.35984,0.041996789727564855,0.959079283887468,0.9990000128746033,1.0,3.0008,3.289326559752226e-05,1.0,0.9990000128746033,10000.0,
2026-03-27T14:54:35,comparison_condition_crp_adaptive_feedforward_init_20260327_005712,crp_adaptive_feedforward_init,24,24,50511425,985348261,crp_adaptive,feedforward,25,2.091511355667114,2.0773160568237303,0.4538,1.0,3.64222,0.20834455006114208,0.80306905370844,0.9990000128746033,1.0,3.0,2.1617721358779818e-05,1.0,0.9990000128746033,10000.0,
2026-03-27T14:55:03,comparison_condition_crp_adaptive_feedforward_init_20260327_005712,crp_adaptive_feedforward_init,25,25,729108864,57702956,crp_adaptive,feedforward,1,2.3019457958984373,2.300371919631958,0.1167,1.0,2.78034,0.13308676068807987,0.8670076726342711,0.9990000128746033,1.0,2.1047,1.6563699318794534e-05,1.0,0.9990000128746033,10000.0,
2026-03-27T14:55:25,comparison_condition_crp_adaptive_feedforward_init_20260327_005712,crp_adaptive_feedforward_init,25,25,729108864,57702956,crp_adaptive,feedforward,2,2.3004535663604737,2.299707837677002,0.1167,1.0,4.60992,0.29099952415651,0.8644501278772379,0.9990000128746033,1.0,4.9387,0.08052533864974976,1.0,0.9990000128746033,10000.0,
2026-03-27T14:55:50,comparison_condition_crp_adaptive_feedforward_init_20260327_005712,crp_adaptive_feedforward_init,25,25,729108864,57702956,crp_adaptive,feedforward,3,2.2945661584472656,2.290319422149658,0.1167,1.0,4.97138,0.8753196917941122,0.1278772378516624,0.9990000128746033,1.0,5.1036,1.0,0.0,0.9990000128746033,10000.0,
2026-03-27T14:56:13,comparison_condition_crp_adaptive_feedforward_init_20260327_005712,crp_adaptive_feedforward_init,25,25,729108864,57702956,crp_adaptive,feedforward,4,2.298774451675415,2.2994594806671143,0.1167,1.0,4.19778,0.22703158141772858,0.7749360613810742,0.9990000128746033,1.0,4.0015,0.0017537472303956747,1.0,0.9990000128746033,10000.0,
2026-03-27T14:56:36,comparison_condition_crp_adaptive_feedforward_init_20260327_005712,crp_adaptive_feedforward_init,25,25,729108864,57702956,crp_adaptive,feedforward,5,2.2910963305664063,2.2944240776062013,0.1167,1.0,4.99944,0.8379029998604682,0.18925831202046037,0.9990000128746033,1.0,5.0314,0.38076409697532654,1.0,0.9990000128746033,10000.0,
2026-03-27T14:57:01,comparison_condition_crp_adaptive_feedforward_init_20260327_005712,crp_adaptive_feedforward_init,25,25,729108864,57702956,crp_adaptive,feedforward,6,2.2874994662475587,2.2841900775909423,0.1178,1.0,5.57458,0.9521855181059264,0.09718670076726342,0.9990000128746033,1.0,5.763,1.0,0.0,0.9990000128746033,10000.0,
2026-03-27T14:57:24,comparison_condition_crp_adaptive_feedforward_init_20260327_005712,crp_adaptive_feedforward_init,25,25,729108864,57702956,crp_adaptive,feedforward,7,2.2916931102752685,2.29686042137146,0.1167,1.0,4.4282,0.48863307190935806,0.5115089514066496,0.9990000128746033,1.0,3.1654,0.00011108291801065207,1.0,0.9990000128746033,10000.0,
2026-03-27T14:57:46,comparison_condition_crp_adaptive_feedforward_init_20260327_005712,crp_adaptive_feedforward_init,25,25,729108864,57702956,crp_adaptive,feedforward,8,2.2928604499816894,2.294016883468628,0.1167,1.0,3.9171,0.2478811999611972,0.7570332480818415,0.9990000128746033,1.0,4.0095,0.006004529073834419,1.0,0.9990000128746033,10000.0,
2026-03-27T14:58:10,comparison_condition_crp_adaptive_feedforward_init_20260327_005712,crp_adaptive_feedforward_init,25,25,729108864,57702956,crp_adaptive,feedforward,9,2.2838258700561522,2.291429239273071,0.117,0.99998,4.7889,0.6397142888550089,0.36061381074168797,0.9990000128746033,1.0,3.3435,0.00018654759333003312,1.0,0.9990000128746033,10000.0,
2026-03-27T14:58:35,comparison_condition_crp_adaptive_feedforward_init_20260327_005712,crp_adaptive_feedforward_init,25,25,729108864,57702956,crp_adaptive,feedforward,10,2.286317626953125,2.2702689590454104,0.1436,1.0,4.27248,0.2665554916838702,0.7365728900255755,0.9990000128746033,1.0,5.3176,1.0,0.0,0.9990000128746033,10000.0,
2026-03-27T14:58:59,comparison_condition_crp_adaptive_feedforward_init_20260327_005712,crp_adaptive_feedforward_init,25,25,729108864,57702956,crp_adaptive,feedforward,11,2.27054091468811,2.283903602600098,0.1551,1.0,5.17786,0.9134913848584939,0.08951406649616368,0.9990000128746033,1.0,3.1031,0.00017033424228429794,1.0,0.9990000128746033,10000.0,
2026-03-27T14:59:23,comparison_condition_crp_adaptive_feedforward_init_20260327_005712,crp_adaptive_feedforward_init,25,25,729108864,57702956,crp_adaptive,feedforward,12,2.266951962509155,2.2787249572753905,0.1803,1.0,5.084,0.7678543262017975,0.23273657289002558,0.9990000128746033,1.0,3.4799,0.0003816107928287238,1.0,0.9990000128746033,10000.0,
2026-03-27T14:59:46,comparison_condition_crp_adaptive_feedforward_init_20260327_005712,crp_adaptive_feedforward_init,25,25,729108864,57702956,crp_adaptive,feedforward,13,2.2724885078430175,2.271718509674072,0.2204,1.0,3.4573,0.1760399077491624,0.8260869565217391,0.9990000128746033,1.0,3.0086,4.94965715915896e-05,1.0,0.9990000128746033,10000.0,
2026-03-27T15:00:09,comparison_condition_crp_adaptive_feedforward_init_20260327_005712,crp_adaptive_feedforward_init,25,25,729108864,57702956,crp_adaptive,feedforward,14,2.2624064360046385,2.2633335304260256,0.2374,1.0,4.53498,0.2815806098605978,0.8312020460358056,0.9990000128746033,1.0,3.0084,7.95020314399153e-05,1.0,0.9990000128746033,10000.0,
2026-03-27T15:00:33,comparison_condition_crp_adaptive_feedforward_init_20260327_005712,crp_adaptive_feedforward_init,25,25,729108864,57702956,crp_adaptive,feedforward,15,2.236511520843506,2.2271252906799317,0.2907,1.0,6.02968,0.9429498030473609,0.058823529411764705,0.9990000128746033,1.0,6.1478,1.0,0.0,0.9990000128746033,10000.0,
2026-03-27T15:00:56,comparison_condition_crp_adaptive_feedforward_init_20260327_005712,crp_adaptive_feedforward_init,25,25,729108864,57702956,crp_adaptive,feedforward,16,2.2432128202056885,2.2412950454711913,0.2432,1.0,4.17884,0.20277995333593624,0.8005115089514067,0.9990000128746033,1.0,4.0065,0.0021823858842253685,1.0,0.9990000128746033,10000.0,
2026-03-27T15:01:20,comparison_condition_crp_adaptive_feedforward_init_20260327_005712,crp_adaptive_feedforward_init,25,25,729108864,57702956,crp_adaptive,feedforward,17,2.2081428633117675,2.2259396076202393,0.2446,1.0,6.55326,0.9304290117204363,0.07161125319693094,0.9990000128746033,1.0,5.0003,0.038793887943029404,1.0,0.9990000128746033,10000.0,
2026-03-27T15:01:42,comparison_condition_crp_adaptive_feedforward_init_20260327_005712,crp_adaptive_feedforward_init,25,25,729108864,57702956,crp_adaptive,feedforward,18,2.2181124311828615,2.2092648277282714,0.2577,1.0,3.38286,0.025880966282649444,0.9769820971867008,0.9990000128746033,1.0,3.2325,0.0007749099167995155,1.0,0.9990000128746033,10000.0,
2026-03-27T15:02:04,comparison_condition_crp_adaptive_feedforward_init_20260327_005712,crp_adaptive_feedforward_init,25,25,729108864,57702956,crp_adaptive,feedforward,19,2.1976066647338866,2.188420295715332,0.2667,1.0,3.23306,0.06426876571643396,0.9360613810741688,0.9990000128746033,1.0,3.0006,2.9054435799480416e-05,1.0,0.9990000128746033,10000.0,
2026-03-27T15:02:27,comparison_condition_crp_adaptive_feedforward_init_20260327_005712,crp_adaptive_feedforward_init,25,25,729108864,57702956,crp_adaptive,feedforward,20,2.176365854797363,2.164733359146118,0.2649,1.0,3.66666,0.03095160887923578,0.9744245524296675,0.9990000128746033,1.0,3.0845,0.0005152904195711017,1.0,0.9990000128746033,10000.0,
2026-03-27T15:02:49,comparison_condition_crp_adaptive_feedforward_init_20260327_005712,crp_adaptive_feedforward_init,25,25,729108864,57702956,crp_adaptive,feedforward,21,2.149091887588501,2.1383245304107668,0.2718,1.0,3.60658,0.09045159936363525,0.9207161125319693,0.9990000128746033,1.0,3.0022,5.0222286517964676e-05,1.0,0.9990000128746033,10000.0,
2026-03-27T15:03:11,comparison_condition_crp_adaptive_feedforward_init_20260327_005712,crp_adaptive_feedforward_init,25,25,729108864,57702956,crp_adaptive,feedforward,22,2.115809712142944,2.109628534698486,0.283,1.0,4.33226,0.24292108314599,0.8593350383631714,0.9990000128746033,1.0,3.1617,0.0002720459597185254,1.0,0.9990000128746033,10000.0,
2026-03-27T15:03:34,comparison_condition_crp_adaptive_feedforward_init_20260327_005712,crp_adaptive_feedforward_init,25,25,729108864,57702956,crp_adaptive,feedforward,23,2.0947168141174317,2.079760437774658,0.2948,1.0,3.4606,0.013302286871384917,0.9872122762148338,0.9990000128746033,1.0,3.3711,0.00044691693619824946,1.0,0.9990000128746033,10000.0,
2026-03-27T15:03:57,comparison_condition_crp_adaptive_feedforward_init_20260327_005712,crp_adaptive_feedforward_init,25,25,729108864,57702956,crp_adaptive,feedforward,24,2.063156852874756,2.048046361923218,0.3008,1.0,3.38388,0.02366275809895679,0.9820971867007673,0.9990000128746033,1.0,3.0021,2.8355178073979914e-05,1.0,0.9990000128746033,10000.0,
2026-03-27T15:04:21,comparison_condition_crp_adaptive_feedforward_init_20260327_005712,crp_adaptive_feedforward_init,25,25,729108864,57702956,crp_adaptive,feedforward,25,2.030979059371948,2.0157350517272947,0.3236,1.0,3.17026,0.02676058705988475,0.9744245524296675,0.9990000128746033,1.0,3.001,1.938395325851161e-05,1.0,0.9990000128746033,10000.0,
