timestamp,experiment_id,condition_id,run_index,trial_index,run_seed,mask_seed,model_id,schematic,epoch,train_loss,val_loss,val_acc,train_cert_rate,train_tau_mean,train_recurrent_scale_mean,train_recurrent_shrink_rate,train_rho_mean,val_cert_rate,val_tau_mean,val_recurrent_scale_mean,val_recurrent_shrink_rate,val_rho_mean,k_total_target,hh_density_target
2026-03-28T14:06:54,comparison_condition_mlp_feedforward_20260328_140605,mlp_feedforward,1,1,894684355,1573429661,mlp,feedforward,1,0.2854028589248657,0.15416462420225144,0.9544,,,,,,,,,,,,
2026-03-28T14:07:50,comparison_condition_mlp_feedforward_20260328_140605,mlp_feedforward,1,1,894684355,1573429661,mlp,feedforward,2,0.11661719676733016,0.12430886673927308,0.9611,,,,,,,,,,,,
2026-03-28T14:08:42,comparison_condition_mlp_feedforward_20260328_140605,mlp_feedforward,1,1,894684355,1573429661,mlp,feedforward,3,0.07880450203418732,0.11130496951341629,0.967,,,,,,,,,,,,
2026-03-28T14:09:35,comparison_condition_mlp_feedforward_20260328_140605,mlp_feedforward,1,1,894684355,1573429661,mlp,feedforward,4,0.05947955678343773,0.09995936751365661,0.97,,,,,,,,,,,,
2026-03-28T14:10:25,comparison_condition_mlp_feedforward_20260328_140605,mlp_feedforward,1,1,894684355,1573429661,mlp,feedforward,5,0.046271875773668286,0.10308583826422692,0.9689,,,,,,,,,,,,
2026-03-28T14:11:20,comparison_condition_mlp_feedforward_20260328_140605,mlp_feedforward,1,1,894684355,1573429661,mlp,feedforward,6,0.03755367164134979,0.0953244901418686,0.9719,,,,,,,,,,,,
2026-03-28T14:12:14,comparison_condition_mlp_feedforward_20260328_140605,mlp_feedforward,1,1,894684355,1573429661,mlp,feedforward,7,0.03025526951044798,0.09803710228204728,0.9718,,,,,,,,,,,,
2026-03-28T14:12:59,comparison_condition_mlp_feedforward_20260328_140605,mlp_feedforward,1,1,894684355,1573429661,mlp,feedforward,8,0.024532154271751642,0.09334311292469502,0.9747,,,,,,,,,,,,
2026-03-28T14:13:45,comparison_condition_mlp_feedforward_20260328_140605,mlp_feedforward,1,1,894684355,1573429661,mlp,feedforward,9,0.022519778884202243,0.10924003558158875,0.9705,,,,,,,,,,,,
2026-03-28T14:14:27,comparison_condition_mlp_feedforward_20260328_140605,mlp_feedforward,1,1,894684355,1573429661,mlp,feedforward,10,0.018814254434406756,0.10619217085838317,0.9728,,,,,,,,,,,,
2026-03-28T14:15:13,comparison_condition_mlp_feedforward_20260328_140605,mlp_feedforward,1,1,894684355,1573429661,mlp,feedforward,11,0.020448976831659676,0.11518350823223591,0.9717,,,,,,,,,,,,
2026-03-28T14:15:54,comparison_condition_mlp_feedforward_20260328_140605,mlp_feedforward,1,1,894684355,1573429661,mlp,feedforward,12,0.02095035589441657,0.11582255783081055,0.9731,,,,,,,,,,,,
2026-03-28T14:16:33,comparison_condition_mlp_feedforward_20260328_140605,mlp_feedforward,1,1,894684355,1573429661,mlp,feedforward,13,0.013890383954569697,0.10366214087810367,0.9737,,,,,,,,,,,,
2026-03-28T14:17:15,comparison_condition_mlp_feedforward_20260328_140605,mlp_feedforward,1,1,894684355,1573429661,mlp,feedforward,14,0.0135635460812971,0.10621595337688923,0.975,,,,,,,,,,,,
2026-03-28T14:17:54,comparison_condition_mlp_feedforward_20260328_140605,mlp_feedforward,1,1,894684355,1573429661,mlp,feedforward,15,0.014767315179463477,0.11257519764304161,0.9765,,,,,,,,,,,,
2026-03-28T14:18:34,comparison_condition_mlp_feedforward_20260328_140605,mlp_feedforward,1,1,894684355,1573429661,mlp,feedforward,16,0.012347043921072037,0.14076631426215172,0.9726,,,,,,,,,,,,
2026-03-28T14:19:15,comparison_condition_mlp_feedforward_20260328_140605,mlp_feedforward,1,1,894684355,1573429661,mlp,feedforward,17,0.012680470165237785,0.14773446670174598,0.9692,,,,,,,,,,,,
2026-03-28T14:19:55,comparison_condition_mlp_feedforward_20260328_140605,mlp_feedforward,1,1,894684355,1573429661,mlp,feedforward,18,0.01496746512496844,0.12862876933813094,0.9742,,,,,,,,,,,,
2026-03-28T14:20:40,comparison_condition_mlp_feedforward_20260328_140605,mlp_feedforward,1,1,894684355,1573429661,mlp,feedforward,19,0.013174000191874802,0.11940411565899849,0.9757,,,,,,,,,,,,
2026-03-28T14:21:26,comparison_condition_mlp_feedforward_20260328_140605,mlp_feedforward,1,1,894684355,1573429661,mlp,feedforward,20,0.009785373580241575,0.13215183581113815,0.9736,,,,,,,,,,,,
2026-03-28T14:22:11,comparison_condition_mlp_feedforward_20260328_140605,mlp_feedforward,1,1,894684355,1573429661,mlp,feedforward,21,0.008494488638723268,0.12018119134753942,0.9768,,,,,,,,,,,,
2026-03-28T14:22:56,comparison_condition_mlp_feedforward_20260328_140605,mlp_feedforward,1,1,894684355,1573429661,mlp,feedforward,22,0.01275234452009434,0.12925554473251105,0.9745,,,,,,,,,,,,
2026-03-28T14:23:40,comparison_condition_mlp_feedforward_20260328_140605,mlp_feedforward,1,1,894684355,1573429661,mlp,feedforward,23,0.009474390083581676,0.13485002645924687,0.9755,,,,,,,,,,,,
2026-03-28T14:24:25,comparison_condition_mlp_feedforward_20260328_140605,mlp_feedforward,1,1,894684355,1573429661,mlp,feedforward,24,0.01137918606596999,0.1267855830103159,0.9768,,,,,,,,,,,,
2026-03-28T14:25:11,comparison_condition_mlp_feedforward_20260328_140605,mlp_feedforward,1,1,894684355,1573429661,mlp,feedforward,25,0.00726759397957474,0.1289180597217288,0.9773,,,,,,,,,,,,
2026-03-28T14:26:09,comparison_condition_mlp_feedforward_20260328_140605,mlp_feedforward,2,2,21838114,1761311798,mlp,feedforward,1,0.2844332060956955,0.16480934348106385,0.9503,,,,,,,,,,,,
2026-03-28T14:26:53,comparison_condition_mlp_feedforward_20260328_140605,mlp_feedforward,2,2,21838114,1761311798,mlp,feedforward,2,0.11440194421052932,0.11495737789869309,0.966,,,,,,,,,,,,
2026-03-28T14:27:42,comparison_condition_mlp_feedforward_20260328_140605,mlp_feedforward,2,2,21838114,1761311798,mlp,feedforward,3,0.07842072652816773,0.10215776874572038,0.968,,,,,,,,,,,,
2026-03-28T14:28:31,comparison_condition_mlp_feedforward_20260328_140605,mlp_feedforward,2,2,21838114,1761311798,mlp,feedforward,4,0.06128918860912323,0.1019466204315424,0.9694,,,,,,,,,,,,
2026-03-28T14:29:19,comparison_condition_mlp_feedforward_20260328_140605,mlp_feedforward,2,2,21838114,1761311798,mlp,feedforward,5,0.046945622308850285,0.09455488169789314,0.9732,,,,,,,,,,,,
2026-03-28T14:30:10,comparison_condition_mlp_feedforward_20260328_140605,mlp_feedforward,2,2,21838114,1761311798,mlp,feedforward,6,0.037987177559137345,0.0977310718767345,0.9703,,,,,,,,,,,,
2026-03-28T14:30:55,comparison_condition_mlp_feedforward_20260328_140605,mlp_feedforward,2,2,21838114,1761311798,mlp,feedforward,7,0.029238984229266643,0.09679417885243893,0.9752,,,,,,,,,,,,
2026-03-28T14:31:45,comparison_condition_mlp_feedforward_20260328_140605,mlp_feedforward,2,2,21838114,1761311798,mlp,feedforward,8,0.025439231773652135,0.11099601872619241,0.9725,,,,,,,,,,,,
2026-03-28T14:32:36,comparison_condition_mlp_feedforward_20260328_140605,mlp_feedforward,2,2,21838114,1761311798,mlp,feedforward,9,0.021577060714066027,0.09552948283017614,0.9762,,,,,,,,,,,,
2026-03-28T14:33:23,comparison_condition_mlp_feedforward_20260328_140605,mlp_feedforward,2,2,21838114,1761311798,mlp,feedforward,10,0.01933876020014286,0.11841168513747398,0.9713,,,,,,,,,,,,
2026-03-28T14:34:09,comparison_condition_mlp_feedforward_20260328_140605,mlp_feedforward,2,2,21838114,1761311798,mlp,feedforward,11,0.015413050730526448,0.10479983738213777,0.9753,,,,,,,,,,,,
2026-03-28T14:35:01,comparison_condition_mlp_feedforward_20260328_140605,mlp_feedforward,2,2,21838114,1761311798,mlp,feedforward,12,0.014642968745343387,0.12169811310172081,0.9749,,,,,,,,,,,,
2026-03-28T14:35:47,comparison_condition_mlp_feedforward_20260328_140605,mlp_feedforward,2,2,21838114,1761311798,mlp,feedforward,13,0.019795378704033792,0.12248652878906578,0.9732,,,,,,,,,,,,
2026-03-28T14:36:30,comparison_condition_mlp_feedforward_20260328_140605,mlp_feedforward,2,2,21838114,1761311798,mlp,feedforward,14,0.012703750242292882,0.1219187068536412,0.9755,,,,,,,,,,,,
2026-03-28T14:37:12,comparison_condition_mlp_feedforward_20260328_140605,mlp_feedforward,2,2,21838114,1761311798,mlp,feedforward,15,0.014968660553656518,0.14428585990099235,0.9729,,,,,,,,,,,,
2026-03-28T14:37:52,comparison_condition_mlp_feedforward_20260328_140605,mlp_feedforward,2,2,21838114,1761311798,mlp,feedforward,16,0.012631363696213812,0.13155593382120132,0.976,,,,,,,,,,,,
2026-03-28T14:38:36,comparison_condition_mlp_feedforward_20260328_140605,mlp_feedforward,2,2,21838114,1761311798,mlp,feedforward,17,0.01584497169908136,0.13996836399435997,0.9715,,,,,,,,,,,,
2026-03-28T14:39:19,comparison_condition_mlp_feedforward_20260328_140605,mlp_feedforward,2,2,21838114,1761311798,mlp,feedforward,18,0.007241323166564107,0.14403219192028047,0.9744,,,,,,,,,,,,
2026-03-28T14:40:03,comparison_condition_mlp_feedforward_20260328_140605,mlp_feedforward,2,2,21838114,1761311798,mlp,feedforward,19,0.008035770053090528,0.15206533868289554,0.9723,,,,,,,,,,,,
2026-03-28T14:40:46,comparison_condition_mlp_feedforward_20260328_140605,mlp_feedforward,2,2,21838114,1761311798,mlp,feedforward,20,0.01449177611645311,0.13854250531047582,0.9771,,,,,,,,,,,,
2026-03-28T14:41:27,comparison_condition_mlp_feedforward_20260328_140605,mlp_feedforward,2,2,21838114,1761311798,mlp,feedforward,21,0.013313583537694067,0.15344513370916246,0.9724,,,,,,,,,,,,
2026-03-28T14:42:10,comparison_condition_mlp_feedforward_20260328_140605,mlp_feedforward,2,2,21838114,1761311798,mlp,feedforward,22,0.00917221793955192,0.1459046692878008,0.9754,,,,,,,,,,,,
2026-03-28T14:42:52,comparison_condition_mlp_feedforward_20260328_140605,mlp_feedforward,2,2,21838114,1761311798,mlp,feedforward,23,0.011953180779973045,0.15892487815727946,0.9728,,,,,,,,,,,,
2026-03-28T14:43:36,comparison_condition_mlp_feedforward_20260328_140605,mlp_feedforward,2,2,21838114,1761311798,mlp,feedforward,24,0.010197779070748947,0.1546735453426838,0.974,,,,,,,,,,,,
2026-03-28T14:44:20,comparison_condition_mlp_feedforward_20260328_140605,mlp_feedforward,2,2,21838114,1761311798,mlp,feedforward,25,0.009221729617873207,0.1500988990008831,0.9757,,,,,,,,,,,,
2026-03-28T14:45:17,comparison_condition_mlp_feedforward_20260328_140605,mlp_feedforward,3,3,1772117478,1724103795,mlp,feedforward,1,0.28033653650283813,0.14991664577126504,0.9514,,,,,,,,,,,,
2026-03-28T14:46:02,comparison_condition_mlp_feedforward_20260328_140605,mlp_feedforward,3,3,1772117478,1724103795,mlp,feedforward,2,0.11391886369228363,0.1254257165670395,0.9623,,,,,,,,,,,,
2026-03-28T14:46:46,comparison_condition_mlp_feedforward_20260328_140605,mlp_feedforward,3,3,1772117478,1724103795,mlp,feedforward,3,0.07713201769351959,0.10077395294755698,0.9695,,,,,,,,,,,,
2026-03-28T14:47:26,comparison_condition_mlp_feedforward_20260328_140605,mlp_feedforward,3,3,1772117478,1724103795,mlp,feedforward,4,0.05534213020324707,0.1035549137711525,0.9683,,,,,,,,,,,,
2026-03-28T14:48:07,comparison_condition_mlp_feedforward_20260328_140605,mlp_feedforward,3,3,1772117478,1724103795,mlp,feedforward,5,0.044769043092131616,0.10011996936053037,0.969,,,,,,,,,,,,
2026-03-28T14:48:49,comparison_condition_mlp_feedforward_20260328_140605,mlp_feedforward,3,3,1772117478,1724103795,mlp,feedforward,6,0.03539771246433258,0.1040702284919098,0.9693,,,,,,,,,,,,
2026-03-28T14:49:29,comparison_condition_mlp_feedforward_20260328_140605,mlp_feedforward,3,3,1772117478,1724103795,mlp,feedforward,7,0.026710627763271332,0.10465290194936097,0.9726,,,,,,,,,,,,
2026-03-28T14:50:10,comparison_condition_mlp_feedforward_20260328_140605,mlp_feedforward,3,3,1772117478,1724103795,mlp,feedforward,8,0.026675221003592015,0.10529435812865268,0.9726,,,,,,,,,,,,
2026-03-28T14:50:49,comparison_condition_mlp_feedforward_20260328_140605,mlp_feedforward,3,3,1772117478,1724103795,mlp,feedforward,9,0.02488615768492222,0.09783986091688275,0.9743,,,,,,,,,,,,
2026-03-28T14:51:26,comparison_condition_mlp_feedforward_20260328_140605,mlp_feedforward,3,3,1772117478,1724103795,mlp,feedforward,10,0.018887186510786413,0.11693701680004596,0.9711,,,,,,,,,,,,
2026-03-28T14:51:51,comparison_condition_mlp_feedforward_20260328_140605,mlp_feedforward,3,3,1772117478,1724103795,mlp,feedforward,11,0.018713684675246478,0.10454351554531605,0.9747,,,,,,,,,,,,
2026-03-28T14:52:30,comparison_condition_mlp_feedforward_20260328_140605,mlp_feedforward,3,3,1772117478,1724103795,mlp,feedforward,12,0.014674647036641836,0.10916873185820877,0.9738,,,,,,,,,,,,
2026-03-28T14:53:09,comparison_condition_mlp_feedforward_20260328_140605,mlp_feedforward,3,3,1772117478,1724103795,mlp,feedforward,13,0.014859825322777033,0.10598286403417587,0.9762,,,,,,,,,,,,
2026-03-28T14:53:46,comparison_condition_mlp_feedforward_20260328_140605,mlp_feedforward,3,3,1772117478,1724103795,mlp,feedforward,14,0.012014308335296809,0.10935202622257639,0.9721,,,,,,,,,,,,
2026-03-28T14:54:24,comparison_condition_mlp_feedforward_20260328_140605,mlp_feedforward,3,3,1772117478,1724103795,mlp,feedforward,15,0.014996909351442008,0.11025812152242288,0.9763,,,,,,,,,,,,
2026-03-28T14:54:53,comparison_condition_mlp_feedforward_20260328_140605,mlp_feedforward,3,3,1772117478,1724103795,mlp,feedforward,16,0.01411101227324456,0.12953192506101913,0.973,,,,,,,,,,,,
2026-03-28T14:55:09,comparison_condition_mlp_feedforward_20260328_140605,mlp_feedforward,3,3,1772117478,1724103795,mlp,feedforward,17,0.012306185256913304,0.10393798496826785,0.9795,,,,,,,,,,,,
2026-03-28T14:55:26,comparison_condition_mlp_feedforward_20260328_140605,mlp_feedforward,3,3,1772117478,1724103795,mlp,feedforward,18,0.01268600002521649,0.13477636603466236,0.971,,,,,,,,,,,,
2026-03-28T14:55:45,comparison_condition_mlp_feedforward_20260328_140605,mlp_feedforward,3,3,1772117478,1724103795,mlp,feedforward,19,0.01533113018264994,0.14478625584607943,0.9717,,,,,,,,,,,,
2026-03-28T14:56:03,comparison_condition_mlp_feedforward_20260328_140605,mlp_feedforward,3,3,1772117478,1724103795,mlp,feedforward,20,0.010652676803488284,0.12169307814519853,0.9742,,,,,,,,,,,,
2026-03-28T14:56:21,comparison_condition_mlp_feedforward_20260328_140605,mlp_feedforward,3,3,1772117478,1724103795,mlp,feedforward,21,0.008017520759543404,0.12991333217024803,0.975,,,,,,,,,,,,
2026-03-28T14:56:37,comparison_condition_mlp_feedforward_20260328_140605,mlp_feedforward,3,3,1772117478,1724103795,mlp,feedforward,22,0.009565332242976874,0.12051143700722022,0.9776,,,,,,,,,,,,
2026-03-28T14:56:53,comparison_condition_mlp_feedforward_20260328_140605,mlp_feedforward,3,3,1772117478,1724103795,mlp,feedforward,23,0.010326541868019849,0.14189945637322962,0.9756,,,,,,,,,,,,
2026-03-28T14:57:08,comparison_condition_mlp_feedforward_20260328_140605,mlp_feedforward,3,3,1772117478,1724103795,mlp,feedforward,24,0.007535436982836109,0.1358461597818736,0.9773,,,,,,,,,,,,
2026-03-28T14:57:24,comparison_condition_mlp_feedforward_20260328_140605,mlp_feedforward,3,3,1772117478,1724103795,mlp,feedforward,25,0.009299779324186967,0.13044823037518108,0.9759,,,,,,,,,,,,
2026-03-28T14:57:45,comparison_condition_mlp_feedforward_20260328_140605,mlp_feedforward,4,4,641324193,1836395613,mlp,feedforward,1,0.27658212456703185,0.14060489828586578,0.9584,,,,,,,,,,,,
2026-03-28T14:58:03,comparison_condition_mlp_feedforward_20260328_140605,mlp_feedforward,4,4,641324193,1836395613,mlp,feedforward,2,0.11220925578594208,0.114259952044487,0.9672,,,,,,,,,,,,
2026-03-28T14:58:20,comparison_condition_mlp_feedforward_20260328_140605,mlp_feedforward,4,4,641324193,1836395613,mlp,feedforward,3,0.07651308405518532,0.09875650390386581,0.9719,,,,,,,,,,,,
2026-03-28T14:58:38,comparison_condition_mlp_feedforward_20260328_140605,mlp_feedforward,4,4,641324193,1836395613,mlp,feedforward,4,0.057512581684589385,0.09909785451889037,0.9718,,,,,,,,,,,,
2026-03-28T14:58:55,comparison_condition_mlp_feedforward_20260328_140605,mlp_feedforward,4,4,641324193,1836395613,mlp,feedforward,5,0.04568324973225594,0.09854737332463265,0.974,,,,,,,,,,,,
2026-03-28T14:59:12,comparison_condition_mlp_feedforward_20260328_140605,mlp_feedforward,4,4,641324193,1836395613,mlp,feedforward,6,0.03599171020030975,0.0925784048140049,0.9745,,,,,,,,,,,,
2026-03-28T14:59:29,comparison_condition_mlp_feedforward_20260328_140605,mlp_feedforward,4,4,641324193,1836395613,mlp,feedforward,7,0.031096794706881047,0.09913698062300683,0.9755,,,,,,,,,,,,
2026-03-28T14:59:46,comparison_condition_mlp_feedforward_20260328_140605,mlp_feedforward,4,4,641324193,1836395613,mlp,feedforward,8,0.023417387621998787,0.10752185312509537,0.9712,,,,,,,,,,,,
2026-03-28T15:00:05,comparison_condition_mlp_feedforward_20260328_140605,mlp_feedforward,4,4,641324193,1836395613,mlp,feedforward,9,0.01962040467351675,0.09499322799444199,0.9772,,,,,,,,,,,,
2026-03-28T15:00:21,comparison_condition_mlp_feedforward_20260328_140605,mlp_feedforward,4,4,641324193,1836395613,mlp,feedforward,10,0.023106424312591554,0.13609518282413482,0.9673,,,,,,,,,,,,
2026-03-28T15:00:36,comparison_condition_mlp_feedforward_20260328_140605,mlp_feedforward,4,4,641324193,1836395613,mlp,feedforward,11,0.019702666756287218,0.11567964938282967,0.9758,,,,,,,,,,,,
2026-03-28T15:00:52,comparison_condition_mlp_feedforward_20260328_140605,mlp_feedforward,4,4,641324193,1836395613,mlp,feedforward,12,0.019390342393256724,0.13329518721103667,0.9716,,,,,,,,,,,,
2026-03-28T15:01:08,comparison_condition_mlp_feedforward_20260328_140605,mlp_feedforward,4,4,641324193,1836395613,mlp,feedforward,13,0.015062186246216297,0.12096796794533729,0.9759,,,,,,,,,,,,
2026-03-28T15:01:26,comparison_condition_mlp_feedforward_20260328_140605,mlp_feedforward,4,4,641324193,1836395613,mlp,feedforward,14,0.013080522773489357,0.13577823683023452,0.9725,,,,,,,,,,,,
2026-03-28T15:01:43,comparison_condition_mlp_feedforward_20260328_140605,mlp_feedforward,4,4,641324193,1836395613,mlp,feedforward,15,0.015133314167819918,0.12090862887501716,0.9779,,,,,,,,,,,,
2026-03-28T15:02:01,comparison_condition_mlp_feedforward_20260328_140605,mlp_feedforward,4,4,641324193,1836395613,mlp,feedforward,16,0.012332689287103713,0.11882511667907238,0.9771,,,,,,,,,,,,
2026-03-28T15:02:19,comparison_condition_mlp_feedforward_20260328_140605,mlp_feedforward,4,4,641324193,1836395613,mlp,feedforward,17,0.01209719380153343,0.14091123980879783,0.9752,,,,,,,,,,,,
2026-03-28T15:02:36,comparison_condition_mlp_feedforward_20260328_140605,mlp_feedforward,4,4,641324193,1836395613,mlp,feedforward,18,0.013182644962482155,0.126509164378047,0.9782,,,,,,,,,,,,
2026-03-28T15:02:52,comparison_condition_mlp_feedforward_20260328_140605,mlp_feedforward,4,4,641324193,1836395613,mlp,feedforward,19,0.013005392414648086,0.13705531375147403,0.976,,,,,,,,,,,,
2026-03-28T15:03:08,comparison_condition_mlp_feedforward_20260328_140605,mlp_feedforward,4,4,641324193,1836395613,mlp,feedforward,20,0.01446530998381786,0.12205046856999398,0.9768,,,,,,,,,,,,
2026-03-28T15:03:23,comparison_condition_mlp_feedforward_20260328_140605,mlp_feedforward,4,4,641324193,1836395613,mlp,feedforward,21,0.007021726742312312,0.1483280395820737,0.9779,,,,,,,,,,,,
2026-03-28T15:03:42,comparison_condition_mlp_feedforward_20260328_140605,mlp_feedforward,4,4,641324193,1836395613,mlp,feedforward,22,0.012960232855314389,0.14055480566620826,0.9777,,,,,,,,,,,,
2026-03-28T15:03:59,comparison_condition_mlp_feedforward_20260328_140605,mlp_feedforward,4,4,641324193,1836395613,mlp,feedforward,23,0.010300918788104319,0.13359541398584843,0.9778,,,,,,,,,,,,
2026-03-28T15:04:16,comparison_condition_mlp_feedforward_20260328_140605,mlp_feedforward,4,4,641324193,1836395613,mlp,feedforward,24,0.005343463390404359,0.1451411485671997,0.9764,,,,,,,,,,,,
2026-03-28T15:04:34,comparison_condition_mlp_feedforward_20260328_140605,mlp_feedforward,4,4,641324193,1836395613,mlp,feedforward,25,0.0068672590454958845,0.13004386593997477,0.9786,,,,,,,,,,,,
2026-03-28T15:04:57,comparison_condition_mlp_feedforward_20260328_140605,mlp_feedforward,5,5,791158067,2000992392,mlp,feedforward,1,0.28845915397167204,0.1572270124077797,0.9529,,,,,,,,,,,,
2026-03-28T15:05:15,comparison_condition_mlp_feedforward_20260328_140605,mlp_feedforward,5,5,791158067,2000992392,mlp,feedforward,2,0.11697578361034393,0.1309788902759552,0.9611,,,,,,,,,,,,
2026-03-28T15:05:31,comparison_condition_mlp_feedforward_20260328_140605,mlp_feedforward,5,5,791158067,2000992392,mlp,feedforward,3,0.07952137032032013,0.10635930851995945,0.9664,,,,,,,,,,,,
2026-03-28T15:05:47,comparison_condition_mlp_feedforward_20260328_140605,mlp_feedforward,5,5,791158067,2000992392,mlp,feedforward,4,0.062406596314907074,0.09653206175863743,0.971,,,,,,,,,,,,
2026-03-28T15:06:04,comparison_condition_mlp_feedforward_20260328_140605,mlp_feedforward,5,5,791158067,2000992392,mlp,feedforward,5,0.045896124315559866,0.0861352796420455,0.9727,,,,,,,,,,,,
2026-03-28T15:06:22,comparison_condition_mlp_feedforward_20260328_140605,mlp_feedforward,5,5,791158067,2000992392,mlp,feedforward,6,0.037845316747426985,0.10029306432902813,0.9726,,,,,,,,,,,,
2026-03-28T15:06:41,comparison_condition_mlp_feedforward_20260328_140605,mlp_feedforward,5,5,791158067,2000992392,mlp,feedforward,7,0.029801085465103388,0.09625959458686412,0.9738,,,,,,,,,,,,
2026-03-28T15:06:57,comparison_condition_mlp_feedforward_20260328_140605,mlp_feedforward,5,5,791158067,2000992392,mlp,feedforward,8,0.025833471587598324,0.09207502432614564,0.9755,,,,,,,,,,,,
2026-03-28T15:07:13,comparison_condition_mlp_feedforward_20260328_140605,mlp_feedforward,5,5,791158067,2000992392,mlp,feedforward,9,0.02164246012479067,0.09968508756458759,0.9765,,,,,,,,,,,,
2026-03-28T15:07:29,comparison_condition_mlp_feedforward_20260328_140605,mlp_feedforward,5,5,791158067,2000992392,mlp,feedforward,10,0.02008318483777344,0.10944984805006534,0.9741,,,,,,,,,,,,
2026-03-28T15:07:45,comparison_condition_mlp_feedforward_20260328_140605,mlp_feedforward,5,5,791158067,2000992392,mlp,feedforward,11,0.01674160017363727,0.10978333241543732,0.9745,,,,,,,,,,,,
2026-03-28T15:08:03,comparison_condition_mlp_feedforward_20260328_140605,mlp_feedforward,5,5,791158067,2000992392,mlp,feedforward,12,0.021300140948742628,0.09106651534307748,0.9772,,,,,,,,,,,,
2026-03-28T15:08:21,comparison_condition_mlp_feedforward_20260328_140605,mlp_feedforward,5,5,791158067,2000992392,mlp,feedforward,13,0.014188685512915253,0.10175325389560312,0.976,,,,,,,,,,,,
2026-03-28T15:08:39,comparison_condition_mlp_feedforward_20260328_140605,mlp_feedforward,5,5,791158067,2000992392,mlp,feedforward,14,0.008985772906094789,0.11724695752371335,0.9747,,,,,,,,,,,,
2026-03-28T15:08:57,comparison_condition_mlp_feedforward_20260328_140605,mlp_feedforward,5,5,791158067,2000992392,mlp,feedforward,15,0.017734278249815105,0.10631670269854367,0.9763,,,,,,,,,,,,
2026-03-28T15:09:14,comparison_condition_mlp_feedforward_20260328_140605,mlp_feedforward,5,5,791158067,2000992392,mlp,feedforward,16,0.012678309572404251,0.12259713188698515,0.9745,,,,,,,,,,,,
2026-03-28T15:09:31,comparison_condition_mlp_feedforward_20260328_140605,mlp_feedforward,5,5,791158067,2000992392,mlp,feedforward,17,0.011621112346351147,0.11688474920270965,0.9777,,,,,,,,,,,,
2026-03-28T15:09:47,comparison_condition_mlp_feedforward_20260328_140605,mlp_feedforward,5,5,791158067,2000992392,mlp,feedforward,18,0.016354880543742328,0.12876751059368252,0.9723,,,,,,,,,,,,
2026-03-28T15:10:03,comparison_condition_mlp_feedforward_20260328_140605,mlp_feedforward,5,5,791158067,2000992392,mlp,feedforward,19,0.01088266163084656,0.11915265540853143,0.9756,,,,,,,,,,,,
2026-03-28T15:10:20,comparison_condition_mlp_feedforward_20260328_140605,mlp_feedforward,5,5,791158067,2000992392,mlp,feedforward,20,0.007668517355751246,0.11154203979924787,0.9792,,,,,,,,,,,,
2026-03-28T15:10:38,comparison_condition_mlp_feedforward_20260328_140605,mlp_feedforward,5,5,791158067,2000992392,mlp,feedforward,21,0.012831694717833306,0.12253525071656332,0.9783,,,,,,,,,,,,
2026-03-28T15:10:56,comparison_condition_mlp_feedforward_20260328_140605,mlp_feedforward,5,5,791158067,2000992392,mlp,feedforward,22,0.013960788052747957,0.13704242042247206,0.9756,,,,,,,,,,,,
2026-03-28T15:11:14,comparison_condition_mlp_feedforward_20260328_140605,mlp_feedforward,5,5,791158067,2000992392,mlp,feedforward,23,0.006272901138495654,0.1312943804843715,0.9772,,,,,,,,,,,,
2026-03-28T15:11:30,comparison_condition_mlp_feedforward_20260328_140605,mlp_feedforward,5,5,791158067,2000992392,mlp,feedforward,24,0.007605954259069404,0.15432682024240493,0.9739,,,,,,,,,,,,
2026-03-28T15:11:46,comparison_condition_mlp_feedforward_20260328_140605,mlp_feedforward,5,5,791158067,2000992392,mlp,feedforward,25,0.015879624971798623,0.1813927637025714,0.9699,,,,,,,,,,,,
2026-03-28T15:12:06,comparison_condition_mlp_feedforward_20260328_140605,mlp_feedforward,6,6,415884586,580346373,mlp,feedforward,1,0.30373604290485384,0.16723728232383728,0.9514,,,,,,,,,,,,
2026-03-28T15:12:22,comparison_condition_mlp_feedforward_20260328_140605,mlp_feedforward,6,6,415884586,580346373,mlp,feedforward,2,0.11884999064922333,0.12251726107597351,0.9654,,,,,,,,,,,,
2026-03-28T15:12:37,comparison_condition_mlp_feedforward_20260328_140605,mlp_feedforward,6,6,415884586,580346373,mlp,feedforward,3,0.07857995775461196,0.11452288703918458,0.9673,,,,,,,,,,,,
2026-03-28T15:12:53,comparison_condition_mlp_feedforward_20260328_140605,mlp_feedforward,6,6,415884586,580346373,mlp,feedforward,4,0.0600168870973587,0.11035533499717712,0.9699,,,,,,,,,,,,
2026-03-28T15:13:09,comparison_condition_mlp_feedforward_20260328_140605,mlp_feedforward,6,6,415884586,580346373,mlp,feedforward,5,0.044175484285354616,0.10977855620384216,0.9692,,,,,,,,,,,,
2026-03-28T15:13:25,comparison_condition_mlp_feedforward_20260328_140605,mlp_feedforward,6,6,415884586,580346373,mlp,feedforward,6,0.037923694845736024,0.10239993133544922,0.973,,,,,,,,,,,,
2026-03-28T15:13:40,comparison_condition_mlp_feedforward_20260328_140605,mlp_feedforward,6,6,415884586,580346373,mlp,feedforward,7,0.02831698033452034,0.10891137332916259,0.9731,,,,,,,,,,,,
2026-03-28T15:13:55,comparison_condition_mlp_feedforward_20260328_140605,mlp_feedforward,6,6,415884586,580346373,mlp,feedforward,8,0.025603263878971338,0.11894578430652618,0.9712,,,,,,,,,,,,
2026-03-28T15:14:11,comparison_condition_mlp_feedforward_20260328_140605,mlp_feedforward,6,6,415884586,580346373,mlp,feedforward,9,0.025206401311159133,0.1265515387058258,0.9725,,,,,,,,,,,,
2026-03-28T15:14:26,comparison_condition_mlp_feedforward_20260328_140605,mlp_feedforward,6,6,415884586,580346373,mlp,feedforward,10,0.01945353850275278,0.11683943936228752,0.9729,,,,,,,,,,,,
2026-03-28T15:14:42,comparison_condition_mlp_feedforward_20260328_140605,mlp_feedforward,6,6,415884586,580346373,mlp,feedforward,11,0.01434586620822549,0.11235832389593124,0.974,,,,,,,,,,,,
2026-03-28T15:14:58,comparison_condition_mlp_feedforward_20260328_140605,mlp_feedforward,6,6,415884586,580346373,mlp,feedforward,12,0.018150251059085132,0.12363659709692001,0.9741,,,,,,,,,,,,
2026-03-28T15:15:14,comparison_condition_mlp_feedforward_20260328_140605,mlp_feedforward,6,6,415884586,580346373,mlp,feedforward,13,0.01506264934912324,0.1375321053624153,0.974,,,,,,,,,,,,
2026-03-28T15:15:30,comparison_condition_mlp_feedforward_20260328_140605,mlp_feedforward,6,6,415884586,580346373,mlp,feedforward,14,0.01828163322277367,0.14589825357496738,0.9704,,,,,,,,,,,,
2026-03-28T15:15:46,comparison_condition_mlp_feedforward_20260328_140605,mlp_feedforward,6,6,415884586,580346373,mlp,feedforward,15,0.016011817347742617,0.13101969887018203,0.9754,,,,,,,,,,,,
2026-03-28T15:16:02,comparison_condition_mlp_feedforward_20260328_140605,mlp_feedforward,6,6,415884586,580346373,mlp,feedforward,16,0.01477408793400973,0.11975959244295954,0.9769,,,,,,,,,,,,
2026-03-28T15:16:18,comparison_condition_mlp_feedforward_20260328_140605,mlp_feedforward,6,6,415884586,580346373,mlp,feedforward,17,0.007181908811081666,0.12444211496189236,0.9774,,,,,,,,,,,,
2026-03-28T15:16:34,comparison_condition_mlp_feedforward_20260328_140605,mlp_feedforward,6,6,415884586,580346373,mlp,feedforward,18,0.009576171309323981,0.14378842647075654,0.9748,,,,,,,,,,,,
2026-03-28T15:16:49,comparison_condition_mlp_feedforward_20260328_140605,mlp_feedforward,6,6,415884586,580346373,mlp,feedforward,19,0.016088557189609855,0.1501657902300358,0.9746,,,,,,,,,,,,
2026-03-28T15:17:05,comparison_condition_mlp_feedforward_20260328_140605,mlp_feedforward,6,6,415884586,580346373,mlp,feedforward,20,0.01480557076827623,0.1334790080666542,0.9751,,,,,,,,,,,,
2026-03-28T15:17:21,comparison_condition_mlp_feedforward_20260328_140605,mlp_feedforward,6,6,415884586,580346373,mlp,feedforward,21,0.006865680928649381,0.16905716090202333,0.9707,,,,,,,,,,,,
2026-03-28T15:17:37,comparison_condition_mlp_feedforward_20260328_140605,mlp_feedforward,6,6,415884586,580346373,mlp,feedforward,22,0.011446731091933325,0.1582567279279232,0.9723,,,,,,,,,,,,
2026-03-28T15:17:53,comparison_condition_mlp_feedforward_20260328_140605,mlp_feedforward,6,6,415884586,580346373,mlp,feedforward,23,0.012193934698421508,0.16977174124121666,0.9736,,,,,,,,,,,,
2026-03-28T15:18:10,comparison_condition_mlp_feedforward_20260328_140605,mlp_feedforward,6,6,415884586,580346373,mlp,feedforward,24,0.00922133334430866,0.16927289992570876,0.9739,,,,,,,,,,,,
2026-03-28T15:18:26,comparison_condition_mlp_feedforward_20260328_140605,mlp_feedforward,6,6,415884586,580346373,mlp,feedforward,25,0.009220731108137406,0.1567119863972068,0.9745,,,,,,,,,,,,
2026-03-28T15:18:48,comparison_condition_mlp_feedforward_20260328_140605,mlp_feedforward,7,7,1215493282,936793384,mlp,feedforward,1,0.288566621799469,0.16129449313282967,0.9533,,,,,,,,,,,,
2026-03-28T15:19:04,comparison_condition_mlp_feedforward_20260328_140605,mlp_feedforward,7,7,1215493282,936793384,mlp,feedforward,2,0.11712486440658569,0.13414128002673387,0.9597,,,,,,,,,,,,
2026-03-28T15:19:20,comparison_condition_mlp_feedforward_20260328_140605,mlp_feedforward,7,7,1215493282,936793384,mlp,feedforward,3,0.07863802572131157,0.11554953148365021,0.967,,,,,,,,,,,,
2026-03-28T15:19:36,comparison_condition_mlp_feedforward_20260328_140605,mlp_feedforward,7,7,1215493282,936793384,mlp,feedforward,4,0.05819154011011124,0.10841699227169156,0.9697,,,,,,,,,,,,
2026-03-28T15:19:52,comparison_condition_mlp_feedforward_20260328_140605,mlp_feedforward,7,7,1215493282,936793384,mlp,feedforward,5,0.04679359957277775,0.115770222876966,0.9692,,,,,,,,,,,,
2026-03-28T15:20:08,comparison_condition_mlp_feedforward_20260328_140605,mlp_feedforward,7,7,1215493282,936793384,mlp,feedforward,6,0.03314301886200905,0.10580214501321315,0.9727,,,,,,,,,,,,
2026-03-28T15:20:24,comparison_condition_mlp_feedforward_20260328_140605,mlp_feedforward,7,7,1215493282,936793384,mlp,feedforward,7,0.02826152232646942,0.11333961893059313,0.9717,,,,,,,,,,,,
2026-03-28T15:20:41,comparison_condition_mlp_feedforward_20260328_140605,mlp_feedforward,7,7,1215493282,936793384,mlp,feedforward,8,0.024695201039761305,0.13181198543407954,0.9711,,,,,,,,,,,,
2026-03-28T15:20:59,comparison_condition_mlp_feedforward_20260328_140605,mlp_feedforward,7,7,1215493282,936793384,mlp,feedforward,9,0.02209678432226181,0.1233580368295312,0.9738,,,,,,,,,,,,
2026-03-28T15:21:15,comparison_condition_mlp_feedforward_20260328_140605,mlp_feedforward,7,7,1215493282,936793384,mlp,feedforward,10,0.01788790012948215,0.13456209574341774,0.9698,,,,,,,,,,,,
2026-03-28T15:21:31,comparison_condition_mlp_feedforward_20260328_140605,mlp_feedforward,7,7,1215493282,936793384,mlp,feedforward,11,0.01567084465637803,0.1312867669824511,0.9723,,,,,,,,,,,,
2026-03-28T15:21:48,comparison_condition_mlp_feedforward_20260328_140605,mlp_feedforward,7,7,1215493282,936793384,mlp,feedforward,12,0.017698051333874466,0.136182058289228,0.9701,,,,,,,,,,,,
2026-03-28T15:22:05,comparison_condition_mlp_feedforward_20260328_140605,mlp_feedforward,7,7,1215493282,936793384,mlp,feedforward,13,0.01598751217894256,0.13661283924138407,0.9728,,,,,,,,,,,,
2026-03-28T15:22:22,comparison_condition_mlp_feedforward_20260328_140605,mlp_feedforward,7,7,1215493282,936793384,mlp,feedforward,14,0.01733402273334563,0.14913517588106914,0.9717,,,,,,,,,,,,
2026-03-28T15:22:39,comparison_condition_mlp_feedforward_20260328_140605,mlp_feedforward,7,7,1215493282,936793384,mlp,feedforward,15,0.014654676998108625,0.14148387118577957,0.971,,,,,,,,,,,,
2026-03-28T15:22:55,comparison_condition_mlp_feedforward_20260328_140605,mlp_feedforward,7,7,1215493282,936793384,mlp,feedforward,16,0.00927696114404127,0.14506414336934687,0.9735,,,,,,,,,,,,
2026-03-28T15:23:11,comparison_condition_mlp_feedforward_20260328_140605,mlp_feedforward,7,7,1215493282,936793384,mlp,feedforward,17,0.011815709365010262,0.15405113675575705,0.9734,,,,,,,,,,,,
2026-03-28T15:23:27,comparison_condition_mlp_feedforward_20260328_140605,mlp_feedforward,7,7,1215493282,936793384,mlp,feedforward,18,0.011284841309115291,0.1524569310098421,0.9757,,,,,,,,,,,,
2026-03-28T15:23:43,comparison_condition_mlp_feedforward_20260328_140605,mlp_feedforward,7,7,1215493282,936793384,mlp,feedforward,19,0.009416820246586577,0.15951513310890877,0.9741,,,,,,,,,,,,
2026-03-28T15:24:00,comparison_condition_mlp_feedforward_20260328_140605,mlp_feedforward,7,7,1215493282,936793384,mlp,feedforward,20,0.011203989730607718,0.1562087378409342,0.9747,,,,,,,,,,,,
2026-03-28T15:24:17,comparison_condition_mlp_feedforward_20260328_140605,mlp_feedforward,7,7,1215493282,936793384,mlp,feedforward,21,0.012768899830931333,0.16053200419843197,0.9741,,,,,,,,,,,,
2026-03-28T15:24:34,comparison_condition_mlp_feedforward_20260328_140605,mlp_feedforward,7,7,1215493282,936793384,mlp,feedforward,22,0.008255129810431971,0.1430003396585409,0.9777,,,,,,,,,,,,
2026-03-28T15:24:51,comparison_condition_mlp_feedforward_20260328_140605,mlp_feedforward,7,7,1215493282,936793384,mlp,feedforward,23,0.009386064246967436,0.17814029304933793,0.9745,,,,,,,,,,,,
2026-03-28T15:25:07,comparison_condition_mlp_feedforward_20260328_140605,mlp_feedforward,7,7,1215493282,936793384,mlp,feedforward,24,0.013640032610613853,0.1719424190996615,0.9734,,,,,,,,,,,,
2026-03-28T15:25:23,comparison_condition_mlp_feedforward_20260328_140605,mlp_feedforward,7,7,1215493282,936793384,mlp,feedforward,25,0.007835310884881765,0.15732758311577927,0.9773,,,,,,,,,,,,
2026-03-28T15:25:44,comparison_condition_mlp_feedforward_20260328_140605,mlp_feedforward,8,8,347221957,801148508,mlp,feedforward,1,0.27837749073028567,0.13733584841489793,0.9571,,,,,,,,,,,,
2026-03-28T15:25:59,comparison_condition_mlp_feedforward_20260328_140605,mlp_feedforward,8,8,347221957,801148508,mlp,feedforward,2,0.11254227719783783,0.12428603338003158,0.9608,,,,,,,,,,,,
2026-03-28T15:26:16,comparison_condition_mlp_feedforward_20260328_140605,mlp_feedforward,8,8,347221957,801148508,mlp,feedforward,3,0.07835056586176158,0.10284128638505936,0.9677,,,,,,,,,,,,
2026-03-28T15:26:31,comparison_condition_mlp_feedforward_20260328_140605,mlp_feedforward,8,8,347221957,801148508,mlp,feedforward,4,0.05802588930308819,0.09204660890102387,0.9707,,,,,,,,,,,,
2026-03-28T15:26:47,comparison_condition_mlp_feedforward_20260328_140605,mlp_feedforward,8,8,347221957,801148508,mlp,feedforward,5,0.043743023661375044,0.08751363196372985,0.9737,,,,,,,,,,,,
2026-03-28T15:27:05,comparison_condition_mlp_feedforward_20260328_140605,mlp_feedforward,8,8,347221957,801148508,mlp,feedforward,6,0.037227785875797274,0.09384777916669845,0.9722,,,,,,,,,,,,
2026-03-28T15:27:23,comparison_condition_mlp_feedforward_20260328_140605,mlp_feedforward,8,8,347221957,801148508,mlp,feedforward,7,0.029393832451105117,0.09825072545409202,0.9734,,,,,,,,,,,,
2026-03-28T15:27:42,comparison_condition_mlp_feedforward_20260328_140605,mlp_feedforward,8,8,347221957,801148508,mlp,feedforward,8,0.024036251599490643,0.09655292165465652,0.9741,,,,,,,,,,,,
2026-03-28T15:27:58,comparison_condition_mlp_feedforward_20260328_140605,mlp_feedforward,8,8,347221957,801148508,mlp,feedforward,9,0.02167737536892295,0.09809986083209514,0.9743,,,,,,,,,,,,
2026-03-28T15:28:14,comparison_condition_mlp_feedforward_20260328_140605,mlp_feedforward,8,8,347221957,801148508,mlp,feedforward,10,0.019594776348620654,0.09609526027957908,0.9743,,,,,,,,,,,,
2026-03-28T15:28:31,comparison_condition_mlp_feedforward_20260328_140605,mlp_feedforward,8,8,347221957,801148508,mlp,feedforward,11,0.01769085030183196,0.10899316046237946,0.9745,,,,,,,,,,,,
2026-03-28T15:28:48,comparison_condition_mlp_feedforward_20260328_140605,mlp_feedforward,8,8,347221957,801148508,mlp,feedforward,12,0.01729035038933158,0.10407046454548836,0.9726,,,,,,,,,,,,
2026-03-28T15:29:04,comparison_condition_mlp_feedforward_20260328_140605,mlp_feedforward,8,8,347221957,801148508,mlp,feedforward,13,0.016258800081685187,0.11769104257822037,0.9717,,,,,,,,,,,,
2026-03-28T15:29:20,comparison_condition_mlp_feedforward_20260328_140605,mlp_feedforward,8,8,347221957,801148508,mlp,feedforward,14,0.013296523576155305,0.10868221671581269,0.9763,,,,,,,,,,,,
2026-03-28T15:29:37,comparison_condition_mlp_feedforward_20260328_140605,mlp_feedforward,8,8,347221957,801148508,mlp,feedforward,15,0.010916015699356794,0.1025720599323511,0.9763,,,,,,,,,,,,
2026-03-28T15:29:53,comparison_condition_mlp_feedforward_20260328_140605,mlp_feedforward,8,8,347221957,801148508,mlp,feedforward,16,0.014943500890247523,0.12433865681439638,0.9751,,,,,,,,,,,,
2026-03-28T15:30:10,comparison_condition_mlp_feedforward_20260328_140605,mlp_feedforward,8,8,347221957,801148508,mlp,feedforward,17,0.014086332626137883,0.13096006645087618,0.9751,,,,,,,,,,,,
2026-03-28T15:30:26,comparison_condition_mlp_feedforward_20260328_140605,mlp_feedforward,8,8,347221957,801148508,mlp,feedforward,18,0.012329060386000202,0.11316572884349152,0.9737,,,,,,,,,,,,
2026-03-28T15:30:42,comparison_condition_mlp_feedforward_20260328_140605,mlp_feedforward,8,8,347221957,801148508,mlp,feedforward,19,0.009681307619977743,0.12717147464118897,0.9761,,,,,,,,,,,,
2026-03-28T15:30:59,comparison_condition_mlp_feedforward_20260328_140605,mlp_feedforward,8,8,347221957,801148508,mlp,feedforward,20,0.016110727937612684,0.13203879092037676,0.9756,,,,,,,,,,,,
2026-03-28T15:31:15,comparison_condition_mlp_feedforward_20260328_140605,mlp_feedforward,8,8,347221957,801148508,mlp,feedforward,21,0.013535838449560106,0.11289369871914387,0.9793,,,,,,,,,,,,
2026-03-28T15:31:32,comparison_condition_mlp_feedforward_20260328_140605,mlp_feedforward,8,8,347221957,801148508,mlp,feedforward,22,0.0059088742459076455,0.1270552972426638,0.9757,,,,,,,,,,,,
2026-03-28T15:31:49,comparison_condition_mlp_feedforward_20260328_140605,mlp_feedforward,8,8,347221957,801148508,mlp,feedforward,23,0.008978342595251742,0.1250064106360078,0.9762,,,,,,,,,,,,
2026-03-28T15:32:04,comparison_condition_mlp_feedforward_20260328_140605,mlp_feedforward,8,8,347221957,801148508,mlp,feedforward,24,0.012263126631653867,0.11641807465474122,0.9785,,,,,,,,,,,,
2026-03-28T15:32:20,comparison_condition_mlp_feedforward_20260328_140605,mlp_feedforward,8,8,347221957,801148508,mlp,feedforward,25,0.009296978314004372,0.12458017180948518,0.9766,,,,,,,,,,,,
2026-03-28T15:32:41,comparison_condition_mlp_feedforward_20260328_140605,mlp_feedforward,9,9,266861098,1877275096,mlp,feedforward,1,0.2789720462608337,0.13537799937725067,0.9585,,,,,,,,,,,,
2026-03-28T15:32:58,comparison_condition_mlp_feedforward_20260328_140605,mlp_feedforward,9,9,266861098,1877275096,mlp,feedforward,2,0.1142015952515602,0.1133617667555809,0.9648,,,,,,,,,,,,
2026-03-28T15:33:16,comparison_condition_mlp_feedforward_20260328_140605,mlp_feedforward,9,9,266861098,1877275096,mlp,feedforward,3,0.07664330112218856,0.10127116039991378,0.9721,,,,,,,,,,,,
2026-03-28T15:33:35,comparison_condition_mlp_feedforward_20260328_140605,mlp_feedforward,9,9,266861098,1877275096,mlp,feedforward,4,0.05720563378095627,0.08973458873704075,0.9746,,,,,,,,,,,,
2026-03-28T15:33:54,comparison_condition_mlp_feedforward_20260328_140605,mlp_feedforward,9,9,266861098,1877275096,mlp,feedforward,5,0.04579500079154968,0.09150747744068503,0.9753,,,,,,,,,,,,
2026-03-28T15:34:12,comparison_condition_mlp_feedforward_20260328_140605,mlp_feedforward,9,9,266861098,1877275096,mlp,feedforward,6,0.03235241144567728,0.08544143519774079,0.9758,,,,,,,,,,,,
2026-03-28T15:34:30,comparison_condition_mlp_feedforward_20260328_140605,mlp_feedforward,9,9,266861098,1877275096,mlp,feedforward,7,0.02916452668249607,0.09552829640507698,0.9745,,,,,,,,,,,,
2026-03-28T15:34:47,comparison_condition_mlp_feedforward_20260328_140605,mlp_feedforward,9,9,266861098,1877275096,mlp,feedforward,8,0.02796723959028721,0.09959963570311665,0.9741,,,,,,,,,,,,
2026-03-28T15:35:03,comparison_condition_mlp_feedforward_20260328_140605,mlp_feedforward,9,9,266861098,1877275096,mlp,feedforward,9,0.023372243104577063,0.10188320084549486,0.9736,,,,,,,,,,,,
2026-03-28T15:35:19,comparison_condition_mlp_feedforward_20260328_140605,mlp_feedforward,9,9,266861098,1877275096,mlp,feedforward,10,0.01960620824381709,0.10339324625357986,0.9761,,,,,,,,,,,,
2026-03-28T15:35:36,comparison_condition_mlp_feedforward_20260328_140605,mlp_feedforward,9,9,266861098,1877275096,mlp,feedforward,11,0.015935485527962447,0.10681089111790061,0.975,,,,,,,,,,,,
2026-03-28T15:35:53,comparison_condition_mlp_feedforward_20260328_140605,mlp_feedforward,9,9,266861098,1877275096,mlp,feedforward,12,0.018312934328839185,0.10532345008803531,0.9768,,,,,,,,,,,,
2026-03-28T15:36:10,comparison_condition_mlp_feedforward_20260328_140605,mlp_feedforward,9,9,266861098,1877275096,mlp,feedforward,13,0.016987784039750695,0.11317377288495191,0.9767,,,,,,,,,,,,
2026-03-28T15:36:26,comparison_condition_mlp_feedforward_20260328_140605,mlp_feedforward,9,9,266861098,1877275096,mlp,feedforward,14,0.014538527277112008,0.12098265287280083,0.9755,,,,,,,,,,,,
2026-03-28T15:36:42,comparison_condition_mlp_feedforward_20260328_140605,mlp_feedforward,9,9,266861098,1877275096,mlp,feedforward,15,0.015064078599102795,0.11912272398610367,0.9757,,,,,,,,,,,,
2026-03-28T15:36:58,comparison_condition_mlp_feedforward_20260328_140605,mlp_feedforward,9,9,266861098,1877275096,mlp,feedforward,16,0.010847489223890007,0.12589657430937515,0.9758,,,,,,,,,,,,
2026-03-28T15:37:15,comparison_condition_mlp_feedforward_20260328_140605,mlp_feedforward,9,9,266861098,1877275096,mlp,feedforward,17,0.0070754413234815,0.1427399318838492,0.9734,,,,,,,,,,,,
2026-03-28T15:37:30,comparison_condition_mlp_feedforward_20260328_140605,mlp_feedforward,9,9,266861098,1877275096,mlp,feedforward,18,0.016778131770193577,0.14344895472247154,0.9733,,,,,,,,,,,,
2026-03-28T15:37:46,comparison_condition_mlp_feedforward_20260328_140605,mlp_feedforward,9,9,266861098,1877275096,mlp,feedforward,19,0.019677430242747068,0.12983115131301456,0.9765,,,,,,,,,,,,
2026-03-28T15:38:02,comparison_condition_mlp_feedforward_20260328_140605,mlp_feedforward,9,9,266861098,1877275096,mlp,feedforward,20,0.006719212937308475,0.13046480101365596,0.9769,,,,,,,,,,,,
2026-03-28T15:38:19,comparison_condition_mlp_feedforward_20260328_140605,mlp_feedforward,9,9,266861098,1877275096,mlp,feedforward,21,0.011286324667725712,0.14099974966260778,0.9762,,,,,,,,,,,,
2026-03-28T15:38:35,comparison_condition_mlp_feedforward_20260328_140605,mlp_feedforward,9,9,266861098,1877275096,mlp,feedforward,22,0.008811584726730362,0.14682150188215018,0.9754,,,,,,,,,,,,
2026-03-28T15:38:51,comparison_condition_mlp_feedforward_20260328_140605,mlp_feedforward,9,9,266861098,1877275096,mlp,feedforward,23,0.006897026829991955,0.1410981623824795,0.9779,,,,,,,,,,,,
2026-03-28T15:39:07,comparison_condition_mlp_feedforward_20260328_140605,mlp_feedforward,9,9,266861098,1877275096,mlp,feedforward,24,0.01243605843028752,0.14693449767412384,0.9766,,,,,,,,,,,,
2026-03-28T15:39:26,comparison_condition_mlp_feedforward_20260328_140605,mlp_feedforward,9,9,266861098,1877275096,mlp,feedforward,25,0.006976428548395633,0.1502944146752272,0.9757,,,,,,,,,,,,
2026-03-28T15:39:48,comparison_condition_mlp_feedforward_20260328_140605,mlp_feedforward,10,10,929723557,560686510,mlp,feedforward,1,0.28371917835235594,0.15146092643737794,0.9563,,,,,,,,,,,,
2026-03-28T15:40:04,comparison_condition_mlp_feedforward_20260328_140605,mlp_feedforward,10,10,929723557,560686510,mlp,feedforward,2,0.11582083925008774,0.1179419169306755,0.9636,,,,,,,,,,,,
2026-03-28T15:40:20,comparison_condition_mlp_feedforward_20260328_140605,mlp_feedforward,10,10,929723557,560686510,mlp,feedforward,3,0.07965539741635323,0.11013247784376144,0.9687,,,,,,,,,,,,
2026-03-28T15:40:36,comparison_condition_mlp_feedforward_20260328_140605,mlp_feedforward,10,10,929723557,560686510,mlp,feedforward,4,0.05767193725943565,0.12208400639146566,0.967,,,,,,,,,,,,
2026-03-28T15:40:52,comparison_condition_mlp_feedforward_20260328_140605,mlp_feedforward,10,10,929723557,560686510,mlp,feedforward,5,0.046189789304733275,0.10523900552988052,0.9716,,,,,,,,,,,,
2026-03-28T15:41:08,comparison_condition_mlp_feedforward_20260328_140605,mlp_feedforward,10,10,929723557,560686510,mlp,feedforward,6,0.035127462045550346,0.10523033822476864,0.9723,,,,,,,,,,,,
2026-03-28T15:41:26,comparison_condition_mlp_feedforward_20260328_140605,mlp_feedforward,10,10,929723557,560686510,mlp,feedforward,7,0.02940424615561962,0.11190094538331032,0.9733,,,,,,,,,,,,
2026-03-28T15:41:44,comparison_condition_mlp_feedforward_20260328_140605,mlp_feedforward,10,10,929723557,560686510,mlp,feedforward,8,0.0236196203109622,0.10436032305955886,0.9731,,,,,,,,,,,,
2026-03-28T15:42:01,comparison_condition_mlp_feedforward_20260328_140605,mlp_feedforward,10,10,929723557,560686510,mlp,feedforward,9,0.018974202028512955,0.11698375663757324,0.9729,,,,,,,,,,,,
2026-03-28T15:42:18,comparison_condition_mlp_feedforward_20260328_140605,mlp_feedforward,10,10,929723557,560686510,mlp,feedforward,10,0.018496082033216954,0.1123453848183155,0.975,,,,,,,,,,,,
2026-03-28T15:42:34,comparison_condition_mlp_feedforward_20260328_140605,mlp_feedforward,10,10,929723557,560686510,mlp,feedforward,11,0.02404125108346343,0.1101154443860054,0.9752,,,,,,,,,,,,
2026-03-28T15:42:51,comparison_condition_mlp_feedforward_20260328_140605,mlp_feedforward,10,10,929723557,560686510,mlp,feedforward,12,0.015783921988159418,0.13579817063808441,0.9727,,,,,,,,,,,,
2026-03-28T15:43:09,comparison_condition_mlp_feedforward_20260328_140605,mlp_feedforward,10,10,929723557,560686510,mlp,feedforward,13,0.013111749312616884,0.12358313491716981,0.9749,,,,,,,,,,,,
2026-03-28T15:43:28,comparison_condition_mlp_feedforward_20260328_140605,mlp_feedforward,10,10,929723557,560686510,mlp,feedforward,14,0.016093435599654912,0.1343221333384514,0.973,,,,,,,,,,,,
2026-03-28T15:43:45,comparison_condition_mlp_feedforward_20260328_140605,mlp_feedforward,10,10,929723557,560686510,mlp,feedforward,15,0.012957020396590233,0.13657940510362387,0.976,,,,,,,,,,,,
2026-03-28T15:44:01,comparison_condition_mlp_feedforward_20260328_140605,mlp_feedforward,10,10,929723557,560686510,mlp,feedforward,16,0.013380077284649015,0.1570333031654358,0.9731,,,,,,,,,,,,
2026-03-28T15:44:18,comparison_condition_mlp_feedforward_20260328_140605,mlp_feedforward,10,10,929723557,560686510,mlp,feedforward,17,0.008830256914757192,0.15058804583847524,0.9753,,,,,,,,,,,,
2026-03-28T15:44:36,comparison_condition_mlp_feedforward_20260328_140605,mlp_feedforward,10,10,929723557,560686510,mlp,feedforward,18,0.011726157993189991,0.14665026863217354,0.9747,,,,,,,,,,,,
2026-03-28T15:44:53,comparison_condition_mlp_feedforward_20260328_140605,mlp_feedforward,10,10,929723557,560686510,mlp,feedforward,19,0.012289509429198224,0.14559129425287246,0.9756,,,,,,,,,,,,
2026-03-28T15:45:09,comparison_condition_mlp_feedforward_20260328_140605,mlp_feedforward,10,10,929723557,560686510,mlp,feedforward,20,0.013935815024189651,0.15148642742037774,0.9758,,,,,,,,,,,,
2026-03-28T15:45:25,comparison_condition_mlp_feedforward_20260328_140605,mlp_feedforward,10,10,929723557,560686510,mlp,feedforward,21,0.007778051343671977,0.14338260229229927,0.9765,,,,,,,,,,,,
2026-03-28T15:45:41,comparison_condition_mlp_feedforward_20260328_140605,mlp_feedforward,10,10,929723557,560686510,mlp,feedforward,22,0.00676196213961346,0.1760473461151123,0.9726,,,,,,,,,,,,
2026-03-28T15:45:58,comparison_condition_mlp_feedforward_20260328_140605,mlp_feedforward,10,10,929723557,560686510,mlp,feedforward,23,0.012618537201918661,0.1861603835463524,0.9721,,,,,,,,,,,,
2026-03-28T15:46:17,comparison_condition_mlp_feedforward_20260328_140605,mlp_feedforward,10,10,929723557,560686510,mlp,feedforward,24,0.0169373867579503,0.16001420205831526,0.9756,,,,,,,,,,,,
2026-03-28T15:46:33,comparison_condition_mlp_feedforward_20260328_140605,mlp_feedforward,10,10,929723557,560686510,mlp,feedforward,25,0.006000691208345815,0.16028225067853927,0.9767,,,,,,,,,,,,
2026-03-28T15:46:54,comparison_condition_mlp_feedforward_20260328_140605,mlp_feedforward,11,11,1207054354,1346933383,mlp,feedforward,1,0.27974524631023406,0.14560381799936295,0.954,,,,,,,,,,,,
2026-03-28T15:47:16,comparison_condition_mlp_feedforward_20260328_140605,mlp_feedforward,11,11,1207054354,1346933383,mlp,feedforward,2,0.11209764061450958,0.1246205644607544,0.9609,,,,,,,,,,,,
2026-03-28T15:47:31,comparison_condition_mlp_feedforward_20260328_140605,mlp_feedforward,11,11,1207054354,1346933383,mlp,feedforward,3,0.07863062168121338,0.10693938862681389,0.967,,,,,,,,,,,,
2026-03-28T15:47:46,comparison_condition_mlp_feedforward_20260328_140605,mlp_feedforward,11,11,1207054354,1346933383,mlp,feedforward,4,0.05633192170500755,0.09413868723511695,0.9699,,,,,,,,,,,,
2026-03-28T15:48:00,comparison_condition_mlp_feedforward_20260328_140605,mlp_feedforward,11,11,1207054354,1346933383,mlp,feedforward,5,0.04313854543566704,0.0953655407384038,0.9712,,,,,,,,,,,,
2026-03-28T15:48:14,comparison_condition_mlp_feedforward_20260328_140605,mlp_feedforward,11,11,1207054354,1346933383,mlp,feedforward,6,0.037720732700228694,0.08573137019611896,0.9752,,,,,,,,,,,,
2026-03-28T15:48:28,comparison_condition_mlp_feedforward_20260328_140605,mlp_feedforward,11,11,1207054354,1346933383,mlp,feedforward,7,0.03097149220407009,0.086839480035007,0.9751,,,,,,,,,,,,
2026-03-28T15:48:42,comparison_condition_mlp_feedforward_20260328_140605,mlp_feedforward,11,11,1207054354,1346933383,mlp,feedforward,8,0.02463543887734413,0.09381649638451636,0.9749,,,,,,,,,,,,
2026-03-28T15:48:56,comparison_condition_mlp_feedforward_20260328_140605,mlp_feedforward,11,11,1207054354,1346933383,mlp,feedforward,9,0.0197502794572711,0.10308155066147447,0.9716,,,,,,,,,,,,
2026-03-28T15:49:10,comparison_condition_mlp_feedforward_20260328_140605,mlp_feedforward,11,11,1207054354,1346933383,mlp,feedforward,10,0.019424154118001462,0.09084286378929392,0.9767,,,,,,,,,,,,
2026-03-28T15:49:24,comparison_condition_mlp_feedforward_20260328_140605,mlp_feedforward,11,11,1207054354,1346933383,mlp,feedforward,11,0.017859415227361022,0.09658948704823851,0.9759,,,,,,,,,,,,
2026-03-28T15:49:38,comparison_condition_mlp_feedforward_20260328_140605,mlp_feedforward,11,11,1207054354,1346933383,mlp,feedforward,12,0.01301932695671916,0.12344860785296187,0.9698,,,,,,,,,,,,
2026-03-28T15:49:52,comparison_condition_mlp_feedforward_20260328_140605,mlp_feedforward,11,11,1207054354,1346933383,mlp,feedforward,13,0.015984726033881305,0.10050471519827843,0.9765,,,,,,,,,,,,
2026-03-28T15:50:06,comparison_condition_mlp_feedforward_20260328_140605,mlp_feedforward,11,11,1207054354,1346933383,mlp,feedforward,14,0.01713888386875391,0.10525135904205964,0.9754,,,,,,,,,,,,
2026-03-28T15:50:25,comparison_condition_mlp_feedforward_20260328_140605,mlp_feedforward,11,11,1207054354,1346933383,mlp,feedforward,15,0.01626696394883096,0.10097034293542383,0.9779,,,,,,,,,,,,
2026-03-28T15:50:43,comparison_condition_mlp_feedforward_20260328_140605,mlp_feedforward,11,11,1207054354,1346933383,mlp,feedforward,16,0.014898557918518782,0.10646752432212234,0.9784,,,,,,,,,,,,
2026-03-28T15:50:59,comparison_condition_mlp_feedforward_20260328_140605,mlp_feedforward,11,11,1207054354,1346933383,mlp,feedforward,17,0.015080695697963237,0.11091141461301594,0.9765,,,,,,,,,,,,
2026-03-28T15:51:15,comparison_condition_mlp_feedforward_20260328_140605,mlp_feedforward,11,11,1207054354,1346933383,mlp,feedforward,18,0.013757279891166836,0.11933021067604423,0.9759,,,,,,,,,,,,
2026-03-28T15:51:31,comparison_condition_mlp_feedforward_20260328_140605,mlp_feedforward,11,11,1207054354,1346933383,mlp,feedforward,19,0.008545333355627955,0.11028647504821419,0.9779,,,,,,,,,,,,
2026-03-28T15:51:47,comparison_condition_mlp_feedforward_20260328_140605,mlp_feedforward,11,11,1207054354,1346933383,mlp,feedforward,20,0.00916316485080868,0.1370125783741474,0.9749,,,,,,,,,,,,
2026-03-28T15:52:03,comparison_condition_mlp_feedforward_20260328_140605,mlp_feedforward,11,11,1207054354,1346933383,mlp,feedforward,21,0.012934231417551637,0.13334641205221415,0.9745,,,,,,,,,,,,
2026-03-28T15:52:18,comparison_condition_mlp_feedforward_20260328_140605,mlp_feedforward,11,11,1207054354,1346933383,mlp,feedforward,22,0.013473022742979228,0.1280122972946614,0.9742,,,,,,,,,,,,
2026-03-28T15:52:34,comparison_condition_mlp_feedforward_20260328_140605,mlp_feedforward,11,11,1207054354,1346933383,mlp,feedforward,23,0.008541041603905614,0.10249497925341129,0.9807,,,,,,,,,,,,
2026-03-28T15:52:51,comparison_condition_mlp_feedforward_20260328_140605,mlp_feedforward,11,11,1207054354,1346933383,mlp,feedforward,24,0.005946104833362624,0.11736749246777035,0.9773,,,,,,,,,,,,
2026-03-28T15:53:06,comparison_condition_mlp_feedforward_20260328_140605,mlp_feedforward,11,11,1207054354,1346933383,mlp,feedforward,25,0.008664405502062291,0.12714587575644254,0.9756,,,,,,,,,,,,
2026-03-28T15:53:27,comparison_condition_mlp_feedforward_20260328_140605,mlp_feedforward,12,12,374399940,1313764614,mlp,feedforward,1,0.2846084677553177,0.1553776937149465,0.954,,,,,,,,,,,,
2026-03-28T15:53:43,comparison_condition_mlp_feedforward_20260328_140605,mlp_feedforward,12,12,374399940,1313764614,mlp,feedforward,2,0.11245385139465332,0.11458412974216044,0.967,,,,,,,,,,,,
2026-03-28T15:53:59,comparison_condition_mlp_feedforward_20260328_140605,mlp_feedforward,12,12,374399940,1313764614,mlp,feedforward,3,0.0779835962498188,0.11801778190555051,0.9662,,,,,,,,,,,,
2026-03-28T15:54:15,comparison_condition_mlp_feedforward_20260328_140605,mlp_feedforward,12,12,374399940,1313764614,mlp,feedforward,4,0.05926096844255924,0.10186656883712858,0.9698,,,,,,,,,,,,
2026-03-28T15:54:31,comparison_condition_mlp_feedforward_20260328_140605,mlp_feedforward,12,12,374399940,1313764614,mlp,feedforward,5,0.0465949183601141,0.10677474934868514,0.9688,,,,,,,,,,,,
2026-03-28T15:54:46,comparison_condition_mlp_feedforward_20260328_140605,mlp_feedforward,12,12,374399940,1313764614,mlp,feedforward,6,0.0345136657679081,0.10973905670046806,0.9709,,,,,,,,,,,,
2026-03-28T15:55:02,comparison_condition_mlp_feedforward_20260328_140605,mlp_feedforward,12,12,374399940,1313764614,mlp,feedforward,7,0.028541151046156885,0.1114304393423954,0.9745,,,,,,,,,,,,
2026-03-28T15:55:18,comparison_condition_mlp_feedforward_20260328_140605,mlp_feedforward,12,12,374399940,1313764614,mlp,feedforward,8,0.028124047026336193,0.1141313954820158,0.9727,,,,,,,,,,,,
2026-03-28T15:55:34,comparison_condition_mlp_feedforward_20260328_140605,mlp_feedforward,12,12,374399940,1313764614,mlp,feedforward,9,0.022304788613766433,0.11736706031944487,0.9735,,,,,,,,,,,,
2026-03-28T15:55:49,comparison_condition_mlp_feedforward_20260328_140605,mlp_feedforward,12,12,374399940,1313764614,mlp,feedforward,10,0.01910696497499943,0.11572618099404498,0.9735,,,,,,,,,,,,
2026-03-28T15:56:05,comparison_condition_mlp_feedforward_20260328_140605,mlp_feedforward,12,12,374399940,1313764614,mlp,feedforward,11,0.017875446972176433,0.142148843679484,0.9689,,,,,,,,,,,,
2026-03-28T15:56:21,comparison_condition_mlp_feedforward_20260328_140605,mlp_feedforward,12,12,374399940,1313764614,mlp,feedforward,12,0.01811620352588594,0.12739106250638144,0.9709,,,,,,,,,,,,
2026-03-28T15:56:37,comparison_condition_mlp_feedforward_20260328_140605,mlp_feedforward,12,12,374399940,1313764614,mlp,feedforward,13,0.011820440712925047,0.12788688434327777,0.9722,,,,,,,,,,,,
2026-03-28T15:56:53,comparison_condition_mlp_feedforward_20260328_140605,mlp_feedforward,12,12,374399940,1313764614,mlp,feedforward,14,0.012346584367230535,0.14157508229017257,0.9717,,,,,,,,,,,,
2026-03-28T15:57:09,comparison_condition_mlp_feedforward_20260328_140605,mlp_feedforward,12,12,374399940,1313764614,mlp,feedforward,15,0.019130811484716834,0.12838242986796466,0.9744,,,,,,,,,,,,
2026-03-28T15:57:25,comparison_condition_mlp_feedforward_20260328_140605,mlp_feedforward,12,12,374399940,1313764614,mlp,feedforward,16,0.014895786045603454,0.13092450982276205,0.9746,,,,,,,,,,,,
2026-03-28T15:57:41,comparison_condition_mlp_feedforward_20260328_140605,mlp_feedforward,12,12,374399940,1313764614,mlp,feedforward,17,0.009787594193536787,0.12281352310180582,0.9763,,,,,,,,,,,,
2026-03-28T15:57:57,comparison_condition_mlp_feedforward_20260328_140605,mlp_feedforward,12,12,374399940,1313764614,mlp,feedforward,18,0.011846082643829286,0.14308740706089884,0.9719,,,,,,,,,,,,
2026-03-28T15:58:12,comparison_condition_mlp_feedforward_20260328_140605,mlp_feedforward,12,12,374399940,1313764614,mlp,feedforward,19,0.01570876568862237,0.13366987366788075,0.9758,,,,,,,,,,,,
2026-03-28T15:58:28,comparison_condition_mlp_feedforward_20260328_140605,mlp_feedforward,12,12,374399940,1313764614,mlp,feedforward,20,0.010017064981348812,0.13922261127014862,0.9772,,,,,,,,,,,,
2026-03-28T15:58:44,comparison_condition_mlp_feedforward_20260328_140605,mlp_feedforward,12,12,374399940,1313764614,mlp,feedforward,21,0.010709008359294385,0.1510149798913655,0.9747,,,,,,,,,,,,
2026-03-28T15:59:00,comparison_condition_mlp_feedforward_20260328_140605,mlp_feedforward,12,12,374399940,1313764614,mlp,feedforward,22,0.009237600960265845,0.1394129804134369,0.9781,,,,,,,,,,,,
2026-03-28T15:59:16,comparison_condition_mlp_feedforward_20260328_140605,mlp_feedforward,12,12,374399940,1313764614,mlp,feedforward,23,0.008172402422397864,0.15054181965067984,0.9763,,,,,,,,,,,,
2026-03-28T15:59:31,comparison_condition_mlp_feedforward_20260328_140605,mlp_feedforward,12,12,374399940,1313764614,mlp,feedforward,24,0.0105205922229914,0.1499638861354439,0.9775,,,,,,,,,,,,
2026-03-28T15:59:48,comparison_condition_mlp_feedforward_20260328_140605,mlp_feedforward,12,12,374399940,1313764614,mlp,feedforward,25,0.004434555697456235,0.1652925498451694,0.9744,,,,,,,,,,,,
2026-03-28T16:00:08,comparison_condition_mlp_feedforward_20260328_140605,mlp_feedforward,13,13,1188033244,401169362,mlp,feedforward,1,0.2816191248989105,0.16136332403421402,0.9511,,,,,,,,,,,,
2026-03-28T16:00:24,comparison_condition_mlp_feedforward_20260328_140605,mlp_feedforward,13,13,1188033244,401169362,mlp,feedforward,2,0.11435470205307006,0.1301021645307541,0.9616,,,,,,,,,,,,
2026-03-28T16:00:40,comparison_condition_mlp_feedforward_20260328_140605,mlp_feedforward,13,13,1188033244,401169362,mlp,feedforward,3,0.07801077706336976,0.10411404925584793,0.9697,,,,,,,,,,,,
2026-03-28T16:00:55,comparison_condition_mlp_feedforward_20260328_140605,mlp_feedforward,13,13,1188033244,401169362,mlp,feedforward,4,0.058490705403089524,0.12251861480176449,0.964,,,,,,,,,,,,
2026-03-28T16:01:11,comparison_condition_mlp_feedforward_20260328_140605,mlp_feedforward,13,13,1188033244,401169362,mlp,feedforward,5,0.04534826121687889,0.11254562255740165,0.9691,,,,,,,,,,,,
2026-03-28T16:01:27,comparison_condition_mlp_feedforward_20260328_140605,mlp_feedforward,13,13,1188033244,401169362,mlp,feedforward,6,0.0350709415358305,0.0938225093435496,0.9744,,,,,,,,,,,,
2026-03-28T16:01:42,comparison_condition_mlp_feedforward_20260328_140605,mlp_feedforward,13,13,1188033244,401169362,mlp,feedforward,7,0.029152747188806533,0.10970329732298852,0.972,,,,,,,,,,,,
2026-03-28T16:01:58,comparison_condition_mlp_feedforward_20260328_140605,mlp_feedforward,13,13,1188033244,401169362,mlp,feedforward,8,0.026867616970539094,0.11116484764516353,0.972,,,,,,,,,,,,
2026-03-28T16:02:14,comparison_condition_mlp_feedforward_20260328_140605,mlp_feedforward,13,13,1188033244,401169362,mlp,feedforward,9,0.022401341587007045,0.11855862461756915,0.972,,,,,,,,,,,,
2026-03-28T16:02:30,comparison_condition_mlp_feedforward_20260328_140605,mlp_feedforward,13,13,1188033244,401169362,mlp,feedforward,10,0.016214621776491404,0.10624790701903403,0.9749,,,,,,,,,,,,
2026-03-28T16:02:45,comparison_condition_mlp_feedforward_20260328_140605,mlp_feedforward,13,13,1188033244,401169362,mlp,feedforward,11,0.017149560558497905,0.11725453362762928,0.9732,,,,,,,,,,,,
2026-03-28T16:03:01,comparison_condition_mlp_feedforward_20260328_140605,mlp_feedforward,13,13,1188033244,401169362,mlp,feedforward,12,0.019652180818468333,0.13231100265979767,0.9707,,,,,,,,,,,,
2026-03-28T16:03:17,comparison_condition_mlp_feedforward_20260328_140605,mlp_feedforward,13,13,1188033244,401169362,mlp,feedforward,13,0.014364598053321243,0.11505592255145311,0.975,,,,,,,,,,,,
2026-03-28T16:03:33,comparison_condition_mlp_feedforward_20260328_140605,mlp_feedforward,13,13,1188033244,401169362,mlp,feedforward,14,0.013962602500244975,0.12567591752437873,0.9731,,,,,,,,,,,,
2026-03-28T16:03:48,comparison_condition_mlp_feedforward_20260328_140605,mlp_feedforward,13,13,1188033244,401169362,mlp,feedforward,15,0.015929259620048104,0.12398614651393146,0.9757,,,,,,,,,,,,
2026-03-28T16:04:04,comparison_condition_mlp_feedforward_20260328_140605,mlp_feedforward,13,13,1188033244,401169362,mlp,feedforward,16,0.011637518104836344,0.16043050586916507,0.9681,,,,,,,,,,,,
2026-03-28T16:04:20,comparison_condition_mlp_feedforward_20260328_140605,mlp_feedforward,13,13,1188033244,401169362,mlp,feedforward,17,0.015247057993048803,0.13734466824755073,0.9743,,,,,,,,,,,,
2026-03-28T16:04:36,comparison_condition_mlp_feedforward_20260328_140605,mlp_feedforward,13,13,1188033244,401169362,mlp,feedforward,18,0.01365383252568543,0.13585353442160414,0.9757,,,,,,,,,,,,
2026-03-28T16:04:52,comparison_condition_mlp_feedforward_20260328_140605,mlp_feedforward,13,13,1188033244,401169362,mlp,feedforward,19,0.010078653683084995,0.14343766007572412,0.9743,,,,,,,,,,,,
2026-03-28T16:05:07,comparison_condition_mlp_feedforward_20260328_140605,mlp_feedforward,13,13,1188033244,401169362,mlp,feedforward,20,0.010220485075302422,0.1488882412046194,0.9733,,,,,,,,,,,,
2026-03-28T16:05:23,comparison_condition_mlp_feedforward_20260328_140605,mlp_feedforward,13,13,1188033244,401169362,mlp,feedforward,21,0.013934045523442328,0.13869825385492296,0.9766,,,,,,,,,,,,
2026-03-28T16:05:39,comparison_condition_mlp_feedforward_20260328_140605,mlp_feedforward,13,13,1188033244,401169362,mlp,feedforward,22,0.009269702656045556,0.13252265557162463,0.9768,,,,,,,,,,,,
2026-03-28T16:05:55,comparison_condition_mlp_feedforward_20260328_140605,mlp_feedforward,13,13,1188033244,401169362,mlp,feedforward,23,0.010247253848668187,0.1485350705739984,0.9745,,,,,,,,,,,,
2026-03-28T16:06:11,comparison_condition_mlp_feedforward_20260328_140605,mlp_feedforward,13,13,1188033244,401169362,mlp,feedforward,24,0.00878649079663679,0.1299514148771359,0.9776,,,,,,,,,,,,
2026-03-28T16:06:26,comparison_condition_mlp_feedforward_20260328_140605,mlp_feedforward,13,13,1188033244,401169362,mlp,feedforward,25,0.006927245410816977,0.130301005878891,0.9782,,,,,,,,,,,,
2026-03-28T16:06:47,comparison_condition_mlp_feedforward_20260328_140605,mlp_feedforward,14,14,762144912,1585161917,mlp,feedforward,1,0.27969456138134,0.14655939164161683,0.9572,,,,,,,,,,,,
2026-03-28T16:07:03,comparison_condition_mlp_feedforward_20260328_140605,mlp_feedforward,14,14,762144912,1585161917,mlp,feedforward,2,0.11185141854047775,0.11479994468092919,0.9682,,,,,,,,,,,,
2026-03-28T16:07:18,comparison_condition_mlp_feedforward_20260328_140605,mlp_feedforward,14,14,762144912,1585161917,mlp,feedforward,3,0.07711085299730301,0.10039298549890519,0.9719,,,,,,,,,,,,
2026-03-28T16:07:34,comparison_condition_mlp_feedforward_20260328_140605,mlp_feedforward,14,14,762144912,1585161917,mlp,feedforward,4,0.057133859202861785,0.09416237193346023,0.972,,,,,,,,,,,,
2026-03-28T16:07:49,comparison_condition_mlp_feedforward_20260328_140605,mlp_feedforward,14,14,762144912,1585161917,mlp,feedforward,5,0.044467563844919206,0.09686891958713531,0.9737,,,,,,,,,,,,
2026-03-28T16:08:05,comparison_condition_mlp_feedforward_20260328_140605,mlp_feedforward,14,14,762144912,1585161917,mlp,feedforward,6,0.03460400138258934,0.08836804083585739,0.9749,,,,,,,,,,,,
2026-03-28T16:08:21,comparison_condition_mlp_feedforward_20260328_140605,mlp_feedforward,14,14,762144912,1585161917,mlp,feedforward,7,0.028205047172009945,0.1018977833688259,0.9739,,,,,,,,,,,,
2026-03-28T16:08:37,comparison_condition_mlp_feedforward_20260328_140605,mlp_feedforward,14,14,762144912,1585161917,mlp,feedforward,8,0.02681911794349551,0.09235660208463668,0.9774,,,,,,,,,,,,
2026-03-28T16:08:52,comparison_condition_mlp_feedforward_20260328_140605,mlp_feedforward,14,14,762144912,1585161917,mlp,feedforward,9,0.021947903350293636,0.09511796711683274,0.9771,,,,,,,,,,,,
2026-03-28T16:09:08,comparison_condition_mlp_feedforward_20260328_140605,mlp_feedforward,14,14,762144912,1585161917,mlp,feedforward,10,0.017870664269179107,0.10475767071545124,0.976,,,,,,,,,,,,
2026-03-28T16:09:24,comparison_condition_mlp_feedforward_20260328_140605,mlp_feedforward,14,14,762144912,1585161917,mlp,feedforward,11,0.016339719486683606,0.11152308480739594,0.975,,,,,,,,,,,,
2026-03-28T16:09:40,comparison_condition_mlp_feedforward_20260328_140605,mlp_feedforward,14,14,762144912,1585161917,mlp,feedforward,12,0.021647477144151925,0.10855540941357612,0.9765,,,,,,,,,,,,
2026-03-28T16:09:55,comparison_condition_mlp_feedforward_20260328_140605,mlp_feedforward,14,14,762144912,1585161917,mlp,feedforward,13,0.015325169047936796,0.10652986258864403,0.9757,,,,,,,,,,,,
2026-03-28T16:10:11,comparison_condition_mlp_feedforward_20260328_140605,mlp_feedforward,14,14,762144912,1585161917,mlp,feedforward,14,0.012325890073608608,0.10422442868351936,0.9778,,,,,,,,,,,,
2026-03-28T16:10:27,comparison_condition_mlp_feedforward_20260328_140605,mlp_feedforward,14,14,762144912,1585161917,mlp,feedforward,15,0.009816245075948537,0.12311832524985075,0.9767,,,,,,,,,,,,
2026-03-28T16:10:43,comparison_condition_mlp_feedforward_20260328_140605,mlp_feedforward,14,14,762144912,1585161917,mlp,feedforward,16,0.016073531857831405,0.12148981404341758,0.9773,,,,,,,,,,,,
2026-03-28T16:10:59,comparison_condition_mlp_feedforward_20260328_140605,mlp_feedforward,14,14,762144912,1585161917,mlp,feedforward,17,0.012857883276995271,0.11849405092298984,0.9773,,,,,,,,,,,,
2026-03-28T16:11:14,comparison_condition_mlp_feedforward_20260328_140605,mlp_feedforward,14,14,762144912,1585161917,mlp,feedforward,18,0.011811816978030838,0.1259884351849556,0.9763,,,,,,,,,,,,
2026-03-28T16:11:30,comparison_condition_mlp_feedforward_20260328_140605,mlp_feedforward,14,14,762144912,1585161917,mlp,feedforward,19,0.012882263544062153,0.14124114930033685,0.9761,,,,,,,,,,,,
2026-03-28T16:11:46,comparison_condition_mlp_feedforward_20260328_140605,mlp_feedforward,14,14,762144912,1585161917,mlp,feedforward,20,0.008701701392871328,0.1234046575907385,0.9781,,,,,,,,,,,,
2026-03-28T16:12:01,comparison_condition_mlp_feedforward_20260328_140605,mlp_feedforward,14,14,762144912,1585161917,mlp,feedforward,21,0.00967272529091686,0.13917713506147267,0.9768,,,,,,,,,,,,
2026-03-28T16:12:17,comparison_condition_mlp_feedforward_20260328_140605,mlp_feedforward,14,14,762144912,1585161917,mlp,feedforward,22,0.011001002607725095,0.12363099738843739,0.9798,,,,,,,,,,,,
2026-03-28T16:12:33,comparison_condition_mlp_feedforward_20260328_140605,mlp_feedforward,14,14,762144912,1585161917,mlp,feedforward,23,0.012472617514580488,0.12992208800911903,0.9758,,,,,,,,,,,,
2026-03-28T16:12:49,comparison_condition_mlp_feedforward_20260328_140605,mlp_feedforward,14,14,762144912,1585161917,mlp,feedforward,24,0.00961644443356432,0.13413639766797422,0.976,,,,,,,,,,,,
2026-03-28T16:13:04,comparison_condition_mlp_feedforward_20260328_140605,mlp_feedforward,14,14,762144912,1585161917,mlp,feedforward,25,0.011095036691641434,0.15170264377072454,0.9747,,,,,,,,,,,,
2026-03-28T16:13:25,comparison_condition_mlp_feedforward_20260328_140605,mlp_feedforward,15,15,2057428455,1573825650,mlp,feedforward,1,0.30205633448839186,0.1515398411691189,0.9532,,,,,,,,,,,,
2026-03-28T16:13:40,comparison_condition_mlp_feedforward_20260328_140605,mlp_feedforward,15,15,2057428455,1573825650,mlp,feedforward,2,0.11906469659328461,0.12851080135703086,0.9593,,,,,,,,,,,,
2026-03-28T16:13:56,comparison_condition_mlp_feedforward_20260328_140605,mlp_feedforward,15,15,2057428455,1573825650,mlp,feedforward,3,0.08310416068077088,0.10376650303155184,0.9674,,,,,,,,,,,,
2026-03-28T16:14:12,comparison_condition_mlp_feedforward_20260328_140605,mlp_feedforward,15,15,2057428455,1573825650,mlp,feedforward,4,0.06242102652311325,0.09267038347423076,0.971,,,,,,,,,,,,
2026-03-28T16:14:28,comparison_condition_mlp_feedforward_20260328_140605,mlp_feedforward,15,15,2057428455,1573825650,mlp,feedforward,5,0.04697925364136696,0.09296983837112785,0.9697,,,,,,,,,,,,
2026-03-28T16:14:44,comparison_condition_mlp_feedforward_20260328_140605,mlp_feedforward,15,15,2057428455,1573825650,mlp,feedforward,6,0.036639280518293384,0.08963521319031716,0.9738,,,,,,,,,,,,
2026-03-28T16:14:59,comparison_condition_mlp_feedforward_20260328_140605,mlp_feedforward,15,15,2057428455,1573825650,mlp,feedforward,7,0.031594845173358914,0.09443175472738222,0.9725,,,,,,,,,,,,
2026-03-28T16:15:15,comparison_condition_mlp_feedforward_20260328_140605,mlp_feedforward,15,15,2057428455,1573825650,mlp,feedforward,8,0.025516822070777417,0.09653022435382008,0.9735,,,,,,,,,,,,
2026-03-28T16:15:31,comparison_condition_mlp_feedforward_20260328_140605,mlp_feedforward,15,15,2057428455,1573825650,mlp,feedforward,9,0.023961498964130877,0.09593855192139744,0.9746,,,,,,,,,,,,
2026-03-28T16:15:47,comparison_condition_mlp_feedforward_20260328_140605,mlp_feedforward,15,15,2057428455,1573825650,mlp,feedforward,10,0.019984589955806733,0.10109290566251147,0.9758,,,,,,,,,,,,
2026-03-28T16:16:02,comparison_condition_mlp_feedforward_20260328_140605,mlp_feedforward,15,15,2057428455,1573825650,mlp,feedforward,11,0.01745847375780344,0.10212800078494474,0.9749,,,,,,,,,,,,
2026-03-28T16:16:18,comparison_condition_mlp_feedforward_20260328_140605,mlp_feedforward,15,15,2057428455,1573825650,mlp,feedforward,12,0.016227088104374707,0.09289111911756918,0.978,,,,,,,,,,,,
2026-03-28T16:16:34,comparison_condition_mlp_feedforward_20260328_140605,mlp_feedforward,15,15,2057428455,1573825650,mlp,feedforward,13,0.014167542382478714,0.11712871765643358,0.9724,,,,,,,,,,,,
2026-03-28T16:16:49,comparison_condition_mlp_feedforward_20260328_140605,mlp_feedforward,15,15,2057428455,1573825650,mlp,feedforward,14,0.014177531141154468,0.11993664075881243,0.9728,,,,,,,,,,,,
2026-03-28T16:17:05,comparison_condition_mlp_feedforward_20260328_140605,mlp_feedforward,15,15,2057428455,1573825650,mlp,feedforward,15,0.015714475975893438,0.1113444526547566,0.9759,,,,,,,,,,,,
2026-03-28T16:17:21,comparison_condition_mlp_feedforward_20260328_140605,mlp_feedforward,15,15,2057428455,1573825650,mlp,feedforward,16,0.015668782308995724,0.1009434211961925,0.9763,,,,,,,,,,,,
2026-03-28T16:17:37,comparison_condition_mlp_feedforward_20260328_140605,mlp_feedforward,15,15,2057428455,1573825650,mlp,feedforward,17,0.013752650973200798,0.12801266934025043,0.973,,,,,,,,,,,,
2026-03-28T16:17:52,comparison_condition_mlp_feedforward_20260328_140605,mlp_feedforward,15,15,2057428455,1573825650,mlp,feedforward,18,0.010485713774263859,0.10600228658309134,0.9789,,,,,,,,,,,,
2026-03-28T16:18:08,comparison_condition_mlp_feedforward_20260328_140605,mlp_feedforward,15,15,2057428455,1573825650,mlp,feedforward,19,0.0030381163417501373,0.1000852603912318,0.9807,,,,,,,,,,,,
2026-03-28T16:18:24,comparison_condition_mlp_feedforward_20260328_140605,mlp_feedforward,15,15,2057428455,1573825650,mlp,feedforward,20,0.005747549799671397,0.12153645553663373,0.9762,,,,,,,,,,,,
2026-03-28T16:18:40,comparison_condition_mlp_feedforward_20260328_140605,mlp_feedforward,15,15,2057428455,1573825650,mlp,feedforward,21,0.018162228777185083,0.13182316038590505,0.9726,,,,,,,,,,,,
2026-03-28T16:18:56,comparison_condition_mlp_feedforward_20260328_140605,mlp_feedforward,15,15,2057428455,1573825650,mlp,feedforward,22,0.014176510339099915,0.12812062926915532,0.9751,,,,,,,,,,,,
2026-03-28T16:19:11,comparison_condition_mlp_feedforward_20260328_140605,mlp_feedforward,15,15,2057428455,1573825650,mlp,feedforward,23,0.01069448429892771,0.15758946623029188,0.9723,,,,,,,,,,,,
2026-03-28T16:19:27,comparison_condition_mlp_feedforward_20260328_140605,mlp_feedforward,15,15,2057428455,1573825650,mlp,feedforward,24,0.012510691982237622,0.1305609695315361,0.9772,,,,,,,,,,,,
2026-03-28T16:19:43,comparison_condition_mlp_feedforward_20260328_140605,mlp_feedforward,15,15,2057428455,1573825650,mlp,feedforward,25,0.0033223930540552827,0.10888264403041503,0.9799,,,,,,,,,,,,
2026-03-28T16:20:03,comparison_condition_mlp_feedforward_20260328_140605,mlp_feedforward,16,16,196052585,1140405623,mlp,feedforward,1,0.2819110269880295,0.14898240728080273,0.9538,,,,,,,,,,,,
2026-03-28T16:20:19,comparison_condition_mlp_feedforward_20260328_140605,mlp_feedforward,16,16,196052585,1140405623,mlp,feedforward,2,0.11504686257362366,0.1153249440215528,0.9635,,,,,,,,,,,,
2026-03-28T16:20:35,comparison_condition_mlp_feedforward_20260328_140605,mlp_feedforward,16,16,196052585,1140405623,mlp,feedforward,3,0.07782494572520256,0.09287052389867603,0.9706,,,,,,,,,,,,
2026-03-28T16:20:51,comparison_condition_mlp_feedforward_20260328_140605,mlp_feedforward,16,16,196052585,1140405623,mlp,feedforward,4,0.05933200953483581,0.08423372174687684,0.9741,,,,,,,,,,,,
2026-03-28T16:21:07,comparison_condition_mlp_feedforward_20260328_140605,mlp_feedforward,16,16,196052585,1140405623,mlp,feedforward,5,0.04550926877558231,0.08775735706393607,0.9709,,,,,,,,,,,,
2026-03-28T16:21:22,comparison_condition_mlp_feedforward_20260328_140605,mlp_feedforward,16,16,196052585,1140405623,mlp,feedforward,6,0.03528245988965034,0.08586219263151287,0.9744,,,,,,,,,,,,
2026-03-28T16:21:38,comparison_condition_mlp_feedforward_20260328_140605,mlp_feedforward,16,16,196052585,1140405623,mlp,feedforward,7,0.030333689344227314,0.07860897362530231,0.9765,,,,,,,,,,,,
2026-03-28T16:21:53,comparison_condition_mlp_feedforward_20260328_140605,mlp_feedforward,16,16,196052585,1140405623,mlp,feedforward,8,0.028453517524003984,0.08783382049254142,0.9752,,,,,,,,,,,,
2026-03-28T16:22:09,comparison_condition_mlp_feedforward_20260328_140605,mlp_feedforward,16,16,196052585,1140405623,mlp,feedforward,9,0.024023986843526364,0.09984164383579046,0.9768,,,,,,,,,,,,
2026-03-28T16:22:25,comparison_condition_mlp_feedforward_20260328_140605,mlp_feedforward,16,16,196052585,1140405623,mlp,feedforward,10,0.020161199131309985,0.08894974043192341,0.9764,,,,,,,,,,,,
2026-03-28T16:22:41,comparison_condition_mlp_feedforward_20260328_140605,mlp_feedforward,16,16,196052585,1140405623,mlp,feedforward,11,0.017692112810611726,0.09138974700353573,0.9759,,,,,,,,,,,,
2026-03-28T16:22:57,comparison_condition_mlp_feedforward_20260328_140605,mlp_feedforward,16,16,196052585,1140405623,mlp,feedforward,12,0.01752550261102617,0.10995237891734577,0.974,,,,,,,,,,,,
2026-03-28T16:23:13,comparison_condition_mlp_feedforward_20260328_140605,mlp_feedforward,16,16,196052585,1140405623,mlp,feedforward,13,0.01800593445979059,0.0887435685145203,0.9765,,,,,,,,,,,,
2026-03-28T16:23:28,comparison_condition_mlp_feedforward_20260328_140605,mlp_feedforward,16,16,196052585,1140405623,mlp,feedforward,14,0.013978169016428291,0.11611779602568131,0.9727,,,,,,,,,,,,
2026-03-28T16:23:44,comparison_condition_mlp_feedforward_20260328_140605,mlp_feedforward,16,16,196052585,1140405623,mlp,feedforward,15,0.012245456401929259,0.10338103796080686,0.9771,,,,,,,,,,,,
2026-03-28T16:23:59,comparison_condition_mlp_feedforward_20260328_140605,mlp_feedforward,16,16,196052585,1140405623,mlp,feedforward,16,0.014195740245822817,0.12069419490610599,0.9742,,,,,,,,,,,,
2026-03-28T16:24:15,comparison_condition_mlp_feedforward_20260328_140605,mlp_feedforward,16,16,196052585,1140405623,mlp,feedforward,17,0.019170875168815254,0.09936252964374144,0.9763,,,,,,,,,,,,
2026-03-28T16:24:31,comparison_condition_mlp_feedforward_20260328_140605,mlp_feedforward,16,16,196052585,1140405623,mlp,feedforward,18,0.01050821383330971,0.09868534851957811,0.9774,,,,,,,,,,,,
2026-03-28T16:24:46,comparison_condition_mlp_feedforward_20260328_140605,mlp_feedforward,16,16,196052585,1140405623,mlp,feedforward,19,0.011331052319379524,0.11442735327421688,0.9751,,,,,,,,,,,,
2026-03-28T16:25:03,comparison_condition_mlp_feedforward_20260328_140605,mlp_feedforward,16,16,196052585,1140405623,mlp,feedforward,20,0.010236385104293004,0.10562536827232688,0.9769,,,,,,,,,,,,
2026-03-28T16:25:18,comparison_condition_mlp_feedforward_20260328_140605,mlp_feedforward,16,16,196052585,1140405623,mlp,feedforward,21,0.010896065843394026,0.1383709532235749,0.9708,,,,,,,,,,,,
2026-03-28T16:25:34,comparison_condition_mlp_feedforward_20260328_140605,mlp_feedforward,16,16,196052585,1140405623,mlp,feedforward,22,0.011045000904183835,0.11116840104780568,0.9766,,,,,,,,,,,,
2026-03-28T16:25:50,comparison_condition_mlp_feedforward_20260328_140605,mlp_feedforward,16,16,196052585,1140405623,mlp,feedforward,23,0.010860340642817318,0.11383185162409208,0.9774,,,,,,,,,,,,
2026-03-28T16:26:06,comparison_condition_mlp_feedforward_20260328_140605,mlp_feedforward,16,16,196052585,1140405623,mlp,feedforward,24,0.010311005393778905,0.12260537036353562,0.9753,,,,,,,,,,,,
2026-03-28T16:26:21,comparison_condition_mlp_feedforward_20260328_140605,mlp_feedforward,16,16,196052585,1140405623,mlp,feedforward,25,0.012957345930906012,0.13163752876293147,0.975,,,,,,,,,,,,
2026-03-28T16:26:41,comparison_condition_mlp_feedforward_20260328_140605,mlp_feedforward,17,17,2101613385,1579239073,mlp,feedforward,1,0.28511306448936463,0.1474763708129525,0.9565,,,,,,,,,,,,
2026-03-28T16:26:57,comparison_condition_mlp_feedforward_20260328_140605,mlp_feedforward,17,17,2101613385,1579239073,mlp,feedforward,2,0.1144660146510601,0.11512686400860549,0.9641,,,,,,,,,,,,
2026-03-28T16:27:13,comparison_condition_mlp_feedforward_20260328_140605,mlp_feedforward,17,17,2101613385,1579239073,mlp,feedforward,3,0.07845786872148514,0.10747368123233318,0.9666,,,,,,,,,,,,
2026-03-28T16:27:29,comparison_condition_mlp_feedforward_20260328_140605,mlp_feedforward,17,17,2101613385,1579239073,mlp,feedforward,4,0.058920894780755045,0.10532021805644036,0.9671,,,,,,,,,,,,
2026-03-28T16:27:44,comparison_condition_mlp_feedforward_20260328_140605,mlp_feedforward,17,17,2101613385,1579239073,mlp,feedforward,5,0.04285520776987076,0.11223828713521361,0.9672,,,,,,,,,,,,
2026-03-28T16:28:00,comparison_condition_mlp_feedforward_20260328_140605,mlp_feedforward,17,17,2101613385,1579239073,mlp,feedforward,6,0.03718661704421043,0.12708975969552994,0.9637,,,,,,,,,,,,
2026-03-28T16:28:16,comparison_condition_mlp_feedforward_20260328_140605,mlp_feedforward,17,17,2101613385,1579239073,mlp,feedforward,7,0.030008389870524406,0.10465892381519079,0.9719,,,,,,,,,,,,
2026-03-28T16:28:31,comparison_condition_mlp_feedforward_20260328_140605,mlp_feedforward,17,17,2101613385,1579239073,mlp,feedforward,8,0.024644404870569705,0.11004299475234001,0.9704,,,,,,,,,,,,
2026-03-28T16:28:47,comparison_condition_mlp_feedforward_20260328_140605,mlp_feedforward,17,17,2101613385,1579239073,mlp,feedforward,9,0.022611448611319064,0.10379079495158512,0.9752,,,,,,,,,,,,
2026-03-28T16:29:03,comparison_condition_mlp_feedforward_20260328_140605,mlp_feedforward,17,17,2101613385,1579239073,mlp,feedforward,10,0.017353409236669542,0.10380746227998752,0.973,,,,,,,,,,,,
2026-03-28T16:29:19,comparison_condition_mlp_feedforward_20260328_140605,mlp_feedforward,17,17,2101613385,1579239073,mlp,feedforward,11,0.018446652600169183,0.11211783544272184,0.9742,,,,,,,,,,,,
2026-03-28T16:29:34,comparison_condition_mlp_feedforward_20260328_140605,mlp_feedforward,17,17,2101613385,1579239073,mlp,feedforward,12,0.01744664665475488,0.11792602666425228,0.9739,,,,,,,,,,,,
2026-03-28T16:29:50,comparison_condition_mlp_feedforward_20260328_140605,mlp_feedforward,17,17,2101613385,1579239073,mlp,feedforward,13,0.014336016069427132,0.12756993989697657,0.9727,,,,,,,,,,,,
2026-03-28T16:30:06,comparison_condition_mlp_feedforward_20260328_140605,mlp_feedforward,17,17,2101613385,1579239073,mlp,feedforward,14,0.011521218910254538,0.14097676926255226,0.9711,,,,,,,,,,,,
2026-03-28T16:30:21,comparison_condition_mlp_feedforward_20260328_140605,mlp_feedforward,17,17,2101613385,1579239073,mlp,feedforward,15,0.01633821641854942,0.13966277894314844,0.9721,,,,,,,,,,,,
2026-03-28T16:30:37,comparison_condition_mlp_feedforward_20260328_140605,mlp_feedforward,17,17,2101613385,1579239073,mlp,feedforward,16,0.009656915883701295,0.12606670922007032,0.9739,,,,,,,,,,,,
2026-03-28T16:30:53,comparison_condition_mlp_feedforward_20260328_140605,mlp_feedforward,17,17,2101613385,1579239073,mlp,feedforward,17,0.014987824869416654,0.1443880820363569,0.9734,,,,,,,,,,,,
2026-03-28T16:31:09,comparison_condition_mlp_feedforward_20260328_140605,mlp_feedforward,17,17,2101613385,1579239073,mlp,feedforward,18,0.012571685962174088,0.12102646012296682,0.9774,,,,,,,,,,,,
2026-03-28T16:31:24,comparison_condition_mlp_feedforward_20260328_140605,mlp_feedforward,17,17,2101613385,1579239073,mlp,feedforward,19,0.006213993771625683,0.14601848453094135,0.9721,,,,,,,,,,,,
2026-03-28T16:31:40,comparison_condition_mlp_feedforward_20260328_140605,mlp_feedforward,17,17,2101613385,1579239073,mlp,feedforward,20,0.010074872613977642,0.14114332107900482,0.9726,,,,,,,,,,,,
2026-03-28T16:31:56,comparison_condition_mlp_feedforward_20260328_140605,mlp_feedforward,17,17,2101613385,1579239073,mlp,feedforward,21,0.012669132304750383,0.14502807007729024,0.973,,,,,,,,,,,,
2026-03-28T16:32:11,comparison_condition_mlp_feedforward_20260328_140605,mlp_feedforward,17,17,2101613385,1579239073,mlp,feedforward,22,0.01735587931357324,0.13369108380663203,0.9763,,,,,,,,,,,,
2026-03-28T16:32:27,comparison_condition_mlp_feedforward_20260328_140605,mlp_feedforward,17,17,2101613385,1579239073,mlp,feedforward,23,0.01085949138776865,0.13857236347198446,0.9781,,,,,,,,,,,,
2026-03-28T16:32:43,comparison_condition_mlp_feedforward_20260328_140605,mlp_feedforward,17,17,2101613385,1579239073,mlp,feedforward,24,0.006429535809594672,0.1359925874319626,0.9782,,,,,,,,,,,,
2026-03-28T16:32:58,comparison_condition_mlp_feedforward_20260328_140605,mlp_feedforward,17,17,2101613385,1579239073,mlp,feedforward,25,0.010195968770489562,0.14479511948818982,0.9759,,,,,,,,,,,,
2026-03-28T16:33:19,comparison_condition_mlp_feedforward_20260328_140605,mlp_feedforward,18,18,885019663,1256390092,mlp,feedforward,1,0.27414541401863096,0.16013046164512634,0.9513,,,,,,,,,,,,
2026-03-28T16:33:35,comparison_condition_mlp_feedforward_20260328_140605,mlp_feedforward,18,18,885019663,1256390092,mlp,feedforward,2,0.1167733105802536,0.10409738700389862,0.9681,,,,,,,,,,,,
2026-03-28T16:33:50,comparison_condition_mlp_feedforward_20260328_140605,mlp_feedforward,18,18,885019663,1256390092,mlp,feedforward,3,0.07877867199420929,0.09869669759273529,0.9712,,,,,,,,,,,,
2026-03-28T16:34:06,comparison_condition_mlp_feedforward_20260328_140605,mlp_feedforward,18,18,885019663,1256390092,mlp,feedforward,4,0.057296062037944795,0.09750393780469895,0.9706,,,,,,,,,,,,
2026-03-28T16:34:22,comparison_condition_mlp_feedforward_20260328_140605,mlp_feedforward,18,18,885019663,1256390092,mlp,feedforward,5,0.045351963589191434,0.0986508918762207,0.9729,,,,,,,,,,,,
2026-03-28T16:34:38,comparison_condition_mlp_feedforward_20260328_140605,mlp_feedforward,18,18,885019663,1256390092,mlp,feedforward,6,0.034568563153743743,0.08460506149232387,0.9765,,,,,,,,,,,,
2026-03-28T16:34:53,comparison_condition_mlp_feedforward_20260328_140605,mlp_feedforward,18,18,885019663,1256390092,mlp,feedforward,7,0.03058648848116398,0.09171316845417023,0.9736,,,,,,,,,,,,
2026-03-28T16:35:09,comparison_condition_mlp_feedforward_20260328_140605,mlp_feedforward,18,18,885019663,1256390092,mlp,feedforward,8,0.021052550268024207,0.09927091101408005,0.9763,,,,,,,,,,,,
2026-03-28T16:35:25,comparison_condition_mlp_feedforward_20260328_140605,mlp_feedforward,18,18,885019663,1256390092,mlp,feedforward,9,0.020116897049248218,0.09711421616077423,0.9762,,,,,,,,,,,,
2026-03-28T16:35:41,comparison_condition_mlp_feedforward_20260328_140605,mlp_feedforward,18,18,885019663,1256390092,mlp,feedforward,10,0.01952735373288393,0.10173503243923188,0.9742,,,,,,,,,,,,
2026-03-28T16:35:57,comparison_condition_mlp_feedforward_20260328_140605,mlp_feedforward,18,18,885019663,1256390092,mlp,feedforward,11,0.014481564753353595,0.10160694925785065,0.9744,,,,,,,,,,,,
2026-03-28T16:36:12,comparison_condition_mlp_feedforward_20260328_140605,mlp_feedforward,18,18,885019663,1256390092,mlp,feedforward,12,0.01564457004189491,0.10811795044094324,0.976,,,,,,,,,,,,
2026-03-28T16:36:28,comparison_condition_mlp_feedforward_20260328_140605,mlp_feedforward,18,18,885019663,1256390092,mlp,feedforward,13,0.01842076190903783,0.10477212790846825,0.9778,,,,,,,,,,,,
2026-03-28T16:36:44,comparison_condition_mlp_feedforward_20260328_140605,mlp_feedforward,18,18,885019663,1256390092,mlp,feedforward,14,0.016075190852880478,0.10836849841475486,0.9772,,,,,,,,,,,,
2026-03-28T16:36:59,comparison_condition_mlp_feedforward_20260328_140605,mlp_feedforward,18,18,885019663,1256390092,mlp,feedforward,15,0.01017265807306394,0.12223042800948024,0.9757,,,,,,,,,,,,
2026-03-28T16:37:15,comparison_condition_mlp_feedforward_20260328_140605,mlp_feedforward,18,18,885019663,1256390092,mlp,feedforward,16,0.010080965839140118,0.1004465432010591,0.9787,,,,,,,,,,,,
2026-03-28T16:37:31,comparison_condition_mlp_feedforward_20260328_140605,mlp_feedforward,18,18,885019663,1256390092,mlp,feedforward,17,0.017262751143891364,0.1313863705545664,0.9746,,,,,,,,,,,,
2026-03-28T16:37:47,comparison_condition_mlp_feedforward_20260328_140605,mlp_feedforward,18,18,885019663,1256390092,mlp,feedforward,18,0.015011373900957406,0.11464571646973491,0.9768,,,,,,,,,,,,
2026-03-28T16:38:02,comparison_condition_mlp_feedforward_20260328_140605,mlp_feedforward,18,18,885019663,1256390092,mlp,feedforward,19,0.009356719560008496,0.11362446851804853,0.9799,,,,,,,,,,,,
2026-03-28T16:38:18,comparison_condition_mlp_feedforward_20260328_140605,mlp_feedforward,18,18,885019663,1256390092,mlp,feedforward,20,0.009313057572646067,0.1297255305841565,0.9754,,,,,,,,,,,,
2026-03-28T16:38:34,comparison_condition_mlp_feedforward_20260328_140605,mlp_feedforward,18,18,885019663,1256390092,mlp,feedforward,21,0.011806171004693024,0.14009018611162902,0.9766,,,,,,,,,,,,
2026-03-28T16:38:50,comparison_condition_mlp_feedforward_20260328_140605,mlp_feedforward,18,18,885019663,1256390092,mlp,feedforward,22,0.010952365554990247,0.1199248723268509,0.9801,,,,,,,,,,,,
2026-03-28T16:39:06,comparison_condition_mlp_feedforward_20260328_140605,mlp_feedforward,18,18,885019663,1256390092,mlp,feedforward,23,0.010810504023618996,0.1252123100578785,0.9766,,,,,,,,,,,,
2026-03-28T16:39:22,comparison_condition_mlp_feedforward_20260328_140605,mlp_feedforward,18,18,885019663,1256390092,mlp,feedforward,24,0.012261181760309265,0.12987989811897277,0.9782,,,,,,,,,,,,
2026-03-28T16:39:38,comparison_condition_mlp_feedforward_20260328_140605,mlp_feedforward,18,18,885019663,1256390092,mlp,feedforward,25,0.007473996230093762,0.134844957395643,0.9774,,,,,,,,,,,,
2026-03-28T16:39:58,comparison_condition_mlp_feedforward_20260328_140605,mlp_feedforward,19,19,1082192973,357712575,mlp,feedforward,1,0.28057525382518766,0.15833331055641175,0.9527,,,,,,,,,,,,
2026-03-28T16:40:14,comparison_condition_mlp_feedforward_20260328_140605,mlp_feedforward,19,19,1082192973,357712575,mlp,feedforward,2,0.11175853976726532,0.1198444719105959,0.9624,,,,,,,,,,,,
2026-03-28T16:40:30,comparison_condition_mlp_feedforward_20260328_140605,mlp_feedforward,19,19,1082192973,357712575,mlp,feedforward,3,0.07857729363679886,0.12283846926689147,0.9651,,,,,,,,,,,,
2026-03-28T16:40:46,comparison_condition_mlp_feedforward_20260328_140605,mlp_feedforward,19,19,1082192973,357712575,mlp,feedforward,4,0.058076125290393826,0.12736948547065258,0.9645,,,,,,,,,,,,
2026-03-28T16:41:01,comparison_condition_mlp_feedforward_20260328_140605,mlp_feedforward,19,19,1082192973,357712575,mlp,feedforward,5,0.044898530577421186,0.10857175041735172,0.9693,,,,,,,,,,,,
2026-03-28T16:41:17,comparison_condition_mlp_feedforward_20260328_140605,mlp_feedforward,19,19,1082192973,357712575,mlp,feedforward,6,0.03719495310306549,0.12876960038542748,0.9671,,,,,,,,,,,,
2026-03-28T16:41:33,comparison_condition_mlp_feedforward_20260328_140605,mlp_feedforward,19,19,1082192973,357712575,mlp,feedforward,7,0.030459364918470382,0.11004875637888908,0.9734,,,,,,,,,,,,
2026-03-28T16:41:49,comparison_condition_mlp_feedforward_20260328_140605,mlp_feedforward,19,19,1082192973,357712575,mlp,feedforward,8,0.02673493714213371,0.10437885752767324,0.9741,,,,,,,,,,,,
2026-03-28T16:42:04,comparison_condition_mlp_feedforward_20260328_140605,mlp_feedforward,19,19,1082192973,357712575,mlp,feedforward,9,0.01887132080376148,0.11273679950870573,0.9731,,,,,,,,,,,,
2026-03-28T16:42:20,comparison_condition_mlp_feedforward_20260328_140605,mlp_feedforward,19,19,1082192973,357712575,mlp,feedforward,10,0.020630641493499278,0.12977146223187447,0.9718,,,,,,,,,,,,
2026-03-28T16:42:36,comparison_condition_mlp_feedforward_20260328_140605,mlp_feedforward,19,19,1082192973,357712575,mlp,feedforward,11,0.020883882897943257,0.14917939691841603,0.9687,,,,,,,,,,,,
2026-03-28T16:42:52,comparison_condition_mlp_feedforward_20260328_140605,mlp_feedforward,19,19,1082192973,357712575,mlp,feedforward,12,0.01633184540465474,0.11298847856889478,0.9727,,,,,,,,,,,,
2026-03-28T16:43:07,comparison_condition_mlp_feedforward_20260328_140605,mlp_feedforward,19,19,1082192973,357712575,mlp,feedforward,13,0.015767879097126423,0.12759655511379242,0.9723,,,,,,,,,,,,
2026-03-28T16:43:23,comparison_condition_mlp_feedforward_20260328_140605,mlp_feedforward,19,19,1082192973,357712575,mlp,feedforward,14,0.016536640867814423,0.12408454747088253,0.9749,,,,,,,,,,,,
2026-03-28T16:43:39,comparison_condition_mlp_feedforward_20260328_140605,mlp_feedforward,19,19,1082192973,357712575,mlp,feedforward,15,0.016168598047345877,0.16727718612044118,0.9698,,,,,,,,,,,,
2026-03-28T16:43:54,comparison_condition_mlp_feedforward_20260328_140605,mlp_feedforward,19,19,1082192973,357712575,mlp,feedforward,16,0.015054493812993168,0.14294670352258837,0.9734,,,,,,,,,,,,
2026-03-28T16:44:10,comparison_condition_mlp_feedforward_20260328_140605,mlp_feedforward,19,19,1082192973,357712575,mlp,feedforward,17,0.013154774081893266,0.13756343265622853,0.9738,,,,,,,,,,,,
2026-03-28T16:44:26,comparison_condition_mlp_feedforward_20260328_140605,mlp_feedforward,19,19,1082192973,357712575,mlp,feedforward,18,0.012484066640697419,0.15600609666993986,0.9735,,,,,,,,,,,,
2026-03-28T16:44:41,comparison_condition_mlp_feedforward_20260328_140605,mlp_feedforward,19,19,1082192973,357712575,mlp,feedforward,19,0.015156726021580398,0.1576866002738476,0.9718,,,,,,,,,,,,
2026-03-28T16:44:57,comparison_condition_mlp_feedforward_20260328_140605,mlp_feedforward,19,19,1082192973,357712575,mlp,feedforward,20,0.011081961085712537,0.1288604141183343,0.9778,,,,,,,,,,,,
2026-03-28T16:45:13,comparison_condition_mlp_feedforward_20260328_140605,mlp_feedforward,19,19,1082192973,357712575,mlp,feedforward,21,0.00814000363059342,0.13462229585619062,0.9763,,,,,,,,,,,,
2026-03-28T16:45:29,comparison_condition_mlp_feedforward_20260328_140605,mlp_feedforward,19,19,1082192973,357712575,mlp,feedforward,22,0.009652739183967933,0.1549851435899127,0.9722,,,,,,,,,,,,
2026-03-28T16:45:44,comparison_condition_mlp_feedforward_20260328_140605,mlp_feedforward,19,19,1082192973,357712575,mlp,feedforward,23,0.01366183241546154,0.13577988329776344,0.9767,,,,,,,,,,,,
2026-03-28T16:46:00,comparison_condition_mlp_feedforward_20260328_140605,mlp_feedforward,19,19,1082192973,357712575,mlp,feedforward,24,0.006005234771817923,0.1934425364248513,0.9674,,,,,,,,,,,,
2026-03-28T16:46:16,comparison_condition_mlp_feedforward_20260328_140605,mlp_feedforward,19,19,1082192973,357712575,mlp,feedforward,25,0.015262680896772072,0.1591305154055357,0.9759,,,,,,,,,,,,
2026-03-28T16:46:36,comparison_condition_mlp_feedforward_20260328_140605,mlp_feedforward,20,20,318141474,441767840,mlp,feedforward,1,0.2775686141729355,0.1481196709394455,0.956,,,,,,,,,,,,
2026-03-28T16:46:52,comparison_condition_mlp_feedforward_20260328_140605,mlp_feedforward,20,20,318141474,441767840,mlp,feedforward,2,0.11605392491102219,0.10035479492843151,0.9699,,,,,,,,,,,,
2026-03-28T16:47:08,comparison_condition_mlp_feedforward_20260328_140605,mlp_feedforward,20,20,318141474,441767840,mlp,feedforward,3,0.08040794020652771,0.09857697190642357,0.9705,,,,,,,,,,,,
2026-03-28T16:47:23,comparison_condition_mlp_feedforward_20260328_140605,mlp_feedforward,20,20,318141474,441767840,mlp,feedforward,4,0.06064071551799774,0.09747771494835615,0.9707,,,,,,,,,,,,
2026-03-28T16:47:39,comparison_condition_mlp_feedforward_20260328_140605,mlp_feedforward,20,20,318141474,441767840,mlp,feedforward,5,0.047274538935273884,0.08636870060563087,0.975,,,,,,,,,,,,
2026-03-28T16:47:55,comparison_condition_mlp_feedforward_20260328_140605,mlp_feedforward,20,20,318141474,441767840,mlp,feedforward,6,0.03644544642627239,0.08271897380575538,0.9768,,,,,,,,,,,,
2026-03-28T16:48:11,comparison_condition_mlp_feedforward_20260328_140605,mlp_feedforward,20,20,318141474,441767840,mlp,feedforward,7,0.03193709346294403,0.10323730918690563,0.9729,,,,,,,,,,,,
2026-03-28T16:48:27,comparison_condition_mlp_feedforward_20260328_140605,mlp_feedforward,20,20,318141474,441767840,mlp,feedforward,8,0.024486307873129845,0.08636709177866578,0.9761,,,,,,,,,,,,
2026-03-28T16:48:42,comparison_condition_mlp_feedforward_20260328_140605,mlp_feedforward,20,20,318141474,441767840,mlp,feedforward,9,0.02184663329772651,0.09157910849452018,0.9765,,,,,,,,,,,,
2026-03-28T16:48:58,comparison_condition_mlp_feedforward_20260328_140605,mlp_feedforward,20,20,318141474,441767840,mlp,feedforward,10,0.020812227905541658,0.09814648795193061,0.9757,,,,,,,,,,,,
2026-03-28T16:49:14,comparison_condition_mlp_feedforward_20260328_140605,mlp_feedforward,20,20,318141474,441767840,mlp,feedforward,11,0.02160725798536092,0.09828929735720157,0.9779,,,,,,,,,,,,
2026-03-28T16:49:29,comparison_condition_mlp_feedforward_20260328_140605,mlp_feedforward,20,20,318141474,441767840,mlp,feedforward,12,0.017338492090031504,0.11082177568972111,0.9729,,,,,,,,,,,,
2026-03-28T16:49:45,comparison_condition_mlp_feedforward_20260328_140605,mlp_feedforward,20,20,318141474,441767840,mlp,feedforward,13,0.01845238380409777,0.11458509064204991,0.9724,,,,,,,,,,,,
2026-03-28T16:50:01,comparison_condition_mlp_feedforward_20260328_140605,mlp_feedforward,20,20,318141474,441767840,mlp,feedforward,14,0.01605760024897754,0.10704661094441545,0.9779,,,,,,,,,,,,
2026-03-28T16:50:17,comparison_condition_mlp_feedforward_20260328_140605,mlp_feedforward,20,20,318141474,441767840,mlp,feedforward,15,0.010442270235829056,0.10626570022570668,0.9775,,,,,,,,,,,,
2026-03-28T16:50:32,comparison_condition_mlp_feedforward_20260328_140605,mlp_feedforward,20,20,318141474,441767840,mlp,feedforward,16,0.012550587185323238,0.09771762579768546,0.9791,,,,,,,,,,,,
2026-03-28T16:50:48,comparison_condition_mlp_feedforward_20260328_140605,mlp_feedforward,20,20,318141474,441767840,mlp,feedforward,17,0.013172209602715448,0.12249817986043199,0.9752,,,,,,,,,,,,
2026-03-28T16:51:03,comparison_condition_mlp_feedforward_20260328_140605,mlp_feedforward,20,20,318141474,441767840,mlp,feedforward,18,0.017075390949100256,0.11746675787197891,0.9766,,,,,,,,,,,,
2026-03-28T16:51:20,comparison_condition_mlp_feedforward_20260328_140605,mlp_feedforward,20,20,318141474,441767840,mlp,feedforward,19,0.009832355096405372,0.10726556737595237,0.9777,,,,,,,,,,,,
2026-03-28T16:51:35,comparison_condition_mlp_feedforward_20260328_140605,mlp_feedforward,20,20,318141474,441767840,mlp,feedforward,20,0.009854150465987623,0.10810249077158514,0.9786,,,,,,,,,,,,
2026-03-28T16:51:51,comparison_condition_mlp_feedforward_20260328_140605,mlp_feedforward,20,20,318141474,441767840,mlp,feedforward,21,0.012630684205237776,0.1359276231482625,0.9736,,,,,,,,,,,,
2026-03-28T16:52:07,comparison_condition_mlp_feedforward_20260328_140605,mlp_feedforward,20,20,318141474,441767840,mlp,feedforward,22,0.012073708109278231,0.12125003989171236,0.9778,,,,,,,,,,,,
2026-03-28T16:52:23,comparison_condition_mlp_feedforward_20260328_140605,mlp_feedforward,20,20,318141474,441767840,mlp,feedforward,23,0.009018051385721192,0.11448427788494155,0.9764,,,,,,,,,,,,
2026-03-28T16:52:38,comparison_condition_mlp_feedforward_20260328_140605,mlp_feedforward,20,20,318141474,441767840,mlp,feedforward,24,0.0093610369482846,0.12580333807924762,0.9781,,,,,,,,,,,,
2026-03-28T16:52:54,comparison_condition_mlp_feedforward_20260328_140605,mlp_feedforward,20,20,318141474,441767840,mlp,feedforward,25,0.008599828872582874,0.13441072648465632,0.9759,,,,,,,,,,,,
2026-03-28T16:53:15,comparison_condition_mlp_feedforward_20260328_140605,mlp_feedforward,21,21,1543970182,167164485,mlp,feedforward,1,0.2831020116186142,0.15062891805171966,0.9558,,,,,,,,,,,,
2026-03-28T16:53:31,comparison_condition_mlp_feedforward_20260328_140605,mlp_feedforward,21,21,1543970182,167164485,mlp,feedforward,2,0.11835538037180901,0.10791727229356765,0.9677,,,,,,,,,,,,
2026-03-28T16:53:46,comparison_condition_mlp_feedforward_20260328_140605,mlp_feedforward,21,21,1543970182,167164485,mlp,feedforward,3,0.07815305748701096,0.10109215640127658,0.9698,,,,,,,,,,,,
2026-03-28T16:54:02,comparison_condition_mlp_feedforward_20260328_140605,mlp_feedforward,21,21,1543970182,167164485,mlp,feedforward,4,0.05982274892449379,0.1096904175132513,0.9674,,,,,,,,,,,,
2026-03-28T16:54:18,comparison_condition_mlp_feedforward_20260328_140605,mlp_feedforward,21,21,1543970182,167164485,mlp,feedforward,5,0.04534894336938858,0.0993492378115654,0.9718,,,,,,,,,,,,
2026-03-28T16:54:34,comparison_condition_mlp_feedforward_20260328_140605,mlp_feedforward,21,21,1543970182,167164485,mlp,feedforward,6,0.036379482566714284,0.09499115554988384,0.9742,,,,,,,,,,,,
2026-03-28T16:54:49,comparison_condition_mlp_feedforward_20260328_140605,mlp_feedforward,21,21,1543970182,167164485,mlp,feedforward,7,0.02939928238093853,0.08992757025659084,0.9767,,,,,,,,,,,,
2026-03-28T16:55:05,comparison_condition_mlp_feedforward_20260328_140605,mlp_feedforward,21,21,1543970182,167164485,mlp,feedforward,8,0.028275222396552564,0.11604063827991486,0.9698,,,,,,,,,,,,
2026-03-28T16:55:21,comparison_condition_mlp_feedforward_20260328_140605,mlp_feedforward,21,21,1543970182,167164485,mlp,feedforward,9,0.021763029006123542,0.10501510295569896,0.9737,,,,,,,,,,,,
2026-03-28T16:55:36,comparison_condition_mlp_feedforward_20260328_140605,mlp_feedforward,21,21,1543970182,167164485,mlp,feedforward,10,0.016446134338714183,0.10106105321235954,0.9759,,,,,,,,,,,,
2026-03-28T16:55:53,comparison_condition_mlp_feedforward_20260328_140605,mlp_feedforward,21,21,1543970182,167164485,mlp,feedforward,11,0.020237773361206055,0.10356459855437279,0.9732,,,,,,,,,,,,
2026-03-28T16:56:08,comparison_condition_mlp_feedforward_20260328_140605,mlp_feedforward,21,21,1543970182,167164485,mlp,feedforward,12,0.01510912565343082,0.10588571287840605,0.9752,,,,,,,,,,,,
2026-03-28T16:56:24,comparison_condition_mlp_feedforward_20260328_140605,mlp_feedforward,21,21,1543970182,167164485,mlp,feedforward,13,0.014941093710362912,0.10650713932849466,0.9758,,,,,,,,,,,,
2026-03-28T16:56:40,comparison_condition_mlp_feedforward_20260328_140605,mlp_feedforward,21,21,1543970182,167164485,mlp,feedforward,14,0.018169488727152346,0.10768065213561058,0.9749,,,,,,,,,,,,
2026-03-28T16:56:56,comparison_condition_mlp_feedforward_20260328_140605,mlp_feedforward,21,21,1543970182,167164485,mlp,feedforward,15,0.014385074354913086,0.12829318561553954,0.9722,,,,,,,,,,,,
2026-03-28T16:57:11,comparison_condition_mlp_feedforward_20260328_140605,mlp_feedforward,21,21,1543970182,167164485,mlp,feedforward,16,0.012843323519378901,0.11094889517938718,0.9761,,,,,,,,,,,,
2026-03-28T16:57:27,comparison_condition_mlp_feedforward_20260328_140605,mlp_feedforward,21,21,1543970182,167164485,mlp,feedforward,17,0.010228627770822495,0.1296737927567214,0.9736,,,,,,,,,,,,
2026-03-28T16:57:43,comparison_condition_mlp_feedforward_20260328_140605,mlp_feedforward,21,21,1543970182,167164485,mlp,feedforward,18,0.015545749699473381,0.1291795657455921,0.9748,,,,,,,,,,,,
2026-03-28T16:57:59,comparison_condition_mlp_feedforward_20260328_140605,mlp_feedforward,21,21,1543970182,167164485,mlp,feedforward,19,0.010919887119345367,0.11306430686097592,0.9775,,,,,,,,,,,,
2026-03-28T16:58:14,comparison_condition_mlp_feedforward_20260328_140605,mlp_feedforward,21,21,1543970182,167164485,mlp,feedforward,20,0.007603080261617433,0.14071835786104203,0.9731,,,,,,,,,,,,
2026-03-28T16:58:30,comparison_condition_mlp_feedforward_20260328_140605,mlp_feedforward,21,21,1543970182,167164485,mlp,feedforward,21,0.013270245605604723,0.1404270966158714,0.9753,,,,,,,,,,,,
2026-03-28T16:58:46,comparison_condition_mlp_feedforward_20260328_140605,mlp_feedforward,21,21,1543970182,167164485,mlp,feedforward,22,0.010018505899533629,0.1489586332514882,0.9739,,,,,,,,,,,,
2026-03-28T16:59:01,comparison_condition_mlp_feedforward_20260328_140605,mlp_feedforward,21,21,1543970182,167164485,mlp,feedforward,23,0.012934253495093435,0.1453451880076085,0.9738,,,,,,,,,,,,
2026-03-28T16:59:17,comparison_condition_mlp_feedforward_20260328_140605,mlp_feedforward,21,21,1543970182,167164485,mlp,feedforward,24,0.011669701509629376,0.14380947201782837,0.9739,,,,,,,,,,,,
2026-03-28T16:59:33,comparison_condition_mlp_feedforward_20260328_140605,mlp_feedforward,21,21,1543970182,167164485,mlp,feedforward,25,0.010218422700832598,0.13547754130068934,0.9748,,,,,,,,,,,,
2026-03-28T16:59:53,comparison_condition_mlp_feedforward_20260328_140605,mlp_feedforward,22,22,407960426,1797594736,mlp,feedforward,1,0.2702797583818436,0.14664501091241836,0.955,,,,,,,,,,,,
2026-03-28T17:00:09,comparison_condition_mlp_feedforward_20260328_140605,mlp_feedforward,22,22,407960426,1797594736,mlp,feedforward,2,0.11271577051877975,0.12142144513130187,0.9652,,,,,,,,,,,,
2026-03-28T17:00:24,comparison_condition_mlp_feedforward_20260328_140605,mlp_feedforward,22,22,407960426,1797594736,mlp,feedforward,3,0.08142346053719521,0.11411254634857178,0.9653,,,,,,,,,,,,
2026-03-28T17:00:40,comparison_condition_mlp_feedforward_20260328_140605,mlp_feedforward,22,22,407960426,1797594736,mlp,feedforward,4,0.05863765138864517,0.1015488962650299,0.9706,,,,,,,,,,,,
2026-03-28T17:00:56,comparison_condition_mlp_feedforward_20260328_140605,mlp_feedforward,22,22,407960426,1797594736,mlp,feedforward,5,0.04387617089986801,0.09726485338509083,0.9713,,,,,,,,,,,,
2026-03-28T17:01:12,comparison_condition_mlp_feedforward_20260328_140605,mlp_feedforward,22,22,407960426,1797594736,mlp,feedforward,6,0.03539368252940476,0.10335802555084228,0.9707,,,,,,,,,,,,
2026-03-28T17:01:27,comparison_condition_mlp_feedforward_20260328_140605,mlp_feedforward,22,22,407960426,1797594736,mlp,feedforward,7,0.02854929360091686,0.09484365620613099,0.9742,,,,,,,,,,,,
2026-03-28T17:01:43,comparison_condition_mlp_feedforward_20260328_140605,mlp_feedforward,22,22,407960426,1797594736,mlp,feedforward,8,0.024443053219616415,0.0958994292743504,0.9748,,,,,,,,,,,,
2026-03-28T17:01:59,comparison_condition_mlp_feedforward_20260328_140605,mlp_feedforward,22,22,407960426,1797594736,mlp,feedforward,9,0.023492041424512864,0.09940600935220718,0.974,,,,,,,,,,,,
2026-03-28T17:02:14,comparison_condition_mlp_feedforward_20260328_140605,mlp_feedforward,22,22,407960426,1797594736,mlp,feedforward,10,0.02079614495545626,0.10880491470098495,0.9734,,,,,,,,,,,,
2026-03-28T17:02:31,comparison_condition_mlp_feedforward_20260328_140605,mlp_feedforward,22,22,407960426,1797594736,mlp,feedforward,11,0.01777590718373656,0.10908717280849814,0.9758,,,,,,,,,,,,
2026-03-28T17:02:46,comparison_condition_mlp_feedforward_20260328_140605,mlp_feedforward,22,22,407960426,1797594736,mlp,feedforward,12,0.01601309046626091,0.09515600230656564,0.977,,,,,,,,,,,,
2026-03-28T17:03:02,comparison_condition_mlp_feedforward_20260328_140605,mlp_feedforward,22,22,407960426,1797594736,mlp,feedforward,13,0.01206905242703855,0.11248638420701026,0.9748,,,,,,,,,,,,
2026-03-28T17:03:17,comparison_condition_mlp_feedforward_20260328_140605,mlp_feedforward,22,22,407960426,1797594736,mlp,feedforward,14,0.01917258046621457,0.10925917183160781,0.9769,,,,,,,,,,,,
2026-03-28T17:03:33,comparison_condition_mlp_feedforward_20260328_140605,mlp_feedforward,22,22,407960426,1797594736,mlp,feedforward,15,0.017287965378910305,0.13196438840031624,0.9727,,,,,,,,,,,,
2026-03-28T17:03:49,comparison_condition_mlp_feedforward_20260328_140605,mlp_feedforward,22,22,407960426,1797594736,mlp,feedforward,16,0.012419478336758912,0.10725985927507281,0.9786,,,,,,,,,,,,
2026-03-28T17:04:05,comparison_condition_mlp_feedforward_20260328_140605,mlp_feedforward,22,22,407960426,1797594736,mlp,feedforward,17,0.010988033546451479,0.11720523239970207,0.9769,,,,,,,,,,,,
2026-03-28T17:04:21,comparison_condition_mlp_feedforward_20260328_140605,mlp_feedforward,22,22,407960426,1797594736,mlp,feedforward,18,0.012549335371367633,0.13848639145167543,0.9734,,,,,,,,,,,,
2026-03-28T17:04:36,comparison_condition_mlp_feedforward_20260328_140605,mlp_feedforward,22,22,407960426,1797594736,mlp,feedforward,19,0.011316316652353853,0.1251172518402338,0.9755,,,,,,,,,,,,
2026-03-28T17:04:52,comparison_condition_mlp_feedforward_20260328_140605,mlp_feedforward,22,22,407960426,1797594736,mlp,feedforward,20,0.010065443568322808,0.15165222002565862,0.9729,,,,,,,,,,,,
2026-03-28T17:05:08,comparison_condition_mlp_feedforward_20260328_140605,mlp_feedforward,22,22,407960426,1797594736,mlp,feedforward,21,0.01588895375246182,0.13696228360682725,0.9753,,,,,,,,,,,,
2026-03-28T17:05:23,comparison_condition_mlp_feedforward_20260328_140605,mlp_feedforward,22,22,407960426,1797594736,mlp,feedforward,22,0.008363494611186907,0.12825523539483547,0.9765,,,,,,,,,,,,
2026-03-28T17:05:39,comparison_condition_mlp_feedforward_20260328_140605,mlp_feedforward,22,22,407960426,1797594736,mlp,feedforward,23,0.00938227522413712,0.12625184285342694,0.9776,,,,,,,,,,,,
2026-03-28T17:05:55,comparison_condition_mlp_feedforward_20260328_140605,mlp_feedforward,22,22,407960426,1797594736,mlp,feedforward,24,0.008930100628379732,0.1412001961439848,0.9746,,,,,,,,,,,,
2026-03-28T17:06:11,comparison_condition_mlp_feedforward_20260328_140605,mlp_feedforward,22,22,407960426,1797594736,mlp,feedforward,25,0.005657164939715294,0.1409381806317717,0.9767,,,,,,,,,,,,
2026-03-28T17:06:31,comparison_condition_mlp_feedforward_20260328_140605,mlp_feedforward,23,23,733495427,691573102,mlp,feedforward,1,0.2771783706998825,0.16003894820585846,0.9521,,,,,,,,,,,,
2026-03-28T17:06:47,comparison_condition_mlp_feedforward_20260328_140605,mlp_feedforward,23,23,733495427,691573102,mlp,feedforward,2,0.11442856009244919,0.11613883916847408,0.9611,,,,,,,,,,,,
2026-03-28T17:07:02,comparison_condition_mlp_feedforward_20260328_140605,mlp_feedforward,23,23,733495427,691573102,mlp,feedforward,3,0.07951254479646683,0.09543742545451969,0.9687,,,,,,,,,,,,
2026-03-28T17:07:18,comparison_condition_mlp_feedforward_20260328_140605,mlp_feedforward,23,23,733495427,691573102,mlp,feedforward,4,0.058167020301222803,0.09010991340752225,0.97,,,,,,,,,,,,
2026-03-28T17:07:34,comparison_condition_mlp_feedforward_20260328_140605,mlp_feedforward,23,23,733495427,691573102,mlp,feedforward,5,0.0462523911356926,0.09743857313531916,0.9708,,,,,,,,,,,,
2026-03-28T17:07:50,comparison_condition_mlp_feedforward_20260328_140605,mlp_feedforward,23,23,733495427,691573102,mlp,feedforward,6,0.03686015333354473,0.09927327566490275,0.9714,,,,,,,,,,,,
2026-03-28T17:08:05,comparison_condition_mlp_feedforward_20260328_140605,mlp_feedforward,23,23,733495427,691573102,mlp,feedforward,7,0.0273896254914999,0.08840896930862219,0.9735,,,,,,,,,,,,
2026-03-28T17:08:21,comparison_condition_mlp_feedforward_20260328_140605,mlp_feedforward,23,23,733495427,691573102,mlp,feedforward,8,0.024575038084983826,0.09326598671961692,0.9749,,,,,,,,,,,,
2026-03-28T17:08:37,comparison_condition_mlp_feedforward_20260328_140605,mlp_feedforward,23,23,733495427,691573102,mlp,feedforward,9,0.02208400441326201,0.0974974036596599,0.9726,,,,,,,,,,,,
2026-03-28T17:08:52,comparison_condition_mlp_feedforward_20260328_140605,mlp_feedforward,23,23,733495427,691573102,mlp,feedforward,10,0.02470725986406207,0.10027560021951795,0.9722,,,,,,,,,,,,
2026-03-28T17:09:08,comparison_condition_mlp_feedforward_20260328_140605,mlp_feedforward,23,23,733495427,691573102,mlp,feedforward,11,0.01723403740257025,0.09891284346562025,0.9755,,,,,,,,,,,,
2026-03-28T17:09:24,comparison_condition_mlp_feedforward_20260328_140605,mlp_feedforward,23,23,733495427,691573102,mlp,feedforward,12,0.013234855802357197,0.11278473778962234,0.973,,,,,,,,,,,,
2026-03-28T17:09:40,comparison_condition_mlp_feedforward_20260328_140605,mlp_feedforward,23,23,733495427,691573102,mlp,feedforward,13,0.016844854627475144,0.10328800297124544,0.9743,,,,,,,,,,,,
2026-03-28T17:09:55,comparison_condition_mlp_feedforward_20260328_140605,mlp_feedforward,23,23,733495427,691573102,mlp,feedforward,14,0.018225797799527644,0.13333799253999915,0.9696,,,,,,,,,,,,
2026-03-28T17:10:11,comparison_condition_mlp_feedforward_20260328_140605,mlp_feedforward,23,23,733495427,691573102,mlp,feedforward,15,0.013782050557881594,0.10549670772191602,0.9758,,,,,,,,,,,,
2026-03-28T17:10:26,comparison_condition_mlp_feedforward_20260328_140605,mlp_feedforward,23,23,733495427,691573102,mlp,feedforward,16,0.013888931677564978,0.1359428200662135,0.9702,,,,,,,,,,,,
2026-03-28T17:10:42,comparison_condition_mlp_feedforward_20260328_140605,mlp_feedforward,23,23,733495427,691573102,mlp,feedforward,17,0.01132192007681355,0.13255610221326347,0.9723,,,,,,,,,,,,
2026-03-28T17:10:58,comparison_condition_mlp_feedforward_20260328_140605,mlp_feedforward,23,23,733495427,691573102,mlp,feedforward,18,0.011888489525318145,0.10751446765063301,0.9769,,,,,,,,,,,,
2026-03-28T17:11:14,comparison_condition_mlp_feedforward_20260328_140605,mlp_feedforward,23,23,733495427,691573102,mlp,feedforward,19,0.00596262548870407,0.12160966824601346,0.9758,,,,,,,,,,,,
2026-03-28T17:11:29,comparison_condition_mlp_feedforward_20260328_140605,mlp_feedforward,23,23,733495427,691573102,mlp,feedforward,20,0.012948441678266972,0.11367462470382415,0.9765,,,,,,,,,,,,
2026-03-28T17:11:45,comparison_condition_mlp_feedforward_20260328_140605,mlp_feedforward,23,23,733495427,691573102,mlp,feedforward,21,0.013625840483303182,0.13787165951926,0.9721,,,,,,,,,,,,
2026-03-28T17:12:01,comparison_condition_mlp_feedforward_20260328_140605,mlp_feedforward,23,23,733495427,691573102,mlp,feedforward,22,0.01290727946993895,0.13172727618813307,0.9761,,,,,,,,,,,,
2026-03-28T17:12:16,comparison_condition_mlp_feedforward_20260328_140605,mlp_feedforward,23,23,733495427,691573102,mlp,feedforward,23,0.011418101476961746,0.11397440832849534,0.9756,,,,,,,,,,,,
2026-03-28T17:12:32,comparison_condition_mlp_feedforward_20260328_140605,mlp_feedforward,23,23,733495427,691573102,mlp,feedforward,24,0.008954511209586635,0.14092726746797557,0.9737,,,,,,,,,,,,
2026-03-28T17:12:48,comparison_condition_mlp_feedforward_20260328_140605,mlp_feedforward,23,23,733495427,691573102,mlp,feedforward,25,0.007094278829311952,0.12444511940479279,0.9762,,,,,,,,,,,,
2026-03-28T17:13:08,comparison_condition_mlp_feedforward_20260328_140605,mlp_feedforward,24,24,50511425,985348261,mlp,feedforward,1,0.296038075799942,0.1480299419283867,0.955,,,,,,,,,,,,
2026-03-28T17:13:24,comparison_condition_mlp_feedforward_20260328_140605,mlp_feedforward,24,24,50511425,985348261,mlp,feedforward,2,0.12225294014930725,0.12444098823666573,0.9625,,,,,,,,,,,,
2026-03-28T17:13:40,comparison_condition_mlp_feedforward_20260328_140605,mlp_feedforward,24,24,50511425,985348261,mlp,feedforward,3,0.08050881412625313,0.10416013368666172,0.9687,,,,,,,,,,,,
2026-03-28T17:13:56,comparison_condition_mlp_feedforward_20260328_140605,mlp_feedforward,24,24,50511425,985348261,mlp,feedforward,4,0.05864733549952507,0.09605048759542406,0.972,,,,,,,,,,,,
2026-03-28T17:14:12,comparison_condition_mlp_feedforward_20260328_140605,mlp_feedforward,24,24,50511425,985348261,mlp,feedforward,5,0.0454681261575222,0.10409983396157622,0.97,,,,,,,,,,,,
2026-03-28T17:14:27,comparison_condition_mlp_feedforward_20260328_140605,mlp_feedforward,24,24,50511425,985348261,mlp,feedforward,6,0.03617643335163593,0.10012215802147985,0.9737,,,,,,,,,,,,
2026-03-28T17:14:43,comparison_condition_mlp_feedforward_20260328_140605,mlp_feedforward,24,24,50511425,985348261,mlp,feedforward,7,0.025971144569516182,0.09887434713402762,0.9755,,,,,,,,,,,,
2026-03-28T17:14:58,comparison_condition_mlp_feedforward_20260328_140605,mlp_feedforward,24,24,50511425,985348261,mlp,feedforward,8,0.02472424547612667,0.10005689442157745,0.9751,,,,,,,,,,,,
2026-03-28T17:15:14,comparison_condition_mlp_feedforward_20260328_140605,mlp_feedforward,24,24,50511425,985348261,mlp,feedforward,9,0.02073273428350687,0.1360650327993557,0.9693,,,,,,,,,,,,
2026-03-28T17:15:30,comparison_condition_mlp_feedforward_20260328_140605,mlp_feedforward,24,24,50511425,985348261,mlp,feedforward,10,0.021130414934307336,0.10942268913751468,0.9751,,,,,,,,,,,,
2026-03-28T17:15:45,comparison_condition_mlp_feedforward_20260328_140605,mlp_feedforward,24,24,50511425,985348261,mlp,feedforward,11,0.017916104380339384,0.11380167051471654,0.9736,,,,,,,,,,,,
2026-03-28T17:16:01,comparison_condition_mlp_feedforward_20260328_140605,mlp_feedforward,24,24,50511425,985348261,mlp,feedforward,12,0.016587322447299956,0.11199338901960292,0.9735,,,,,,,,,,,,
2026-03-28T17:16:17,comparison_condition_mlp_feedforward_20260328_140605,mlp_feedforward,24,24,50511425,985348261,mlp,feedforward,13,0.016075564836636184,0.1337305165208876,0.9725,,,,,,,,,,,,
2026-03-28T17:16:32,comparison_condition_mlp_feedforward_20260328_140605,mlp_feedforward,24,24,50511425,985348261,mlp,feedforward,14,0.017410476311445235,0.12186950061917305,0.9737,,,,,,,,,,,,
2026-03-28T17:16:48,comparison_condition_mlp_feedforward_20260328_140605,mlp_feedforward,24,24,50511425,985348261,mlp,feedforward,15,0.01306917283128947,0.1393710273295641,0.9755,,,,,,,,,,,,
2026-03-28T17:17:04,comparison_condition_mlp_feedforward_20260328_140605,mlp_feedforward,24,24,50511425,985348261,mlp,feedforward,16,0.013665222816523164,0.1294865115906112,0.9758,,,,,,,,,,,,
2026-03-28T17:17:19,comparison_condition_mlp_feedforward_20260328_140605,mlp_feedforward,24,24,50511425,985348261,mlp,feedforward,17,0.011581556037217378,0.15761824295348487,0.971,,,,,,,,,,,,
2026-03-28T17:17:35,comparison_condition_mlp_feedforward_20260328_140605,mlp_feedforward,24,24,50511425,985348261,mlp,feedforward,18,0.014452560630831867,0.13167430010838435,0.9766,,,,,,,,,,,,
2026-03-28T17:17:50,comparison_condition_mlp_feedforward_20260328_140605,mlp_feedforward,24,24,50511425,985348261,mlp,feedforward,19,0.00968372109958902,0.12838833709150205,0.9771,,,,,,,,,,,,
2026-03-28T17:18:06,comparison_condition_mlp_feedforward_20260328_140605,mlp_feedforward,24,24,50511425,985348261,mlp,feedforward,20,0.008455896760094912,0.13285093421663624,0.9783,,,,,,,,,,,,
2026-03-28T17:18:22,comparison_condition_mlp_feedforward_20260328_140605,mlp_feedforward,24,24,50511425,985348261,mlp,feedforward,21,0.011243520436617546,0.1515027698273654,0.9746,,,,,,,,,,,,
2026-03-28T17:18:38,comparison_condition_mlp_feedforward_20260328_140605,mlp_feedforward,24,24,50511425,985348261,mlp,feedforward,22,0.013010125000830739,0.13760178898266312,0.9766,,,,,,,,,,,,
2026-03-28T17:18:53,comparison_condition_mlp_feedforward_20260328_140605,mlp_feedforward,24,24,50511425,985348261,mlp,feedforward,23,0.007691671961650718,0.14048488808233378,0.9781,,,,,,,,,,,,
2026-03-28T17:19:09,comparison_condition_mlp_feedforward_20260328_140605,mlp_feedforward,24,24,50511425,985348261,mlp,feedforward,24,0.008696514850142412,0.15612706959083006,0.9755,,,,,,,,,,,,
2026-03-28T17:19:25,comparison_condition_mlp_feedforward_20260328_140605,mlp_feedforward,24,24,50511425,985348261,mlp,feedforward,25,0.011321540390902664,0.15289412470778915,0.9763,,,,,,,,,,,,
2026-03-28T17:19:46,comparison_condition_mlp_feedforward_20260328_140605,mlp_feedforward,25,25,729108864,57702956,mlp,feedforward,1,0.28096071460723876,0.13477729415893555,0.9588,,,,,,,,,,,,
2026-03-28T17:20:01,comparison_condition_mlp_feedforward_20260328_140605,mlp_feedforward,25,25,729108864,57702956,mlp,feedforward,2,0.11426126297950745,0.1155561686515808,0.965,,,,,,,,,,,,
2026-03-28T17:20:17,comparison_condition_mlp_feedforward_20260328_140605,mlp_feedforward,25,25,729108864,57702956,mlp,feedforward,3,0.08057676972389222,0.11405117094516753,0.9653,,,,,,,,,,,,
2026-03-28T17:20:33,comparison_condition_mlp_feedforward_20260328_140605,mlp_feedforward,25,25,729108864,57702956,mlp,feedforward,4,0.05863318495869636,0.09904520456790925,0.9723,,,,,,,,,,,,
2026-03-28T17:20:49,comparison_condition_mlp_feedforward_20260328_140605,mlp_feedforward,25,25,729108864,57702956,mlp,feedforward,5,0.04427133187532425,0.08670485439300538,0.9759,,,,,,,,,,,,
2026-03-28T17:21:04,comparison_condition_mlp_feedforward_20260328_140605,mlp_feedforward,25,25,729108864,57702956,mlp,feedforward,6,0.03358801209062338,0.09255731232166291,0.9741,,,,,,,,,,,,
2026-03-28T17:21:20,comparison_condition_mlp_feedforward_20260328_140605,mlp_feedforward,25,25,729108864,57702956,mlp,feedforward,7,0.02950883643858135,0.09994677189588547,0.9756,,,,,,,,,,,,
2026-03-28T17:21:36,comparison_condition_mlp_feedforward_20260328_140605,mlp_feedforward,25,25,729108864,57702956,mlp,feedforward,8,0.02778292950287461,0.10522140288352966,0.9737,,,,,,,,,,,,
2026-03-28T17:21:52,comparison_condition_mlp_feedforward_20260328_140605,mlp_feedforward,25,25,729108864,57702956,mlp,feedforward,9,0.020330620747357607,0.10087084760665893,0.9763,,,,,,,,,,,,
2026-03-28T17:22:07,comparison_condition_mlp_feedforward_20260328_140605,mlp_feedforward,25,25,729108864,57702956,mlp,feedforward,10,0.02328203995808959,0.09920684896409511,0.9791,,,,,,,,,,,,
2026-03-28T17:22:23,comparison_condition_mlp_feedforward_20260328_140605,mlp_feedforward,25,25,729108864,57702956,mlp,feedforward,11,0.015373102808892727,0.09857627806067466,0.9779,,,,,,,,,,,,
2026-03-28T17:22:39,comparison_condition_mlp_feedforward_20260328_140605,mlp_feedforward,25,25,729108864,57702956,mlp,feedforward,12,0.018648079336062075,0.11254148962795735,0.9743,,,,,,,,,,,,
2026-03-28T17:22:55,comparison_condition_mlp_feedforward_20260328_140605,mlp_feedforward,25,25,729108864,57702956,mlp,feedforward,13,0.012384888738896697,0.11804909572899341,0.9764,,,,,,,,,,,,
2026-03-28T17:23:11,comparison_condition_mlp_feedforward_20260328_140605,mlp_feedforward,25,25,729108864,57702956,mlp,feedforward,14,0.021008979415744544,0.13284935603141784,0.9728,,,,,,,,,,,,
2026-03-28T17:23:26,comparison_condition_mlp_feedforward_20260328_140605,mlp_feedforward,25,25,729108864,57702956,mlp,feedforward,15,0.012713778332322836,0.1088931319117546,0.9786,,,,,,,,,,,,
2026-03-28T17:23:42,comparison_condition_mlp_feedforward_20260328_140605,mlp_feedforward,25,25,729108864,57702956,mlp,feedforward,16,0.009737443182505667,0.11494210429340601,0.9776,,,,,,,,,,,,
2026-03-28T17:23:58,comparison_condition_mlp_feedforward_20260328_140605,mlp_feedforward,25,25,729108864,57702956,mlp,feedforward,17,0.013563139995466917,0.1428257237881422,0.9718,,,,,,,,,,,,
2026-03-28T17:24:14,comparison_condition_mlp_feedforward_20260328_140605,mlp_feedforward,25,25,729108864,57702956,mlp,feedforward,18,0.01769930554240942,0.13254924536943435,0.975,,,,,,,,,,,,
2026-03-28T17:24:29,comparison_condition_mlp_feedforward_20260328_140605,mlp_feedforward,25,25,729108864,57702956,mlp,feedforward,19,0.012916238658055664,0.12864681903123856,0.977,,,,,,,,,,,,
2026-03-28T17:24:45,comparison_condition_mlp_feedforward_20260328_140605,mlp_feedforward,25,25,729108864,57702956,mlp,feedforward,20,0.007594448468633927,0.14016740125715732,0.976,,,,,,,,,,,,
2026-03-28T17:25:01,comparison_condition_mlp_feedforward_20260328_140605,mlp_feedforward,25,25,729108864,57702956,mlp,feedforward,21,0.009361196431359277,0.1453544667016715,0.9745,,,,,,,,,,,,
2026-03-28T17:25:17,comparison_condition_mlp_feedforward_20260328_140605,mlp_feedforward,25,25,729108864,57702956,mlp,feedforward,22,0.010935186167992652,0.12907092298567296,0.9794,,,,,,,,,,,,
2026-03-28T17:25:32,comparison_condition_mlp_feedforward_20260328_140605,mlp_feedforward,25,25,729108864,57702956,mlp,feedforward,23,0.009889615844646468,0.15927544844150543,0.9727,,,,,,,,,,,,
2026-03-28T17:25:48,comparison_condition_mlp_feedforward_20260328_140605,mlp_feedforward,25,25,729108864,57702956,mlp,feedforward,24,0.010310969708170742,0.14960872322283686,0.9764,,,,,,,,,,,,
2026-03-28T17:26:04,comparison_condition_mlp_feedforward_20260328_140605,mlp_feedforward,25,25,729108864,57702956,mlp,feedforward,25,0.007933104982431978,0.1560205249428749,0.9756,,,,,,,,,,,,
