timestamp,experiment_id,run_index,k,c_value,trial_index,run_seed,mask_seed,epoch,train_loss,val_loss,val_acc,train_cert_rate,train_tau_mean,train_recurrent_scale_mean,train_recurrent_shrink_rate,train_recurrent_norm_m_mean,train_rho_mean,val_cert_rate,val_tau_mean,val_recurrent_scale_mean,val_recurrent_shrink_rate,val_recurrent_norm_m_mean,val_rho_mean,hh_density_target,hh_active_edges,hh_total_edges,hh_density_realized
2026-03-21T19:36:24,crp_c_sensitivity_20260321_193605,1,1,0.9,1,894684355,1573429661,1,0.2930653944158554,0.17750838332176208,0.9473,1.0,4.15936,0.12535666264688877,1.0,7.18133110280537,0.8999999761581421,1.0,4.0946,0.12217600643634796,1.0,7.366421699523926,0.8999999761581421,0.5,8192,16384,0.5
2026-03-21T19:36:43,crp_c_sensitivity_20260321_193605,1,1,0.9,1,894684355,1573429661,2,0.1300562363600731,0.1380219803214073,0.9565,1.0,4.09046,0.12481082137435903,1.0,7.215664800170742,0.8999999761581421,1.0,4.0851,0.12030138075351715,1.0,7.481210708618164,0.8999999761581421,0.5,8192,16384,0.5
2026-03-21T19:37:02,crp_c_sensitivity_20260321_193605,1,1,0.9,1,894684355,1573429661,3,0.09041436758041382,0.11071548964977264,0.9668,1.0,4.08758,0.12352514970104408,1.0,7.288641139369487,0.8999999761581421,1.0,4.0869,0.11977291852235794,1.0,7.514219284057617,0.8999999761581421,0.5,8192,16384,0.5
2026-03-21T19:37:20,crp_c_sensitivity_20260321_193605,1,1,0.9,1,894684355,1573429661,4,0.06944324651598931,0.10719801506996154,0.9677,1.0,4.0893,0.12133887341565183,1.0,7.41912430326652,0.8999999761581421,1.0,4.103,0.11858932673931122,1.0,7.5892157554626465,0.8999999761581421,0.5,8192,16384,0.5
2026-03-21T19:37:40,crp_c_sensitivity_20260321_193605,1,1,0.9,1,894684355,1573429661,5,0.05314334141254425,0.09705561320185661,0.9704,1.0,4.09734,0.1188730556527367,1.0,7.5732115955304,0.8999999761581421,1.0,4.1203,0.11469234526157379,1.0,7.847079753875732,0.8999999761581421,0.5,8192,16384,0.5
2026-03-21T19:38:11,crp_c_sensitivity_20260321_193605,2,1,0.9,2,21838114,1761311798,1,0.3019345452404022,0.17987344148159026,0.9468,1.0,4.18574,0.12417849351454269,1.0,7.250611157673399,0.8999999761581421,1.0,4.1141,0.11936923116445541,1.0,7.539631366729736,0.8999999761581421,0.5,8192,16384,0.5
2026-03-21T19:38:33,crp_c_sensitivity_20260321_193605,2,1,0.9,2,21838114,1761311798,2,0.13339473261356355,0.13122639636993408,0.9602,1.0,4.10914,0.1236929364902589,1.0,7.279623841385707,0.8999999761581421,1.0,4.0941,0.11871495097875595,1.0,7.5811848640441895,0.8999999761581421,0.5,8192,16384,0.5
2026-03-21T19:38:55,crp_c_sensitivity_20260321_193605,2,1,0.9,2,21838114,1761311798,3,0.09253150479793548,0.10962278519868851,0.9658,1.0,4.09168,0.1184704283733502,1.0,7.604729445084281,0.8999999761581421,1.0,4.079,0.11248137056827545,1.0,8.001324653625488,0.8999999761581421,0.5,8192,16384,0.5
2026-03-21T19:39:16,crp_c_sensitivity_20260321_193605,2,1,0.9,2,21838114,1761311798,4,0.07168924583911895,0.10985419244766235,0.9663,1.0,4.09868,0.11770720661753584,1.0,7.649318298720337,0.8999999761581421,1.0,4.1008,0.11379535496234894,1.0,7.908934116363525,0.8999999761581421,0.5,8192,16384,0.5
2026-03-21T19:39:35,crp_c_sensitivity_20260321_193605,2,1,0.9,2,21838114,1761311798,5,0.055769858899116516,0.10550774572491646,0.9692,1.0,4.1063,0.11611719903967264,1.0,7.752753661416681,0.8999999761581421,1.0,4.1047,0.11315888911485672,1.0,7.953418254852295,0.8999999761581421,0.5,8192,16384,0.5
2026-03-21T19:40:04,crp_c_sensitivity_20260321_193605,3,1,0.9,3,1772117478,1724103795,1,0.3055653564548492,0.17279392373561858,0.9457,1.0,4.1556,0.1224048812790295,1.0,7.355659223883353,0.8999999761581421,1.0,4.0868,0.11787431687116623,1.0,7.635251045227051,0.8999999761581421,0.5,8192,16384,0.5
2026-03-21T19:40:31,crp_c_sensitivity_20260321_193605,3,1,0.9,3,1772117478,1724103795,2,0.1319011569786072,0.14015696507692338,0.9579,1.0,4.08706,0.12207412782608701,1.0,7.376051693011428,0.8999999761581421,1.0,4.0806,0.11891503632068634,1.0,7.5684285163879395,0.8999999761581421,0.5,8192,16384,0.5
2026-03-21T19:40:59,crp_c_sensitivity_20260321_193605,3,1,0.9,3,1772117478,1724103795,3,0.09160332442283631,0.10252806732058525,0.9695,0.99998,4.08954,0.12098430432474522,1.0,7.44159578240436,0.8999999761581421,1.0,4.0906,0.1176629364490509,1.0,7.648967266082764,0.8999999761581421,0.5,8192,16384,0.5
2026-03-21T19:41:23,crp_c_sensitivity_20260321_193605,3,1,0.9,3,1772117478,1724103795,4,0.06969038886070252,0.09862714577615261,0.969,1.0,4.09556,0.1165003664696308,1.0,7.730862360171345,0.8999999761581421,1.0,4.0947,0.1127963662147522,1.0,7.97898006439209,0.8999999761581421,0.5,8192,16384,0.5
2026-03-21T19:41:56,crp_c_sensitivity_20260321_193605,3,1,0.9,3,1772117478,1724103795,5,0.05378035482704639,0.09231644938588142,0.9704,1.0,4.1209,0.11592548407252183,1.0,7.765431117523661,0.8999999761581421,1.0,4.1337,0.11264618486166,1.0,7.989617824554443,0.8999999761581421,0.5,8192,16384,0.5
2026-03-21T19:42:33,crp_c_sensitivity_20260321_193605,4,1,0.9,4,641324193,1836395613,1,0.2959477850818634,0.15947167222499847,0.9541,1.0,4.16588,0.12212255659996701,1.0,7.376637697829615,0.8999999761581421,1.0,4.0747,0.116133913397789,1.0,7.749673843383789,0.8999999761581421,0.5,8192,16384,0.5
2026-03-21T19:42:59,crp_c_sensitivity_20260321_193605,4,1,0.9,4,641324193,1836395613,2,0.12944448872089387,0.12591345764398576,0.9641,1.0,4.09538,0.12222280540048619,1.0,7.368941776587835,0.8999999761581421,1.0,4.0838,0.11644521355628967,1.0,7.72895622253418,0.8999999761581421,0.5,8192,16384,0.5
2026-03-21T19:43:28,crp_c_sensitivity_20260321_193605,4,1,0.9,4,641324193,1836395613,3,0.08982311081409454,0.10955526849031448,0.9691,1.0,4.08802,0.12188826924394769,1.0,7.385162320588251,0.8999999761581421,1.0,4.0875,0.11945146322250366,1.0,7.534440994262695,0.8999999761581421,0.5,8192,16384,0.5
2026-03-21T19:43:54,crp_c_sensitivity_20260321_193605,4,1,0.9,4,641324193,1836395613,4,0.0670409639531374,0.10329045242071151,0.9683,1.0,4.08792,0.11878348784068661,1.0,7.578234207904552,0.8999999761581421,1.0,4.1006,0.11654216051101685,1.0,7.722527027130127,0.8999999761581421,0.5,8192,16384,0.5
2026-03-21T19:44:25,crp_c_sensitivity_20260321_193605,4,1,0.9,4,641324193,1836395613,5,0.05332858624458313,0.10238626934587955,0.9715,1.0,4.09252,0.11710484274436751,1.0,7.6871279792102705,0.8999999761581421,1.0,4.1125,0.11405288428068161,1.0,7.89107608795166,0.8999999761581421,0.5,8192,16384,0.5
2026-03-21T19:45:01,crp_c_sensitivity_20260321_193605,5,1,0.9,5,791158067,2000992392,1,0.3077817174625397,0.17861806135177613,0.9464,1.0,4.16396,0.12143686693876296,1.0,7.413952050611491,0.8999999761581421,1.0,4.0904,0.11805126070976257,1.0,7.623806476593018,0.8999999761581421,0.5,8192,16384,0.5
2026-03-21T19:45:25,crp_c_sensitivity_20260321_193605,5,1,0.9,5,791158067,2000992392,2,0.13485258830070496,0.13699641181230546,0.9583,1.0,4.09466,0.12175375697634104,1.0,7.394624391785058,0.8999999761581421,1.0,4.0852,0.11823002994060516,1.0,7.612278938293457,0.8999999761581421,0.5,8192,16384,0.5
2026-03-21T19:45:46,crp_c_sensitivity_20260321_193605,5,1,0.9,5,791158067,2000992392,3,0.0922082658624649,0.11978602953702211,0.9628,1.0,4.08542,0.11997527825405531,1.0,7.503961252129597,0.8999999761581421,1.0,4.0981,0.11662235110998154,1.0,7.717216968536377,0.8999999761581421,0.5,8192,16384,0.5
2026-03-21T19:46:11,crp_c_sensitivity_20260321_193605,5,1,0.9,5,791158067,2000992392,4,0.0709343841958046,0.10375604923963547,0.9687,1.0,4.0861,0.11783113044774746,1.0,7.640043081834798,0.8999999761581421,1.0,4.0824,0.1152125895023346,1.0,7.811645984649658,0.8999999761581421,0.5,8192,16384,0.5
2026-03-21T19:46:37,crp_c_sensitivity_20260321_193605,5,1,0.9,5,791158067,2000992392,5,0.05609886505007744,0.09587639907002449,0.9707,1.0,4.09392,0.11608952228599193,1.0,7.7539152538075165,0.8999999761581421,1.0,4.0926,0.1135111004114151,1.0,7.92874002456665,0.8999999761581421,0.5,8192,16384,0.5
2026-03-21T19:47:10,crp_c_sensitivity_20260321_193605,6,1,0.9,6,415884586,580346373,1,0.30446315162181853,0.172084529876709,0.9476,1.0,4.1718,0.12065609470200356,1.0,7.465605883342226,0.8999999761581421,1.0,4.0838,0.11512655764818192,1.0,7.817483425140381,0.8999999761581421,0.5,8192,16384,0.5
2026-03-21T19:47:38,crp_c_sensitivity_20260321_193605,6,1,0.9,6,415884586,580346373,2,0.13208114868164061,0.13268915977478027,0.9599,1.0,4.0956,0.12166862761425545,1.0,7.400770410552354,0.8999999761581421,1.0,4.0888,0.11843982338905334,1.0,7.598795413970947,0.8999999761581421,0.5,8192,16384,0.5
2026-03-21T19:48:06,crp_c_sensitivity_20260321_193605,6,1,0.9,6,415884586,580346373,3,0.09230758154153824,0.11458730840682983,0.965,1.0,4.0854,0.12039663442565351,1.0,7.476931191466349,0.8999999761581421,1.0,4.0854,0.11822503805160522,1.0,7.612600326538086,0.8999999761581421,0.5,8192,16384,0.5
2026-03-21T19:48:34,crp_c_sensitivity_20260321_193605,6,1,0.9,6,415884586,580346373,4,0.07115660589456559,0.10635587077140808,0.9685,1.0,4.08692,0.11883018282063477,1.0,7.574976333266939,0.8999999761581421,1.0,4.0898,0.11646360158920288,1.0,7.727735996246338,0.8999999761581421,0.5,8192,16384,0.5
2026-03-21T19:48:58,crp_c_sensitivity_20260321_193605,6,1,0.9,6,415884586,580346373,5,0.05370197600066662,0.10434372620582581,0.9691,1.0,4.084,0.11564142338912506,1.0,7.786926093918588,0.8999999761581421,1.0,4.0967,0.11236568540334702,1.0,8.009562492370605,0.8999999761581421,0.5,8192,16384,0.5
2026-03-21T19:49:28,crp_c_sensitivity_20260321_193605,7,1,0.9,7,1215493282,936793384,1,0.3220357436466217,0.18465614302158356,0.9469,1.0,4.13848,0.12192544960381126,1.0,7.386357096454981,0.8999999761581421,1.0,4.0756,0.1165119856595993,1.0,7.724526882171631,0.8999999761581421,0.5,8192,16384,0.5
2026-03-21T19:49:54,crp_c_sensitivity_20260321_193605,7,1,0.9,7,1215493282,936793384,2,0.13336239684581758,0.1404810235619545,0.9584,1.0,4.09118,0.12322932317891085,1.0,7.305428990317733,0.8999999761581421,1.0,4.0844,0.11935654282569885,1.0,7.540432453155518,0.8999999761581421,0.5,8192,16384,0.5
2026-03-21T19:50:19,crp_c_sensitivity_20260321_193605,7,1,0.9,7,1215493282,936793384,3,0.09093387325644493,0.11558659899234772,0.9671,1.0,4.0793,0.12011311584345215,1.0,7.495471638486818,0.8999999761581421,1.0,4.083,0.11759870499372482,1.0,7.6531453132629395,0.8999999761581421,0.5,8192,16384,0.5
2026-03-21T19:50:40,crp_c_sensitivity_20260321_193605,7,1,0.9,7,1215493282,936793384,4,0.06840142195463181,0.11455639966130257,0.966,1.0,4.08072,0.11889703743293158,1.0,7.570855219955639,0.8999999761581421,1.0,4.0938,0.11671271920204163,1.0,7.711241722106934,0.8999999761581421,0.5,8192,16384,0.5
2026-03-21T19:51:01,crp_c_sensitivity_20260321_193605,7,1,0.9,7,1215493282,936793384,5,0.051896320822238926,0.11570971106290817,0.9665,1.0,4.078,0.1162602707476872,1.0,7.742630068298496,0.8999999761581421,1.0,4.0982,0.11372441053390503,1.0,7.913867950439453,0.8999999761581421,0.5,8192,16384,0.5
2026-03-21T19:51:32,crp_c_sensitivity_20260321_193605,8,1,0.9,8,347221957,801148508,1,0.3087680727005005,0.17302495269775392,0.9507,1.0,4.17452,0.12031000530552072,1.0,7.486765477358532,0.8999999761581421,1.0,4.0795,0.11516401171684265,1.0,7.814940929412842,0.8999999761581421,0.5,8192,16384,0.5
2026-03-21T19:51:58,crp_c_sensitivity_20260321_193605,8,1,0.9,8,347221957,801148508,2,0.13770341083049775,0.1373360207557678,0.9562,1.0,4.08956,0.12024047019917641,1.0,7.489181461236666,0.8999999761581421,1.0,4.0777,0.11705945432186127,1.0,7.688400745391846,0.8999999761581421,0.5,8192,16384,0.5
2026-03-21T19:52:28,crp_c_sensitivity_20260321_193605,8,1,0.9,8,347221957,801148508,3,0.09611018414258957,0.11582343060076236,0.9636,1.0,4.08644,0.12027596263095851,1.0,7.485580667510362,0.8999999761581421,1.0,4.0943,0.11770264804363251,1.0,7.646386623382568,0.8999999761581421,0.5,8192,16384,0.5
2026-03-21T19:52:56,crp_c_sensitivity_20260321_193605,8,1,0.9,8,347221957,801148508,4,0.0733893902873993,0.09600887840986252,0.9705,1.0,4.08972,0.11856021777824367,1.0,7.592577722066504,0.8999999761581421,1.0,4.0897,0.11631474643945694,1.0,7.737625598907471,0.8999999761581421,0.5,8192,16384,0.5
2026-03-21T19:53:20,crp_c_sensitivity_20260321_193605,8,1,0.9,8,347221957,801148508,5,0.056095320953130724,0.0906555795878172,0.9709,1.0,4.10264,0.11627398406529366,1.0,7.742072199311708,0.8999999761581421,1.0,4.1175,0.1141890361905098,1.0,7.881667137145996,0.8999999761581421,0.5,8192,16384,0.5
2026-03-21T19:53:51,crp_c_sensitivity_20260321_193605,9,1,0.9,9,266861098,1877275096,1,0.29690963276863097,0.1607312826871872,0.9514,1.0,4.16502,0.12230669503169292,1.0,7.361516729340224,0.8999999761581421,1.0,4.0795,0.11846595257520676,1.0,7.597119331359863,0.8999999761581421,0.5,8192,16384,0.5
2026-03-21T19:54:22,crp_c_sensitivity_20260321_193605,9,1,0.9,9,266861098,1877275096,2,0.13241686738014222,0.12276616430580616,0.965,1.0,4.08876,0.1224772193662041,1.0,7.3507233653836845,0.8999999761581421,1.0,4.0772,0.11883649975061417,1.0,7.57343053817749,0.8999999761581421,0.5,8192,16384,0.5
2026-03-21T19:54:53,crp_c_sensitivity_20260321_193605,9,1,0.9,9,266861098,1877275096,3,0.091263781208992,0.10318545525968074,0.9714,1.0,4.0812,0.12029815878709564,1.0,7.48424468442912,0.8999999761581421,1.0,4.0809,0.11740919202566147,1.0,7.66549825668335,0.8999999761581421,0.5,8192,16384,0.5
2026-03-21T19:55:23,crp_c_sensitivity_20260321_193605,9,1,0.9,9,266861098,1877275096,4,0.06717130361318588,0.09312912175431848,0.9736,1.0,4.08704,0.11830872331586335,1.0,7.609184652948014,0.8999999761581421,1.0,4.0823,0.11503446102142334,1.0,7.823742389678955,0.8999999761581421,0.5,8192,16384,0.5
2026-03-21T19:55:56,crp_c_sensitivity_20260321_193605,9,1,0.9,9,266861098,1877275096,5,0.052840170999765394,0.09944232968688012,0.9712,1.0,4.0919,0.11556335885430236,1.0,7.790134683594374,0.8999999761581421,1.0,4.1184,0.11281784623861313,1.0,7.977460861206055,0.8999999761581421,0.5,8192,16384,0.5
2026-03-21T19:56:38,crp_c_sensitivity_20260321_193605,10,1,0.9,10,929723557,560686510,1,0.3030722719669342,0.17326919732093812,0.9487,1.0,4.1399,0.12286440536494145,1.0,7.3293803476006785,0.8999999761581421,1.0,4.0698,0.11856849491596222,1.0,7.590548992156982,0.8999999761581421,0.5,8192,16384,0.5
2026-03-21T19:57:12,crp_c_sensitivity_20260321_193605,10,1,0.9,10,929723557,560686510,2,0.13209266432285308,0.1254308027625084,0.9626,1.0,4.07816,0.12363828888253482,1.0,7.28404774873153,0.8999999761581421,1.0,4.0683,0.11896844953298569,1.0,7.565030574798584,0.8999999761581421,0.5,8192,16384,0.5
2026-03-21T19:57:49,crp_c_sensitivity_20260321_193605,10,1,0.9,10,929723557,560686510,3,0.0907381242609024,0.10835711451768876,0.9692,1.0,4.07318,0.12124761552228343,1.0,7.426808087722115,0.8999999761581421,1.0,4.0631,0.11610332131385803,1.0,7.751716136932373,0.8999999761581421,0.5,8192,16384,0.5
2026-03-21T19:58:18,crp_c_sensitivity_20260321_193605,10,1,0.9,10,929723557,560686510,4,0.06698580345630646,0.10913339165449143,0.9678,1.0,4.07178,0.11884408171676919,1.0,7.57571606623852,0.8999999761581421,1.0,4.0862,0.11488920450210571,1.0,7.833633899688721,0.8999999761581421,0.5,8192,16384,0.5
2026-03-21T19:58:51,crp_c_sensitivity_20260321_193605,10,1,0.9,10,929723557,560686510,5,0.05270054180622101,0.10050490401387215,0.9714,1.0,4.0735,0.11624948068729142,1.0,7.743365521930977,0.8999999761581421,1.0,4.0947,0.11398870497941971,1.0,7.895518779754639,0.8999999761581421,0.5,8192,16384,0.5
2026-03-21T19:59:31,crp_c_sensitivity_20260321_193605,11,1,0.9,11,1207054354,1346933383,1,0.3054882110214233,0.1631268948316574,0.9494,1.0,4.17598,0.12278516939305284,1.0,7.333388710265879,0.8999999761581421,1.0,4.0991,0.11712256819009781,1.0,7.684257507324219,0.8999999761581421,0.5,8192,16384,0.5
2026-03-21T20:00:08,crp_c_sensitivity_20260321_193605,11,1,0.9,11,1207054354,1346933383,2,0.13168907968997956,0.12440808212757111,0.963,1.0,4.09082,0.1211614395537035,1.0,7.433901978270782,0.8999999761581421,1.0,4.0842,0.11728090792894363,1.0,7.673882961273193,0.8999999761581421,0.5,8192,16384,0.5
2026-03-21T20:00:42,crp_c_sensitivity_20260321_193605,11,1,0.9,11,1207054354,1346933383,3,0.09321238417863846,0.10246364866495132,0.97,1.0,4.08126,0.12010405749997215,1.0,7.4957912108477425,0.8999999761581421,1.0,4.0823,0.11737940460443497,1.0,7.667443752288818,0.8999999761581421,0.5,8192,16384,0.5
2026-03-21T20:01:16,crp_c_sensitivity_20260321_193605,11,1,0.9,11,1207054354,1346933383,4,0.07104252393007278,0.09536214522123337,0.9695,1.0,4.07888,0.11820545744941667,1.0,7.615501039168414,0.8999999761581421,1.0,4.0971,0.11529286205768585,1.0,7.806207180023193,0.8999999761581421,0.5,8192,16384,0.5
2026-03-21T20:01:49,crp_c_sensitivity_20260321_193605,11,1,0.9,11,1207054354,1346933383,5,0.05614842120885849,0.09862175883054733,0.9677,1.0,4.08282,0.11560743673683127,1.0,7.786851797567304,0.8999999761581421,1.0,4.0907,0.11278647929430008,1.0,7.979679584503174,0.8999999761581421,0.5,8192,16384,0.5
2026-03-21T20:02:31,crp_c_sensitivity_20260321_193605,12,1,0.9,12,374399940,1313764614,1,0.3085074922990799,0.18476628728210925,0.9487,1.0,4.14848,0.12054347688965786,1.0,7.47000175729737,0.8999999761581421,1.0,4.0893,0.11652936786413193,1.0,7.723374843597412,0.8999999761581421,0.5,8192,16384,0.5
2026-03-21T20:03:03,crp_c_sensitivity_20260321_193605,12,1,0.9,12,374399940,1313764614,2,0.13345995333194732,0.13772258249595762,0.9593,1.0,4.0945,0.12174426125900825,1.0,7.3963083757463925,0.8999999761581421,1.0,4.0811,0.11812295764684677,1.0,7.6191792488098145,0.8999999761581421,0.5,8192,16384,0.5
2026-03-21T20:03:41,crp_c_sensitivity_20260321_193605,12,1,0.9,12,374399940,1313764614,3,0.0945877474284172,0.13140088174045086,0.962,1.0,4.09016,0.11972998886766946,1.0,7.519376587684807,0.8999999761581421,1.0,4.0957,0.11748146265745163,1.0,7.660782814025879,0.8999999761581421,0.5,8192,16384,0.5
2026-03-21T20:04:13,crp_c_sensitivity_20260321_193605,12,1,0.9,12,374399940,1313764614,4,0.07000417981028557,0.111865110732615,0.9676,1.0,4.08776,0.11809435547770136,1.0,7.62322640479983,0.8999999761581421,1.0,4.1007,0.11606664955615997,1.0,7.754165172576904,0.8999999761581421,0.5,8192,16384,0.5
2026-03-21T20:04:45,crp_c_sensitivity_20260321_193605,12,1,0.9,12,374399940,1313764614,5,0.054505952734947204,0.10869013969376683,0.9694,1.0,4.09004,0.11597307009236588,1.0,7.762231676779744,0.8999999761581421,1.0,4.1082,0.11345991492271423,1.0,7.932316780090332,0.8999999761581421,0.5,8192,16384,0.5
2026-03-21T20:05:24,crp_c_sensitivity_20260321_193605,13,1,0.9,13,1188033244,401169362,1,0.31137631035804747,0.18088083453178405,0.9454,1.0,4.17346,0.12339566343123345,1.0,7.298756878699183,0.8999999761581421,1.0,4.0943,0.11891347914934158,1.0,7.568527698516846,0.8999999761581421,0.5,8192,16384,0.5
2026-03-21T20:05:52,crp_c_sensitivity_20260321_193605,13,1,0.9,13,1188033244,401169362,2,0.13414715871810914,0.13379263117313386,0.9603,1.0,4.09938,0.12304919617026663,1.0,7.319438257485705,0.8999999761581421,1.0,4.0911,0.11840862035751343,1.0,7.600797653198242,0.8999999761581421,0.5,8192,16384,0.5
2026-03-21T20:06:22,crp_c_sensitivity_20260321_193605,13,1,0.9,13,1188033244,401169362,3,0.09336336643218994,0.12099508076906204,0.9627,1.0,4.09426,0.12067054316896916,1.0,7.462038941395557,0.8999999761581421,1.0,4.0935,0.11583766341209412,1.0,7.769493579864502,0.8999999761581421,0.5,8192,16384,0.5
2026-03-21T20:06:50,crp_c_sensitivity_20260321_193605,13,1,0.9,13,1188033244,401169362,4,0.07047245389461518,0.10601212912201881,0.9698,1.0,4.0903,0.1184299385456173,1.0,7.602702681060947,0.8999999761581421,1.0,4.0893,0.11485908925533295,1.0,7.83568811416626,0.8999999761581421,0.5,8192,16384,0.5
2026-03-21T20:07:19,crp_c_sensitivity_20260321_193605,13,1,0.9,13,1188033244,401169362,5,0.05361588945031166,0.09779319987893105,0.9717,1.0,4.10026,0.11715399546315299,1.0,7.683742289043144,0.8999999761581421,1.0,4.113,0.11402183771133423,1.0,7.893224716186523,0.8999999761581421,0.5,8192,16384,0.5
2026-03-21T20:08:02,crp_c_sensitivity_20260321_193605,14,1,0.9,14,762144912,1585161917,1,0.2944587598323822,0.15760244655609132,0.9556,1.0,4.1658,0.12162610421628903,1.0,7.404495917317813,0.8999999761581421,1.0,4.0862,0.1170777678489685,1.0,7.687198162078857,0.8999999761581421,0.5,8192,16384,0.5
2026-03-21T20:08:33,crp_c_sensitivity_20260321_193605,14,1,0.9,14,762144912,1585161917,2,0.1268522884297371,0.11681812663078309,0.9655,1.0,4.09802,0.12254331674417267,1.0,7.347783077708291,0.8999999761581421,1.0,4.079,0.11820420622825623,1.0,7.6139421463012695,0.8999999761581421,0.5,8192,16384,0.5
2026-03-21T20:09:05,crp_c_sensitivity_20260321_193605,14,1,0.9,14,762144912,1585161917,3,0.08752285380601883,0.10396632996797561,0.9702,1.0,4.08666,0.1202283295447869,1.0,7.488211569578751,0.8999999761581421,1.0,4.0942,0.1182790994644165,1.0,7.609120845794678,0.8999999761581421,0.5,8192,16384,0.5
2026-03-21T20:09:35,crp_c_sensitivity_20260321_193605,14,1,0.9,14,762144912,1585161917,4,0.06675570030927658,0.09573498737812042,0.9714,1.0,4.09512,0.11884145795003227,1.0,7.5747540027589135,0.8999999761581421,1.0,4.0998,0.11631496250629425,1.0,7.737611293792725,0.8999999761581421,0.5,8192,16384,0.5
2026-03-21T20:10:03,crp_c_sensitivity_20260321_193605,14,1,0.9,14,762144912,1585161917,5,0.052128806111812594,0.09211517786979675,0.9729,1.0,4.09986,0.11687131731025398,1.0,7.701844830037383,0.8999999761581421,1.0,4.1129,0.11508557945489883,1.0,7.820267200469971,0.8999999761581421,0.5,8192,16384,0.5
2026-03-21T20:10:40,crp_c_sensitivity_20260321_193605,15,1,0.9,15,2057428455,1573825650,1,0.30754971749305726,0.17133427760601044,0.9481,1.0,4.15238,0.1184960174972139,1.0,7.604920586051843,0.8999999761581421,1.0,4.0872,0.11302755773067474,1.0,7.96265983581543,0.8999999761581421,0.5,8192,16384,0.5
2026-03-21T20:11:13,crp_c_sensitivity_20260321_193605,15,1,0.9,15,2057428455,1573825650,2,0.13426493049621582,0.12491132699251174,0.9591,1.0,4.08514,0.11736752984621336,1.0,7.680121913285512,0.8999999761581421,1.0,4.0672,0.11148419231176376,1.0,8.072893142700195,0.8999999761581421,0.5,8192,16384,0.5
2026-03-21T20:11:45,crp_c_sensitivity_20260321_193605,15,1,0.9,15,2057428455,1573825650,3,0.09515350768089294,0.10838532710075378,0.9658,1.0,4.08318,0.11802558256003558,1.0,7.6310754334530255,0.8999999761581421,1.0,4.0854,0.11309957504272461,1.0,7.957589626312256,0.8999999761581421,0.5,8192,16384,0.5
2026-03-21T20:12:19,crp_c_sensitivity_20260321_193605,15,1,0.9,15,2057428455,1573825650,4,0.07170256911635399,0.09046003558635711,0.971,1.0,4.09404,0.11690401375446173,1.0,7.700582129876022,0.8999999761581421,1.0,4.0986,0.11350791901350021,1.0,7.928961753845215,0.8999999761581421,0.5,8192,16384,0.5
2026-03-21T20:12:52,crp_c_sensitivity_20260321_193605,15,1,0.9,15,2057428455,1573825650,5,0.05646218872785568,0.0828351467370987,0.9734,1.0,4.1037,0.11422192221483611,1.0,7.882385740499667,0.8999999761581421,1.0,4.1196,0.11094651371240616,1.0,8.112016677856445,0.8999999761581421,0.5,8192,16384,0.5
2026-03-21T20:13:35,crp_c_sensitivity_20260321_193605,16,1,0.9,16,196052585,1140405623,1,0.3162588646864891,0.15834040402173996,0.9532,1.0,4.16206,0.12188012200548216,1.0,7.390860950245576,0.8999999761581421,1.0,4.0794,0.11432600021362305,1.0,7.872224807739258,0.8999999761581421,0.5,8192,16384,0.5
2026-03-21T20:14:12,crp_c_sensitivity_20260321_193605,16,1,0.9,16,196052585,1140405623,2,0.13230683156490325,0.11968591043800116,0.9643,1.0,4.0952,0.12245507938477694,1.0,7.353609458259914,0.8999999761581421,1.0,4.0743,0.11896675825119019,1.0,7.565138339996338,0.8999999761581421,0.5,8192,16384,0.5
2026-03-21T20:14:44,crp_c_sensitivity_20260321_193605,16,1,0.9,16,196052585,1140405623,3,0.09236749363303184,0.10401649335920811,0.9668,1.0,4.08504,0.12162275370353323,1.0,7.40191225505546,0.8999999761581421,1.0,4.0812,0.11826816946268082,1.0,7.609824180603027,0.8999999761581421,0.5,8192,16384,0.5
2026-03-21T20:15:12,crp_c_sensitivity_20260321_193605,16,1,0.9,16,196052585,1140405623,4,0.06873323004961014,0.09558332574106752,0.9707,1.0,4.07744,0.11940525401659939,1.0,7.5388814238331205,0.8999999761581421,1.0,4.09,0.11682488024234772,1.0,7.703838348388672,0.8999999761581421,0.5,8192,16384,0.5
2026-03-21T20:15:43,crp_c_sensitivity_20260321_193605,16,1,0.9,16,196052585,1140405623,5,0.05229493543624878,0.08386102514602244,0.9728,1.0,4.0796,0.1170874175513187,1.0,7.687607733489912,0.8999999761581421,1.0,4.0848,0.11472506821155548,1.0,7.844841480255127,0.8999999761581421,0.5,8192,16384,0.5
2026-03-21T20:16:30,crp_c_sensitivity_20260321_193605,17,1,0.9,17,2101613385,1579239073,1,0.3064274396419525,0.17350749697089196,0.9503,1.0,4.1567,0.12259769045254763,1.0,7.343007281613167,0.8999999761581421,1.0,4.0883,0.1196339800953865,1.0,7.522945880889893,0.8999999761581421,0.5,8192,16384,0.5
2026-03-21T20:17:03,crp_c_sensitivity_20260321_193605,17,1,0.9,17,2101613385,1579239073,2,0.1328573392534256,0.12573987879306078,0.9627,1.0,4.08828,0.12182303354182207,1.0,7.390152515352839,0.8999999761581421,1.0,4.0776,0.11795908957719803,1.0,7.629763603210449,0.8999999761581421,0.5,8192,16384,0.5
2026-03-21T20:17:39,crp_c_sensitivity_20260321_193605,17,1,0.9,17,2101613385,1579239073,3,0.09278890268802643,0.11488697349578142,0.9656,1.0,4.08314,0.12010609472880278,1.0,7.495343816859643,0.8999999761581421,1.0,4.0837,0.11741302907466888,1.0,7.665247917175293,0.8999999761581421,0.5,8192,16384,0.5
2026-03-21T20:18:10,crp_c_sensitivity_20260321_193605,17,1,0.9,17,2101613385,1579239073,4,0.06985954738736153,0.09679061854481696,0.9708,1.0,4.07788,0.11768470788398362,1.0,7.649235960772581,0.8999999761581421,1.0,4.0855,0.11395495384931564,1.0,7.897857189178467,0.8999999761581421,0.5,8192,16384,0.5
2026-03-21T20:18:41,crp_c_sensitivity_20260321_193605,17,1,0.9,17,2101613385,1579239073,5,0.05424042793750763,0.09362712019234895,0.9699,1.0,4.0863,0.11593867661169423,1.0,7.764111726180367,0.8999999761581421,1.0,4.0964,0.11298271268606186,1.0,7.9658203125,0.8999999761581421,0.5,8192,16384,0.5
2026-03-21T20:19:25,crp_c_sensitivity_20260321_193605,18,1,0.9,18,885019663,1256390092,1,0.30646839353084565,0.1736498546600342,0.9482,1.0,4.17042,0.12393864377608994,1.0,7.264740269507288,0.8999999761581421,0.9999,4.1003,0.11936704814434052,1.0,7.539769172668457,0.8999999761581421,0.5,8192,16384,0.5
2026-03-21T20:19:53,crp_c_sensitivity_20260321_193605,18,1,0.9,18,885019663,1256390092,2,0.13054439791202546,0.117499258852005,0.9642,1.0,4.10642,0.1236381455493705,1.0,7.283517782645458,0.8999999761581421,1.0,4.0844,0.11841318756341934,1.0,7.600504398345947,0.8999999761581421,0.5,8192,16384,0.5
2026-03-21T20:20:27,crp_c_sensitivity_20260321_193605,18,1,0.9,18,885019663,1256390092,3,0.0884581996679306,0.11147807306051254,0.9658,1.0,4.09062,0.12114680916680705,1.0,7.432100402119825,0.8999999761581421,1.0,4.0985,0.11698787659406662,1.0,7.6931047439575195,0.8999999761581421,0.5,8192,16384,0.5
2026-03-21T20:20:59,crp_c_sensitivity_20260321_193605,18,1,0.9,18,885019663,1256390092,4,0.0683127485382557,0.0905779726266861,0.9732,1.0,4.08578,0.11755948071665775,1.0,7.660017361116531,0.8999999761581421,1.0,4.082,0.11377380788326263,1.0,7.910431861877441,0.8999999761581421,0.5,8192,16384,0.5
2026-03-21T20:21:29,crp_c_sensitivity_20260321_193605,18,1,0.9,18,885019663,1256390092,5,0.053441482014656067,0.09116996514797211,0.9727,1.0,4.09438,0.11589363093495064,1.0,7.768070405096654,0.8999999761581421,1.0,4.0898,0.11194239556789398,1.0,8.039849281311035,0.8999999761581421,0.5,8192,16384,0.5
2026-03-21T20:22:12,crp_c_sensitivity_20260321_193605,19,1,0.9,19,1082192973,357712575,1,0.30115756505966185,0.17291403391361237,0.95,1.0,4.1421,0.12161698205696653,1.0,7.410023623415271,0.8999999761581421,1.0,4.0745,0.11521860957145691,1.0,7.811237812042236,0.8999999761581421,0.5,8192,16384,0.5
2026-03-21T20:22:45,crp_c_sensitivity_20260321_193605,19,1,0.9,19,1082192973,357712575,2,0.13145189742565155,0.1385794144511223,0.9574,1.0,4.08618,0.12337003221444766,1.0,7.300131734374844,0.8999999761581421,1.0,4.0798,0.11821684241294861,1.0,7.613128185272217,0.8999999761581421,0.5,8192,16384,0.5
2026-03-21T20:23:17,crp_c_sensitivity_20260321_193605,19,1,0.9,19,1082192973,357712575,3,0.09299370601654053,0.12167581745386123,0.9655,1.0,4.0825,0.12025686987982992,1.0,7.48902452693266,0.8999999761581421,1.0,4.0897,0.115994393825531,1.0,7.758995532989502,0.8999999761581421,0.5,8192,16384,0.5
2026-03-21T20:23:50,crp_c_sensitivity_20260321_193605,19,1,0.9,19,1082192973,357712575,4,0.06934045885562896,0.11283004440367222,0.9671,1.0,4.09492,0.11917905936308225,1.0,7.55449982738251,0.8999999761581421,1.0,4.1141,0.11526358872652054,1.0,7.808189868927002,0.8999999761581421,0.5,8192,16384,0.5
2026-03-21T20:24:22,crp_c_sensitivity_20260321_193605,19,1,0.9,19,1082192973,357712575,5,0.052859678310155866,0.10768386249542236,0.9703,1.0,4.11006,0.1160126522640743,1.0,7.760839819603259,0.8999999761581421,1.0,4.1127,0.11317645013332367,1.0,7.952184200286865,0.8999999761581421,0.5,8192,16384,0.5
2026-03-21T20:25:03,crp_c_sensitivity_20260321_193605,20,1,0.9,20,318141474,441767840,1,0.3031187335777283,0.16871102924346923,0.9486,1.0,4.143,0.11953498606029374,1.0,7.534510516144735,0.8999999761581421,1.0,4.0806,0.11569350212812424,1.0,7.7791748046875,0.8999999761581421,0.5,8192,16384,0.5
2026-03-21T20:25:32,crp_c_sensitivity_20260321_193605,20,1,0.9,20,318141474,441767840,2,0.12713424480676652,0.11553230246007443,0.965,0.99998,4.08762,0.12146459622761173,1.0,7.411965625060489,0.8999999761581421,1.0,4.0783,0.11881972849369049,1.0,7.574499607086182,0.8999999761581421,0.5,8192,16384,0.5
2026-03-21T20:26:03,crp_c_sensitivity_20260321_193605,20,1,0.9,20,318141474,441767840,3,0.08698299208164215,0.09847737737596035,0.9686,1.0,4.08312,0.12017515389358296,1.0,7.4908984567198305,0.8999999761581421,1.0,4.0875,0.11697732657194138,1.0,7.693798542022705,0.8999999761581421,0.5,8192,16384,0.5
2026-03-21T20:26:36,crp_c_sensitivity_20260321_193605,20,1,0.9,20,318141474,441767840,4,0.06528303785800933,0.08954683376103639,0.9717,1.0,4.08986,0.11772934959062835,1.0,7.646434910766914,0.8999999761581421,1.0,4.0851,0.1154448390007019,1.0,7.795930862426758,0.8999999761581421,0.5,8192,16384,0.5
2026-03-21T20:27:08,crp_c_sensitivity_20260321_193605,20,1,0.9,20,318141474,441767840,5,0.05013406679809093,0.08524270897731184,0.9716,1.0,4.09622,0.11551859136432638,1.0,7.792008060933379,0.8999999761581421,1.0,4.0953,0.11383254826068878,1.0,7.906350135803223,0.8999999761581421,0.5,8192,16384,0.5
2026-03-21T20:27:50,crp_c_sensitivity_20260321_193605,21,1,0.9,21,1543970182,167164485,1,0.2942313867235184,0.1713861759185791,0.948,1.0,4.15878,0.12216867054895976,1.0,7.369911992641361,0.8999999761581421,1.0,4.0894,0.11905977129936218,1.0,7.55922794342041,0.8999999761581421,0.5,8192,16384,0.5
2026-03-21T20:28:21,crp_c_sensitivity_20260321_193605,21,1,0.9,21,1543970182,167164485,2,0.13323422959804535,0.12142884328365326,0.9627,1.0,4.09456,0.12240454430699044,1.0,7.35587544697325,0.8999999761581421,1.0,4.0748,0.11838414520025253,1.0,7.60236930847168,0.8999999761581421,0.5,8192,16384,0.5
2026-03-21T20:28:54,crp_c_sensitivity_20260321_193605,21,1,0.9,21,1543970182,167164485,3,0.0902494229054451,0.11168096072673797,0.9685,1.0,4.08018,0.12146138451288423,1.0,7.411463496020383,0.8999999761581421,1.0,4.0863,0.1191529929637909,1.0,7.553314208984375,0.8999999761581421,0.5,8192,16384,0.5
2026-03-21T20:29:27,crp_c_sensitivity_20260321_193605,21,1,0.9,21,1543970182,167164485,4,0.07019375184774398,0.10585793644189835,0.9693,1.0,4.08154,0.1193440725736301,1.0,7.543295865168657,0.8999999761581421,1.0,4.0939,0.11609075218439102,1.0,7.7525553703308105,0.8999999761581421,0.5,8192,16384,0.5
2026-03-21T20:30:00,crp_c_sensitivity_20260321_193605,21,1,0.9,21,1543970182,167164485,5,0.054419669790267945,0.0988036568313837,0.9729,1.0,4.07816,0.11610924692638695,1.0,7.75258245370577,0.8999999761581421,1.0,4.0916,0.11414593458175659,1.0,7.884643077850342,0.8999999761581421,0.5,8192,16384,0.5
2026-03-21T20:30:41,crp_c_sensitivity_20260321_193605,22,1,0.9,22,407960426,1797594736,1,0.30151418519973755,0.16524208860397338,0.9504,0.99998,4.15188,0.1213014451096125,1.0,7.422610402412122,0.8999999761581421,1.0,4.0843,0.11786705255508423,1.0,7.635721206665039,0.8999999761581421,0.5,8192,16384,0.5
2026-03-21T20:31:13,crp_c_sensitivity_20260321_193605,22,1,0.9,22,407960426,1797594736,2,0.13259993197917938,0.12594116055965424,0.9642,1.0,4.08878,0.12117561215863508,1.0,7.429957205682155,0.8999999761581421,1.0,4.0888,0.11856838315725327,1.0,7.5905561447143555,0.8999999761581421,0.5,8192,16384,0.5
2026-03-21T20:31:44,crp_c_sensitivity_20260321_193605,22,1,0.9,22,407960426,1797594736,3,0.0944899584031105,0.11186244832277298,0.9639,1.0,4.08422,0.11939516556842247,1.0,7.539903927337178,0.8999999761581421,1.0,4.0827,0.11612601578235626,1.0,7.750201225280762,0.8999999761581421,0.5,8192,16384,0.5
2026-03-21T20:32:19,crp_c_sensitivity_20260321_193605,22,1,0.9,22,407960426,1797594736,4,0.07029476739406586,0.09756279683113098,0.9702,1.0,4.08568,0.11750382834764393,1.0,7.661159548308233,0.8999999761581421,1.0,4.0902,0.11451677978038788,1.0,7.859109878540039,0.8999999761581421,0.5,8192,16384,0.5
2026-03-21T20:32:57,crp_c_sensitivity_20260321_193605,22,1,0.9,22,407960426,1797594736,5,0.05579466619163752,0.09283450561463832,0.9729,1.0,4.09784,0.11545159322831332,1.0,7.796579339010331,0.8999999761581421,1.0,4.1179,0.11339669674634933,1.0,7.936738967895508,0.8999999761581421,0.5,8192,16384,0.5
2026-03-21T20:33:46,crp_c_sensitivity_20260321_193605,23,1,0.9,23,733495427,691573102,1,0.29885120718002317,0.17402711394503712,0.9475,1.0,4.13864,0.12205894924033328,1.0,7.376203393082484,0.8999999761581421,1.0,4.0783,0.11906782537698746,1.0,7.558716773986816,0.8999999761581421,0.5,8192,16384,0.5
2026-03-21T20:34:23,crp_c_sensitivity_20260321_193605,23,1,0.9,23,733495427,691573102,2,0.13216446294784545,0.12430422847718,0.9601,1.0,4.0743,0.12193412650043092,1.0,7.383609648555746,0.8999999761581421,1.0,4.0673,0.11834878474473953,1.0,7.604640483856201,0.8999999761581421,0.5,8192,16384,0.5
2026-03-21T20:34:59,crp_c_sensitivity_20260321_193605,23,1,0.9,23,733495427,691573102,3,0.09379419621944428,0.10511497631641105,0.9673,1.0,4.07052,0.12088567096635204,1.0,7.44657624773967,0.8999999761581421,1.0,4.0804,0.119020476937294,1.0,7.561723709106445,0.8999999761581421,0.5,8192,16384,0.5
2026-03-21T20:35:34,crp_c_sensitivity_20260321_193605,23,1,0.9,23,733495427,691573102,4,0.06986338945627213,0.09917637677416205,0.9689,1.0,4.07234,0.11752472021390716,1.0,7.659981947115925,0.8999999761581421,1.0,4.0873,0.1145746260881424,1.0,7.855142116546631,0.8999999761581421,0.5,8192,16384,0.5
2026-03-21T20:36:04,crp_c_sensitivity_20260321_193605,23,1,0.9,23,733495427,691573102,5,0.05602861804962158,0.10581247523953206,0.9672,1.0,4.08132,0.11611456307761199,1.0,7.75309059016235,0.8999999761581421,1.0,4.0887,0.113040491938591,1.0,7.9617486000061035,0.8999999761581421,0.5,8192,16384,0.5
2026-03-21T20:36:43,crp_c_sensitivity_20260321_193605,24,1,0.9,24,50511425,985348261,1,0.3047066454792023,0.16284140475988387,0.9518,1.0,4.152,0.12185978849449426,1.0,7.390015847237824,0.8999999761581421,1.0,4.0849,0.11729040741920471,1.0,7.673261642456055,0.8999999761581421,0.5,8192,16384,0.5
2026-03-21T20:37:13,crp_c_sensitivity_20260321_193605,24,1,0.9,24,50511425,985348261,2,0.13546683751344682,0.1335433057308197,0.9607,1.0,4.09372,0.12198308289355939,1.0,7.382092990533775,0.8999999761581421,1.0,4.0786,0.11754539608955383,1.0,7.6566162109375,0.8999999761581421,0.5,8192,16384,0.5
2026-03-21T20:37:42,crp_c_sensitivity_20260321_193605,24,1,0.9,24,50511425,985348261,3,0.09444128215551377,0.11392423809170724,0.9677,1.0,4.0898,0.12059099880783149,1.0,7.465578053613453,0.8999999761581421,1.0,4.0806,0.11708291620016098,1.0,7.686860084533691,0.8999999761581421,0.5,8192,16384,0.5
2026-03-21T20:38:15,crp_c_sensitivity_20260321_193605,24,1,0.9,24,50511425,985348261,4,0.06920829849481583,0.10556313868910074,0.969,1.0,4.08826,0.11850808381729419,1.0,7.595884120677743,0.8999999761581421,1.0,4.0824,0.11640139669179916,1.0,7.731865882873535,0.8999999761581421,0.5,8192,16384,0.5
2026-03-21T20:38:45,crp_c_sensitivity_20260321_193605,24,1,0.9,24,50511425,985348261,5,0.05431843433856964,0.09146765298023819,0.9737,1.0,4.08886,0.11579396314633167,1.0,7.774855302727741,0.8999999761581421,1.0,4.0742,0.11208919435739517,1.0,8.029319763183594,0.8999999761581421,0.5,8192,16384,0.5
2026-03-21T20:39:20,crp_c_sensitivity_20260321_193605,25,1,0.9,25,729108864,57702956,1,0.3120325747299194,0.16600558688640593,0.949,1.0,4.1598,0.11793078339237081,1.0,7.651380813335214,0.8999999761581421,1.0,4.0599,0.10831356048583984,1.0,8.309208869934082,0.8999999761581421,0.5,8192,16384,0.5
2026-03-21T20:39:52,crp_c_sensitivity_20260321_193605,25,1,0.9,25,729108864,57702956,2,0.1364394938468933,0.14398596746921538,0.9568,1.0,4.0896,0.12112115925687658,1.0,7.434533261886948,0.8999999761581421,1.0,4.0799,0.11713679879903793,1.0,7.683323860168457,0.8999999761581421,0.5,8192,16384,0.5
2026-03-21T20:40:19,crp_c_sensitivity_20260321_193605,25,1,0.9,25,729108864,57702956,3,0.09574303641319275,0.10488688586950302,0.968,1.0,4.07742,0.11990539251309831,1.0,7.508817211746255,0.8999999761581421,1.0,4.0695,0.11523490399122238,1.0,7.810133457183838,0.8999999761581421,0.5,8192,16384,0.5
2026-03-21T20:40:47,crp_c_sensitivity_20260321_193605,25,1,0.9,25,729108864,57702956,4,0.07151645510673522,0.10129307389259339,0.9687,1.0,4.07826,0.1172427826410974,1.0,7.679539560966784,0.8999999761581421,1.0,4.0774,0.11259857565164566,1.0,7.9929962158203125,0.8999999761581421,0.5,8192,16384,0.5
2026-03-21T20:41:13,crp_c_sensitivity_20260321_193605,25,1,0.9,25,729108864,57702956,5,0.05429118975222111,0.0839134267270565,0.9762,1.0,4.08234,0.11424002855482614,1.0,7.881699841345667,0.8999999761581421,1.0,4.0816,0.1108756959438324,1.0,8.11719799041748,0.8999999761581421,0.5,8192,16384,0.5
2026-03-21T20:41:49,crp_c_sensitivity_20260321_193605,26,2,0.99,1,2077652753,1096740882,1,0.3044976937055588,0.17166478862762452,0.9509,1.0,5.22174,0.13569718199160397,1.0,7.301314425895281,0.9900000095367432,1.0,5.1226,0.13021478056907654,1.0,7.602823734283447,0.9900000095367432,0.5,8192,16384,0.5
2026-03-21T20:42:17,crp_c_sensitivity_20260321_193605,26,2,0.99,1,2077652753,1096740882,2,0.1278179094552994,0.13379530308246612,0.9641,1.0,5.17364,0.1368077796362245,1.0,7.239229675449069,0.9900000095367432,1.0,5.1642,0.13257940113544464,1.0,7.467223167419434,0.9900000095367432,0.5,8192,16384,0.5
2026-03-21T20:42:45,crp_c_sensitivity_20260321_193605,26,2,0.99,1,2077652753,1096740882,3,0.08860241765499115,0.1286519095659256,0.9615,1.0,5.19972,0.13343158009869363,1.0,7.421620198222987,0.9900000095367432,1.0,5.2156,0.13090135157108307,1.0,7.5629472732543945,0.9900000095367432,0.5,8192,16384,0.5
2026-03-21T20:43:15,crp_c_sensitivity_20260321_193605,26,2,0.99,1,2077652753,1096740882,4,0.06661356156229972,0.12464001203775406,0.9655,1.0,5.25488,0.13078092743673592,1.0,7.571826440903842,0.9900000095367432,1.0,5.3019,0.1278083771467209,1.0,7.745971202850342,0.9900000095367432,0.5,8192,16384,0.5
2026-03-21T20:43:45,crp_c_sensitivity_20260321_193605,26,2,0.99,1,2077652753,1096740882,5,0.052340551523566245,0.096513944709301,0.9735,1.0,5.3402,0.12790848249974457,1.0,7.74132101249207,0.9900000095367432,1.0,5.3675,0.12524627149105072,1.0,7.9044270515441895,0.9900000095367432,0.5,8192,16384,0.5
2026-03-21T20:44:29,crp_c_sensitivity_20260321_193605,27,2,0.99,2,2101953667,1483290483,1,0.30462333145618437,0.1711835235968232,0.9493,1.0,5.24266,0.13541827630966216,1.0,7.315531905044985,0.9900000095367432,1.0,5.1276,0.12933559715747833,1.0,7.654505252838135,0.9900000095367432,0.5,8192,16384,0.5
2026-03-21T20:45:06,crp_c_sensitivity_20260321_193605,27,2,0.99,2,2101953667,1483290483,2,0.13291515793323516,0.11631196409836411,0.9654,1.0,5.14678,0.13534002253771438,1.0,7.317527114887676,0.9900000095367432,1.0,5.1298,0.13196861743927002,1.0,7.50178337097168,0.9900000095367432,0.5,8192,16384,0.5
2026-03-21T20:45:41,crp_c_sensitivity_20260321_193605,27,2,0.99,2,2101953667,1483290483,3,0.08906782883882522,0.10580097483545542,0.9694,1.0,5.14962,0.1328785869547778,1.0,7.454077153559536,0.9900000095367432,1.0,5.1548,0.12900468707084656,1.0,7.674139499664307,0.9900000095367432,0.5,8192,16384,0.5
2026-03-21T20:46:13,crp_c_sensitivity_20260321_193605,27,2,0.99,2,2101953667,1483290483,4,0.06706240313977004,0.09630375612229108,0.9712,0.99998,5.16032,0.13012762005676698,1.0,7.6109701081005205,0.9900000095367432,1.0,5.159,0.12773141264915466,1.0,7.750638961791992,0.9900000095367432,0.5,8192,16384,0.5
2026-03-21T20:46:45,crp_c_sensitivity_20260321_193605,27,2,0.99,2,2101953667,1483290483,5,0.052763056069612506,0.1077368283662945,0.9675,1.0,5.20596,0.1281597548547913,1.0,7.726548558305901,0.9900000095367432,1.0,5.2345,0.12528470158576965,1.0,7.902002811431885,0.9900000095367432,0.5,8192,16384,0.5
2026-03-21T20:47:26,crp_c_sensitivity_20260321_193605,28,2,0.99,3,1598866085,892233238,1,0.310470037984848,0.18232529542446135,0.9471,1.0,5.2067,0.13580461078897463,1.0,7.292953442429643,0.9900000095367432,1.0,5.1118,0.13150480389595032,1.0,7.528242111206055,0.9900000095367432,0.5,8192,16384,0.5
2026-03-21T20:47:59,crp_c_sensitivity_20260321_193605,28,2,0.99,3,1598866085,892233238,2,0.13181472054958343,0.13178140805363656,0.9617,1.0,5.12102,0.13469028995012688,1.0,7.354831850437252,0.9900000095367432,1.0,5.0905,0.1288248598575592,1.0,7.684852123260498,0.9900000095367432,0.5,8192,16384,0.5
2026-03-21T20:48:31,crp_c_sensitivity_20260321_193605,28,2,0.99,3,1598866085,892233238,3,0.09004824267625809,0.11108122162818909,0.9662,1.0,5.11808,0.13288440629649345,1.0,7.452430945833016,0.9900000095367432,1.0,5.1314,0.13014422357082367,1.0,7.606945037841797,0.9900000095367432,0.5,8192,16384,0.5
2026-03-21T20:49:03,crp_c_sensitivity_20260321_193605,28,2,0.99,3,1598866085,892233238,4,0.06884141501188278,0.10918997259736062,0.9666,1.0,5.1312,0.12983920964438592,1.0,7.626630026970983,0.9900000095367432,1.0,5.1474,0.1261366605758667,1.0,7.848630428314209,0.9900000095367432,0.5,8192,16384,0.5
2026-03-21T20:49:36,crp_c_sensitivity_20260321_193605,28,2,0.99,3,1598866085,892233238,5,0.05213545747876167,0.09605868356227874,0.9702,1.0,5.1555,0.12768386180519753,1.0,7.755039406554474,0.9900000095367432,1.0,5.1414,0.12383778393268585,1.0,7.99432897567749,0.9900000095367432,0.5,8192,16384,0.5
2026-03-21T20:50:18,crp_c_sensitivity_20260321_193605,29,2,0.99,4,7418728,14330814,1,0.3030102545785904,0.16826334009170532,0.9535,1.0,5.22486,0.13315526691391644,1.0,7.439709481680789,0.9900000095367432,1.0,5.1275,0.12886328995227814,1.0,7.682559967041016,0.9900000095367432,0.5,8192,16384,0.5
2026-03-21T20:50:50,crp_c_sensitivity_20260321_193605,29,2,0.99,4,7418728,14330814,2,0.1344982835662365,0.12584361882209777,0.9635,0.99998,5.14918,0.13479296943110883,1.0,7.346425486952447,0.9900000095367432,1.0,5.1128,0.13155442476272583,1.0,7.525402545928955,0.9900000095367432,0.5,8192,16384,0.5
2026-03-21T20:51:22,crp_c_sensitivity_20260321_193605,29,2,0.99,4,7418728,14330814,3,0.09392459654569627,0.10635310706496238,0.9684,1.0,5.1281,0.1313145080262133,1.0,7.542508078962945,0.9900000095367432,1.0,5.1008,0.1266127973794937,1.0,7.819114685058594,0.9900000095367432,0.5,8192,16384,0.5
2026-03-21T20:51:55,crp_c_sensitivity_20260321_193605,29,2,0.99,4,7418728,14330814,4,0.06910989634037018,0.10460968787670136,0.9689,1.0,5.14948,0.12862226687124012,1.0,7.701013813848081,0.9900000095367432,1.0,5.1266,0.12455718964338303,1.0,7.948156356811523,0.9900000095367432,0.5,8192,16384,0.5
2026-03-21T20:52:27,crp_c_sensitivity_20260321_193605,29,2,0.99,4,7418728,14330814,5,0.05516622940659523,0.09757956728935242,0.9724,0.99998,5.16744,0.12578274305824125,1.0,7.8741650459406625,0.9900000095367432,1.0,5.1441,0.12121350318193436,1.0,8.167407035827637,0.9900000095367432,0.5,8192,16384,0.5
2026-03-21T20:53:08,crp_c_sensitivity_20260321_193605,30,2,0.99,5,2019146804,1425714430,1,0.2897051636838913,0.17359539270401,0.9481,0.99998,5.2407,0.135253845044719,1.0,7.322480104158601,0.9900000095367432,1.0,5.1297,0.13066789507865906,1.0,7.5764594078063965,0.9900000095367432,0.5,8192,16384,0.5
2026-03-21T20:53:41,crp_c_sensitivity_20260321_193605,30,2,0.99,5,2019146804,1425714430,2,0.1320050346851349,0.1274289930820465,0.9617,1.0,5.1299,0.13476111314943073,1.0,7.3491033532125565,0.9900000095367432,1.0,5.123,0.1313571184873581,1.0,7.536706447601318,0.9900000095367432,0.5,8192,16384,0.5
2026-03-21T20:54:13,crp_c_sensitivity_20260321_193605,30,2,0.99,5,2019146804,1425714430,3,0.09363952902793884,0.11854991703033448,0.9629,0.99998,5.13226,0.1324954431532594,1.0,7.474379174849567,0.9900000095367432,1.0,5.1317,0.1288357526063919,1.0,7.684202671051025,0.9900000095367432,0.5,8192,16384,0.5
2026-03-21T20:54:45,crp_c_sensitivity_20260321_193605,30,2,0.99,5,2019146804,1425714430,4,0.07004197489738465,0.10554676432609558,0.9659,1.0,5.15478,0.12973622406077812,1.0,7.632736686550443,0.9900000095367432,1.0,5.1811,0.12615126371383667,1.0,7.847721576690674,0.9900000095367432,0.5,8192,16384,0.5
2026-03-21T20:55:16,crp_c_sensitivity_20260321_193605,30,2,0.99,5,2019146804,1425714430,5,0.055538961034417154,0.09292383985519409,0.9717,1.0,5.19904,0.1269250205715599,1.0,7.802098699847756,0.9900000095367432,1.0,5.158,0.12274741381406784,1.0,8.065342903137207,0.9900000095367432,0.5,8192,16384,0.5
2026-03-21T20:55:54,crp_c_sensitivity_20260321_193605,31,2,0.99,6,1869957839,351772904,1,0.30581554516553877,0.18704165300130843,0.9438,0.99998,5.1965,0.1345395519376716,1.0,7.3629140012404495,0.9900000095367432,1.0,5.1272,0.12865868210792542,1.0,7.6947784423828125,0.9900000095367432,0.5,8192,16384,0.5
2026-03-21T20:56:27,crp_c_sensitivity_20260321_193605,31,2,0.99,6,1869957839,351772904,2,0.13137317527413367,0.13670632898807525,0.9584,1.0,5.12808,0.1343827888636333,1.0,7.370862296170286,0.9900000095367432,1.0,5.1138,0.12984919548034668,1.0,7.624229431152344,0.9900000095367432,0.5,8192,16384,0.5
2026-03-21T20:56:59,crp_c_sensitivity_20260321_193605,31,2,0.99,6,1869957839,351772904,3,0.09025059317827225,0.11572734578251839,0.967,1.0,5.12974,0.1323531964017302,1.0,7.482579377606092,0.9900000095367432,1.0,5.1434,0.1291315257549286,1.0,7.66660213470459,0.9900000095367432,0.5,8192,16384,0.5
2026-03-21T20:57:31,crp_c_sensitivity_20260321_193605,31,2,0.99,6,1869957839,351772904,4,0.06848257066965104,0.10222661166191101,0.9686,1.0,5.1448,0.12939379970207238,1.0,7.653419648289986,0.9900000095367432,1.0,5.1454,0.12608280777931213,1.0,7.851982593536377,0.9900000095367432,0.5,8192,16384,0.5
2026-03-21T20:58:03,crp_c_sensitivity_20260321_193605,31,2,0.99,6,1869957839,351772904,5,0.052163246406316754,0.0962554680109024,0.9708,1.0,5.18812,0.1272836328886659,1.0,7.778910189333474,0.9900000095367432,1.0,5.1926,0.12481707334518433,1.0,7.931607246398926,0.9900000095367432,0.5,8192,16384,0.5
2026-03-21T20:58:44,crp_c_sensitivity_20260321_193605,32,2,0.99,7,1655354143,1245775107,1,0.3006196732807159,0.17152224782705308,0.95,1.0,5.281,0.13528884356588963,1.0,7.320810088721077,0.9900000095367432,1.0,5.1469,0.13021792471408844,1.0,7.602639675140381,0.9900000095367432,0.5,8192,16384,0.5
2026-03-21T20:59:17,crp_c_sensitivity_20260321_193605,32,2,0.99,7,1655354143,1245775107,2,0.13338794049263,0.12905260010957717,0.9628,1.0,5.18266,0.13441987796817595,1.0,7.369862046692988,0.9900000095367432,1.0,5.1575,0.12908296287059784,1.0,7.669486045837402,0.9900000095367432,0.5,8192,16384,0.5
2026-03-21T20:59:49,crp_c_sensitivity_20260321_193605,32,2,0.99,7,1655354143,1245775107,3,0.09134646952271462,0.10734114283323289,0.9676,1.0,5.20092,0.13217186462848693,1.0,7.49379879007559,0.9900000095367432,1.0,5.1852,0.12640047073364258,1.0,7.832249641418457,0.9900000095367432,0.5,8192,16384,0.5
2026-03-21T21:00:22,crp_c_sensitivity_20260321_193605,32,2,0.99,7,1655354143,1245775107,4,0.06895048129916191,0.1010720693141222,0.9698,1.0,5.2479,0.12987191940817383,1.0,7.625136340060807,0.9900000095367432,1.0,5.249,0.12596267461776733,1.0,7.859471321105957,0.9900000095367432,0.5,8192,16384,0.5
2026-03-21T21:00:54,crp_c_sensitivity_20260321_193605,32,2,0.99,7,1655354143,1245775107,5,0.05299425725698471,0.09439212169647217,0.9726,1.0,5.294,0.1268535188358763,1.0,7.807087211657668,0.9900000095367432,1.0,5.2834,0.12362407147884369,1.0,8.008149147033691,0.9900000095367432,0.5,8192,16384,0.5
2026-03-21T21:01:35,crp_c_sensitivity_20260321_193605,33,2,0.99,8,384128490,615415079,1,0.30836221550941467,0.1687597916126251,0.9504,1.0,5.20458,0.13480279284060154,1.0,7.3455708642749835,0.9900000095367432,1.0,5.1195,0.13157884776592255,1.0,7.524005889892578,0.9900000095367432,0.5,8192,16384,0.5
2026-03-21T21:02:07,crp_c_sensitivity_20260321_193605,33,2,0.99,8,384128490,615415079,2,0.13175820744037628,0.128873363506794,0.9635,1.0,5.13536,0.1349685147519002,1.0,7.337668873769853,0.9900000095367432,1.0,5.1129,0.13109540939331055,1.0,7.551752090454102,0.9900000095367432,0.5,8192,16384,0.5
2026-03-21T21:02:40,crp_c_sensitivity_20260321_193605,33,2,0.99,8,384128490,615415079,3,0.09319789075851441,0.11008831052780152,0.9687,1.0,5.13076,0.13282791161171312,1.0,7.455507355272922,0.9900000095367432,1.0,5.1242,0.12854047119617462,1.0,7.701854705810547,0.9900000095367432,0.5,8192,16384,0.5
2026-03-21T21:03:13,crp_c_sensitivity_20260321_193605,33,2,0.99,8,384128490,615415079,4,0.06962525223255157,0.1037368882894516,0.9698,1.0,5.14824,0.13060077110214915,1.0,7.581612628439198,0.9900000095367432,1.0,5.142,0.12748846411705017,1.0,7.765408515930176,0.9900000095367432,0.5,8192,16384,0.5
2026-03-21T21:03:45,crp_c_sensitivity_20260321_193605,33,2,0.99,8,384128490,615415079,5,0.054547480684220793,0.10017713090777397,0.9705,1.0,5.17364,0.1278203022106529,1.0,7.746514813064614,0.9900000095367432,1.0,5.1568,0.12479119002819061,1.0,7.933252334594727,0.9900000095367432,0.5,8192,16384,0.5
2026-03-21T21:04:25,crp_c_sensitivity_20260321_193605,34,2,0.99,9,213673824,1401319642,1,0.3090290179729462,0.17141372842788696,0.949,0.99998,5.24038,0.13316379056867125,1.0,7.438585021611675,0.9900000095367432,1.0,5.1165,0.12707515060901642,1.0,7.790665626525879,0.9900000095367432,0.5,8192,16384,0.5
2026-03-21T21:04:58,crp_c_sensitivity_20260321_193605,34,2,0.99,9,213673824,1401319642,2,0.13699925632953644,0.11957691777348518,0.9648,1.0,5.1333,0.13414707295882428,1.0,7.383604855793516,0.9900000095367432,1.0,5.1006,0.12920382618904114,1.0,7.662312030792236,0.9900000095367432,0.5,8192,16384,0.5
2026-03-21T21:05:30,crp_c_sensitivity_20260321_193605,34,2,0.99,9,213673824,1401319642,3,0.0945583411693573,0.101822061753273,0.9692,1.0,5.12524,0.13140892891017983,1.0,7.535887460879353,0.9900000095367432,1.0,5.1094,0.12899568676948547,1.0,7.674674987792969,0.9900000095367432,0.5,8192,16384,0.5
2026-03-21T21:06:02,crp_c_sensitivity_20260321_193605,34,2,0.99,9,213673824,1401319642,4,0.07224702587366104,0.09133757605552674,0.971,1.0,5.14658,0.13020222567383896,1.0,7.604998256849206,0.9900000095367432,1.0,5.134,0.1276576966047287,1.0,7.755114555358887,0.9900000095367432,0.5,8192,16384,0.5
2026-03-21T21:06:35,crp_c_sensitivity_20260321_193605,34,2,0.99,9,213673824,1401319642,5,0.05534013021230698,0.0891427974998951,0.9736,1.0,5.1782,0.1272852134026225,1.0,7.779171141212249,0.9900000095367432,1.0,5.1655,0.12426798045635223,1.0,7.966653823852539,0.9900000095367432,0.5,8192,16384,0.5
2026-03-21T21:07:17,crp_c_sensitivity_20260321_193605,35,2,0.99,10,890201709,227403705,1,0.3143315428650379,0.17149100489616395,0.9496,0.99996,5.2698,0.13433367273081903,1.0,7.374892270168685,0.9900000095367432,1.0,5.1546,0.12904809415340424,1.0,7.671558380126953,0.9900000095367432,0.5,8192,16384,0.5
2026-03-21T21:07:49,crp_c_sensitivity_20260321_193605,35,2,0.99,10,890201709,227403705,2,0.13581564338684082,0.12730336713790893,0.9617,0.99998,5.20408,0.13547380108510138,1.0,7.310559484964746,0.9900000095367432,1.0,5.151,0.1310616284608841,1.0,7.553698539733887,0.9900000095367432,0.5,8192,16384,0.5
2026-03-21T21:08:23,crp_c_sensitivity_20260321_193605,35,2,0.99,10,890201709,227403705,3,0.09187500422954559,0.1116982316672802,0.9667,1.0,5.19674,0.13317535741402364,1.0,7.436417793069045,0.9900000095367432,1.0,5.1763,0.12899842858314514,1.0,7.674511909484863,0.9900000095367432,0.5,8192,16384,0.5
2026-03-21T21:08:59,crp_c_sensitivity_20260321_193605,35,2,0.99,10,890201709,227403705,4,0.06979490293264388,0.1149325888723135,0.9672,1.0,5.2244,0.12915757929196442,1.0,7.669821887979727,0.9900000095367432,1.0,5.1659,0.12211809307336807,1.0,8.10690689086914,0.9900000095367432,0.5,8192,16384,0.5
2026-03-21T21:09:31,crp_c_sensitivity_20260321_193605,35,2,0.99,10,890201709,227403705,5,0.055234517645835875,0.09385592789053918,0.9736,0.99998,5.2815,0.1276894809721071,1.0,7.754333976589505,0.9900000095367432,1.0,5.3122,0.12510165572166443,1.0,7.913564205169678,0.9900000095367432,0.5,8192,16384,0.5
2026-03-21T21:10:13,crp_c_sensitivity_20260321_193605,36,2,0.99,11,1901675077,1463323084,1,0.30795885150909424,0.1672980128645897,0.9496,1.0,5.23258,0.13276126721630926,1.0,7.460899555469718,0.9900000095367432,1.0,5.1335,0.12860235571861267,1.0,7.698148250579834,0.9900000095367432,0.5,8192,16384,0.5
2026-03-21T21:10:45,crp_c_sensitivity_20260321_193605,36,2,0.99,11,1901675077,1463323084,2,0.12717947541713714,0.12730202018022538,0.963,1.0,5.16998,0.133053121854887,1.0,7.445244941565082,0.9900000095367432,1.0,5.1314,0.12802310287952423,1.0,7.7329792976379395,0.9900000095367432,0.5,8192,16384,0.5
2026-03-21T21:11:16,crp_c_sensitivity_20260321_193605,36,2,0.99,11,1901675077,1463323084,3,0.08769961520433425,0.11186240025162697,0.9649,1.0,5.1797,0.13108612825650998,1.0,7.5548567369465935,0.9900000095367432,1.0,5.1765,0.12744411826133728,1.0,7.768110275268555,0.9900000095367432,0.5,8192,16384,0.5
2026-03-21T21:11:49,crp_c_sensitivity_20260321_193605,36,2,0.99,11,1901675077,1463323084,4,0.06581437162876129,0.10271148450970649,0.9699,1.0,5.20504,0.12888608781425545,1.0,7.6829866277592265,0.9900000095367432,1.0,5.2144,0.12571674585342407,1.0,7.874845504760742,0.9900000095367432,0.5,8192,16384,0.5
2026-03-21T21:12:21,crp_c_sensitivity_20260321_193605,36,2,0.99,11,1901675077,1463323084,5,0.051576681593060496,0.09878999686837196,0.9711,1.0,5.23152,0.1263560618433501,1.0,7.836632037101804,0.9900000095367432,1.0,5.2285,0.1231764703989029,1.0,8.037249565124512,0.9900000095367432,0.5,8192,16384,0.5
2026-03-21T21:13:03,crp_c_sensitivity_20260321_193605,37,2,0.99,12,1241430298,390098410,1,0.3006825800991058,0.17371221339702606,0.9485,1.0,5.2091,0.13535926431951012,1.0,7.316854459855258,0.9900000095367432,1.0,5.1232,0.1320847123861313,1.0,7.495190143585205,0.9900000095367432,0.5,8192,16384,0.5
2026-03-21T21:13:35,crp_c_sensitivity_20260321_193605,37,2,0.99,12,1241430298,390098410,2,0.1255559232902527,0.12200372457504273,0.9635,1.0,5.12844,0.13354247431163593,1.0,7.417827118388223,0.9900000095367432,1.0,5.1086,0.12960048019886017,1.0,7.63886022567749,0.9900000095367432,0.5,8192,16384,0.5
2026-03-21T21:14:07,crp_c_sensitivity_20260321_193605,37,2,0.99,12,1241430298,390098410,3,0.08694351860761643,0.1023226796746254,0.9704,1.0,5.12772,0.13283097065623153,1.0,7.454992800417458,0.9900000095367432,1.0,5.1214,0.12867172062397003,1.0,7.69399881362915,0.9900000095367432,0.5,8192,16384,0.5
2026-03-21T21:14:39,crp_c_sensitivity_20260321_193605,37,2,0.99,12,1241430298,390098410,4,0.06279839759111404,0.107231452023983,0.9682,1.0,5.13538,0.1302952849880204,1.0,7.600360122787983,0.9900000095367432,1.0,5.1438,0.12701094150543213,1.0,7.7946038246154785,0.9900000095367432,0.5,8192,16384,0.5
2026-03-21T21:15:11,crp_c_sensitivity_20260321_193605,37,2,0.99,12,1241430298,390098410,5,0.051801231428980826,0.09423336595296859,0.9725,0.99998,5.15372,0.12760709041296064,1.0,7.75972053035141,0.9900000095367432,1.0,5.1774,0.12445994466543198,1.0,7.954366683959961,0.9900000095367432,0.5,8192,16384,0.5
2026-03-21T21:15:51,crp_c_sensitivity_20260321_193605,38,2,0.99,13,1581798262,805311476,1,0.32622885272979735,0.18250164774656297,0.9455,1.0,5.22304,0.13432285414479883,1.0,7.373260893175364,0.9900000095367432,1.0,5.1322,0.1302289068698883,1.0,7.601998805999756,0.9900000095367432,0.5,8192,16384,0.5
2026-03-21T21:16:23,crp_c_sensitivity_20260321_193605,38,2,0.99,13,1581798262,805311476,2,0.1382980626821518,0.12114799174070358,0.9638,1.0,5.13286,0.1336903470708891,1.0,7.410965037772723,0.9900000095367432,1.0,5.1071,0.127858504652977,1.0,7.742934226989746,0.9900000095367432,0.5,8192,16384,0.5
2026-03-21T21:17:10,crp_c_sensitivity_20260321_193605,38,2,0.99,13,1581798262,805311476,3,0.09743193145513535,0.10930399217605591,0.9678,1.0,5.12796,0.13250695081318126,1.0,7.4748327896723055,0.9900000095367432,1.0,5.1283,0.1275724470615387,1.0,7.76029634475708,0.9900000095367432,0.5,8192,16384,0.5
2026-03-21T21:17:47,crp_c_sensitivity_20260321_193605,38,2,0.99,13,1581798262,805311476,4,0.07204563362002372,0.08888168284893036,0.9724,1.0,5.1468,0.12992100920671087,1.0,7.621984408639581,0.9900000095367432,1.0,5.1278,0.1257687658071518,1.0,7.871589183807373,0.9900000095367432,0.5,8192,16384,0.5
2026-03-21T21:18:26,crp_c_sensitivity_20260321_193605,38,2,0.99,13,1581798262,805311476,5,0.05791296221256256,0.09120237982869148,0.9716,1.0,5.16072,0.12716013330327885,1.0,7.787100460218347,0.9900000095367432,1.0,5.1876,0.12413692474365234,1.0,7.975064754486084,0.9900000095367432,0.5,8192,16384,0.5
2026-03-21T21:19:05,crp_c_sensitivity_20260321_193605,39,2,0.99,14,499550011,2061950112,1,0.31070687458515167,0.17501053586006166,0.9511,0.99998,5.23314,0.133965619765889,1.0,7.395124631769517,0.9900000095367432,1.0,5.1242,0.12827466428279877,1.0,7.717813968658447,0.9900000095367432,0.5,8192,16384,0.5
2026-03-21T21:19:41,crp_c_sensitivity_20260321_193605,39,2,0.99,14,499550011,2061950112,2,0.13367841393709182,0.11896477844715118,0.9639,0.99998,5.1393,0.13381827098634236,1.0,7.4007138340064635,0.9900000095367432,1.0,5.1098,0.12983576953411102,1.0,7.625017166137695,0.9900000095367432,0.5,8192,16384,0.5
2026-03-21T21:20:13,crp_c_sensitivity_20260321_193605,39,2,0.99,14,499550011,2061950112,3,0.09289536609172822,0.10207928736209869,0.9667,0.99998,5.13804,0.1310563907980004,1.0,7.557766168013863,0.9900000095367432,1.0,5.14,0.12527477741241455,1.0,7.902628421783447,0.9900000095367432,0.5,8192,16384,0.5
2026-03-21T21:20:48,crp_c_sensitivity_20260321_193605,39,2,0.99,14,499550011,2061950112,4,0.07113328914642333,0.09406578936055303,0.9706,0.99998,5.17548,0.1288537219967074,1.0,7.685004047725512,0.9900000095367432,1.0,5.1586,0.12521867454051971,1.0,7.9061689376831055,0.9900000095367432,0.5,8192,16384,0.5
2026-03-21T21:21:28,crp_c_sensitivity_20260321_193605,39,2,0.99,14,499550011,2061950112,5,0.05615191001534462,0.1025243971735239,0.9685,1.0,5.18258,0.12556295047330734,1.0,7.887202964109533,0.9900000095367432,1.0,5.2251,0.12120193988084793,1.0,8.16818618774414,0.9900000095367432,0.5,8192,16384,0.5
2026-03-21T21:22:27,crp_c_sensitivity_20260321_193605,40,2,0.99,15,1124417232,1279896646,1,0.30503848939418793,0.18387115514278413,0.9468,0.99998,5.25816,0.13438341501728654,1.0,7.373471810079901,0.9900000095367432,1.0,5.1262,0.12696801126003265,1.0,7.797239780426025,0.9900000095367432,0.5,8192,16384,0.5
2026-03-21T21:23:12,crp_c_sensitivity_20260321_193605,40,2,0.99,15,1124417232,1279896646,2,0.13144415119171143,0.13991325308084487,0.9594,1.0,5.1506,0.13382758444075085,1.0,7.400677676091108,0.9900000095367432,1.0,5.1271,0.13072259724140167,1.0,7.573288917541504,0.9900000095367432,0.5,8192,16384,0.5
2026-03-21T21:23:44,crp_c_sensitivity_20260321_193605,40,2,0.99,15,1124417232,1279896646,3,0.09252654353141784,0.12522871039062738,0.964,0.99998,5.16962,0.13297061435401897,1.0,7.446947523395119,0.9900000095367432,1.0,5.1552,0.1295541375875473,1.0,7.641592979431152,0.9900000095367432,0.5,8192,16384,0.5
2026-03-21T21:24:17,crp_c_sensitivity_20260321_193605,40,2,0.99,15,1124417232,1279896646,4,0.06880587898492813,0.11605186118781567,0.9664,1.0,5.20494,0.12968900338615602,1.0,7.636260661932513,0.9900000095367432,1.0,5.2597,0.1275121122598648,1.0,7.763968467712402,0.9900000095367432,0.5,8192,16384,0.5
2026-03-21T21:24:51,crp_c_sensitivity_20260321_193605,40,2,0.99,15,1124417232,1279896646,5,0.05297426137208939,0.1069744200348854,0.9686,1.0,5.30262,0.12842743376941632,1.0,7.7101481747444325,0.9900000095367432,1.0,5.3157,0.12593242526054382,1.0,7.861358642578125,0.9900000095367432,0.5,8192,16384,0.5
2026-03-21T21:25:40,crp_c_sensitivity_20260321_193605,41,2,0.99,16,1523395764,1960940756,1,0.31847546011924743,0.17709982566982507,0.9471,1.0,5.20158,0.13197113201974908,1.0,7.511003657680034,0.9900000095367432,0.9999,5.1032,0.1248079240322113,1.0,7.932188510894775,0.9900000095367432,0.5,8192,16384,0.5
2026-03-21T21:26:21,crp_c_sensitivity_20260321_193605,41,2,0.99,16,1523395764,1960940756,2,0.13313016786575319,0.13282859793752433,0.9586,1.0,5.14624,0.1333531499137659,1.0,7.430300156478687,0.9900000095367432,1.0,5.1361,0.12716400623321533,1.0,7.785221576690674,0.9900000095367432,0.5,8192,16384,0.5
2026-03-21T21:27:06,crp_c_sensitivity_20260321_193605,41,2,0.99,16,1523395764,1960940756,3,0.09302423977851867,0.10950635491013527,0.9677,0.99998,5.168,0.13257962324277825,1.0,7.470631689671666,0.9900000095367432,1.0,5.1474,0.1275346279144287,1.0,7.762598037719727,0.9900000095367432,0.5,8192,16384,0.5
2026-03-21T21:27:47,crp_c_sensitivity_20260321_193605,41,2,0.99,16,1523395764,1960940756,4,0.06833623660326003,0.09694909770041704,0.9703,1.0,5.20984,0.12915674010124964,1.0,7.668608777663287,0.9900000095367432,1.0,5.2231,0.12427458167076111,1.0,7.966230869293213,0.9900000095367432,0.5,8192,16384,0.5
2026-03-21T21:28:21,crp_c_sensitivity_20260321_193605,41,2,0.99,16,1523395764,1960940756,5,0.05338832571148872,0.10106279536485673,0.9688,1.0,5.27598,0.12701471752065527,1.0,7.796921354425533,0.9900000095367432,1.0,5.2596,0.12284665554761887,1.0,8.05882740020752,0.9900000095367432,0.5,8192,16384,0.5
2026-03-21T21:29:09,crp_c_sensitivity_20260321_193605,42,2,0.99,17,1771317416,708439348,1,0.30563118708133696,0.18126004598140716,0.9473,1.0,5.23642,0.13095631507580238,1.0,7.5730397573212525,0.9900000095367432,1.0,5.1156,0.12276502698659897,1.0,8.064186096191406,0.9900000095367432,0.5,8192,16384,0.5
2026-03-21T21:29:49,crp_c_sensitivity_20260321_193605,42,2,0.99,17,1771317416,708439348,2,0.13196336106300355,0.12707386536598206,0.9628,0.99998,5.1618,0.1343242947936363,1.0,7.375867383864224,0.9900000095367432,1.0,5.1309,0.12701360881328583,1.0,7.794440269470215,0.9900000095367432,0.5,8192,16384,0.5
2026-03-21T21:30:31,crp_c_sensitivity_20260321_193605,42,2,0.99,17,1771317416,708439348,3,0.09081934071302414,0.11493931345939636,0.9648,1.0,5.16488,0.13321658313426826,1.0,7.4333463751751445,0.9900000095367432,1.0,5.1595,0.1289709359407425,1.0,7.676148414611816,0.9900000095367432,0.5,8192,16384,0.5
2026-03-21T21:31:08,crp_c_sensitivity_20260321_193605,42,2,0.99,17,1771317416,708439348,4,0.06821830149292946,0.11635196556448936,0.9629,0.99996,5.1918,0.13039316568533174,1.0,7.594211810080291,0.9900000095367432,1.0,5.2055,0.12729860842227936,1.0,7.7769904136657715,0.9900000095367432,0.5,8192,16384,0.5
2026-03-21T21:31:43,crp_c_sensitivity_20260321_193605,42,2,0.99,17,1771317416,708439348,5,0.055005754606723786,0.10027305655926466,0.9684,1.0,5.20296,0.12683225154419384,1.0,7.808321458909213,0.9900000095367432,1.0,5.2107,0.12328212708234787,1.0,8.03036117553711,0.9900000095367432,0.5,8192,16384,0.5
2026-03-21T21:32:29,crp_c_sensitivity_20260321_193605,43,2,0.99,18,1733286740,86438386,1,0.3155079302501678,0.17290143537521363,0.9503,1.0,5.20854,0.13330235997276843,1.0,7.432243042284875,0.9900000095367432,1.0,5.1245,0.1274585723876953,1.0,7.767230033874512,0.9900000095367432,0.5,8192,16384,0.5
2026-03-21T21:33:06,crp_c_sensitivity_20260321_193605,43,2,0.99,18,1733286740,86438386,2,0.13564435565948485,0.12445046847760677,0.9609,1.0,5.15418,0.13332730939473642,1.0,7.4295364535982955,0.9900000095367432,1.0,5.1267,0.12837252020835876,1.0,7.711930751800537,0.9900000095367432,0.5,8192,16384,0.5
2026-03-21T21:33:41,crp_c_sensitivity_20260321_193605,43,2,0.99,18,1733286740,86438386,3,0.0952527194905281,0.10404153169393539,0.968,0.99998,5.15304,0.12978061477241615,1.0,7.632804821824174,0.9900000095367432,1.0,5.1442,0.12601672112941742,1.0,7.856100082397461,0.9900000095367432,0.5,8192,16384,0.5
2026-03-21T21:34:13,crp_c_sensitivity_20260321_193605,43,2,0.99,18,1733286740,86438386,4,0.07127742718935012,0.09218670573830605,0.9724,0.99998,5.19484,0.12876226953075975,1.0,7.690113607879795,0.9900000095367432,1.0,5.1726,0.1259564906358719,1.0,7.859857082366943,0.9900000095367432,0.5,8192,16384,0.5
2026-03-21T21:34:44,crp_c_sensitivity_20260321_193605,43,2,0.99,18,1733286740,86438386,5,0.05662733157753944,0.0868321732878685,0.9743,1.0,5.23418,0.12683426301040307,1.0,7.806495087226029,0.9900000095367432,1.0,5.2527,0.1243792399764061,1.0,7.959527492523193,0.9900000095367432,0.5,8192,16384,0.5
2026-03-21T21:35:26,crp_c_sensitivity_20260321_193605,44,2,0.99,19,498877875,257273452,1,0.2986291363406181,0.14597266627550126,0.9564,0.99998,5.19862,0.13291007642398406,1.0,7.453633231580105,0.9900000095367432,1.0,5.0835,0.12738488614559174,1.0,7.771722793579102,0.9900000095367432,0.5,8192,16384,0.5
2026-03-21T21:36:01,crp_c_sensitivity_20260321_193605,44,2,0.99,19,498877875,257273452,2,0.12856626274585725,0.11248442704677582,0.9674,1.0,5.1205,0.1328856011333368,1.0,7.453467266638871,0.9900000095367432,1.0,5.1052,0.12891142070293427,1.0,7.679691791534424,0.9900000095367432,0.5,8192,16384,0.5
2026-03-21T21:36:36,crp_c_sensitivity_20260321_193605,44,2,0.99,19,498877875,257273452,3,0.08897461773037911,0.0977425148293376,0.9699,0.99998,5.13266,0.13086081965042806,1.0,7.5677523588585425,0.9900000095367432,1.0,5.1647,0.1265619397163391,1.0,7.822256565093994,0.9900000095367432,0.5,8192,16384,0.5
2026-03-21T21:37:07,crp_c_sensitivity_20260321_193605,44,2,0.99,19,498877875,257273452,4,0.06733323834180832,0.08512175906896591,0.9731,1.0,5.16234,0.12845986641352744,1.0,7.708954951342414,0.9900000095367432,1.0,5.156,0.12404125928878784,1.0,7.981215476989746,0.9900000095367432,0.5,8192,16384,0.5
2026-03-21T21:37:39,crp_c_sensitivity_20260321_193605,44,2,0.99,19,498877875,257273452,5,0.053079386327862736,0.08451987773627043,0.9737,1.0,5.22262,0.1262998790920848,1.0,7.839789906426159,0.9900000095367432,1.0,5.21,0.12330398708581924,1.0,8.028937339782715,0.9900000095367432,0.5,8192,16384,0.5
2026-03-21T21:38:25,crp_c_sensitivity_20260321_193605,45,2,0.99,20,1875161174,1072077289,1,0.2990019147205353,0.16380642714500426,0.9498,1.0,5.25822,0.135276185772608,1.0,7.323356704028976,0.9900000095367432,1.0,5.1249,0.13010495901107788,1.0,7.609241485595703,0.9900000095367432,0.5,8192,16384,0.5
2026-03-21T21:38:59,crp_c_sensitivity_20260321_193605,45,2,0.99,20,1875161174,1072077289,2,0.12867071240901948,0.11871359887123108,0.9608,1.0,5.18712,0.13658861213785303,1.0,7.251747411840102,0.9900000095367432,1.0,5.1483,0.13104300200939178,1.0,7.55477237701416,0.9900000095367432,0.5,8192,16384,0.5
2026-03-21T21:39:32,crp_c_sensitivity_20260321_193605,45,2,0.99,20,1875161174,1072077289,3,0.09095735887885094,0.09329341980218887,0.9705,1.0,5.19664,0.13402561668087454,1.0,7.3900337889981085,0.9900000095367432,1.0,5.1799,0.12909844517707825,1.0,7.668566703796387,0.9900000095367432,0.5,8192,16384,0.5
2026-03-21T21:40:02,crp_c_sensitivity_20260321_193605,45,2,0.99,20,1875161174,1072077289,4,0.06665542392730713,0.09478307197093963,0.9711,1.0,5.24218,0.13178896427611866,1.0,7.513536830082574,0.9900000095367432,1.0,5.234,0.12794384360313416,1.0,7.737770080566406,0.9900000095367432,0.5,8192,16384,0.5
2026-03-21T21:40:33,crp_c_sensitivity_20260321_193605,45,2,0.99,20,1875161174,1072077289,5,0.05511375354528427,0.08608694252744317,0.9737,0.99998,5.2803,0.12888662414172727,1.0,7.682406374255715,0.9900000095367432,1.0,5.3061,0.12642735242843628,1.0,7.8305840492248535,0.9900000095367432,0.5,8192,16384,0.5
2026-03-21T21:41:10,crp_c_sensitivity_20260321_193605,46,2,0.99,21,464673431,1583108162,1,0.29892712493658063,0.1749878092765808,0.9466,1.0,5.24482,0.13278931505082514,1.0,7.4640704237896465,0.9900000095367432,1.0,5.1178,0.1253952980041504,1.0,7.89503288269043,0.9900000095367432,0.5,8192,16384,0.5
2026-03-21T21:41:41,crp_c_sensitivity_20260321_193605,46,2,0.99,21,464673431,1583108162,2,0.13488447857379912,0.137904780626297,0.958,1.0,5.14356,0.13416110337390313,1.0,7.382456403864009,0.9900000095367432,1.0,5.1438,0.1303381621837616,1.0,7.5956268310546875,0.9900000095367432,0.5,8192,16384,0.5
2026-03-21T21:42:11,crp_c_sensitivity_20260321_193605,46,2,0.99,21,464673431,1583108162,3,0.0951124751329422,0.09598193870782852,0.9704,0.99998,5.15038,0.13228182144024792,1.0,7.485569833184752,0.9900000095367432,0.9999,5.1262,0.12892593443393707,1.0,7.67882776260376,0.9900000095367432,0.5,8192,16384,0.5
2026-03-21T21:42:40,crp_c_sensitivity_20260321_193605,46,2,0.99,21,464673431,1583108162,4,0.07277900610923767,0.09478143583536149,0.9723,1.0,5.15406,0.13014567569088753,1.0,7.608593777317525,0.9900000095367432,1.0,5.136,0.12636639177799225,1.0,7.834361553192139,0.9900000095367432,0.5,8192,16384,0.5
2026-03-21T21:43:11,crp_c_sensitivity_20260321_193605,46,2,0.99,21,464673431,1583108162,5,0.05658438911914825,0.08510946238040924,0.9721,1.0,5.17678,0.12788762548542998,1.0,7.742538820447215,0.9900000095367432,1.0,5.1773,0.12553362548351288,1.0,7.886332988739014,0.9900000095367432,0.5,8192,16384,0.5
2026-03-21T21:43:49,crp_c_sensitivity_20260321_193605,47,2,0.99,22,1722065499,1623602896,1,0.3036829242753983,0.15791942613124849,0.9533,1.0,5.25846,0.13597120176953123,1.0,7.284041952294157,0.9900000095367432,1.0,5.1393,0.129372701048851,1.0,7.652309894561768,0.9900000095367432,0.5,8192,16384,0.5
2026-03-21T21:44:19,crp_c_sensitivity_20260321_193605,47,2,0.99,22,1722065499,1623602896,2,0.12865178942680358,0.12955636336803436,0.9641,1.0,5.1572,0.13440194828888338,1.0,7.3696289562508275,0.9900000095367432,1.0,5.1244,0.13028663396835327,1.0,7.598630428314209,0.9900000095367432,0.5,8192,16384,0.5
2026-03-21T21:44:49,crp_c_sensitivity_20260321_193605,47,2,0.99,22,1722065499,1623602896,3,0.09156258597373962,0.10741126866340638,0.9674,1.0,5.1396,0.13244276930151694,1.0,7.477521625626117,0.9900000095367432,1.0,5.1239,0.12891970574855804,1.0,7.679198741912842,0.9900000095367432,0.5,8192,16384,0.5
2026-03-21T21:45:19,crp_c_sensitivity_20260321_193605,47,2,0.99,22,1722065499,1623602896,4,0.06717570064544678,0.10256678292751312,0.9691,1.0,5.15248,0.130507348634093,1.0,7.588420416692943,0.9900000095367432,1.0,5.1488,0.12774935364723206,1.0,7.7495503425598145,0.9900000095367432,0.5,8192,16384,0.5
2026-03-21T21:45:49,crp_c_sensitivity_20260321_193605,47,2,0.99,22,1722065499,1623602896,5,0.05342268931984902,0.08939696505069733,0.9736,1.0,5.18572,0.12806568868324886,1.0,7.732003813204558,0.9900000095367432,1.0,5.1735,0.12517881393432617,1.0,7.908686637878418,0.9900000095367432,0.5,8192,16384,0.5
2026-03-21T21:46:27,crp_c_sensitivity_20260321_193605,48,2,0.99,23,1192036600,1438190936,1,0.30192765800476074,0.1695450020313263,0.9489,0.99998,5.24798,0.13415938124174961,1.0,7.381731916266634,0.9900000095367432,1.0,5.1377,0.12990880012512207,1.0,7.620730876922607,0.9900000095367432,0.5,8192,16384,0.5
2026-03-21T21:46:57,crp_c_sensitivity_20260321_193605,48,2,0.99,23,1192036600,1438190936,2,0.13449082517147065,0.12181889471411705,0.964,1.0,5.1424,0.13434165091160924,1.0,7.3722824635713,0.9900000095367432,0.9999,5.1246,0.13020266592502594,1.0,7.603531360626221,0.9900000095367432,0.5,8192,16384,0.5
2026-03-21T21:47:26,crp_c_sensitivity_20260321_193605,48,2,0.99,23,1192036600,1438190936,3,0.09204823863506317,0.11094647943973542,0.9677,1.0,5.13736,0.13200301488342187,1.0,7.501692378002664,0.9900000095367432,1.0,5.1375,0.12895314395427704,1.0,7.6772074699401855,0.9900000095367432,0.5,8192,16384,0.5
2026-03-21T21:47:56,crp_c_sensitivity_20260321_193605,48,2,0.99,23,1192036600,1438190936,4,0.07081371238350868,0.11226285519599914,0.9657,1.0,5.15508,0.13011753284717764,1.0,7.610238028914117,0.9900000095367432,1.0,5.1545,0.12696042656898499,1.0,7.79770565032959,0.9900000095367432,0.5,8192,16384,0.5
2026-03-21T21:48:25,crp_c_sensitivity_20260321_193605,48,2,0.99,23,1192036600,1438190936,5,0.0564434087228775,0.09368853102922439,0.9723,1.0,5.17104,0.12800528835076505,1.0,7.735796280834071,0.9900000095367432,1.0,5.1565,0.12429019063711166,1.0,7.965230464935303,0.9900000095367432,0.5,8192,16384,0.5
2026-03-21T21:49:03,crp_c_sensitivity_20260321_193605,49,2,0.99,24,399063368,553478475,1,0.31157700365066526,0.15736008768677712,0.9537,1.0,5.2104,0.13714935579110898,1.0,7.221920873198058,0.9900000095367432,0.9999,5.1162,0.13232733309268951,1.0,7.481447696685791,0.9900000095367432,0.5,8192,16384,0.5
2026-03-21T21:49:33,crp_c_sensitivity_20260321_193605,49,2,0.99,24,399063368,553478475,2,0.13277225456953048,0.11728874502107502,0.9656,0.99998,5.1305,0.13587583963523436,1.0,7.290629797884265,0.9900000095367432,1.0,5.1157,0.13141252100467682,1.0,7.533528804779053,0.9900000095367432,0.5,8192,16384,0.5
2026-03-21T21:50:03,crp_c_sensitivity_20260321_193605,49,2,0.99,24,399063368,553478475,3,0.09266649664878845,0.10326882253065706,0.9683,1.0,5.12674,0.13269621846468552,1.0,7.465229833217533,0.9900000095367432,1.0,5.1257,0.12796838581562042,1.0,7.73628568649292,0.9900000095367432,0.5,8192,16384,0.5
2026-03-21T21:50:33,crp_c_sensitivity_20260321_193605,49,2,0.99,24,399063368,553478475,4,0.07048671276330948,0.1046064448416233,0.9673,1.0,5.13642,0.12908729680282685,1.0,7.6731081777216525,0.9900000095367432,1.0,5.1279,0.12463883310556412,1.0,7.9429497718811035,0.9900000095367432,0.5,8192,16384,0.5
2026-03-21T21:51:00,crp_c_sensitivity_20260321_193605,49,2,0.99,24,399063368,553478475,5,0.05551854075670242,0.08814971931399777,0.9726,0.99998,5.17468,0.1278359826720889,1.0,7.746004389984833,0.9900000095367432,1.0,5.1523,0.1248096451163292,1.0,7.932079315185547,0.9900000095367432,0.5,8192,16384,0.5
2026-03-21T21:51:24,crp_c_sensitivity_20260321_193605,50,2,0.99,25,1264027381,931310476,1,0.30404204728126527,0.1731333843410015,0.9512,1.0,5.27328,0.13398125378981882,1.0,7.39918990025435,0.9900000095367432,1.0,5.1503,0.12633323669433594,1.0,7.8364176750183105,0.9900000095367432,0.5,8192,16384,0.5
2026-03-21T21:51:44,crp_c_sensitivity_20260321_193605,50,2,0.99,25,1264027381,931310476,2,0.13212328280448912,0.13039942724704742,0.9612,0.99998,5.22152,0.1355979392671829,1.0,7.303367963532352,0.9900000095367432,1.0,5.2017,0.13135772943496704,1.0,7.536671161651611,0.9900000095367432,0.5,8192,16384,0.5
2026-03-21T21:52:03,crp_c_sensitivity_20260321_193605,50,2,0.99,25,1264027381,931310476,3,0.09291311067342758,0.11419793823957443,0.9643,1.0,5.22386,0.13227310628080002,1.0,7.4881610102055935,0.9900000095367432,1.0,5.1967,0.126387357711792,1.0,7.833062171936035,0.9900000095367432,0.5,8192,16384,0.5
2026-03-21T21:52:22,crp_c_sensitivity_20260321_193605,50,2,0.99,25,1264027381,931310476,4,0.06866372798442841,0.1035186042457819,0.9681,1.0,5.27362,0.13033196924592527,1.0,7.598274857796672,0.9900000095367432,1.0,5.2788,0.1272517740726471,1.0,7.779851913452148,0.9900000095367432,0.5,8192,16384,0.5
2026-03-21T21:52:42,crp_c_sensitivity_20260321_193605,50,2,0.99,25,1264027381,931310476,5,0.05455030086994171,0.09696469095274807,0.9711,0.99998,5.31212,0.12736870451351565,1.0,7.774904715740467,0.9900000095367432,0.9999,5.2588,0.1230914443731308,1.0,8.042800903320312,0.9900000095367432,0.5,8192,16384,0.5
2026-03-21T21:53:07,crp_c_sensitivity_20260321_193605,51,3,0.999,1,1112910603,1967156611,1,0.3047133624458313,0.17420632417201995,0.948,0.99986,6.26946,0.13668728084362985,1.0,7.3127023362747545,0.9990000128746033,0.9999,6.1289,0.13125741481781006,1.0,7.61099910736084,0.9990000128746033,0.5,8192,16384,0.5
2026-03-21T21:53:26,crp_c_sensitivity_20260321_193605,51,3,0.999,1,1112910603,1967156611,2,0.1319273402929306,0.15074570075273513,0.9542,0.99994,6.1407,0.13552745597441787,1.0,7.374574311249091,0.9990000128746033,0.9999,6.1408,0.1315457671880722,1.0,7.594315052032471,0.9990000128746033,0.5,8192,16384,0.5
2026-03-21T21:53:46,crp_c_sensitivity_20260321_193605,51,3,0.999,1,1112910603,1967156611,3,0.09135384642958641,0.11412174336314201,0.9668,0.99992,6.14386,0.13388372953895414,1.0,7.463333555499611,0.9990000128746033,1.0,6.1363,0.130495086312294,1.0,7.655460357666016,0.9990000128746033,0.5,8192,16384,0.5
2026-03-21T21:54:05,crp_c_sensitivity_20260321_193605,51,3,0.999,1,1112910603,1967156611,4,0.06922521212160587,0.11221420270204543,0.9656,1.0,6.16322,0.12967788590037305,1.0,7.7070126094476645,0.9990000128746033,1.0,6.1613,0.12631651759147644,1.0,7.9087042808532715,0.9990000128746033,0.5,8192,16384,0.5
2026-03-21T21:54:24,crp_c_sensitivity_20260321_193605,51,3,0.999,1,1112910603,1967156611,5,0.0555146491420269,0.10446821992695332,0.9675,0.99996,6.2123,0.127974896327309,1.0,7.8081119834919415,0.9990000128746033,1.0,6.233,0.12542003393173218,1.0,7.965234279632568,0.9990000128746033,0.5,8192,16384,0.5
2026-03-21T21:54:50,crp_c_sensitivity_20260321_193605,52,3,0.999,2,2058712053,278891663,1,0.31046995436429975,0.15830947604179382,0.9517,0.99984,6.21302,0.13244586013009785,1.0,7.554038588043369,0.9990000128746033,1.0,6.1005,0.12497255206108093,1.0,7.993755340576172,0.9990000128746033,0.5,8192,16384,0.5
2026-03-21T21:55:10,crp_c_sensitivity_20260321_193605,52,3,0.999,2,2058712053,278891663,2,0.13499572615385055,0.11832970170974731,0.9644,0.99996,6.15498,0.13429845819997666,1.0,7.44221868417452,0.9990000128746033,1.0,6.1301,0.12917612493038177,1.0,7.733627796173096,0.9990000128746033,0.5,8192,16384,0.5
2026-03-21T21:55:29,crp_c_sensitivity_20260321_193605,52,3,0.999,2,2058712053,278891663,3,0.09392121749162674,0.10464635699093341,0.9687,0.99998,6.19292,0.1323470807517581,1.0,7.549977594019507,0.9990000128746033,1.0,6.2066,0.12933221459388733,1.0,7.7242937088012695,0.9990000128746033,0.5,8192,16384,0.5
2026-03-21T21:55:50,crp_c_sensitivity_20260321_193605,52,3,0.999,2,2058712053,278891663,4,0.06894898827970028,0.08580760646760464,0.9727,0.99996,6.25666,0.12945895967885968,1.0,7.718206953209684,0.9990000128746033,1.0,6.262,0.1267661601305008,1.0,7.880651950836182,0.9990000128746033,0.5,8192,16384,0.5
2026-03-21T21:56:09,crp_c_sensitivity_20260321_193605,52,3,0.999,2,2058712053,278891663,5,0.053800846025943753,0.09447019007205963,0.9715,1.0,6.3386,0.1260532114245093,1.0,7.928601651545375,0.9990000128746033,0.9999,6.3397,0.12340880930423737,1.0,8.095046043395996,0.9990000128746033,0.5,8192,16384,0.5
2026-03-21T21:56:34,crp_c_sensitivity_20260321_193605,53,3,0.999,3,89204788,2104056674,1,0.3037375022029877,0.18018924602270125,0.9431,0.99982,6.2905,0.13590056275772622,1.0,7.3565042927442,0.9990000128746033,0.9996,6.1591,0.12880836427211761,1.0,7.755707740783691,0.9990000128746033,0.5,8192,16384,0.5
2026-03-21T21:56:54,crp_c_sensitivity_20260321_193605,53,3,0.999,3,89204788,2104056674,2,0.1376138593196869,0.1276449723482132,0.9613,0.99992,6.18502,0.13623672796179875,1.0,7.335003010147368,0.9990000128746033,1.0,6.1434,0.13264216482639313,1.0,7.53154182434082,0.9990000128746033,0.5,8192,16384,0.5
2026-03-21T21:57:14,crp_c_sensitivity_20260321_193605,53,3,0.999,3,89204788,2104056674,3,0.09614313231945038,0.11478979152441025,0.9633,0.99994,6.18728,0.13426420309811907,1.0,7.442290621950193,0.9990000128746033,1.0,6.171,0.131182461977005,1.0,7.615347385406494,0.9990000128746033,0.5,8192,16384,0.5
2026-03-21T21:57:34,crp_c_sensitivity_20260321_193605,53,3,0.999,3,89204788,2104056674,4,0.0707686190879345,0.09563994030952454,0.9703,0.9999,6.20928,0.13163821505920967,1.0,7.590369028203628,0.9990000128746033,0.9999,6.2275,0.1289440244436264,1.0,7.7475481033325195,0.9990000128746033,0.5,8192,16384,0.5
2026-03-21T21:57:53,crp_c_sensitivity_20260321_193605,53,3,0.999,3,89204788,2104056674,5,0.05512524812340736,0.09239529796838761,0.9733,0.99996,6.24128,0.12830966749154699,1.0,7.787771292049866,0.9990000128746033,0.9996,6.3118,0.12570397555828094,1.0,7.947242736816406,0.9990000128746033,0.5,8192,16384,0.5
2026-03-21T21:58:19,crp_c_sensitivity_20260321_193605,54,3,0.999,4,352484285,647094122,1,0.3095140284919739,0.16003404665589333,0.9528,0.99984,6.28682,0.13544890006332447,1.0,7.378953683711684,0.9990000128746033,1.0,6.133,0.13041850924491882,1.0,7.659955978393555,0.9990000128746033,0.5,8192,16384,0.5
2026-03-21T21:58:39,crp_c_sensitivity_20260321_193605,54,3,0.999,4,352484285,647094122,2,0.13437528214931488,0.12105413635373116,0.9628,0.99996,6.20274,0.13701323120642805,1.0,7.294434496203957,0.9990000128746033,0.9999,6.1569,0.13204941153526306,1.0,7.56535005569458,0.9990000128746033,0.5,8192,16384,0.5
2026-03-21T21:58:59,crp_c_sensitivity_20260321_193605,54,3,0.999,4,352484285,647094122,3,0.09161142813444137,0.10439133794307709,0.9688,0.99998,6.1956,0.13161743270314258,1.0,7.5954877604608955,0.9990000128746033,0.9999,6.1827,0.1266777515411377,1.0,7.886152267456055,0.9990000128746033,0.5,8192,16384,0.5
2026-03-21T21:59:18,crp_c_sensitivity_20260321_193605,54,3,0.999,4,352484285,647094122,4,0.06991249570131301,0.10355208530128002,0.9701,0.99994,6.28236,0.13115521796676508,1.0,7.619912838996829,0.9990000128746033,1.0,6.3143,0.12761050462722778,1.0,7.8285088539123535,0.9990000128746033,0.5,8192,16384,0.5
2026-03-21T21:59:38,crp_c_sensitivity_20260321_193605,54,3,0.999,4,352484285,647094122,5,0.053646648149490356,0.0957614563703537,0.9711,0.99996,6.34204,0.12843508766892622,1.0,7.781405703795841,0.9990000128746033,0.9999,6.274,0.12294640392065048,1.0,8.125492095947266,0.9990000128746033,0.5,8192,16384,0.5
2026-03-21T22:00:03,crp_c_sensitivity_20260321_193605,55,3,0.999,5,2111604889,1856609176,1,0.2977725088977814,0.17135336644649504,0.9496,0.99978,6.27614,0.13729835978097013,1.0,7.279497902716517,0.9990000128746033,0.9997,6.127,0.1316853016614914,1.0,7.586268424987793,0.9990000128746033,0.5,8192,16384,0.5
2026-03-21T22:00:22,crp_c_sensitivity_20260321_193605,55,3,0.999,5,2111604889,1856609176,2,0.13059412964463235,0.12791588113307953,0.9604,0.99996,6.18344,0.1389207674566742,1.0,7.193421762617652,0.9990000128746033,0.9998,6.1466,0.1341215968132019,1.0,7.448464870452881,0.9990000128746033,0.5,8192,16384,0.5
2026-03-21T22:00:42,crp_c_sensitivity_20260321_193605,55,3,0.999,5,2111604889,1856609176,3,0.0911134990978241,0.11114829559922218,0.9674,0.9999,6.22112,0.136094004335001,1.0,7.342910500743505,0.9990000128746033,1.0,6.2264,0.1323731392621994,1.0,7.546848297119141,0.9990000128746033,0.5,8192,16384,0.5
2026-03-21T22:01:02,crp_c_sensitivity_20260321_193605,55,3,0.999,5,2111604889,1856609176,4,0.07021100968122482,0.10106754004955291,0.9693,0.99998,6.2812,0.1331960531832922,1.0,7.502570714487139,0.9990000128746033,1.0,6.2848,0.12971724569797516,1.0,7.701365947723389,0.9990000128746033,0.5,8192,16384,0.5
2026-03-21T22:01:21,crp_c_sensitivity_20260321_193605,55,3,0.999,5,2111604889,1856609176,5,0.053712598457336426,0.09420487029254436,0.9705,0.99996,6.37576,0.13094880955908306,1.0,7.630301434060802,0.9990000128746033,1.0,6.4038,0.12852706015110016,1.0,7.7726826667785645,0.9990000128746033,0.5,8192,16384,0.5
2026-03-21T22:01:51,crp_c_sensitivity_20260321_193605,56,3,0.999,6,1787146389,20093030,1,0.3026567119407654,0.1665942178606987,0.9527,0.99972,6.25422,0.13617818042292923,1.0,7.3400382288276695,0.9990000128746033,0.9999,6.1384,0.1312326043844223,1.0,7.612437725067139,0.9990000128746033,0.5,8192,16384,0.5
2026-03-21T22:02:12,crp_c_sensitivity_20260321_193605,56,3,0.999,6,1787146389,20093030,2,0.13440395304083824,0.11613353528678418,0.9668,0.99988,6.18214,0.13672720795244817,1.0,7.308992404157244,0.9990000128746033,1.0,6.1517,0.13189002871513367,1.0,7.57449197769165,0.9990000128746033,0.5,8192,16384,0.5
2026-03-21T22:02:32,crp_c_sensitivity_20260321_193605,56,3,0.999,6,1787146389,20093030,3,0.09234991450071335,0.0998879452265799,0.9709,0.9999,6.18816,0.13431152804275912,1.0,7.439834855706491,0.9990000128746033,1.0,6.1783,0.13107433915138245,1.0,7.621629238128662,0.9990000128746033,0.5,8192,16384,0.5
2026-03-21T22:02:51,crp_c_sensitivity_20260321_193605,56,3,0.999,6,1787146389,20093030,4,0.0707337968468666,0.09572932749334723,0.9716,0.99998,6.2297,0.13181122539140988,1.0,7.580697475491887,0.9990000128746033,0.9999,6.2081,0.12838926911354065,1.0,7.78102445602417,0.9990000128746033,0.5,8192,16384,0.5
2026-03-21T22:03:10,crp_c_sensitivity_20260321_193605,56,3,0.999,6,1787146389,20093030,5,0.05575926668703556,0.08870057567171752,0.9745,0.99998,6.27472,0.1284329870625225,1.0,7.77971069770091,0.9990000128746033,1.0,6.2231,0.12519757449626923,1.0,7.979388236999512,0.9990000128746033,0.5,8192,16384,0.5
2026-03-21T22:03:36,crp_c_sensitivity_20260321_193605,57,3,0.999,7,322707650,2072343648,1,0.3011205924034119,0.1538211969614029,0.9539,0.99986,6.24096,0.13565593691128294,1.0,7.367681765495359,0.9990000128746033,0.9999,6.0746,0.12988083064556122,1.0,7.691666126251221,0.9990000128746033,0.5,8192,16384,0.5
2026-03-21T22:03:55,crp_c_sensitivity_20260321_193605,57,3,0.999,7,322707650,2072343648,2,0.13268842845916748,0.11267131958007813,0.9648,0.99996,6.12052,0.13635894320809933,1.0,7.328770903370264,0.9990000128746033,1.0,6.0784,0.1323951929807663,1.0,7.545590877532959,0.9990000128746033,0.5,8192,16384,0.5
2026-03-21T22:04:14,crp_c_sensitivity_20260321_193605,57,3,0.999,7,322707650,2072343648,3,0.08977990458011627,0.10291475336551666,0.9679,0.99996,6.11902,0.13415428134791382,1.0,7.449557226332252,0.9990000128746033,1.0,6.0948,0.12954357266426086,1.0,7.711691379547119,0.9990000128746033,0.5,8192,16384,0.5
2026-03-21T22:04:32,crp_c_sensitivity_20260321_193605,57,3,0.999,7,322707650,2072343648,4,0.06776926706075669,0.09113289986252784,0.9707,0.99994,6.1314,0.13156182419918383,1.0,7.594981255738632,0.9990000128746033,1.0,6.1202,0.12919862568378448,1.0,7.732280254364014,0.9990000128746033,0.5,8192,16384,0.5
2026-03-21T22:04:52,crp_c_sensitivity_20260321_193605,57,3,0.999,7,322707650,2072343648,5,0.052673947420120236,0.09077440710365772,0.9705,0.99994,6.17244,0.12942588424591153,1.0,7.719983450896905,0.9990000128746033,0.9999,6.1732,0.12626570463180542,1.0,7.911887168884277,0.9990000128746033,0.5,8192,16384,0.5
2026-03-21T22:05:16,crp_c_sensitivity_20260321_193605,58,3,0.999,8,492016357,751033720,1,0.3176915937805176,0.1779195137023926,0.9481,0.99964,6.25558,0.13699203958291836,1.0,7.295535341248183,0.9990000128746033,0.9999,6.128,0.13192477822303772,1.0,7.5724968910217285,0.9990000128746033,0.5,8192,16384,0.5
2026-03-21T22:05:35,crp_c_sensitivity_20260321_193605,58,3,0.999,8,492016357,751033720,2,0.13731704622387886,0.1329328528881073,0.9603,0.99998,6.17078,0.13682006413826858,1.0,7.305268207169555,0.9990000128746033,1.0,6.1457,0.13241027295589447,1.0,7.544732093811035,0.9990000128746033,0.5,8192,16384,0.5
2026-03-21T22:05:54,crp_c_sensitivity_20260321_193605,58,3,0.999,8,492016357,751033720,3,0.09776638685464858,0.10584861159324646,0.9675,0.99992,6.18474,0.1348103303509905,1.0,7.4119877534754135,0.9990000128746033,1.0,6.1589,0.13067255914211273,1.0,7.645063400268555,0.9990000128746033,0.5,8192,16384,0.5
2026-03-21T22:06:13,crp_c_sensitivity_20260321_193605,58,3,0.999,8,492016357,751033720,4,0.07301519343852997,0.09674643380045891,0.9687,0.99996,6.22786,0.13264383238447292,1.0,7.533232523047405,0.9990000128746033,1.0,6.2014,0.12920401990413666,1.0,7.731957912445068,0.9990000128746033,0.5,8192,16384,0.5
2026-03-21T22:06:32,crp_c_sensitivity_20260321_193605,58,3,0.999,8,492016357,751033720,5,0.05695159509420395,0.09255350759029389,0.9705,1.0,6.26022,0.12974561053468747,1.0,7.701418305906798,0.9990000128746033,0.9999,6.2499,0.12763984501361847,1.0,7.826709747314453,0.9990000128746033,0.5,8192,16384,0.5
2026-03-21T22:06:56,crp_c_sensitivity_20260321_193605,59,3,0.999,9,1157790631,734368275,1,0.302848950920105,0.17607358236312867,0.9472,0.99986,6.2445,0.13777684978664378,1.0,7.253520514349193,0.9990000128746033,0.9996,6.1252,0.13244114816188812,1.0,7.542973041534424,0.9990000128746033,0.5,8192,16384,0.5
2026-03-21T22:07:15,crp_c_sensitivity_20260321_193605,59,3,0.999,9,1157790631,734368275,2,0.1317193121623993,0.12009681777954101,0.9628,0.99994,6.15822,0.1377111116943457,1.0,7.256795099019395,0.9990000128746033,0.9999,6.1327,0.13310685753822327,1.0,7.505248546600342,0.9990000128746033,0.5,8192,16384,0.5
2026-03-21T22:07:33,crp_c_sensitivity_20260321_193605,59,3,0.999,9,1157790631,734368275,3,0.09122073705494403,0.10775486493110657,0.9674,0.9999,6.21054,0.1350215356749342,1.0,7.400947833000242,0.9990000128746033,0.9999,6.1916,0.1316007375717163,1.0,7.591142654418945,0.9990000128746033,0.5,8192,16384,0.5
2026-03-21T22:07:52,crp_c_sensitivity_20260321_193605,59,3,0.999,9,1157790631,734368275,4,0.07059875761151314,0.09943337182998657,0.9705,0.99998,6.2697,0.130930373545193,1.0,7.632248251639363,0.9990000128746033,0.9999,6.2868,0.12899938225746155,1.0,7.744223594665527,0.9990000128746033,0.5,8192,16384,0.5
2026-03-21T22:08:11,crp_c_sensitivity_20260321_193605,59,3,0.999,9,1157790631,734368275,5,0.05357945390343666,0.09298744144439697,0.973,0.99998,6.3575,0.12775651979095795,1.0,7.822538766104852,0.9990000128746033,1.0,6.3381,0.12358859926462173,1.0,8.083270072937012,0.9990000128746033,0.5,8192,16384,0.5
2026-03-21T22:08:35,crp_c_sensitivity_20260321_193605,60,3,0.999,10,337113771,828956708,1,0.3121016605091095,0.15359843637943268,0.957,0.99982,6.20882,0.13698960512952732,1.0,7.295336985527097,0.9990000128746033,1.0,6.1061,0.13260707259178162,1.0,7.533534526824951,0.9990000128746033,0.5,8192,16384,0.5
2026-03-21T22:08:54,crp_c_sensitivity_20260321_193605,60,3,0.999,10,337113771,828956708,2,0.13194642735481263,0.11072140580415726,0.968,1.0,6.1426,0.13738165429943358,1.0,7.274915790313955,0.9990000128746033,0.9999,6.1133,0.13311845064163208,1.0,7.504594326019287,0.9990000128746033,0.5,8192,16384,0.5
2026-03-21T22:09:14,crp_c_sensitivity_20260321_193605,60,3,0.999,10,337113771,828956708,3,0.09264274120092392,0.10293901448249818,0.9703,0.9999,6.1474,0.13580540923968606,1.0,7.357904453716619,0.9990000128746033,1.0,6.149,0.1319967359304428,1.0,7.568368911743164,0.9990000128746033,0.5,8192,16384,0.5
2026-03-21T22:09:33,crp_c_sensitivity_20260321_193605,60,3,0.999,10,337113771,828956708,4,0.06908537590503692,0.09208776267766952,0.9737,0.99998,6.1674,0.13280462673710436,1.0,7.5239767247758556,0.9990000128746033,1.0,6.1601,0.12943892180919647,1.0,7.717926025390625,0.9990000128746033,0.5,8192,16384,0.5
2026-03-21T22:09:51,crp_c_sensitivity_20260321_193605,60,3,0.999,10,337113771,828956708,5,0.055426476247608665,0.08722212178111076,0.9743,1.0,6.2142,0.13000766422285143,1.0,7.686591420332184,0.9990000128746033,1.0,6.1948,0.12646982073783875,1.0,7.899117469787598,0.9990000128746033,0.5,8192,16384,0.5
2026-03-21T22:10:17,crp_c_sensitivity_20260321_193605,61,3,0.999,11,695270872,27578306,1,0.3204856624245644,0.1721018519282341,0.9455,0.9998,6.2673,0.13591416111535123,1.0,7.3539207560936815,0.9990000128746033,0.9998,6.1256,0.12969496846199036,1.0,7.702688694000244,0.9990000128746033,0.5,8192,16384,0.5
2026-03-21T22:10:36,crp_c_sensitivity_20260321_193605,61,3,0.999,11,695270872,27578306,2,0.13612765346050262,0.12806146446466446,0.9604,0.99988,6.15838,0.13490216373025304,1.0,7.410295312057066,0.9990000128746033,1.0,6.1024,0.12961438298225403,1.0,7.707478046417236,0.9990000128746033,0.5,8192,16384,0.5
2026-03-21T22:10:56,crp_c_sensitivity_20260321_193605,61,3,0.999,11,695270872,27578306,3,0.09328006592810154,0.10764224309921265,0.9665,0.9999,6.14386,0.13383484507918053,1.0,7.466381853498766,0.9990000128746033,1.0,6.1304,0.13007541000843048,1.0,7.680160045623779,0.9990000128746033,0.5,8192,16384,0.5
2026-03-21T22:11:18,crp_c_sensitivity_20260321_193605,61,3,0.999,11,695270872,27578306,4,0.07040091180562973,0.10143043746948242,0.9673,1.0,6.1577,0.130280450596224,1.0,7.670430700492371,0.9990000128746033,0.9999,6.1595,0.1268751621246338,1.0,7.873881816864014,0.9990000128746033,0.5,8192,16384,0.5
2026-03-21T22:11:43,crp_c_sensitivity_20260321_193605,61,3,0.999,11,695270872,27578306,5,0.05581196814656258,0.09547915072441102,0.971,0.99998,6.19064,0.12791897979614986,1.0,7.811343021100135,0.9990000128746033,0.9999,6.1917,0.12504203617572784,1.0,7.989313125610352,0.9990000128746033,0.5,8192,16384,0.5
2026-03-21T22:12:16,crp_c_sensitivity_20260321_193605,62,3,0.999,12,105912230,130760166,1,0.3147459647512436,0.17437793412208558,0.9489,0.99978,6.21488,0.13466302059647983,1.0,7.421727417070238,0.9990000128746033,0.9998,6.1275,0.13052304089069366,1.0,7.653820991516113,0.9990000128746033,0.5,8192,16384,0.5
2026-03-21T22:12:41,crp_c_sensitivity_20260321_193605,62,3,0.999,12,105912230,130760166,2,0.13857667673587798,0.12458581681251527,0.9619,0.99992,6.16468,0.13484449337815385,1.0,7.412599766041007,0.9990000128746033,1.0,6.1282,0.13028547167778015,1.0,7.6677775382995605,0.9990000128746033,0.5,8192,16384,0.5
2026-03-21T22:13:12,crp_c_sensitivity_20260321_193605,62,3,0.999,12,105912230,130760166,3,0.09508675057411194,0.1047356990814209,0.9667,0.99988,6.18438,0.13252311807764156,1.0,7.542584953405668,0.9990000128746033,0.9999,6.1498,0.12730887532234192,1.0,7.847056865692139,0.9990000128746033,0.5,8192,16384,0.5
2026-03-21T22:13:36,crp_c_sensitivity_20260321_193605,62,3,0.999,12,105912230,130760166,4,0.07316933952093124,0.09839237530231476,0.9692,0.99988,6.24424,0.13129333134197518,1.0,7.611302603846011,0.9990000128746033,0.9999,6.2258,0.1278734803199768,1.0,7.812409400939941,0.9990000128746033,0.5,8192,16384,0.5
2026-03-21T22:14:00,crp_c_sensitivity_20260321_193605,62,3,0.999,12,105912230,130760166,5,0.05669173651218414,0.08711884307861328,0.9712,0.99996,6.28786,0.1289229035529944,1.0,7.750373897650053,0.9990000128746033,1.0,6.2906,0.12642817199230194,1.0,7.901719570159912,0.9990000128746033,0.5,8192,16384,0.5
2026-03-21T22:14:30,crp_c_sensitivity_20260321_193605,63,3,0.999,13,1528315350,955874530,1,0.3048712663078308,0.17407393689155579,0.9522,0.99976,6.25712,0.13529751070625032,1.0,7.387232513378953,0.9990000128746033,0.9998,6.1414,0.1310790777206421,1.0,7.621353626251221,0.9990000128746033,0.5,8192,16384,0.5
2026-03-21T22:14:58,crp_c_sensitivity_20260321_193605,63,3,0.999,13,1528315350,955874530,2,0.12992771908283235,0.1250937341555953,0.963,0.99988,6.16844,0.13256849817302832,1.0,7.541943965970403,0.9990000128746033,1.0,6.1177,0.12648169696331024,1.0,7.89837646484375,0.9990000128746033,0.5,8192,16384,0.5
2026-03-21T22:15:22,crp_c_sensitivity_20260321_193605,63,3,0.999,13,1528315350,955874530,3,0.08974865401029587,0.09843982205241919,0.9714,0.99988,6.17066,0.13121617297687188,1.0,7.615860625606059,0.9990000128746033,1.0,6.1318,0.1281093955039978,1.0,7.798023223876953,0.9990000128746033,0.5,8192,16384,0.5
2026-03-21T22:15:45,crp_c_sensitivity_20260321_193605,63,3,0.999,13,1528315350,955874530,4,0.06508421857714652,0.09389968828856946,0.9721,0.99992,6.16828,0.12717222763449335,1.0,7.858201880589165,0.9990000128746033,0.9999,6.1813,0.12411177158355713,1.0,8.049196243286133,0.9990000128746033,0.5,8192,16384,0.5
2026-03-21T22:16:08,crp_c_sensitivity_20260321_193605,63,3,0.999,13,1528315350,955874530,5,0.05053655331134796,0.09030687109678984,0.9737,0.99998,6.24644,0.12555400821406518,1.0,7.958366556240774,0.9990000128746033,1.0,6.2457,0.12278041988611221,1.0,8.136476516723633,0.9990000128746033,0.5,8192,16384,0.5
2026-03-21T22:16:39,crp_c_sensitivity_20260321_193605,64,3,0.999,14,168712223,833439345,1,0.3156617815876007,0.1637047848701477,0.9516,0.99984,6.22186,0.13385390960956778,1.0,7.470947686363669,0.9990000128746033,0.9997,6.097,0.12753550708293915,1.0,7.833112716674805,0.9990000128746033,0.5,8192,16384,0.5
2026-03-21T22:17:03,crp_c_sensitivity_20260321_193605,64,3,0.999,14,168712223,833439345,2,0.13371538659572602,0.12297087910175324,0.9606,0.99992,6.16176,0.13564458592316073,1.0,7.3672813881388715,0.9990000128746033,0.9998,6.1291,0.13124394416809082,1.0,7.611779689788818,0.9990000128746033,0.5,8192,16384,0.5
2026-03-21T22:17:26,crp_c_sensitivity_20260321_193605,64,3,0.999,14,168712223,833439345,3,0.09395950818061828,0.1142004930973053,0.9662,0.99994,6.17902,0.1330511340171175,1.0,7.510556021004992,0.9990000128746033,0.9998,6.1924,0.13007596135139465,1.0,7.68012809753418,0.9990000128746033,0.5,8192,16384,0.5
2026-03-21T22:17:50,crp_c_sensitivity_20260321_193605,64,3,0.999,14,168712223,833439345,4,0.06971213013172149,0.09879604897499085,0.9685,0.99998,6.24598,0.13002489568174952,1.0,7.684943895510701,0.9990000128746033,0.9999,6.2311,0.12719011306762695,1.0,7.854383945465088,0.9990000128746033,0.5,8192,16384,0.5
2026-03-21T22:18:13,crp_c_sensitivity_20260321_193605,64,3,0.999,14,168712223,833439345,5,0.0546138338804245,0.0934544665336609,0.9703,0.99998,6.3403,0.12803585312860397,1.0,7.803759783430173,0.9990000128746033,0.9999,6.3004,0.12506155669689178,1.0,7.988066673278809,0.9990000128746033,0.5,8192,16384,0.5
2026-03-21T22:18:44,crp_c_sensitivity_20260321_193605,65,3,0.999,15,2135896355,1716006081,1,0.3004923929929733,0.1747407482624054,0.9486,0.99984,6.17794,0.13190399960178853,1.0,7.576463634705605,0.9990000128746033,1.0,6.1111,0.12846198678016663,1.0,7.7766194343566895,0.9990000128746033,0.5,8192,16384,0.5
2026-03-21T22:19:13,crp_c_sensitivity_20260321_193605,65,3,0.999,15,2135896355,1716006081,2,0.1311498211336136,0.1218063101992011,0.9644,0.99998,6.16334,0.13592886673215102,1.0,7.351131798971035,0.9990000128746033,0.9999,6.1226,0.13216575980186462,1.0,7.558690071105957,0.9990000128746033,0.5,8192,16384,0.5
2026-03-21T22:19:38,crp_c_sensitivity_20260321_193605,65,3,0.999,15,2135896355,1716006081,3,0.08926884214162827,0.11176448517143726,0.9658,0.99998,6.18472,0.1323851537521538,1.0,7.548305683428674,0.9990000128746033,1.0,6.1549,0.128829225897789,1.0,7.754451751708984,0.9990000128746033,0.5,8192,16384,0.5
2026-03-21T22:20:02,crp_c_sensitivity_20260321_193605,65,3,0.999,15,2135896355,1716006081,4,0.06807788133859634,0.09581237808056176,0.971,0.99992,6.21936,0.12963780962750124,1.0,7.709171653708534,0.9990000128746033,0.9998,6.1874,0.12462547421455383,1.0,8.01601791381836,0.9990000128746033,0.5,8192,16384,0.5
2026-03-21T22:20:25,crp_c_sensitivity_20260321_193605,65,3,0.999,15,2135896355,1716006081,5,0.05280355682611466,0.09453480367660523,0.9721,0.99998,6.29374,0.12769728796104032,1.0,7.824614185811309,0.9990000128746033,1.0,6.2571,0.12554243206977844,1.0,7.957469463348389,0.9990000128746033,0.5,8192,16384,0.5
2026-03-21T22:20:55,crp_c_sensitivity_20260321_193605,66,3,0.999,16,1976908672,385440740,1,0.29745134366989134,0.1719215793132782,0.9515,0.9998,6.28438,0.1321754630493081,1.0,7.564419922011588,0.9990000128746033,1.0,6.1356,0.12509900331497192,1.0,7.985674858093262,0.9990000128746033,0.5,8192,16384,0.5
2026-03-21T22:21:18,crp_c_sensitivity_20260321_193605,66,3,0.999,16,1976908672,385440740,2,0.1325844880449772,0.12356693906784058,0.965,0.99998,6.19714,0.1334870471750074,1.0,7.48727515896263,0.9990000128746033,0.9998,6.1173,0.12900429964065552,1.0,7.7439284324646,0.9990000128746033,0.5,8192,16384,0.5
2026-03-21T22:21:42,crp_c_sensitivity_20260321_193605,66,3,0.999,16,1976908672,385440740,3,0.0914313298034668,0.10948783740997314,0.9678,0.99996,6.22232,0.1310748541751481,1.0,7.624272451376366,0.9990000128746033,1.0,6.1916,0.12739694118499756,1.0,7.841632843017578,0.9990000128746033,0.5,8192,16384,0.5
2026-03-21T22:22:05,crp_c_sensitivity_20260321_193605,66,3,0.999,16,1976908672,385440740,4,0.06817127371191979,0.09173427622318268,0.9749,0.99994,6.27098,0.128408328727688,1.0,7.781226644735507,0.9990000128746033,1.0,6.3003,0.12582381069660187,1.0,7.93967342376709,0.9990000128746033,0.5,8192,16384,0.5
2026-03-21T22:22:28,crp_c_sensitivity_20260321_193605,66,3,0.999,16,1976908672,385440740,5,0.05300214482545853,0.09789900641441346,0.9712,0.99998,6.3556,0.126181982476693,1.0,7.9182781502413935,0.9990000128746033,0.9999,6.4118,0.12382832169532776,1.0,8.067621231079102,0.9990000128746033,0.5,8192,16384,0.5
2026-03-21T22:23:03,crp_c_sensitivity_20260321_193605,67,3,0.999,17,1693997113,25145259,1,0.30017822858333587,0.16390623960494996,0.9505,0.99992,6.23098,0.1352571875161832,1.0,7.389923290828305,0.9990000128746033,0.9999,6.1331,0.1309814751148224,1.0,7.62703275680542,0.9990000128746033,0.5,8192,16384,0.5
2026-03-21T22:23:25,crp_c_sensitivity_20260321_193605,67,3,0.999,17,1693997113,25145259,2,0.13063060507297516,0.12432847967147827,0.9609,0.99988,6.1739,0.13749626922942793,1.0,7.267624713575748,0.9990000128746033,1.0,6.1439,0.13330768048763275,1.0,7.493941783905029,0.9990000128746033,0.5,8192,16384,0.5
2026-03-21T22:23:51,crp_c_sensitivity_20260321_193605,67,3,0.999,17,1693997113,25145259,3,0.09045779489517213,0.1051947240114212,0.9665,0.99986,6.1902,0.13485086600646337,1.0,7.410047703081994,0.9990000128746033,0.9999,6.1657,0.13163302838802338,1.0,7.589280605316162,0.9990000128746033,0.5,8192,16384,0.5
2026-03-21T22:24:15,crp_c_sensitivity_20260321_193605,67,3,0.999,17,1693997113,25145259,4,0.06870440118312836,0.10305770268440247,0.968,0.99996,6.2231,0.13216519260497958,1.0,7.560547539645143,0.9990000128746033,1.0,6.2125,0.12878070771694183,1.0,7.757373332977295,0.9990000128746033,0.5,8192,16384,0.5
2026-03-21T22:24:36,crp_c_sensitivity_20260321_193605,67,3,0.999,17,1693997113,25145259,5,0.05367906585335731,0.08595207687616348,0.9736,1.0,6.24698,0.1296066575876587,1.0,7.709773186832438,0.9990000128746033,1.0,6.2263,0.12668949365615845,1.0,7.885420799255371,0.9990000128746033,0.5,8192,16384,0.5
2026-03-21T22:25:16,crp_c_sensitivity_20260321_193605,68,3,0.999,18,1658729021,1529727010,1,0.3236842766523361,0.17603693697452547,0.9502,0.99972,6.2472,0.13240801388650295,1.0,7.553437241507918,0.9990000128746033,0.9999,6.1094,0.12599501013755798,1.0,7.928885459899902,0.9990000128746033,0.5,8192,16384,0.5
2026-03-21T22:26:13,crp_c_sensitivity_20260321_193605,68,3,0.999,18,1658729021,1529727010,2,0.13813539426088334,0.13216023731827736,0.9638,0.99994,6.15964,0.13211892186985602,1.0,7.5724407278973125,0.9990000128746033,0.9999,6.1014,0.12423405796289444,1.0,8.04127311706543,0.9990000128746033,0.5,8192,16384,0.5
2026-03-21T22:26:36,crp_c_sensitivity_20260321_193605,68,3,0.999,18,1658729021,1529727010,3,0.09537097415924073,0.11307870935201644,0.9677,0.99988,6.17768,0.13120176671715952,1.0,7.6180470117827515,0.9990000128746033,0.9999,6.1629,0.1264432817697525,1.0,7.900775909423828,0.9990000128746033,0.5,8192,16384,0.5
2026-03-21T22:26:59,crp_c_sensitivity_20260321_193605,68,3,0.999,18,1658729021,1529727010,4,0.07027732305288314,0.10095837659239769,0.9713,0.99996,6.23614,0.12911168179091284,1.0,7.739603271874626,0.9990000128746033,0.9999,6.2442,0.12586674094200134,1.0,7.936965465545654,0.9990000128746033,0.5,8192,16384,0.5
2026-03-21T22:27:33,crp_c_sensitivity_20260321_193605,68,3,0.999,18,1658729021,1529727010,5,0.05579611448764801,0.1045276174083352,0.9699,0.99996,6.31266,0.12692185811450718,1.0,7.873076988912909,0.9990000128746033,0.9999,6.2549,0.1219836100935936,1.0,8.189624786376953,0.9990000128746033,0.5,8192,16384,0.5
2026-03-21T22:28:21,crp_c_sensitivity_20260321_193605,69,3,0.999,19,789742062,462462201,1,0.3096341816806793,0.17024327342510223,0.9484,0.99988,6.29324,0.13365291104749646,1.0,7.482057425067248,0.9990000128746033,0.9999,6.1272,0.1267579048871994,1.0,7.881165504455566,0.9990000128746033,0.5,8192,16384,0.5
2026-03-21T22:28:50,crp_c_sensitivity_20260321_193605,69,3,0.999,19,789742062,462462201,2,0.1381270772433281,0.13131901839077473,0.9614,0.99998,6.18762,0.13503419975642963,1.0,7.402241433672892,0.9990000128746033,1.0,6.1332,0.12869228422641754,1.0,7.7627034187316895,0.9990000128746033,0.5,8192,16384,0.5
2026-03-21T22:29:17,crp_c_sensitivity_20260321_193605,69,3,0.999,19,789742062,462462201,3,0.09639352016448975,0.10694015215933322,0.9689,0.99998,6.17994,0.1333097469090196,1.0,7.4965478867825945,0.9990000128746033,0.9999,6.1679,0.12931907176971436,1.0,7.725078582763672,0.9990000128746033,0.5,8192,16384,0.5
2026-03-21T22:29:40,crp_c_sensitivity_20260321_193605,69,3,0.999,19,789742062,462462201,4,0.07286560624122619,0.09513301993906498,0.9704,0.99994,6.21528,0.13109116435355847,1.0,7.622456570110662,0.9990000128746033,1.0,6.2226,0.1283203661441803,1.0,7.785202503204346,0.9990000128746033,0.5,8192,16384,0.5
2026-03-21T22:30:04,crp_c_sensitivity_20260321_193605,69,3,0.999,19,789742062,462462201,5,0.05708671329855919,0.09083671963661909,0.9723,0.99996,6.27598,0.1288035028349713,1.0,7.756986229011165,0.9990000128746033,1.0,6.2795,0.12644006311893463,1.0,7.90097713470459,0.9990000128746033,0.5,8192,16384,0.5
2026-03-21T22:30:35,crp_c_sensitivity_20260321_193605,70,3,0.999,20,1457510407,1100635585,1,0.2917600531959534,0.18660807662308215,0.9458,0.99984,6.2658,0.13547444964766198,1.0,7.3762644965325475,0.9990000128746033,1.0,6.1557,0.13265374302864075,1.0,7.530884742736816,0.9990000128746033,0.5,8192,16384,0.5
2026-03-21T22:30:58,crp_c_sensitivity_20260321_193605,70,3,0.999,20,1457510407,1100635585,2,0.12736399307250976,0.13445223629772662,0.9605,0.9999,6.1563,0.13580689817438346,1.0,7.358694326542222,0.9990000128746033,1.0,6.1385,0.13202205300331116,1.0,7.566917896270752,0.9990000128746033,0.5,8192,16384,0.5
2026-03-21T22:31:18,crp_c_sensitivity_20260321_193605,70,3,0.999,20,1457510407,1100635585,3,0.08818104536533355,0.12058345427811146,0.9643,0.99994,6.165,0.13249956582055983,1.0,7.542080135296677,0.9990000128746033,1.0,6.1578,0.12984581291675568,1.0,7.6937408447265625,0.9990000128746033,0.5,8192,16384,0.5
2026-03-21T22:31:41,crp_c_sensitivity_20260321_193605,70,3,0.999,20,1457510407,1100635585,4,0.06661016065359116,0.10805478514209389,0.9691,0.99996,6.20422,0.13073999379449489,1.0,7.642612582887225,0.9990000128746033,1.0,6.183,0.12748904526233673,1.0,7.835967540740967,0.9990000128746033,0.5,8192,16384,0.5
2026-03-21T22:32:14,crp_c_sensitivity_20260321_193605,70,3,0.999,20,1457510407,1100635585,5,0.05011147072672844,0.09660277406722308,0.971,0.99996,6.22946,0.1277016966849032,1.0,7.824457603952159,0.9990000128746033,1.0,6.2314,0.12503889203071594,1.0,7.989513874053955,0.9990000128746033,0.5,8192,16384,0.5
2026-03-21T22:33:08,crp_c_sensitivity_20260321_193605,71,3,0.999,21,1634790754,260929789,1,0.2960637923336029,0.18457012701034545,0.9444,0.99988,6.2464,0.1349286972104436,1.0,7.407455787024535,0.9990000128746033,0.9999,6.1248,0.1308697909116745,1.0,7.633542060852051,0.9990000128746033,0.5,8192,16384,0.5
2026-03-21T22:33:37,crp_c_sensitivity_20260321_193605,71,3,0.999,21,1634790754,260929789,2,0.13200392064094543,0.1410213945388794,0.9574,0.99996,6.16528,0.13760083608920007,1.0,7.264061418030878,0.9990000128746033,1.0,6.1367,0.13264575600624084,1.0,7.531338214874268,0.9990000128746033,0.5,8192,16384,0.5
2026-03-21T22:34:12,crp_c_sensitivity_20260321_193605,71,3,0.999,21,1634790754,260929789,3,0.09350144675731659,0.11991701483726501,0.9641,0.99998,6.1609,0.13536126320929173,1.0,7.382033559062597,0.9990000128746033,0.9999,6.1403,0.1313854157924652,1.0,7.603583335876465,0.9990000128746033,0.5,8192,16384,0.5
2026-03-21T22:34:32,crp_c_sensitivity_20260321_193605,71,3,0.999,21,1634790754,260929789,4,0.06992003250956536,0.10319122643470764,0.9682,0.99998,6.18868,0.13284524048075957,1.0,7.521158197651738,0.9990000128746033,0.9999,6.2135,0.1301914006471634,1.0,7.673318386077881,0.9990000128746033,0.5,8192,16384,0.5
2026-03-21T22:34:51,crp_c_sensitivity_20260321_193605,71,3,0.999,21,1634790754,260929789,5,0.0567017615377903,0.10329317235946656,0.9693,0.99996,6.22638,0.12935937674301665,1.0,7.724674190706609,0.9990000128746033,0.9999,6.2108,0.12583006918430328,1.0,7.939278602600098,0.9990000128746033,0.5,8192,16384,0.5
2026-03-21T22:35:20,crp_c_sensitivity_20260321_193605,72,3,0.999,22,1032459140,1335410721,1,0.31536961055755613,0.16474542334079742,0.9519,0.99968,6.31818,0.1369757800913223,1.0,7.29509160829627,0.9990000128746033,0.9996,6.1685,0.1338760405778885,1.0,7.462127208709717,0.9990000128746033,0.5,8192,16384,0.5
2026-03-21T22:35:40,crp_c_sensitivity_20260321_193605,72,3,0.999,22,1032459140,1335410721,2,0.14026926900863648,0.12870623716711999,0.9605,0.9999,6.20398,0.1370718467723378,1.0,7.290436387366956,0.9990000128746033,0.9999,6.1556,0.13370832800865173,1.0,7.471487045288086,0.9990000128746033,0.5,8192,16384,0.5
2026-03-21T22:36:01,crp_c_sensitivity_20260321_193605,72,3,0.999,22,1032459140,1335410721,3,0.09755174845218659,0.09748140007853508,0.971,0.99996,6.1911,0.1341056533710426,1.0,7.452517205796888,0.9990000128746033,0.9999,6.1484,0.12984368205070496,1.0,7.693867206573486,0.9990000128746033,0.5,8192,16384,0.5
2026-03-21T22:36:19,crp_c_sensitivity_20260321_193605,72,3,0.999,22,1032459140,1335410721,4,0.07325697634190322,0.10016875146627426,0.9707,1.0,6.20974,0.13157396372931693,1.0,7.595309456291101,0.9990000128746033,0.9999,6.1856,0.1286502182483673,1.0,7.765241622924805,0.9990000128746033,0.5,8192,16384,0.5
2026-03-21T22:36:37,crp_c_sensitivity_20260321_193605,72,3,0.999,22,1032459140,1335410721,5,0.056844698967933656,0.0883620062828064,0.9731,0.99996,6.26482,0.12934376223160482,1.0,7.725557563859788,0.9990000128746033,0.9999,6.2213,0.1253809630870819,1.0,7.967717170715332,0.9990000128746033,0.5,8192,16384,0.5
2026-03-21T22:37:01,crp_c_sensitivity_20260321_193605,73,3,0.999,23,132124040,29673383,1,0.29704829776763914,0.18063055868148803,0.9473,0.99978,6.31126,0.13673710327624056,1.0,7.309100342528595,0.9990000128746033,1.0,6.174,0.13242733478546143,1.0,7.543759822845459,0.9990000128746033,0.5,8192,16384,0.5
2026-03-21T22:37:19,crp_c_sensitivity_20260321_193605,73,3,0.999,23,132124040,29673383,2,0.13030512046813963,0.13429183099269867,0.9615,0.9999,6.20434,0.13692624409637794,1.0,7.298916611829987,0.9990000128746033,0.9999,6.1641,0.1319332867860794,1.0,7.572009086608887,0.9990000128746033,0.5,8192,16384,0.5
2026-03-21T22:37:37,crp_c_sensitivity_20260321_193605,73,3,0.999,23,132124040,29673383,3,0.09065347596168519,0.12173521279096604,0.9641,0.99996,6.20832,0.1330817992729909,1.0,7.512848078442351,0.9990000128746033,0.9999,6.1956,0.1278439313173294,1.0,7.814215660095215,0.9990000128746033,0.5,8192,16384,0.5
2026-03-21T22:37:55,crp_c_sensitivity_20260321_193605,73,3,0.999,23,132124040,29673383,4,0.06861755107998847,0.11430283970534802,0.9665,0.99996,6.2931,0.13237623626466297,1.0,7.548418307243406,0.9990000128746033,1.0,6.3273,0.1293281465768814,1.0,7.724536895751953,0.9990000128746033,0.5,8192,16384,0.5
2026-03-21T22:38:13,crp_c_sensitivity_20260321_193605,73,3,0.999,23,132124040,29673383,5,0.05326154748678207,0.10216274356842041,0.9706,0.99992,6.38464,0.12938291554713188,1.0,7.723217219038083,0.9990000128746033,1.0,6.3946,0.12630972266197205,1.0,7.909130096435547,0.9990000128746033,0.5,8192,16384,0.5
2026-03-21T22:38:37,crp_c_sensitivity_20260321_193605,74,3,0.999,24,1344547985,1056112662,1,0.2984090014076233,0.17063299641609192,0.9496,0.99974,6.28222,0.13537379996398527,1.0,7.3841901166969555,0.9990000128746033,1.0,6.1372,0.13063421845436096,1.0,7.6473069190979,0.9990000128746033,0.5,8192,16384,0.5
2026-03-21T22:38:55,crp_c_sensitivity_20260321_193605,74,3,0.999,24,1344547985,1056112662,2,0.13045937354564666,0.12677587748765945,0.9631,0.99994,6.1957,0.1359044468921164,1.0,7.353935978296772,0.9990000128746033,0.9999,6.129,0.12960785627365112,1.0,7.707866191864014,0.9990000128746033,0.5,8192,16384,0.5
2026-03-21T22:39:12,crp_c_sensitivity_20260321_193605,74,3,0.999,24,1344547985,1056112662,3,0.08930445541620255,0.10543033378720283,0.9696,0.99998,6.18836,0.13325830520418905,1.0,7.498468729541125,0.9990000128746033,0.9999,6.1893,0.1304808109998703,1.0,7.656298637390137,0.9990000128746033,0.5,8192,16384,0.5
2026-03-21T22:39:30,crp_c_sensitivity_20260321_193605,74,3,0.999,24,1344547985,1056112662,4,0.0676780022406578,0.10284938187897205,0.9683,0.99994,6.22756,0.13079080328612072,1.0,7.640436172485352,0.9990000128746033,1.0,6.2238,0.12682828307151794,1.0,7.8767924308776855,0.9990000128746033,0.5,8192,16384,0.5
2026-03-21T22:39:47,crp_c_sensitivity_20260321_193605,74,3,0.999,24,1344547985,1056112662,5,0.053162388139367106,0.0933528819680214,0.9718,0.99998,6.26628,0.1283965702633114,1.0,7.782500888990319,0.9990000128746033,1.0,6.2843,0.12586916983127594,1.0,7.936812400817871,0.9990000128746033,0.5,8192,16384,0.5
2026-03-21T22:40:10,crp_c_sensitivity_20260321_193605,75,3,0.999,25,699566051,1657831350,1,0.2964346521902084,0.17419391205310822,0.9496,0.9998,6.25394,0.13835274975013245,1.0,7.221825974066849,0.9990000128746033,0.9998,6.1864,0.13572540879249573,1.0,7.360449314117432,0.9990000128746033,0.5,8192,16384,0.5
2026-03-21T22:40:29,crp_c_sensitivity_20260321_193605,75,3,0.999,25,699566051,1657831350,2,0.13172066609144212,0.12220524507761002,0.9618,0.99992,6.20836,0.13809633960047035,1.0,7.237738417847382,0.9990000128746033,1.0,6.1513,0.13279777765274048,1.0,7.522716045379639,0.9990000128746033,0.5,8192,16384,0.5
2026-03-21T22:40:48,crp_c_sensitivity_20260321_193605,75,3,0.999,25,699566051,1657831350,3,0.08982122103452682,0.11084948654174805,0.9671,0.99996,6.22346,0.13487075078670327,1.0,7.410485288371211,0.9990000128746033,0.9999,6.2156,0.13143013417720795,1.0,7.600996971130371,0.9990000128746033,0.5,8192,16384,0.5
2026-03-21T22:41:05,crp_c_sensitivity_20260321_193605,75,3,0.999,25,699566051,1657831350,4,0.06804688273191452,0.10343689439296723,0.9673,0.99996,6.28052,0.13289223039699027,1.0,7.519925476035194,0.9990000128746033,1.0,6.2669,0.13014908134937286,1.0,7.6758131980896,0.9990000128746033,0.5,8192,16384,0.5
2026-03-21T22:41:23,crp_c_sensitivity_20260321_193605,75,3,0.999,25,699566051,1657831350,5,0.05528392431795597,0.09725649000406265,0.9711,0.99998,6.33816,0.13035801578970516,1.0,7.665140617838906,0.9990000128746033,1.0,6.3251,0.12662085890769958,1.0,7.889695167541504,0.9990000128746033,0.5,8192,16384,0.5
2026-03-21T22:41:48,crp_c_sensitivity_20260321_193605,76,4,0.9999,1,1310156299,2074602742,1,0.30853271505355834,0.17560687081515788,0.946,0.99824,7.30902,0.13369207347140594,1.0,7.484916237004272,0.9998999834060669,0.9998,7.1026,0.12760984897613525,1.0,7.835601806640625,0.9998999834060669,0.5,8192,16384,0.5
2026-03-21T22:42:07,crp_c_sensitivity_20260321_193605,76,4,0.9999,1,1310156299,2074602742,2,0.13575725466251373,0.13147825809121133,0.9593,0.99914,7.16136,0.1346553808359234,1.0,7.429214659249387,0.9998999834060669,0.9991,7.1221,0.13021661341190338,1.0,7.678743362426758,0.9998999834060669,0.5,8192,16384,0.5
2026-03-21T22:42:26,crp_c_sensitivity_20260321_193605,76,4,0.9999,1,1310156299,2074602742,3,0.09308515897393227,0.11181064792275429,0.966,0.99954,7.15778,0.1336199241068662,1.0,7.485123498970285,0.9998999834060669,0.9996,7.1279,0.12994912266731262,1.0,7.694550037384033,0.9998999834060669,0.5,8192,16384,0.5
2026-03-21T22:42:45,crp_c_sensitivity_20260321_193605,76,4,0.9999,1,1310156299,2074602742,4,0.0693723060965538,0.09763582801073789,0.9712,0.99968,7.17968,0.13102789272737625,1.0,7.633158632556496,0.9998999834060669,1.0,7.1755,0.12754066288471222,1.0,7.839852333068848,0.9998999834060669,0.5,8192,16384,0.5
2026-03-21T22:43:04,crp_c_sensitivity_20260321_193605,76,4,0.9999,1,1310156299,2074602742,5,0.05268861561894417,0.09156967065110802,0.973,0.99982,7.23718,0.12828006654444252,1.0,7.796427909675462,0.9998999834060669,1.0,7.2546,0.12512850761413574,1.0,7.990984916687012,0.9998999834060669,0.5,8192,16384,0.5
2026-03-21T22:43:29,crp_c_sensitivity_20260321_193605,77,4,0.9999,2,903722234,1981277365,1,0.2888728425812721,0.15991261315345764,0.9528,0.99794,7.3249,0.13268399131877343,1.0,7.539380727216716,0.9998999834060669,0.9991,7.1568,0.12873046100139618,1.0,7.767392635345459,0.9998999834060669,0.5,8192,16384,0.5
2026-03-21T22:43:48,crp_c_sensitivity_20260321_193605,77,4,0.9999,2,903722234,1981277365,2,0.126367166454792,0.13066167104244233,0.9588,0.99926,7.20016,0.1350080437215088,1.0,7.409238039685027,0.9998999834060669,0.999,7.1508,0.12996433675289154,1.0,7.693648815155029,0.9998999834060669,0.5,8192,16384,0.5
2026-03-21T22:44:07,crp_c_sensitivity_20260321_193605,77,4,0.9999,2,903722234,1981277365,3,0.08827629673361778,0.10948855965137481,0.967,0.9996,7.19918,0.1326136428986669,1.0,7.542411954201701,0.9998999834060669,0.9992,7.1616,0.1280393898487091,1.0,7.809315204620361,0.9998999834060669,0.5,8192,16384,0.5
2026-03-21T22:44:25,crp_c_sensitivity_20260321_193605,77,4,0.9999,2,903722234,1981277365,4,0.06585509419202805,0.10253310759067535,0.9667,0.99974,7.2291,0.1301679338335686,1.0,7.683363843756869,0.9998999834060669,0.9998,7.2313,0.12659987807273865,1.0,7.898111820220947,0.9998999834060669,0.5,8192,16384,0.5
2026-03-21T22:44:43,crp_c_sensitivity_20260321_193605,77,4,0.9999,2,903722234,1981277365,5,0.050599839435815815,0.10449989111423492,0.9668,0.99972,7.29206,0.12721524218006816,1.0,7.862466485299113,0.9998999834060669,0.9997,7.3008,0.12290658801794052,1.0,8.135446548461914,0.9998999834060669,0.5,8192,16384,0.5
2026-03-21T22:45:08,crp_c_sensitivity_20260321_193605,78,4,0.9999,3,2045544286,1180707512,1,0.29686954644203184,0.1803742316439748,0.9458,0.99878,7.2401,0.13718050558243872,1.0,7.292216283890903,0.9998999834060669,0.999,7.1138,0.13153015077114105,1.0,7.6020588874816895,0.9998999834060669,0.5,8192,16384,0.5
2026-03-21T22:45:29,crp_c_sensitivity_20260321_193605,78,4,0.9999,3,2045544286,1180707512,2,0.12855815209150315,0.13252747329846024,0.9615,0.99926,7.15314,0.13632383302349568,1.0,7.340258258078104,0.9998999834060669,0.9998,7.0761,0.13023053109645844,1.0,7.67792272567749,0.9998999834060669,0.5,8192,16384,0.5
2026-03-21T22:45:47,crp_c_sensitivity_20260321_193605,78,4,0.9999,3,2045544286,1180707512,3,0.08870077932596207,0.11545107559561729,0.9659,0.99954,7.18628,0.13535570191300433,1.0,7.389393574746369,0.9998999834060669,0.9997,7.1543,0.13123823702335358,1.0,7.618968486785889,0.9998999834060669,0.5,8192,16384,0.5
2026-03-21T22:46:05,crp_c_sensitivity_20260321_193605,78,4,0.9999,3,2045544286,1180707512,4,0.06494532304644585,0.10643948070704937,0.9684,0.99974,7.27832,0.13304347569680275,1.0,7.517357855501687,0.9998999834060669,0.9994,7.3061,0.1300528645515442,1.0,7.688412189483643,0.9998999834060669,0.5,8192,16384,0.5
2026-03-21T22:46:23,crp_c_sensitivity_20260321_193605,78,4,0.9999,3,2045544286,1180707512,5,0.04945406507134437,0.10331907453127205,0.9706,0.99982,7.35962,0.13033655663128094,1.0,7.673856527908988,0.9998999834060669,0.9997,7.3752,0.1278645247220993,1.0,7.819994926452637,0.9998999834060669,0.5,8192,16384,0.5
2026-03-21T22:46:50,crp_c_sensitivity_20260321_193605,79,4,0.9999,4,432921151,782300562,1,0.2993969912815094,0.16645003714561463,0.9502,0.9979,7.31836,0.1352285237797081,1.0,7.3982666752222555,0.9998999834060669,0.9986,7.1433,0.13078175485134125,1.0,7.645561695098877,0.9998999834060669,0.5,8192,16384,0.5
2026-03-21T22:47:09,crp_c_sensitivity_20260321_193605,79,4,0.9999,4,432921151,782300562,2,0.13156234733581543,0.12133202333450317,0.9649,0.9988,7.2124,0.1368989626617383,1.0,7.30612553233076,0.9998999834060669,0.9989,7.1529,0.1328635811805725,1.0,7.525764465332031,0.9998999834060669,0.5,8192,16384,0.5
2026-03-21T22:47:27,crp_c_sensitivity_20260321_193605,79,4,0.9999,4,432921151,782300562,3,0.09223009322762489,0.09817326960563659,0.97,0.99936,7.1888,0.13379913545630473,1.0,7.4780754055208565,0.9998999834060669,0.9994,7.1279,0.12714920938014984,1.0,7.863989353179932,0.9998999834060669,0.5,8192,16384,0.5
2026-03-21T22:47:46,crp_c_sensitivity_20260321_193605,79,4,0.9999,4,432921151,782300562,4,0.07070281492948532,0.08868001940250397,0.9726,0.99946,7.21806,0.13178399704453891,1.0,7.589699626883583,0.9998999834060669,0.9997,7.2019,0.12874716520309448,1.0,7.766384601593018,0.9998999834060669,0.5,8192,16384,0.5
2026-03-21T22:48:04,crp_c_sensitivity_20260321_193605,79,4,0.9999,4,432921151,782300562,5,0.052817504858374595,0.08183601925373077,0.9736,0.99958,7.27998,0.12972064880306458,1.0,7.709560104038404,0.9998999834060669,0.9992,7.315,0.12658926844596863,1.0,7.898773670196533,0.9998999834060669,0.5,8192,16384,0.5
2026-03-21T22:48:29,crp_c_sensitivity_20260321_193605,80,4,0.9999,5,1651106470,1423451978,1,0.30338264173984525,0.192333591401577,0.9448,0.99862,7.31704,0.13468567348654617,1.0,7.427920292710405,0.9998999834060669,0.9993,7.1484,0.12974868714809418,1.0,7.706436634063721,0.9998999834060669,0.5,8192,16384,0.5
2026-03-21T22:48:48,crp_c_sensitivity_20260321_193605,80,4,0.9999,5,1651106470,1423451978,2,0.13488071600675583,0.13480751556158066,0.9597,0.99938,7.22406,0.13476031911952416,1.0,7.424539106276334,0.9998999834060669,0.9992,7.1645,0.1293303221464157,1.0,7.731365203857422,0.9998999834060669,0.5,8192,16384,0.5
2026-03-21T22:49:06,crp_c_sensitivity_20260321_193605,80,4,0.9999,5,1651106470,1423451978,3,0.09409942737698555,0.10759010902047157,0.9677,0.99956,7.23588,0.1334044033532862,1.0,7.497401342367577,0.9998999834060669,0.9995,7.203,0.1294282227754593,1.0,7.725517272949219,0.9998999834060669,0.5,8192,16384,0.5
2026-03-21T22:49:26,crp_c_sensitivity_20260321_193605,80,4,0.9999,5,1651106470,1423451978,4,0.07153878821253777,0.10190546464920044,0.97,0.99966,7.25764,0.13074044692699258,1.0,7.650700695984199,0.9998999834060669,0.9997,7.2686,0.12763634324073792,1.0,7.833975315093994,0.9998999834060669,0.5,8192,16384,0.5
2026-03-21T22:49:44,crp_c_sensitivity_20260321_193605,80,4,0.9999,5,1651106470,1423451978,5,0.056740945006608964,0.09656181139796972,0.9714,0.99964,7.31512,0.1290617796694836,1.0,7.7493178277369354,0.9998999834060669,0.9999,7.2759,0.12624847888946533,1.0,7.920095443725586,0.9998999834060669,0.5,8192,16384,0.5
2026-03-21T22:50:12,crp_c_sensitivity_20260321_193605,81,4,0.9999,6,1500150165,256370106,1,0.30903374194860456,0.1766553908586502,0.9496,0.9986,7.29058,0.1363136812168009,1.0,7.340748952782673,0.9998999834060669,0.999,7.1023,0.1289760172367096,1.0,7.752604007720947,0.9998999834060669,0.5,8192,16384,0.5
2026-03-21T22:50:42,crp_c_sensitivity_20260321_193605,81,4,0.9999,6,1500150165,256370106,2,0.13571617619514464,0.1281690744280815,0.9625,0.99944,7.15642,0.13454510824149832,1.0,7.440902037998599,0.9998999834060669,0.9997,7.0879,0.12865592539310455,1.0,7.771892547607422,0.9998999834060669,0.5,8192,16384,0.5
2026-03-21T22:51:22,crp_c_sensitivity_20260321_193605,81,4,0.9999,6,1500150165,256370106,3,0.09427645311713219,0.10874413006305694,0.9675,0.99964,7.18236,0.13436781125300376,1.0,7.444597394265178,0.9998999834060669,0.9995,7.1548,0.13059131801128387,1.0,7.656711101531982,0.9998999834060669,0.5,8192,16384,0.5
2026-03-21T22:51:59,crp_c_sensitivity_20260321_193605,81,4,0.9999,6,1500150165,256370106,4,0.06972006756544114,0.0989181009054184,0.9701,0.99956,7.23994,0.13188596245120554,1.0,7.5838875014458775,0.9998999834060669,0.9999,7.1992,0.12969760596752167,1.0,7.709471702575684,0.9998999834060669,0.5,8192,16384,0.5
2026-03-21T22:52:40,crp_c_sensitivity_20260321_193605,81,4,0.9999,6,1500150165,256370106,5,0.05551448273539543,0.08777747726142407,0.9716,0.99974,7.28374,0.1294080277766718,1.0,7.72894226986429,0.9998999834060669,0.9998,7.2865,0.12563934922218323,1.0,7.958493709564209,0.9998999834060669,0.5,8192,16384,0.5
2026-03-21T22:53:36,crp_c_sensitivity_20260321_193605,82,4,0.9999,7,1195209943,321391292,1,0.30020660782814024,0.1702009523868561,0.9502,0.99848,7.33726,0.13735081072506086,1.0,7.284078766317928,0.9998999834060669,0.9987,7.1667,0.1314816176891327,1.0,7.604865550994873,0.9998999834060669,0.5,8192,16384,0.5
2026-03-21T22:54:23,crp_c_sensitivity_20260321_193605,82,4,0.9999,7,1195209943,321391292,2,0.13108806881427765,0.12154727454185486,0.9644,0.99914,7.22206,0.13583250130381425,1.0,7.3653615612508085,0.9998999834060669,0.9995,7.1379,0.13157673180103302,1.0,7.599368095397949,0.9998999834060669,0.5,8192,16384,0.5
2026-03-21T22:55:11,crp_c_sensitivity_20260321_193605,82,4,0.9999,7,1195209943,321391292,3,0.08980591790437699,0.10854435639381409,0.9682,0.99936,7.22308,0.13360728689319337,1.0,7.488484497265437,0.9998999834060669,0.9993,7.2039,0.12833234667778015,1.0,7.791488170623779,0.9998999834060669,0.5,8192,16384,0.5
2026-03-21T22:55:59,crp_c_sensitivity_20260321_193605,82,4,0.9999,7,1195209943,321391292,4,0.06729092290341854,0.08683548285961151,0.9727,0.99976,7.27736,0.13195535643478792,1.0,7.579054626357525,0.9998999834060669,0.9997,7.2297,0.12916631996631622,1.0,7.741182327270508,0.9998999834060669,0.5,8192,16384,0.5
2026-03-21T22:56:46,crp_c_sensitivity_20260321_193605,82,4,0.9999,7,1195209943,321391292,5,0.05280694751381874,0.09416381359100341,0.9709,0.99954,7.33456,0.12965426035701771,1.0,7.713363570630398,0.9998999834060669,0.9997,7.2842,0.12633171677589417,1.0,7.914876937866211,0.9998999834060669,0.5,8192,16384,0.5
2026-03-21T22:57:49,crp_c_sensitivity_20260321_193605,83,4,0.9999,8,171898072,1062774722,1,0.30410287794589996,0.17470084535479546,0.9479,0.99864,7.29752,0.13503302900535066,1.0,7.408393690348281,0.9998999834060669,0.9988,7.174,0.1297781765460968,1.0,7.704685211181641,0.9998999834060669,0.5,8192,16384,0.5
2026-03-21T22:58:34,crp_c_sensitivity_20260321_193605,83,4,0.9999,8,171898072,1062774722,2,0.13447929827451707,0.1330355674803257,0.96,0.99946,7.1889,0.13441681960964447,1.0,7.443025870701236,0.9998999834060669,0.9993,7.1576,0.13061308860778809,1.0,7.655434608459473,0.9998999834060669,0.5,8192,16384,0.5
2026-03-21T22:59:20,crp_c_sensitivity_20260321_193605,83,4,0.9999,8,171898072,1062774722,3,0.09167256981611252,0.12454405134916305,0.9624,0.99952,7.21548,0.13271969434855235,1.0,7.536500723465629,0.9998999834060669,0.9997,7.1887,0.12846092879772186,1.0,7.783689498901367,0.9998999834060669,0.5,8192,16384,0.5
2026-03-21T23:00:06,crp_c_sensitivity_20260321_193605,83,4,0.9999,8,171898072,1062774722,4,0.07022036657094956,0.10523105880916118,0.9671,0.99974,7.25344,0.13008469339374387,1.0,7.688430644667057,0.9998999834060669,0.9996,7.2803,0.12692444026470184,1.0,7.877915382385254,0.9998999834060669,0.5,8192,16384,0.5
2026-03-21T23:00:51,crp_c_sensitivity_20260321_193605,83,4,0.9999,8,171898072,1062774722,5,0.05259825069189072,0.09380544183179736,0.9718,0.99986,7.34312,0.12783749416813522,1.0,7.823093652115453,0.9998999834060669,0.9994,7.3386,0.1245366707444191,1.0,8.028960227966309,0.9998999834060669,0.5,8192,16384,0.5
2026-03-21T23:01:54,crp_c_sensitivity_20260321_193605,84,4,0.9999,9,354231091,1916639765,1,0.29719529597282407,0.1638333369731903,0.9534,0.99814,7.35762,0.13558922326930647,1.0,7.378408960064354,0.9998999834060669,0.9993,7.1474,0.1294596642255783,1.0,7.723641395568848,0.9998999834060669,0.5,8192,16384,0.5
2026-03-21T23:02:45,crp_c_sensitivity_20260321_193605,84,4,0.9999,9,354231091,1916639765,2,0.13172627245426177,0.12650817427635194,0.9627,0.9991,7.28224,0.13557424546812502,1.0,7.378780300355019,0.9998999834060669,0.999,7.2315,0.130296528339386,1.0,7.6740336418151855,0.9998999834060669,0.5,8192,16384,0.5
2026-03-21T23:03:39,crp_c_sensitivity_20260321_193605,84,4,0.9999,9,354231091,1916639765,3,0.09200512038946151,0.11010442180633545,0.9672,0.99934,7.40242,0.13410086815466965,1.0,7.458491748556152,0.9998999834060669,0.9992,7.3583,0.12998926639556885,1.0,7.692173480987549,0.9998999834060669,0.5,8192,16384,0.5
2026-03-21T23:04:25,crp_c_sensitivity_20260321_193605,84,4,0.9999,9,354231091,1916639765,4,0.0696601661157608,0.10964765417575836,0.9673,0.9995,7.45994,0.1316155111774459,1.0,7.598506944563687,0.9998999834060669,0.9996,7.3846,0.12895861268043518,1.0,7.753650665283203,0.9998999834060669,0.5,8192,16384,0.5
2026-03-21T23:05:12,crp_c_sensitivity_20260321_193605,84,4,0.9999,9,354231091,1916639765,5,0.05477362483501434,0.09865897018909454,0.9712,0.9996,7.51588,0.12934561344363804,1.0,7.732082313283935,0.9998999834060669,0.9995,7.5294,0.1253453940153122,1.0,7.977158069610596,0.9998999834060669,0.5,8192,16384,0.5
2026-03-21T23:06:12,crp_c_sensitivity_20260321_193605,85,4,0.9999,10,2077222224,720600365,1,0.29709320753097535,0.1637929594039917,0.9497,0.99804,7.36784,0.13653385925018574,1.0,7.326306285760592,0.9998999834060669,0.9982,7.1979,0.13182127475738525,1.0,7.585270404815674,0.9998999834060669,0.5,8192,16384,0.5
2026-03-21T23:07:02,crp_c_sensitivity_20260321_193605,85,4,0.9999,10,2077222224,720600365,2,0.13082467337608336,0.12216307878494263,0.9619,0.99922,7.19638,0.13556556887638843,1.0,7.379180336242442,0.9998999834060669,0.9993,7.154,0.13148200511932373,1.0,7.604842662811279,0.9998999834060669,0.5,8192,16384,0.5
2026-03-21T23:07:50,crp_c_sensitivity_20260321_193605,85,4,0.9999,10,2077222224,720600365,3,0.09098638879179954,0.08707879371643067,0.9736,0.99944,7.19754,0.13305416245899543,1.0,7.516789903421231,0.9998999834060669,0.9992,7.1866,0.13084203004837036,1.0,7.642039775848389,0.9998999834060669,0.5,8192,16384,0.5
2026-03-21T23:08:37,crp_c_sensitivity_20260321_193605,85,4,0.9999,10,2077222224,720600365,4,0.06983177682042122,0.09101640560626983,0.9734,0.99944,7.24374,0.13073798137552597,1.0,7.650057513390661,0.9998999834060669,0.9997,7.2209,0.12728533148765564,1.0,7.855578899383545,0.9998999834060669,0.5,8192,16384,0.5
2026-03-21T23:09:30,crp_c_sensitivity_20260321_193605,85,4,0.9999,10,2077222224,720600365,5,0.055581775575876236,0.08144886071681977,0.9744,0.99962,7.31516,0.12856757031072436,1.0,7.7785229499992505,0.9998999834060669,0.9996,7.3541,0.12589438259601593,1.0,7.942371368408203,0.9998999834060669,0.5,8192,16384,0.5
2026-03-21T23:10:36,crp_c_sensitivity_20260321_193605,86,4,0.9999,11,495301068,436480841,1,0.2991975646162033,0.16917611496448517,0.9528,0.9976,7.3084,0.13587960021575088,1.0,7.361832085777731,0.9998999834060669,0.9991,7.1515,0.129708930850029,1.0,7.708798408508301,0.9998999834060669,0.5,8192,16384,0.5
2026-03-21T23:11:21,crp_c_sensitivity_20260321_193605,86,4,0.9999,11,495301068,436480841,2,0.12780903874397279,0.13590629297494888,0.9567,0.99922,7.19468,0.1357628530477319,1.0,7.3676779178707195,0.9998999834060669,0.9991,7.1883,0.13143856823444366,1.0,7.60735559463501,0.9998999834060669,0.5,8192,16384,0.5
2026-03-21T23:12:05,crp_c_sensitivity_20260321_193605,86,4,0.9999,11,495301068,436480841,3,0.0883297727572918,0.10480041249394417,0.9697,0.99932,7.2395,0.13341731149369798,1.0,7.497083840772624,0.9998999834060669,0.9993,7.2836,0.12988273799419403,1.0,7.698482513427734,0.9998999834060669,0.5,8192,16384,0.5
2026-03-21T23:12:46,crp_c_sensitivity_20260321_193605,86,4,0.9999,11,495301068,436480841,4,0.06795010529756546,0.09526571930646896,0.9705,0.9995,7.27808,0.12971016059598656,1.0,7.710966000471578,0.9998999834060669,0.9996,7.2745,0.1273997277021408,1.0,7.848525047302246,0.9998999834060669,0.5,8192,16384,0.5
2026-03-21T23:13:30,crp_c_sensitivity_20260321_193605,86,4,0.9999,11,495301068,436480841,5,0.0535847763723135,0.09159150280952454,0.9704,0.99974,7.3918,0.12858876631692853,1.0,7.777474485090017,0.9998999834060669,0.9998,7.3875,0.12572041153907776,1.0,7.953362464904785,0.9998999834060669,0.5,8192,16384,0.5
2026-03-21T23:14:24,crp_c_sensitivity_20260321_193605,87,4,0.9999,12,351205987,349514706,1,0.3043790290546417,0.17560849578678608,0.9491,0.99854,7.24404,0.13556141575888905,1.0,7.380343994521119,0.9998999834060669,0.9992,7.0962,0.13074319064617157,1.0,7.6478166580200195,0.9998999834060669,0.5,8192,16384,0.5
2026-03-21T23:15:06,crp_c_sensitivity_20260321_193605,87,4,0.9999,12,351205987,349514706,2,0.13049838842868805,0.1247715985968709,0.9622,0.99956,7.15092,0.1361280689992563,1.0,7.348878925108848,0.9998999834060669,0.9995,7.107,0.13139735162258148,1.0,7.609742164611816,0.9998999834060669,0.5,8192,16384,0.5
2026-03-21T23:15:51,crp_c_sensitivity_20260321_193605,87,4,0.9999,12,351205987,349514706,3,0.09124963916301727,0.11013248162865638,0.968,0.99966,7.1646,0.13386991456189118,1.0,7.4717810306402725,0.9998999834060669,0.9997,7.1531,0.13122089207172394,1.0,7.619975566864014,0.9998999834060669,0.5,8192,16384,0.5
2026-03-21T23:16:37,crp_c_sensitivity_20260321_193605,87,4,0.9999,12,351205987,349514706,4,0.06815486934810877,0.10090504695624113,0.9689,0.99972,7.26188,0.13197200030774411,1.0,7.578865057367193,0.9998999834060669,0.9999,7.2634,0.12855835258960724,1.0,7.7777910232543945,0.9998999834060669,0.5,8192,16384,0.5
2026-03-21T23:17:24,crp_c_sensitivity_20260321_193605,87,4,0.9999,12,351205987,349514706,5,0.054027023271918294,0.10132610269784928,0.9719,0.99972,7.34208,0.1296213239126498,1.0,7.715318256631837,0.9998999834060669,0.9993,7.3325,0.12726537883281708,1.0,7.856811046600342,0.9998999834060669,0.5,8192,16384,0.5
2026-03-21T23:18:23,crp_c_sensitivity_20260321_193605,88,4,0.9999,13,619110243,322432942,1,0.29411281836509706,0.17449779543578625,0.948,0.99846,7.24418,0.13381437888688139,1.0,7.480621592772891,0.9998999834060669,0.9991,7.0803,0.12755651772022247,1.0,7.8388776779174805,0.9998999834060669,0.5,8192,16384,0.5
2026-03-21T23:19:10,crp_c_sensitivity_20260321_193605,88,4,0.9999,13,619110243,322432942,2,0.1265323106956482,0.12193052117154002,0.9639,0.99944,7.12588,0.13656898875675544,1.0,7.324479903101616,0.9998999834060669,0.9994,7.0835,0.1325227916240692,1.0,7.545116901397705,0.9998999834060669,0.5,8192,16384,0.5
2026-03-21T23:19:55,crp_c_sensitivity_20260321_193605,88,4,0.9999,13,619110243,322432942,3,0.08844902939081192,0.09822552666664124,0.9698,0.9995,7.13062,0.13573967530142012,1.0,7.367457749593593,0.9998999834060669,0.9999,7.0997,0.13268646597862244,1.0,7.5358099937438965,0.9998999834060669,0.5,8192,16384,0.5
2026-03-21T23:20:36,crp_c_sensitivity_20260321_193605,88,4,0.9999,13,619110243,322432942,4,0.0667088661390543,0.08863305466249585,0.9722,0.99974,7.13758,0.13268590171623718,1.0,7.5375529762424165,0.9998999834060669,0.9998,7.1204,0.12893293797969818,1.0,7.755194187164307,0.9998999834060669,0.5,8192,16384,0.5
2026-03-21T23:21:19,crp_c_sensitivity_20260321_193605,88,4,0.9999,13,619110243,322432942,5,0.050246084126234054,0.09675603952258825,0.9701,0.99974,7.20376,0.13042034166853142,1.0,7.667631067583323,0.9998999834060669,0.9995,7.3116,0.12795515358448029,1.0,7.814456462860107,0.9998999834060669,0.5,8192,16384,0.5
2026-03-21T23:22:15,crp_c_sensitivity_20260321_193605,89,4,0.9999,14,1153457558,194552890,1,0.30345610858440397,0.18166878733634947,0.9461,0.99854,7.23754,0.13551989918017326,1.0,7.382985965065334,0.9998999834060669,0.9991,7.0934,0.12919950485229492,1.0,7.739193439483643,0.9998999834060669,0.5,8192,16384,0.5
2026-03-21T23:22:59,crp_c_sensitivity_20260321_193605,89,4,0.9999,14,1153457558,194552890,2,0.1335040880584717,0.1322970389842987,0.9615,0.99966,7.15574,0.13639653617006434,1.0,7.333388435871095,0.9998999834060669,0.9997,7.1271,0.13304877281188965,1.0,7.515289306640625,0.9998999834060669,0.5,8192,16384,0.5
2026-03-21T23:23:40,crp_c_sensitivity_20260321_193605,89,4,0.9999,14,1153457558,194552890,3,0.09075648730754853,0.1102279112815857,0.9681,0.99972,7.17192,0.13271006175776576,1.0,7.538699318380917,0.9998999834060669,0.9996,7.1732,0.12889258563518524,1.0,7.757621765136719,0.9998999834060669,0.5,8192,16384,0.5
2026-03-21T23:24:25,crp_c_sensitivity_20260321_193605,89,4,0.9999,14,1153457558,194552890,4,0.06872455059051513,0.0959386785030365,0.9709,0.99982,7.23622,0.13126538350911396,1.0,7.61991328656521,0.9998999834060669,1.0,7.2123,0.1279924064874649,1.0,7.812182426452637,0.9998999834060669,0.5,8192,16384,0.5
2026-03-21T23:25:03,crp_c_sensitivity_20260321_193605,89,4,0.9999,14,1153457558,194552890,5,0.05460767349720001,0.10100376574397087,0.9713,0.99984,7.31302,0.12879655668345255,1.0,7.765559769652384,0.9998999834060669,0.9999,7.2656,0.125392347574234,1.0,7.974170684814453,0.9998999834060669,0.5,8192,16384,0.5
2026-03-21T23:25:57,crp_c_sensitivity_20260321_193605,90,4,0.9999,15,1115861148,1494047943,1,0.3066223694896698,0.1821057816028595,0.9466,0.99846,7.27136,0.13543303284193853,1.0,7.386748762691722,0.9998999834060669,0.9991,7.1126,0.12961280345916748,1.0,7.714515209197998,0.9998999834060669,0.5,8192,16384,0.5
2026-03-21T23:26:40,crp_c_sensitivity_20260321_193605,90,4,0.9999,15,1115861148,1494047943,2,0.13414165304660797,0.13708089380264282,0.9601,0.99932,7.16712,0.1370351926978592,1.0,7.2988313482240645,0.9998999834060669,0.9994,7.1401,0.13281285762786865,1.0,7.52863883972168,0.9998999834060669,0.5,8192,16384,0.5
2026-03-21T23:27:22,crp_c_sensitivity_20260321_193605,90,4,0.9999,15,1115861148,1494047943,3,0.09461658774614334,0.12044729053974151,0.9651,0.99954,7.14524,0.13500645097411806,1.0,7.408257595413481,0.9998999834060669,0.9996,7.1396,0.13107138872146606,1.0,7.62866735458374,0.9998999834060669,0.5,8192,16384,0.5
2026-03-21T23:28:04,crp_c_sensitivity_20260321_193605,90,4,0.9999,15,1115861148,1494047943,4,0.07064447522640228,0.10738209323883056,0.9678,0.99974,7.1858,0.1328347749493616,1.0,7.528826867223091,0.9998999834060669,0.9998,7.2195,0.1300368309020996,1.0,7.689359664916992,0.9998999834060669,0.5,8192,16384,0.5
2026-03-21T23:28:44,crp_c_sensitivity_20260321_193605,90,4,0.9999,15,1115861148,1494047943,5,0.05559476868391037,0.09937627292871475,0.9708,0.99974,7.2681,0.1296196695788742,1.0,7.715791888858961,0.9998999834060669,0.9999,7.2439,0.12634050846099854,1.0,7.914325714111328,0.9998999834060669,0.5,8192,16384,0.5
2026-03-21T23:29:48,crp_c_sensitivity_20260321_193605,91,4,0.9999,16,7155008,314695624,1,0.3056666780090332,0.16233305748701096,0.949,0.99822,7.2938,0.13577214965734946,1.0,7.368766495638796,0.9998999834060669,0.9987,7.132,0.13071808218955994,1.0,7.649286270141602,0.9998999834060669,0.5,8192,16384,0.5
2026-03-21T23:30:47,crp_c_sensitivity_20260321_193605,91,4,0.9999,16,7155008,314695624,2,0.1293935591006279,0.12044292049407959,0.9632,0.99908,7.18536,0.1352148119674619,1.0,7.398745035576393,0.9998999834060669,0.9992,7.1505,0.13048112392425537,1.0,7.663177013397217,0.9998999834060669,0.5,8192,16384,0.5
2026-03-21T23:31:30,crp_c_sensitivity_20260321_193605,91,4,0.9999,16,7155008,314695624,3,0.09109827910900116,0.10571876470446587,0.9673,0.99948,7.1864,0.13184431313401293,1.0,7.586703245597118,0.9998999834060669,0.9991,7.1913,0.12940385937690735,1.0,7.726971626281738,0.9998999834060669,0.5,8192,16384,0.5
2026-03-21T23:32:14,crp_c_sensitivity_20260321_193605,91,4,0.9999,16,7155008,314695624,4,0.06880847980439662,0.09120865975618363,0.9725,0.99962,7.2517,0.13108445745904732,1.0,7.629644543923381,0.9998999834060669,0.9999,7.2458,0.12800033390522003,1.0,7.8116984367370605,0.9998999834060669,0.5,8192,16384,0.5
2026-03-21T23:32:54,crp_c_sensitivity_20260321_193605,91,4,0.9999,16,7155008,314695624,5,0.05410109781384468,0.08826466639339924,0.9728,0.99976,7.28974,0.12848606511302615,1.0,7.783540630584483,0.9998999834060669,0.9995,7.2877,0.12600167095661163,1.0,7.935609340667725,0.9998999834060669,0.5,8192,16384,0.5
2026-03-21T23:33:49,crp_c_sensitivity_20260321_193605,92,4,0.9999,17,6839650,1412366309,1,0.2917027319002152,0.15904163254499434,0.953,0.99846,7.25146,0.13546957083217934,1.0,7.385178131825479,0.9998999834060669,0.9987,7.1304,0.13178016245365143,1.0,7.587636470794678,0.9998999834060669,0.5,8192,16384,0.5
2026-03-21T23:34:31,crp_c_sensitivity_20260321_193605,92,4,0.9999,17,6839650,1412366309,2,0.1296410882472992,0.11668109858632088,0.9669,0.99924,7.1748,0.137236772595769,1.0,7.289224520973537,0.9998999834060669,0.9993,7.1334,0.13231872022151947,1.0,7.556754112243652,0.9998999834060669,0.5,8192,16384,0.5
2026-03-21T23:35:13,crp_c_sensitivity_20260321_193605,92,4,0.9999,17,6839650,1412366309,3,0.09037715321540833,0.10208063970506191,0.9711,0.99956,7.1908,0.1348210776705876,1.0,7.419302445238508,0.9998999834060669,0.9994,7.189,0.12990237772464752,1.0,7.6973185539245605,0.9998999834060669,0.5,8192,16384,0.5
2026-03-21T23:35:54,crp_c_sensitivity_20260321_193605,92,4,0.9999,17,6839650,1412366309,4,0.06686119362354279,0.10710403668284416,0.9687,0.99954,7.26162,0.13204406983102374,1.0,7.5750763776052334,0.9998999834060669,0.9993,7.3145,0.12845276296138763,1.0,7.784184455871582,0.9998999834060669,0.5,8192,16384,0.5
2026-03-21T23:36:34,crp_c_sensitivity_20260321_193605,92,4,0.9999,17,6839650,1412366309,5,0.05194017562150955,0.09404292086493224,0.9714,0.99956,7.39458,0.12962424267283487,1.0,7.715654612197291,0.9998999834060669,0.9994,7.4083,0.1266878992319107,1.0,7.8926239013671875,0.9998999834060669,0.5,8192,16384,0.5
2026-03-21T23:37:25,crp_c_sensitivity_20260321_193605,93,4,0.9999,18,1065294669,1902539709,1,0.2966191396474838,0.16772828404307366,0.9507,0.99872,7.2676,0.13818747975179912,1.0,7.237782560041189,0.9998999834060669,0.9997,7.1207,0.13445839285850525,1.0,7.4365010261535645,0.9998999834060669,0.5,8192,16384,0.5
2026-03-21T23:38:03,crp_c_sensitivity_20260321_193605,93,4,0.9999,18,1065294669,1902539709,2,0.13348687582015992,0.12574416723251342,0.9626,0.99954,7.14468,0.13732825112922112,1.0,7.284168545852232,0.9998999834060669,0.9997,7.0708,0.13108165562152863,1.0,7.628069877624512,0.9998999834060669,0.5,8192,16384,0.5
2026-03-21T23:38:40,crp_c_sensitivity_20260321_193605,93,4,0.9999,18,1065294669,1902539709,3,0.09340245121002197,0.10378267045766115,0.9704,0.99972,7.13276,0.1347316861762415,1.0,7.424498495848282,0.9998999834060669,0.9997,7.1156,0.1293860226869583,1.0,7.728036880493164,0.9998999834060669,0.5,8192,16384,0.5
2026-03-21T23:39:17,crp_c_sensitivity_20260321_193605,93,4,0.9999,18,1065294669,1902539709,4,0.07026598564386367,0.08850016948878765,0.9737,0.99976,7.19092,0.1328810376431936,1.0,7.526478417389228,0.9998999834060669,0.9997,7.1918,0.1291736364364624,1.0,7.740743160247803,0.9998999834060669,0.5,8192,16384,0.5
2026-03-21T23:39:57,crp_c_sensitivity_20260321_193605,93,4,0.9999,18,1065294669,1902539709,5,0.053467495467066764,0.0863630877867341,0.9749,0.99968,7.25506,0.1297979158589907,1.0,7.705408659737433,0.9998999834060669,0.9998,7.2354,0.12661732733249664,1.0,7.8970232009887695,0.9998999834060669,0.5,8192,16384,0.5
2026-03-21T23:40:49,crp_c_sensitivity_20260321_193605,94,4,0.9999,19,396971993,1793714033,1,0.3061498180103302,0.18049628292620182,0.9455,0.99816,7.33496,0.13695210408981498,1.0,7.303059154764161,0.9998999834060669,0.9991,7.1631,0.13392992317676544,1.0,7.46584415435791,0.9998999834060669,0.5,8192,16384,0.5
2026-03-21T23:41:28,crp_c_sensitivity_20260321_193605,94,4,0.9999,19,396971993,1793714033,2,0.1350065797662735,0.1282221133928746,0.9624,0.99926,7.16972,0.1366429715738882,1.0,7.320123966392654,0.9998999834060669,0.9997,7.142,0.1332123726606369,1.0,7.506059646606445,0.9998999834060669,0.5,8192,16384,0.5
2026-03-21T23:42:07,crp_c_sensitivity_20260321_193605,94,4,0.9999,19,396971993,1793714033,3,0.0917884705066681,0.11275975299235433,0.9664,0.99952,7.18822,0.13564107687119634,1.0,7.373153025536891,0.9998999834060669,0.9994,7.1928,0.1323256641626358,1.0,7.556356906890869,0.9998999834060669,0.5,8192,16384,0.5
2026-03-21T23:42:46,crp_c_sensitivity_20260321_193605,94,4,0.9999,19,396971993,1793714033,4,0.07118728684782982,0.09825095482990145,0.9703,0.99978,7.19658,0.13297910401430887,1.0,7.520524005450861,0.9998999834060669,0.9992,7.1751,0.12954847514629364,1.0,7.71834659576416,0.9998999834060669,0.5,8192,16384,0.5
2026-03-21T23:43:24,crp_c_sensitivity_20260321_193605,94,4,0.9999,19,396971993,1793714033,5,0.053888151319026946,0.09637382698589936,0.9719,0.99978,7.22844,0.12959860124246544,1.0,7.717310699355572,0.9998999834060669,0.9999,7.2385,0.12797826528549194,1.0,7.813045501708984,0.9998999834060669,0.5,8192,16384,0.5
2026-03-21T23:44:16,crp_c_sensitivity_20260321_193605,95,4,0.9999,20,1304598110,2005339707,1,0.3049167833805084,0.16703917398452758,0.9494,0.99796,7.35208,0.13597719352263624,1.0,7.357438766742911,0.9998999834060669,0.9988,7.1613,0.13113638758659363,1.0,7.6248860359191895,0.9998999834060669,0.5,8192,16384,0.5
2026-03-21T23:44:56,crp_c_sensitivity_20260321_193605,95,4,0.9999,20,1304598110,2005339707,2,0.13136202075719833,0.12065017075538635,0.9629,0.99902,7.23426,0.13514532068806231,1.0,7.402616815493845,0.9998999834060669,0.9994,7.2001,0.131291463971138,1.0,7.615879535675049,0.9998999834060669,0.5,8192,16384,0.5
2026-03-21T23:45:34,crp_c_sensitivity_20260321_193605,95,4,0.9999,20,1304598110,2005339707,3,0.09084390900850296,0.11253716464042664,0.9642,0.99942,7.31394,0.13223721483326933,1.0,7.565022823450815,0.9998999834060669,0.9997,7.2913,0.12800148129463196,1.0,7.811628341674805,0.9998999834060669,0.5,8192,16384,0.5
2026-03-21T23:46:13,crp_c_sensitivity_20260321_193605,95,4,0.9999,20,1304598110,2005339707,4,0.06971088401556015,0.09698266808986664,0.9691,0.99954,7.39268,0.12963716236069378,1.0,7.716019387745186,0.9998999834060669,0.9994,7.402,0.12645037472248077,1.0,7.907449722290039,0.9998999834060669,0.5,8192,16384,0.5
2026-03-21T23:46:52,crp_c_sensitivity_20260321_193605,95,4,0.9999,20,1304598110,2005339707,5,0.05376509486913681,0.09672297992706298,0.9696,0.99968,7.46966,0.1258267561150024,1.0,7.9505504378882215,0.9998999834060669,0.9991,7.4369,0.12193621695041656,1.0,8.200188636779785,0.9998999834060669,0.5,8192,16384,0.5
2026-03-21T23:47:42,crp_c_sensitivity_20260321_193605,96,4,0.9999,21,1714686299,1826673996,1,0.30401103022575376,0.17576956136226654,0.9474,0.99832,7.29054,0.13769852436716903,1.0,7.264589214568858,0.9998999834060669,0.9992,7.1348,0.13261251151561737,1.0,7.540012359619141,0.9998999834060669,0.5,8192,16384,0.5
2026-03-21T23:48:20,crp_c_sensitivity_20260321_193605,96,4,0.9999,21,1714686299,1826673996,2,0.13213935195684434,0.13946841349601746,0.9574,0.99912,7.19536,0.13773792810604701,1.0,7.262746123096827,0.9998999834060669,0.999,7.1649,0.1335500180721283,1.0,7.487082004547119,0.9998999834060669,0.5,8192,16384,0.5
2026-03-21T23:49:00,crp_c_sensitivity_20260321_193605,96,4,0.9999,21,1714686299,1826673996,3,0.08954398614645004,0.11536680228710175,0.9639,0.99954,7.20678,0.1342975524685267,1.0,7.447914575981667,0.9998999834060669,0.9993,7.1893,0.13161598145961761,1.0,7.59710168838501,0.9998999834060669,0.5,8192,16384,0.5
2026-03-21T23:49:38,crp_c_sensitivity_20260321_193605,96,4,0.9999,21,1714686299,1826673996,4,0.06786035514891148,0.09934758945703506,0.9691,0.9995,7.22636,0.13171343452027998,1.0,7.595376852528213,0.9998999834060669,0.9997,7.2075,0.12730710208415985,1.0,7.854236125946045,0.9998999834060669,0.5,8192,16384,0.5
2026-03-21T23:50:16,crp_c_sensitivity_20260321_193605,96,4,0.9999,21,1714686299,1826673996,5,0.051502742817401886,0.10207498975992203,0.9695,0.9998,7.31344,0.1301562333732005,1.0,7.683793035004755,0.9998999834060669,0.9998,7.3493,0.12753713130950928,1.0,7.84006929397583,0.9998999834060669,0.5,8192,16384,0.5
2026-03-21T23:51:08,crp_c_sensitivity_20260321_193605,97,4,0.9999,22,205886282,567534148,1,0.30789456172823904,0.1911571415781975,0.9457,0.99832,7.30912,0.1364392197269308,1.0,7.3312211426932485,0.9998999834060669,0.9995,7.1289,0.13204602897167206,1.0,7.572359561920166,0.9998999834060669,0.5,8192,16384,0.5
2026-03-21T23:51:48,crp_c_sensitivity_20260321_193605,97,4,0.9999,22,205886282,567534148,2,0.13652387973308563,0.14056148248910905,0.9596,0.99942,7.1729,0.13635727222008473,1.0,7.336230620703734,0.9998999834060669,0.9995,7.1131,0.13098661601543427,1.0,7.633604049682617,0.9998999834060669,0.5,8192,16384,0.5
2026-03-21T23:52:26,crp_c_sensitivity_20260321_193605,97,4,0.9999,22,205886282,567534148,3,0.09603026183605194,0.10789490171074867,0.9691,0.99964,7.17244,0.13385663743671553,1.0,7.472824604005155,0.9998999834060669,1.0,7.1646,0.1286492794752121,1.0,7.772293567657471,0.9998999834060669,0.5,8192,16384,0.5
2026-03-21T23:53:05,crp_c_sensitivity_20260321_193605,97,4,0.9999,22,205886282,567534148,4,0.07297063799619674,0.1083900920510292,0.9691,0.99972,7.21672,0.1313760480307557,1.0,7.612812682490825,0.9998999834060669,0.9999,7.217,0.12888191640377045,1.0,7.758264541625977,0.9998999834060669,0.5,8192,16384,0.5
2026-03-21T23:53:42,crp_c_sensitivity_20260321_193605,97,4,0.9999,22,205886282,567534148,5,0.05660164948105812,0.10013385800123215,0.971,0.9997,7.27492,0.12889093938081161,1.0,7.7595065194932396,0.9998999834060669,0.9999,7.2668,0.12615090608596802,1.0,7.9262213706970215,0.9998999834060669,0.5,8192,16384,0.5
2026-03-21T23:54:32,crp_c_sensitivity_20260321_193605,98,4,0.9999,23,1084838242,1610662867,1,0.2992669154024124,0.18383784054517746,0.947,0.99822,7.33894,0.13805151187702822,1.0,7.245064328088785,0.9998999834060669,0.9988,7.202,0.13391318917274475,1.0,7.466777801513672,0.9998999834060669,0.5,8192,16384,0.5
2026-03-21T23:55:11,crp_c_sensitivity_20260321_193605,98,4,0.9999,23,1084838242,1610662867,2,0.1322137337398529,0.13572834041714668,0.9604,0.99958,7.18872,0.1352800188771904,1.0,7.394124772542578,0.9998999834060669,0.9995,7.1792,0.13250067830085754,1.0,7.5463762283325195,0.9998999834060669,0.5,8192,16384,0.5
2026-03-21T23:55:51,crp_c_sensitivity_20260321_193605,98,4,0.9999,23,1084838242,1610662867,3,0.09111942361146212,0.1268920618057251,0.963,0.99952,7.24946,0.1341150766976959,1.0,7.458059797506503,0.9998999834060669,0.9994,7.2195,0.13012561202049255,1.0,7.6841139793396,0.9998999834060669,0.5,8192,16384,0.5
2026-03-21T23:56:28,crp_c_sensitivity_20260321_193605,98,4,0.9999,23,1084838242,1610662867,4,0.06759282038807869,0.10817858945131302,0.9682,0.99966,7.30798,0.13082383321526717,1.0,7.645140005194622,0.9998999834060669,0.9995,7.3378,0.12734541296958923,1.0,7.851872444152832,0.9998999834060669,0.5,8192,16384,0.5
2026-03-21T23:57:08,crp_c_sensitivity_20260321_193605,98,4,0.9999,23,1084838242,1610662867,5,0.05221778177499771,0.10875176608413457,0.9683,0.99964,7.45848,0.1289114973048115,1.0,7.757708514133073,0.9998999834060669,0.9995,7.4774,0.12570257484912872,1.0,7.954491138458252,0.9998999834060669,0.5,8192,16384,0.5
2026-03-21T23:57:58,crp_c_sensitivity_20260321_193605,99,4,0.9999,24,872174991,141984048,1,0.30521319306373595,0.16744965887069702,0.9509,0.99826,7.31334,0.13560256670655496,1.0,7.376552018363153,0.9998999834060669,0.9992,7.1572,0.1312917172908783,1.0,7.615865230560303,0.9998999834060669,0.5,8192,16384,0.5
2026-03-21T23:58:36,crp_c_sensitivity_20260321_193605,99,4,0.9999,24,872174991,141984048,2,0.13352594236850737,0.1266553965806961,0.9634,0.99912,7.20982,0.13541245117516773,1.0,7.387459164690179,0.9998999834060669,0.9995,7.1164,0.12978295981884003,1.0,7.704401016235352,0.9998999834060669,0.5,8192,16384,0.5
2026-03-21T23:59:15,crp_c_sensitivity_20260321_193605,99,4,0.9999,24,872174991,141984048,3,0.09382019752621651,0.10802432959079743,0.9678,0.99954,7.22838,0.1340260252242198,1.0,7.4621710789478035,0.9998999834060669,0.9997,7.2243,0.13092266023159027,1.0,7.637333393096924,0.9998999834060669,0.5,8192,16384,0.5
2026-03-21T23:59:52,crp_c_sensitivity_20260321_193605,99,4,0.9999,24,872174991,141984048,4,0.07214667479515076,0.10492327222824097,0.9686,0.99972,7.29468,0.13121613570491372,1.0,7.621918609989878,0.9998999834060669,0.9997,7.3087,0.1286824494600296,1.0,7.770289897918701,0.9998999834060669,0.5,8192,16384,0.5
2026-03-22T00:00:33,crp_c_sensitivity_20260321_193605,99,4,0.9999,24,872174991,141984048,5,0.0566854691529274,0.09624835790395736,0.9723,0.99978,7.3564,0.12889919908302824,1.0,7.7586166986724,0.9998999834060669,0.9999,7.3202,0.12538467347621918,1.0,7.974658966064453,0.9998999834060669,0.5,8192,16384,0.5
2026-03-22T00:01:22,crp_c_sensitivity_20260321_193605,100,4,0.9999,25,1697485500,1613739223,1,0.2997499238491058,0.1575061206817627,0.952,0.99858,7.28552,0.13509966574056678,1.0,7.406887615428252,0.9998999834060669,0.9998,7.1076,0.12905438244342804,1.0,7.747896194458008,0.9998999834060669,0.5,8192,16384,0.5
2026-03-22T00:02:01,crp_c_sensitivity_20260321_193605,100,4,0.9999,25,1697485500,1613739223,2,0.13060787708759308,0.12328051307201386,0.9626,0.9994,7.22296,0.1361553617145704,1.0,7.346470954777945,0.9998999834060669,1.0,7.1553,0.13176220655441284,1.0,7.58867073059082,0.9998999834060669,0.5,8192,16384,0.5
2026-03-22T00:02:41,crp_c_sensitivity_20260321_193605,100,4,0.9999,25,1697485500,1613739223,3,0.09149030760526657,0.09526308584213257,0.9706,0.99958,7.24694,0.13393463701238412,1.0,7.467809245409563,0.9998999834060669,0.9998,7.2265,0.1303948163986206,1.0,7.668249130249023,0.9998999834060669,0.5,8192,16384,0.5
2026-03-22T00:03:21,crp_c_sensitivity_20260321_193605,100,4,0.9999,25,1697485500,1613739223,4,0.06905593326330185,0.09369215110242367,0.9707,0.99956,7.33104,0.13128212212449145,1.0,7.618471687102256,0.9998999834060669,0.9995,7.2986,0.12806099653244019,1.0,7.807998180389404,0.9998999834060669,0.5,8192,16384,0.5
2026-03-22T00:03:49,crp_c_sensitivity_20260321_193605,100,4,0.9999,25,1697485500,1613739223,5,0.053368214183449746,0.08899140957146882,0.9728,0.99968,7.38372,0.12896083241990766,1.0,7.754546988650661,0.9998999834060669,0.9993,7.4017,0.12660159170627594,1.0,7.89800500869751,0.9998999834060669,0.5,8192,16384,0.5
2026-03-22T00:04:34,crp_c_sensitivity_20260321_193605,101,5,0.99999,1,2050402062,989700618,1,0.29304303105354307,0.16874104282855987,0.9496,0.97938,8.94238,0.13481081096107697,1.0,7.428587559848795,0.9999899864196777,0.9906,8.3756,0.1290205419063568,1.0,7.750626564025879,0.9999899864196777,0.5,8192,16384,0.5
2026-03-22T00:05:13,crp_c_sensitivity_20260321_193605,101,5,0.99999,1,2050402062,989700618,2,0.13028722661018372,0.14588453694880008,0.9548,0.99182,8.47696,0.13734684945524805,1.0,7.284003133359163,0.9999899864196777,0.9906,8.4824,0.13314270973205566,1.0,7.51066255569458,0.9999899864196777,0.5,8192,16384,0.5
2026-03-22T00:06:22,crp_c_sensitivity_20260321_193605,101,5,0.99999,1,2050402062,989700618,3,0.09320649361133576,0.11475003156810999,0.9642,0.99488,8.39778,0.13393951761905495,1.0,7.470005452480462,0.9999899864196777,0.9948,8.4023,0.13010019063949585,1.0,7.686306476593018,0.9999899864196777,0.5,8192,16384,0.5
2026-03-22T00:07:39,crp_c_sensitivity_20260321_193605,101,5,0.99999,1,2050402062,989700618,4,0.07101410979509354,0.10178554116003215,0.9686,0.99556,8.45376,0.13171733786230502,1.0,7.594237165377878,0.9999899864196777,0.9959,8.469,0.1275717318058014,1.0,7.838648796081543,0.9999899864196777,0.5,8192,16384,0.5
2026-03-22T00:08:18,crp_c_sensitivity_20260321_193605,101,5,0.99999,1,2050402062,989700618,5,0.05435985030651092,0.10185400624424219,0.9696,0.99576,8.60518,0.12933055301913826,1.0,7.733879841806943,0.9999899864196777,0.9952,8.599,0.12591004371643066,1.0,7.942098617553711,0.9999899864196777,0.5,8192,16384,0.5
2026-03-22T00:10:04,crp_c_sensitivity_20260321_193605,102,5,0.99999,2,894895546,390707981,1,0.2979397168636322,0.18935885329842567,0.9461,0.98762,8.6303,0.13336715830104126,1.0,7.502430760951908,0.9999899864196777,0.9941,8.3272,0.12919379770755768,1.0,7.740231990814209,0.9999899864196777,0.5,8192,16384,0.5
2026-03-22T00:10:53,crp_c_sensitivity_20260321_193605,102,5,0.99999,2,894895546,390707981,2,0.12560608560323716,0.14850762181580066,0.9538,0.99424,8.40664,0.13625239617074542,1.0,7.341780397898096,0.9999899864196777,0.9937,8.4085,0.1310797929763794,1.0,7.628864765167236,0.9999899864196777,0.5,8192,16384,0.5
2026-03-22T00:11:29,crp_c_sensitivity_20260321_193605,102,5,0.99999,2,894895546,390707981,3,0.08683997748374939,0.1346476568877697,0.958,0.99644,8.37486,0.1334757288474866,1.0,7.495496685242714,0.9999899864196777,0.9961,8.3848,0.12883637845516205,1.0,7.76170539855957,0.9999899864196777,0.5,8192,16384,0.5
2026-03-22T00:12:09,crp_c_sensitivity_20260321_193605,102,5,0.99999,2,894895546,390707981,4,0.06501211738109589,0.11300335179641843,0.9665,0.9973,8.43384,0.13145546767565294,1.0,7.608968907914808,0.9999899864196777,0.996,8.5187,0.12855464220046997,1.0,7.77871561050415,0.9999899864196777,0.5,8192,16384,0.5
2026-03-22T00:13:07,crp_c_sensitivity_20260321_193605,102,5,0.99999,2,894895546,390707981,5,0.05133233523607254,0.11012152574583887,0.9669,0.9974,8.56736,0.1291482287752049,1.0,7.74474063004984,0.9999899864196777,0.9966,8.5986,0.12530939280986786,1.0,7.980167388916016,0.9999899864196777,0.5,8192,16384,0.5
2026-03-22T00:13:54,crp_c_sensitivity_20260321_193605,103,5,0.99999,3,522413582,1973397125,1,0.30310205198287965,0.16985711203813553,0.9485,0.98444,8.83392,0.13444410470288123,1.0,7.443394745097441,0.9999899864196777,0.9928,8.371,0.12697690725326538,1.0,7.875369071960449,0.9999899864196777,0.5,8192,16384,0.5
2026-03-22T00:14:37,crp_c_sensitivity_20260321_193605,103,5,0.99999,3,522413582,1973397125,2,0.1345778890800476,0.12439068837165833,0.9623,0.99316,8.50042,0.1350392934382724,1.0,7.408549796589805,0.9999899864196777,0.9942,8.3928,0.12947173416614532,1.0,7.723616600036621,0.9999899864196777,0.5,8192,16384,0.5
2026-03-22T00:15:14,crp_c_sensitivity_20260321_193605,103,5,0.99999,3,522413582,1973397125,3,0.09211126093387603,0.1024564381480217,0.9696,0.9952,8.4616,0.13310924660214377,1.0,7.515319869341448,0.9999899864196777,0.9958,8.4397,0.1279802769422531,1.0,7.813625812530518,0.9999899864196777,0.5,8192,16384,0.5
2026-03-22T00:15:52,crp_c_sensitivity_20260321_193605,103,5,0.99999,3,522413582,1973397125,4,0.06947511284470557,0.0962536098241806,0.971,0.99642,8.49848,0.13053462229421375,1.0,7.662260240910913,0.9999899864196777,0.9978,8.4682,0.1278151571750641,1.0,7.823719501495361,0.9999899864196777,0.5,8192,16384,0.5
2026-03-22T00:16:26,crp_c_sensitivity_20260321_193605,103,5,0.99999,3,522413582,1973397125,5,0.05382253381490707,0.10156349712610245,0.9692,0.997,8.572,0.12794192809887858,1.0,7.818216501904265,0.9999899864196777,0.9965,8.6081,0.12409444153308868,1.0,8.058298110961914,0.9999899864196777,0.5,8192,16384,0.5
2026-03-22T00:17:14,crp_c_sensitivity_20260321_193605,104,5,0.99999,4,1886507198,395826523,1,0.3015015370559692,0.16957259607315064,0.9496,0.98032,8.9716,0.13528870110926422,1.0,7.395957579698099,0.9999899864196777,0.9898,8.4933,0.12971769273281097,1.0,7.7089715003967285,0.9999899864196777,0.5,8192,16384,0.5
2026-03-22T00:17:57,crp_c_sensitivity_20260321_193605,104,5,0.99999,4,1886507198,395826523,2,0.13325436826705933,0.13196484384536744,0.9587,0.99184,8.49238,0.13703473510644626,1.0,7.299724555686307,0.9999899864196777,0.9918,8.4475,0.1333329826593399,1.0,7.49994421005249,0.9999899864196777,0.5,8192,16384,0.5
2026-03-22T00:18:38,crp_c_sensitivity_20260321_193605,104,5,0.99999,4,1886507198,395826523,3,0.09352828182458878,0.11903274685144424,0.9635,0.9937,8.43598,0.13442845974127046,1.0,7.441444249409239,0.9999899864196777,0.9936,8.4433,0.13010697066783905,1.0,7.685905933380127,0.9999899864196777,0.5,8192,16384,0.5
2026-03-22T00:19:13,crp_c_sensitivity_20260321_193605,104,5,0.99999,4,1886507198,395826523,4,0.07026946166038513,0.11036925473213195,0.966,0.99474,8.4776,0.13124950275854078,1.0,7.621791734719825,0.9999899864196777,0.9939,8.5469,0.12769009172916412,1.0,7.831383228302002,0.9999899864196777,0.5,8192,16384,0.5
2026-03-22T00:19:47,crp_c_sensitivity_20260321_193605,104,5,0.99999,4,1886507198,395826523,5,0.05312727558374405,0.10202296617031098,0.9684,0.99608,8.57612,0.1299300577558215,1.0,7.69795800230997,0.9999899864196777,0.9955,8.6314,0.12725546956062317,1.0,7.858129978179932,0.9999899864196777,0.5,8192,16384,0.5
2026-03-22T00:20:34,crp_c_sensitivity_20260321_193605,105,5,0.99999,5,58574144,800825873,1,0.31264795535087586,0.17315373629331587,0.9501,0.98294,8.82622,0.13467424155196264,1.0,7.4328479571720525,0.9999899864196777,0.9915,8.3961,0.12818102538585663,1.0,7.801388740539551,0.9999899864196777,0.5,8192,16384,0.5
2026-03-22T00:21:09,crp_c_sensitivity_20260321_193605,105,5,0.99999,5,58574144,800825873,2,0.133844552795887,0.14412006741762162,0.9555,0.9924,8.404,0.1335739099308658,1.0,7.493210770589921,0.9999899864196777,0.9939,8.3501,0.12727440893650055,1.0,7.856960296630859,0.9999899864196777,0.5,8192,16384,0.5
2026-03-22T00:21:44,crp_c_sensitivity_20260321_193605,105,5,0.99999,5,58574144,800825873,3,0.09296364791870117,0.10318375241756439,0.9691,0.99446,8.36922,0.13261378962365564,1.0,7.543848698706273,0.9999899864196777,0.9928,8.3931,0.12924109399318695,1.0,7.737399578094482,0.9999899864196777,0.5,8192,16384,0.5
2026-03-22T00:22:20,crp_c_sensitivity_20260321_193605,105,5,0.99999,5,58574144,800825873,4,0.06854506361246109,0.10635705688893796,0.9687,0.99494,8.41508,0.13075319923403317,1.0,7.650067651363285,0.9999899864196777,0.9955,8.4326,0.12811964750289917,1.0,7.805126190185547,0.9999899864196777,0.5,8192,16384,0.5
2026-03-22T00:22:57,crp_c_sensitivity_20260321_193605,105,5,0.99999,5,58574144,800825873,5,0.05400906199812889,0.09260019744038582,0.971,0.99596,8.47478,0.12880538442098272,1.0,7.765054177140336,0.9999899864196777,0.9959,8.4768,0.1250232309103012,1.0,7.998433589935303,0.9999899864196777,0.5,8192,16384,0.5
2026-03-22T00:23:42,crp_c_sensitivity_20260321_193605,106,5,0.99999,6,709670003,377872513,1,0.30651140448093417,0.17383278152942658,0.9472,0.98192,8.84198,0.13667305854275402,1.0,7.3258305644745105,0.9999899864196777,0.9916,8.3373,0.12651491165161133,1.0,7.90412712097168,0.9999899864196777,0.5,8192,16384,0.5
2026-03-22T00:24:15,crp_c_sensitivity_20260321_193605,106,5,0.99999,6,709670003,377872513,2,0.13155593433380128,0.13140522698163987,0.9601,0.99244,8.42868,0.13668813554527204,1.0,7.3204120553058125,0.9999899864196777,0.9931,8.3244,0.13111217319965363,1.0,7.626980781555176,0.9999899864196777,0.5,8192,16384,0.5
2026-03-22T00:24:49,crp_c_sensitivity_20260321_193605,106,5,0.99999,6,709670003,377872513,3,0.09093496319174767,0.10606463695764541,0.9684,0.99456,8.392,0.13510732737648518,1.0,7.403468021041597,0.9999899864196777,0.995,8.3877,0.13087165355682373,1.0,7.640997886657715,0.9999899864196777,0.5,8192,16384,0.5
2026-03-22T00:25:30,crp_c_sensitivity_20260321_193605,106,5,0.99999,6,709670003,377872513,4,0.06836384302139283,0.09475212839841843,0.9711,0.99596,8.38426,0.1320005801632581,1.0,7.57789715964471,0.9999899864196777,0.9945,8.4333,0.1287423074245453,1.0,7.767376899719238,0.9999899864196777,0.5,8192,16384,0.5
2026-03-22T00:26:09,crp_c_sensitivity_20260321_193605,106,5,0.99999,6,709670003,377872513,5,0.05271507118344307,0.09922771039009094,0.9706,0.9967,8.4387,0.12984181734759484,1.0,7.703004902890881,0.9999899864196777,0.9958,8.4975,0.12691712379455566,1.0,7.879078388214111,0.9999899864196777,0.5,8192,16384,0.5
2026-03-22T00:27:02,crp_c_sensitivity_20260321_193605,107,5,0.99999,7,847773159,381934940,1,0.31341968850135804,0.17683306790590286,0.9487,0.97838,9.06078,0.1380759384244909,1.0,7.244227382533081,0.9999899864196777,0.9875,8.6217,0.13468696177005768,1.0,7.424549102783203,0.9999899864196777,0.5,8192,16384,0.5
2026-03-22T00:27:45,crp_c_sensitivity_20260321_193605,107,5,0.99999,7,847773159,381934940,2,0.132754577460289,0.12429806442260742,0.9621,0.9901,8.55434,0.13706958694073856,1.0,7.2983734004028005,0.9999899864196777,0.9916,8.4492,0.1323690563440323,1.0,7.55456018447876,0.9999899864196777,0.5,8192,16384,0.5
2026-03-22T00:28:25,crp_c_sensitivity_20260321_193605,107,5,0.99999,7,847773159,381934940,3,0.0946392335510254,0.11514452686607837,0.9657,0.9929,8.49306,0.1355594470144233,1.0,7.37891420257061,0.9999899864196777,0.9928,8.4344,0.1317751109600067,1.0,7.588610649108887,0.9999899864196777,0.5,8192,16384,0.5
2026-03-22T00:29:04,crp_c_sensitivity_20260321_193605,107,5,0.99999,7,847773159,381934940,4,0.06967027771830558,0.10011761344149708,0.97,0.99398,8.51528,0.13457089814993425,1.0,7.4324371064715375,0.9999899864196777,0.9944,8.582,0.13158728182315826,1.0,7.599442958831787,0.9999899864196777,0.5,8192,16384,0.5
2026-03-22T00:29:43,crp_c_sensitivity_20260321_193605,107,5,0.99999,7,847773159,381934940,5,0.05328801008462906,0.0952431704185903,0.9707,0.99462,8.60198,0.13187703276839097,1.0,7.5841490338220625,0.9999899864196777,0.9947,8.5744,0.12909716367721558,1.0,7.746026039123535,0.9999899864196777,0.5,8192,16384,0.5
2026-03-22T00:30:37,crp_c_sensitivity_20260321_193605,108,5,0.99999,8,382217443,1227595176,1,0.3067705515432358,0.16906129605770112,0.9471,0.98162,8.87142,0.13732412289780424,1.0,7.284052131730882,0.9999899864196777,0.9922,8.3935,0.1340348869562149,1.0,7.46066951751709,0.9999899864196777,0.5,8192,16384,0.5
2026-03-22T00:31:19,crp_c_sensitivity_20260321_193605,108,5,0.99999,8,382217443,1227595176,2,0.13975940990448,0.12811369009017945,0.9589,0.99244,8.4131,0.13689442238082056,1.0,7.310587802506469,0.9999899864196777,0.995,8.2745,0.13051334023475647,1.0,7.661974906921387,0.9999899864196777,0.5,8192,16384,0.5
2026-03-22T00:31:57,crp_c_sensitivity_20260321_193605,108,5,0.99999,8,382217443,1227595176,3,0.09858475962162018,0.10811097978949546,0.9644,0.99528,8.35588,0.13477496223528976,1.0,7.422685418287506,0.9999899864196777,0.996,8.313,0.13026650249958038,1.0,7.676494121551514,0.9999899864196777,0.5,8192,16384,0.5
2026-03-22T00:32:38,crp_c_sensitivity_20260321_193605,108,5,0.99999,8,382217443,1227595176,4,0.07190454653739929,0.1037281665980816,0.9671,0.99618,8.38838,0.1319706290960312,1.0,7.579182749209196,0.9999899864196777,0.9951,8.4604,0.12837448716163635,1.0,7.7896318435668945,0.9999899864196777,0.5,8192,16384,0.5
2026-03-22T00:33:20,crp_c_sensitivity_20260321_193605,108,5,0.99999,8,382217443,1227595176,5,0.055989642653465274,0.09884922479689122,0.9665,0.99698,8.47682,0.12892506473585771,1.0,7.759242916351084,0.9999899864196777,0.9968,8.4626,0.12412566691637039,1.0,8.056270599365234,0.9999899864196777,0.5,8192,16384,0.5
2026-03-22T00:34:20,crp_c_sensitivity_20260321_193605,109,5,0.99999,9,1460149024,1768402574,1,0.3088341464138031,0.1789146036505699,0.9489,0.98208,8.90512,0.13655066977986288,1.0,7.325493807682905,0.9999899864196777,0.9911,8.4688,0.13229185342788696,1.0,7.558969020843506,0.9999899864196777,0.5,8192,16384,0.5
2026-03-22T00:35:14,crp_c_sensitivity_20260321_193605,109,5,0.99999,9,1460149024,1768402574,2,0.13432713489055634,0.13948947794139385,0.9561,0.9928,8.46112,0.1360302416945967,1.0,7.353233837410617,0.9999899864196777,0.993,8.3956,0.1320117861032486,1.0,7.575005531311035,0.9999899864196777,0.5,8192,16384,0.5
2026-03-22T00:35:51,crp_c_sensitivity_20260321_193605,109,5,0.99999,9,1460149024,1768402574,3,0.09152383194446563,0.10597674850672484,0.9691,0.99478,8.39988,0.1320902303890194,1.0,7.5755579965498745,0.9999899864196777,0.9956,8.3334,0.12626317143440247,1.0,7.919886589050293,0.9999899864196777,0.5,8192,16384,0.5
2026-03-22T00:36:35,crp_c_sensitivity_20260321_193605,109,5,0.99999,9,1460149024,1768402574,4,0.06888584979653359,0.10512484222501517,0.9692,0.99644,8.44128,0.13108956806190178,1.0,7.629915209377513,0.9999899864196777,0.9951,8.4776,0.12758375704288483,1.0,7.837909698486328,0.9999899864196777,0.5,8192,16384,0.5
2026-03-22T00:37:22,crp_c_sensitivity_20260321_193605,109,5,0.99999,9,1460149024,1768402574,5,0.05404738629817963,0.09250693869460375,0.9724,0.99686,8.51662,0.1276061064789972,1.0,7.839445315358584,0.9999899864196777,0.9968,8.4464,0.1235274076461792,1.0,8.095288276672363,0.9999899864196777,0.5,8192,16384,0.5
2026-03-22T00:38:02,crp_c_sensitivity_20260321_193605,110,5,0.99999,10,1112968321,1918411437,1,0.31883492619514464,0.16506653130054474,0.9514,0.97804,8.92718,0.13402728968873964,1.0,7.465252161635767,0.9999899864196777,0.9902,8.4442,0.1294352114200592,1.0,7.725795269012451,0.9999899864196777,0.5,8192,16384,0.5
2026-03-22T00:38:37,crp_c_sensitivity_20260321_193605,110,5,0.99999,10,1112968321,1918411437,2,0.13770491893053055,0.12820685873031618,0.9645,0.99152,8.44256,0.13386512298108366,1.0,7.47366300934111,0.9999899864196777,0.9942,8.3076,0.1288946568965912,1.0,7.758195400238037,0.9999899864196777,0.5,8192,16384,0.5
2026-03-22T00:39:07,crp_c_sensitivity_20260321_193605,110,5,0.99999,10,1112968321,1918411437,3,0.09408733326673507,0.10673240356445313,0.9696,0.9933,8.42478,0.13273332311826594,1.0,7.536123428198382,0.9999899864196777,0.9928,8.4289,0.12839891016483307,1.0,7.788149833679199,0.9999899864196777,0.5,8192,16384,0.5
2026-03-22T00:39:37,crp_c_sensitivity_20260321_193605,110,5,0.99999,10,1112968321,1918411437,4,0.0721368849992752,0.09762547298669814,0.9718,0.99484,8.45186,0.1297703337715105,1.0,7.70830266737877,0.9999899864196777,0.996,8.4579,0.1253558099269867,1.0,7.977212905883789,0.9999899864196777,0.5,8192,16384,0.5
2026-03-22T00:40:06,crp_c_sensitivity_20260321_193605,110,5,0.99999,10,1112968321,1918411437,5,0.055530238065719606,0.09508785153627396,0.9711,0.99584,8.5216,0.1262415068800492,1.0,7.924893685314052,0.9999899864196777,0.9964,8.4953,0.12278062850236893,1.0,8.144525527954102,0.9999899864196777,0.5,8192,16384,0.5
2026-03-22T00:40:46,crp_c_sensitivity_20260321_193605,111,5,0.99999,11,534595817,2061971464,1,0.29507908339500427,0.17626419795155526,0.9494,0.98264,8.83184,0.1354733433793573,1.0,7.387009625544634,0.9999899864196777,0.9921,8.3374,0.12922458350658417,1.0,7.7383880615234375,0.9999899864196777,0.5,8192,16384,0.5
2026-03-22T00:41:17,crp_c_sensitivity_20260321_193605,111,5,0.99999,11,534595817,2061971464,2,0.12861764105796814,0.12760518261045217,0.962,0.99254,8.40846,0.13677342765776399,1.0,7.313360473993794,0.9999899864196777,0.9925,8.3482,0.13274654746055603,1.0,7.533076763153076,0.9999899864196777,0.5,8192,16384,0.5
2026-03-22T00:41:47,crp_c_sensitivity_20260321_193605,111,5,0.99999,11,534595817,2061971464,3,0.08825689178943634,0.11626606257557869,0.9674,0.99384,8.3603,0.13494583861449796,1.0,7.412505308380517,0.9999899864196777,0.9935,8.363,0.1310565173625946,1.0,7.630219459533691,0.9999899864196777,0.5,8192,16384,0.5
2026-03-22T00:42:16,crp_c_sensitivity_20260321_193605,111,5,0.99999,11,534595817,2061971464,4,0.06614348078966141,0.11843006938360631,0.9642,0.9952,8.37634,0.13262629230766346,1.0,7.541648914746921,0.9999899864196777,0.9953,8.3929,0.12965555489063263,1.0,7.712666034698486,0.9999899864196777,0.5,8192,16384,0.5
2026-03-22T00:42:46,crp_c_sensitivity_20260321_193605,111,5,0.99999,11,534595817,2061971464,5,0.05180649011015892,0.0974197974473238,0.9708,0.99564,8.43732,0.130051740790572,1.0,7.69067197321626,0.9999899864196777,0.9944,8.4725,0.1263960301876068,1.0,7.911561965942383,0.9999899864196777,0.5,8192,16384,0.5
2026-03-22T00:43:25,crp_c_sensitivity_20260321_193605,112,5,0.99999,12,887449149,1102100577,1,0.294334025182724,0.18597819880843164,0.9468,0.98256,8.88596,0.13566945085440146,1.0,7.3768738480785006,0.9999899864196777,0.9911,8.4428,0.12896916270256042,1.0,7.753713607788086,0.9999899864196777,0.5,8192,16384,0.5
2026-03-22T00:43:57,crp_c_sensitivity_20260321_193605,112,5,0.99999,12,887449149,1102100577,2,0.13202574803113937,0.12720037410259247,0.9629,0.99216,8.4641,0.13436367871511318,1.0,7.448178736450117,0.9999899864196777,0.9932,8.3871,0.12901996076107025,1.0,7.750661373138428,0.9999899864196777,0.5,8192,16384,0.5
2026-03-22T00:44:26,crp_c_sensitivity_20260321_193605,112,5,0.99999,12,887449149,1102100577,3,0.09218729281067849,0.11546733575463294,0.9666,0.99426,8.46088,0.13278133603160644,1.0,7.535159934207302,0.9999899864196777,0.9936,8.4375,0.1279582381248474,1.0,7.814971446990967,0.9999899864196777,0.5,8192,16384,0.5
2026-03-22T00:44:55,crp_c_sensitivity_20260321_193605,112,5,0.99999,12,887449149,1102100577,4,0.06956688987731934,0.10299732628166676,0.969,0.99564,8.48938,0.13121608097839843,1.0,7.622639943876535,0.9999899864196777,0.9959,8.4679,0.12841445207595825,1.0,7.787207126617432,0.9999899864196777,0.5,8192,16384,0.5
2026-03-22T00:45:22,crp_c_sensitivity_20260321_193605,112,5,0.99999,12,887449149,1102100577,5,0.05435218122705817,0.09659646099507808,0.9728,0.99664,8.53648,0.12859511142953886,1.0,7.777733306445734,0.9999899864196777,0.996,8.5463,0.12557870149612427,1.0,7.963054180145264,0.9999899864196777,0.5,8192,16384,0.5
2026-03-22T00:46:01,crp_c_sensitivity_20260321_193605,113,5,0.99999,13,1485808082,896644137,1,0.3151312249851227,0.1633260103404522,0.9521,0.98102,8.88032,0.13559200006830113,1.0,7.377482228876684,0.9999899864196777,0.9903,8.4526,0.13117706775665283,1.0,7.623207092285156,0.9999899864196777,0.5,8192,16384,0.5
2026-03-22T00:46:31,crp_c_sensitivity_20260321_193605,113,5,0.99999,13,1485808082,896644137,2,0.13447643133163453,0.13794721376746893,0.9588,0.9914,8.46502,0.1344334109283774,1.0,7.442297742799725,0.9999899864196777,0.9923,8.4079,0.13056008517742157,1.0,7.659231662750244,0.9999899864196777,0.5,8192,16384,0.5
2026-03-22T00:47:00,crp_c_sensitivity_20260321_193605,113,5,0.99999,13,1485808082,896644137,3,0.0913045781493187,0.10898503603488206,0.9684,0.99376,8.42658,0.13227603342527014,1.0,7.56295242333961,0.9999899864196777,0.9935,8.4226,0.1276348978281021,1.0,7.8347697257995605,0.9999899864196777,0.5,8192,16384,0.5
2026-03-22T00:47:30,crp_c_sensitivity_20260321_193605,113,5,0.99999,13,1485808082,896644137,4,0.06887740990877152,0.10488394967578352,0.9688,0.9947,8.5232,0.13108016653438967,1.0,7.630131464175252,0.9999899864196777,0.9932,8.6244,0.12885358929634094,1.0,7.7606682777404785,0.9999899864196777,0.5,8192,16384,0.5
2026-03-22T00:47:59,crp_c_sensitivity_20260321_193605,113,5,0.99999,13,1485808082,896644137,5,0.05507299727499485,0.09195520472852513,0.9727,0.99564,8.55988,0.12765353590326237,1.0,7.8346789742979555,0.9999899864196777,0.9943,8.6089,0.1257542073726654,1.0,7.951941013336182,0.9999899864196777,0.5,8192,16384,0.5
2026-03-22T00:48:37,crp_c_sensitivity_20260321_193605,114,5,0.99999,14,697854946,258010530,1,0.29595091614246366,0.18440795271396637,0.9483,0.9797,8.91136,0.13641897880512735,1.0,7.334000322824854,0.9999899864196777,0.9867,8.5598,0.1305813044309616,1.0,7.657987117767334,0.9999899864196777,0.5,8192,16384,0.5
2026-03-22T00:49:09,crp_c_sensitivity_20260321_193605,114,5,0.99999,14,697854946,258010530,2,0.13144799200057983,0.13694487468600272,0.9599,0.99008,8.50968,0.13745933614880837,1.0,7.2766848427560324,0.9999899864196777,0.9915,8.4686,0.13367874920368195,1.0,7.480545997619629,0.9999899864196777,0.5,8192,16384,0.5
2026-03-22T00:49:39,crp_c_sensitivity_20260321_193605,114,5,0.99999,14,697854946,258010530,3,0.09246685511350632,0.12003783403038978,0.9659,0.99286,8.48216,0.13462122630737627,1.0,7.430298222300341,0.9999899864196777,0.9926,8.4279,0.13084684312343597,1.0,7.642446517944336,0.9999899864196777,0.5,8192,16384,0.5
2026-03-22T00:50:09,crp_c_sensitivity_20260321_193605,114,5,0.99999,14,697854946,258010530,4,0.07016008276939392,0.10150822298526764,0.9698,0.9941,8.455,0.13109239028847736,1.0,7.6305477856979955,0.9999899864196777,0.9924,8.4833,0.12724535167217255,1.0,7.8587541580200195,0.9999899864196777,0.5,8192,16384,0.5
2026-03-22T00:50:37,crp_c_sensitivity_20260321_193605,114,5,0.99999,14,697854946,258010530,5,0.05388176907539367,0.10630640474557877,0.9688,0.99442,8.57874,0.12949793025508255,1.0,7.723705744194557,0.9999899864196777,0.9927,8.7151,0.1273215413093567,1.0,7.85405158996582,0.9999899864196777,0.5,8192,16384,0.5
2026-03-22T00:51:16,crp_c_sensitivity_20260321_193605,115,5,0.99999,15,145397487,1382419816,1,0.29591734013319015,0.17106581881046296,0.9522,0.98318,8.82726,0.13706298271560913,1.0,7.299245739227061,0.9999899864196777,0.9883,8.4917,0.13124486804008484,1.0,7.619268894195557,0.9999899864196777,0.5,8192,16384,0.5
2026-03-22T00:51:46,crp_c_sensitivity_20260321_193605,115,5,0.99999,15,145397487,1382419816,2,0.12874291543960573,0.12460024355947971,0.965,0.99318,8.4029,0.13507759468177397,1.0,7.409079055347101,0.9999899864196777,0.9947,8.2856,0.1295551359653473,1.0,7.718643665313721,0.9999899864196777,0.5,8192,16384,0.5
2026-03-22T00:52:14,crp_c_sensitivity_20260321_193605,115,5,0.99999,15,145397487,1382419816,3,0.09004791193008423,0.1223470421910286,0.9637,0.99426,8.4082,0.1344552754669848,1.0,7.439447079778023,0.9999899864196777,0.9937,8.3769,0.13024164736270905,1.0,7.677958965301514,0.9999899864196777,0.5,8192,16384,0.5
2026-03-22T00:52:43,crp_c_sensitivity_20260321_193605,115,5,0.99999,15,145397487,1382419816,4,0.06792699757814408,0.09993152832984924,0.9699,0.99558,8.42314,0.13182675301114008,1.0,7.587212366216323,0.9999899864196777,0.9954,8.4347,0.12913964688777924,1.0,7.743477821350098,0.9999899864196777,0.5,8192,16384,0.5
2026-03-22T00:53:12,crp_c_sensitivity_20260321_193605,115,5,0.99999,15,145397487,1382419816,5,0.05234129350662232,0.09622191573008895,0.9737,0.99714,8.46968,0.12892192141021913,1.0,7.7589781875805475,0.9999899864196777,0.9968,8.4592,0.1251886636018753,1.0,7.987863540649414,0.9999899864196777,0.5,8192,16384,0.5
2026-03-22T00:53:51,crp_c_sensitivity_20260321_193605,116,5,0.99999,16,988922764,1596793385,1,0.30685798946380616,0.17581383247971535,0.9473,0.98256,8.97082,0.1368157959274014,1.0,7.311396319543005,0.9999899864196777,0.9886,8.5672,0.13217969238758087,1.0,7.565382957458496,0.9999899864196777,0.5,8192,16384,0.5
2026-03-22T00:54:28,crp_c_sensitivity_20260321_193605,116,5,0.99999,16,988922764,1596793385,2,0.13559595628499985,0.12853313937783242,0.9609,0.99208,8.49078,0.13555110949079704,1.0,7.380811653478676,0.9999899864196777,0.9935,8.3719,0.1318090856075287,1.0,7.5866546630859375,0.9999899864196777,0.5,8192,16384,0.5
2026-03-22T00:55:02,crp_c_sensitivity_20260321_193605,116,5,0.99999,16,988922764,1596793385,3,0.09343397847890854,0.11032826494574546,0.9666,0.9945,8.39102,0.1329707035704342,1.0,7.523163834496227,0.9999899864196777,0.9935,8.3792,0.12859989702701569,1.0,7.775978088378906,0.9999899864196777,0.5,8192,16384,0.5
2026-03-22T00:55:39,crp_c_sensitivity_20260321_193605,116,5,0.99999,16,988922764,1596793385,4,0.07029029241323471,0.09457900231480598,0.9712,0.99522,8.39658,0.1310399751681501,1.0,7.633917409745629,0.9999899864196777,0.9953,8.3887,0.12690450251102448,1.0,7.879861831665039,0.9999899864196777,0.5,8192,16384,0.5
2026-03-22T00:56:08,crp_c_sensitivity_20260321_193605,116,5,0.99999,16,988922764,1596793385,5,0.0559077416408062,0.08670417642742395,0.9721,0.9959,8.47994,0.12954315607962402,1.0,7.7207870776086205,0.9999899864196777,0.9959,8.4473,0.1261003613471985,1.0,7.930111885070801,0.9999899864196777,0.5,8192,16384,0.5
2026-03-22T00:56:54,crp_c_sensitivity_20260321_193605,117,5,0.99999,17,418897787,1348928605,1,0.3013045116281509,0.1663434552192688,0.9501,0.98076,8.9661,0.13597137517179064,1.0,7.35698826904492,0.9999899864196777,0.9917,8.4764,0.13108734786510468,1.0,7.628424644470215,0.9999899864196777,0.5,8192,16384,0.5
2026-03-22T00:57:29,crp_c_sensitivity_20260321_193605,117,5,0.99999,17,418897787,1348928605,2,0.1332956214928627,0.12475646281242371,0.9613,0.99316,8.49382,0.13659746060743355,1.0,7.323079581150923,0.9999899864196777,0.9924,8.4594,0.13271452486515045,1.0,7.5348944664001465,0.9999899864196777,0.5,8192,16384,0.5
2026-03-22T00:58:06,crp_c_sensitivity_20260321_193605,117,5,0.99999,17,418897787,1348928605,3,0.09538258506536484,0.11170863306522369,0.9677,0.99468,8.46558,0.13425793927496352,1.0,7.451366216020511,0.9999899864196777,0.9953,8.3357,0.12907887995243073,1.0,7.747122764587402,0.9999899864196777,0.5,8192,16384,0.5
2026-03-22T00:58:40,crp_c_sensitivity_20260321_193605,117,5,0.99999,17,418897787,1348928605,4,0.07026802949666977,0.1122906798362732,0.9655,0.995,8.46634,0.13172058787797114,1.0,7.593605339069805,0.9999899864196777,0.9957,8.4274,0.1292443871498108,1.0,7.7372026443481445,0.9999899864196777,0.5,8192,16384,0.5
2026-03-22T00:59:16,crp_c_sensitivity_20260321_193605,117,5,0.99999,17,418897787,1348928605,5,0.054896234035491945,0.09313871983289719,0.9726,0.99672,8.47854,0.1293430070361823,1.0,7.733237410445348,0.9999899864196777,0.9967,8.4547,0.12540684640407562,1.0,7.973966121673584,0.9999899864196777,0.5,8192,16384,0.5
2026-03-22T01:00:07,crp_c_sensitivity_20260321_193605,118,5,0.99999,18,1334258504,1226717586,1,0.2993901775121689,0.17591235620379447,0.9458,0.98424,8.85926,0.13477531955827532,1.0,7.4229316333370745,0.9999899864196777,0.9938,8.4246,0.13109636306762695,1.0,7.62790060043335,0.9999899864196777,0.5,8192,16384,0.5
2026-03-22T01:00:55,crp_c_sensitivity_20260321_193605,118,5,0.99999,18,1334258504,1226717586,2,0.1342577573299408,0.12725964673757553,0.9631,0.99262,8.46678,0.13518108084531086,1.0,7.401639022485679,0.9999899864196777,0.9934,8.3809,0.12914976477622986,1.0,7.742871284484863,0.9999899864196777,0.5,8192,16384,0.5
2026-03-22T01:01:31,crp_c_sensitivity_20260321_193605,118,5,0.99999,18,1334258504,1226717586,3,0.09318189307391643,0.11166419426500797,0.9675,0.99452,8.4235,0.13327800861709868,1.0,7.505504203269549,0.9999899864196777,0.9952,8.3893,0.12909124791622162,1.0,7.7463812828063965,0.9999899864196777,0.5,8192,16384,0.5
2026-03-22T01:02:04,crp_c_sensitivity_20260321_193605,118,5,0.99999,18,1334258504,1226717586,4,0.06990077033281326,0.10893146395981312,0.9667,0.99564,8.41702,0.13018702363114223,1.0,7.684197750237897,0.9999899864196777,0.9956,8.3978,0.1265944242477417,1.0,7.899163246154785,0.9999899864196777,0.5,8192,16384,0.5
2026-03-22T01:02:47,crp_c_sensitivity_20260321_193605,118,5,0.99999,18,1334258504,1226717586,5,0.0535175399684906,0.09308951151967049,0.9736,0.99648,8.4455,0.12793538650816969,1.0,7.818618415871544,0.9999899864196777,0.996,8.513,0.12477263063192368,1.0,8.014497756958008,0.9999899864196777,0.5,8192,16384,0.5
2026-03-22T01:03:52,crp_c_sensitivity_20260321_193605,119,5,0.99999,19,433554189,1608786354,1,0.3065256237435341,0.16676414918899535,0.9488,0.98194,8.87828,0.13662020389533713,1.0,7.323615614410556,0.9999899864196777,0.9914,8.416,0.13144440948963165,1.0,7.607702732086182,0.9999899864196777,0.5,8192,16384,0.5
2026-03-22T01:04:25,crp_c_sensitivity_20260321_193605,119,5,0.99999,19,433554189,1608786354,2,0.13430720382213593,0.12408777549266815,0.9622,0.9937,8.42072,0.1372216798536613,1.0,7.289968971096341,0.9999899864196777,0.9941,8.3195,0.13336631655693054,1.0,7.498070240020752,0.9999899864196777,0.5,8192,16384,0.5
2026-03-22T01:05:12,crp_c_sensitivity_20260321_193605,119,5,0.99999,19,433554189,1608786354,3,0.09164206719875335,0.11367234773635865,0.9655,0.99534,8.3426,0.13442706585387745,1.0,7.441101766913138,0.9999899864196777,0.9955,8.3455,0.13063400983810425,1.0,7.654897689819336,0.9999899864196777,0.5,8192,16384,0.5
2026-03-22T01:05:42,crp_c_sensitivity_20260321_193605,119,5,0.99999,19,433554189,1608786354,4,0.06821527855396271,0.10066135907173157,0.969,0.99678,8.33698,0.1325166455620085,1.0,7.5481433709868995,0.9999899864196777,0.9962,8.3442,0.12773928046226501,1.0,7.828367233276367,0.9999899864196777,0.5,8192,16384,0.5
2026-03-22T01:06:11,crp_c_sensitivity_20260321_193605,119,5,0.99999,19,433554189,1608786354,5,0.053408836827278136,0.09850789473056794,0.97,0.99762,8.39838,0.13006614247703796,1.0,7.69014107418792,0.9999899864196777,0.9964,8.4325,0.1269555538892746,1.0,7.876693248748779,0.9999899864196777,0.5,8192,16384,0.5
2026-03-22T01:06:54,crp_c_sensitivity_20260321_193605,120,5,0.99999,20,289965595,1140232797,1,0.2959806697154045,0.1716744082570076,0.9463,0.97928,8.8678,0.13619306668296188,1.0,7.347450956359239,0.9999899864196777,0.989,8.4455,0.13035260140895844,1.0,7.671423435211182,0.9999899864196777,0.5,8192,16384,0.5
2026-03-22T01:07:29,crp_c_sensitivity_20260321_193605,120,5,0.99999,20,289965595,1140232797,2,0.1325284219455719,0.12259167675375938,0.9642,0.99046,8.4593,0.13666553231303954,1.0,7.320090876820752,0.9999899864196777,0.9921,8.3679,0.1324411779642105,1.0,7.550446510314941,0.9999899864196777,0.5,8192,16384,0.5
2026-03-22T01:08:00,crp_c_sensitivity_20260321_193605,120,5,0.99999,20,289965595,1140232797,3,0.0921100861954689,0.11218258509635926,0.9664,0.9933,8.39178,0.1350124970726345,1.0,7.408856491908393,0.9999899864196777,0.9935,8.3977,0.13096320629119873,1.0,7.635656356811523,0.9999899864196777,0.5,8192,16384,0.5
2026-03-22T01:08:30,crp_c_sensitivity_20260321_193605,120,5,0.99999,20,289965595,1140232797,4,0.06813978428840638,0.10519307852983474,0.9682,0.99548,8.40224,0.13317162484464135,1.0,7.510765615936435,0.9999899864196777,0.9952,8.4214,0.1298193484544754,1.0,7.702935218811035,0.9999899864196777,0.5,8192,16384,0.5
2026-03-22T01:09:07,crp_c_sensitivity_20260321_193605,120,5,0.99999,20,289965595,1140232797,5,0.05320805212140083,0.11448736070394516,0.9637,0.99654,8.4331,0.1298701978857865,1.0,7.7019526671875465,0.9999899864196777,0.9947,8.5402,0.12722249329090118,1.0,7.860166549682617,0.9999899864196777,0.5,8192,16384,0.5
2026-03-22T01:09:59,crp_c_sensitivity_20260321_193605,121,5,0.99999,21,1919766899,500879683,1,0.3037573755836487,0.1810976064682007,0.9495,0.98182,8.90548,0.1371291453576149,1.0,7.294898944132773,0.9999899864196777,0.9905,8.4787,0.13365881145000458,1.0,7.481661319732666,0.9999899864196777,0.5,8192,16384,0.5
2026-03-22T01:10:35,crp_c_sensitivity_20260321_193605,121,5,0.99999,21,1919766899,500879683,2,0.13438413809537889,0.14415281386375428,0.9566,0.99164,8.48628,0.1376666810811328,1.0,7.266653131645963,0.9999899864196777,0.9935,8.3864,0.13285504281520844,1.0,7.526925563812256,0.9999899864196777,0.5,8192,16384,0.5
2026-03-22T01:11:10,crp_c_sensitivity_20260321_193605,121,5,0.99999,21,1919766899,500879683,3,0.09236933216571808,0.11257833480834961,0.9669,0.99446,8.43466,0.13626058605473365,1.0,7.340812463589641,0.9999899864196777,0.9941,8.4279,0.13220328092575073,1.0,7.564033031463623,0.9999899864196777,0.5,8192,16384,0.5
2026-03-22T01:11:45,crp_c_sensitivity_20260321_193605,121,5,0.99999,21,1919766899,500879683,4,0.06841922210216522,0.11106813688278198,0.9658,0.99514,8.47134,0.13371265639581947,1.0,7.480307586357721,0.9999899864196777,0.9955,8.4717,0.13093781471252441,1.0,7.637136936187744,0.9999899864196777,0.5,8192,16384,0.5
2026-03-22T01:12:13,crp_c_sensitivity_20260321_193605,121,5,0.99999,21,1919766899,500879683,5,0.05417824831366539,0.10124459006786346,0.969,0.99644,8.53786,0.13146637239114708,1.0,7.607370196096123,0.9999899864196777,0.9956,8.633,0.12958671152591705,1.0,7.716763496398926,0.9999899864196777,0.5,8192,16384,0.5
2026-03-22T01:12:53,crp_c_sensitivity_20260321_193605,122,5,0.99999,22,709288202,1219478679,1,0.2998954379940033,0.16836562795639037,0.9499,0.98222,8.91374,0.13606933639634905,1.0,7.352981133229288,0.9999899864196777,0.9927,8.3829,0.1315295398235321,1.0,7.602778434753418,0.9999899864196777,0.5,8192,16384,0.5
2026-03-22T01:13:24,crp_c_sensitivity_20260321_193605,122,5,0.99999,22,709288202,1219478679,2,0.13521431225299835,0.11979073824882508,0.9655,0.99198,8.48712,0.13733184257584155,1.0,7.28511698105756,0.9999899864196777,0.9922,8.4188,0.13202597200870514,1.0,7.574191093444824,0.9999899864196777,0.5,8192,16384,0.5
2026-03-22T01:13:54,crp_c_sensitivity_20260321_193605,122,5,0.99999,22,709288202,1219478679,3,0.09540948663115502,0.10505713436603546,0.97,0.99438,8.43064,0.13473878065338524,1.0,7.42497922941242,0.9999899864196777,0.9946,8.4008,0.13046081364154816,1.0,7.665060520172119,0.9999899864196777,0.5,8192,16384,0.5
2026-03-22T01:14:24,crp_c_sensitivity_20260321_193605,122,5,0.99999,22,709288202,1219478679,4,0.07250805354356765,0.10501170494556426,0.9683,0.99588,8.42374,0.13269086574654446,1.0,7.53872872008692,0.9999899864196777,0.9957,8.3569,0.12824468314647675,1.0,7.797516345977783,0.9999899864196777,0.5,8192,16384,0.5
2026-03-22T01:14:52,crp_c_sensitivity_20260321_193605,122,5,0.99999,22,709288202,1219478679,5,0.055862610046863555,0.08692415616512299,0.9736,0.99676,8.4135,0.13026098975592562,1.0,7.678322253019913,0.9999899864196777,0.9956,8.4591,0.12815332412719727,1.0,7.803075313568115,0.9999899864196777,0.5,8192,16384,0.5
2026-03-22T01:15:34,crp_c_sensitivity_20260321_193605,123,5,0.99999,23,627720728,269210446,1,0.30294053303956986,0.17271622138023376,0.9471,0.98428,8.8993,0.13726020922593754,1.0,7.2887957760745,0.9999899864196777,0.9935,8.4479,0.13283641636371613,1.0,7.527980804443359,0.9999899864196777,0.5,8192,16384,0.5
2026-03-22T01:16:24,crp_c_sensitivity_20260321_193605,123,5,0.99999,23,627720728,269210446,2,0.1298352812719345,0.1344758943080902,0.9598,0.99368,8.51406,0.13669968291621684,1.0,7.318926375845204,0.9999899864196777,0.9957,8.4117,0.13087378442287445,1.0,7.640872955322266,0.9999899864196777,0.5,8192,16384,0.5
2026-03-22T01:17:12,crp_c_sensitivity_20260321_193605,123,5,0.99999,23,627720728,269210446,3,0.08900584664583207,0.1090985545516014,0.9665,0.99496,8.49924,0.13473646106469966,1.0,7.423600700505249,0.9999899864196777,0.9941,8.503,0.1316169947385788,1.0,7.597726821899414,0.9999899864196777,0.5,8192,16384,0.5
2026-03-22T01:17:54,crp_c_sensitivity_20260321_193605,123,5,0.99999,23,627720728,269210446,4,0.06652645719051362,0.09561320589780807,0.9718,0.99632,8.51064,0.13195275806862375,1.0,7.58042726980146,0.9999899864196777,0.9956,8.5554,0.1283818632364273,1.0,7.7891845703125,0.9999899864196777,0.5,8192,16384,0.5
2026-03-22T01:18:33,crp_c_sensitivity_20260321_193605,123,5,0.99999,23,627720728,269210446,5,0.0509249623799324,0.09241564701795578,0.9733,0.99736,8.57412,0.12900836133133725,1.0,7.752168139533314,0.9999899864196777,0.9968,8.7,0.12741419672966003,1.0,7.8483405113220215,0.9999899864196777,0.5,8192,16384,0.5
2026-03-22T01:19:26,crp_c_sensitivity_20260321_193605,124,5,0.99999,24,1155902300,1095922425,1,0.29097361457824705,0.17017763032913208,0.9522,0.9858,8.77458,0.1366018857568731,1.0,7.323503468652516,0.9999899864196777,0.9929,8.3934,0.1315039098262787,1.0,7.6042609214782715,0.9999899864196777,0.5,8192,16384,0.5
2026-03-22T01:20:02,crp_c_sensitivity_20260321_193605,124,5,0.99999,24,1155902300,1095922425,2,0.13444037869930267,0.12773363645076752,0.963,0.99394,8.41436,0.13380866049958007,1.0,7.481124399872997,0.9999899864196777,0.9956,8.2785,0.12658751010894775,1.0,7.899594306945801,0.9999899864196777,0.5,8192,16384,0.5
2026-03-22T01:20:37,crp_c_sensitivity_20260321_193605,124,5,0.99999,24,1155902300,1095922425,3,0.09221142519474029,0.12395748188495637,0.9644,0.99648,8.39716,0.13250308718217912,1.0,7.55133440915276,0.9999899864196777,0.9965,8.3317,0.12670046091079712,1.0,7.892551898956299,0.9999899864196777,0.5,8192,16384,0.5
2026-03-22T01:21:16,crp_c_sensitivity_20260321_193605,124,5,0.99999,24,1155902300,1095922425,4,0.07029781759023666,0.10121897282600403,0.9693,0.99728,8.49546,0.13129651176807522,1.0,7.618010869721317,0.9999899864196777,0.9975,8.4769,0.12740807235240936,1.0,7.848717212677002,0.9999899864196777,0.5,8192,16384,0.5
2026-03-22T01:21:59,crp_c_sensitivity_20260321_193605,124,5,0.99999,24,1155902300,1095922425,5,0.05282404224395752,0.10754776456356048,0.9666,0.99758,8.56344,0.12882650919887415,1.0,7.763612870365153,0.9999899864196777,0.9973,8.652,0.12653616070747375,1.0,7.902800559997559,0.9999899864196777,0.5,8192,16384,0.5
2026-03-22T01:22:42,crp_c_sensitivity_20260321_193605,125,5,0.99999,25,1489026489,1656532898,1,0.3035218223667145,0.17412312951087952,0.9495,0.98454,8.86148,0.13366385109131904,1.0,7.486511770721592,0.9999899864196777,0.9934,8.3932,0.12782198190689087,1.0,7.823301792144775,0.9999899864196777,0.5,8192,16384,0.5
2026-03-22T01:23:12,crp_c_sensitivity_20260321_193605,125,5,0.99999,25,1489026489,1656532898,2,0.13676348811149597,0.14279095010757445,0.9576,0.99356,8.44242,0.13222488193103418,1.0,7.569904304221463,0.9999899864196777,0.995,8.3029,0.12315140664577484,1.0,8.120004653930664,0.9999899864196777,0.5,8192,16384,0.5
2026-03-22T01:23:42,crp_c_sensitivity_20260321_193605,125,5,0.99999,25,1489026489,1656532898,3,0.09345885053396225,0.10326326217651367,0.9675,0.99562,8.4812,0.1311148514070779,1.0,7.630289252151918,0.9999899864196777,0.9965,8.4111,0.12613660097122192,1.0,7.927833557128906,0.9999899864196777,0.5,8192,16384,0.5
2026-03-22T01:24:10,crp_c_sensitivity_20260321_193605,125,5,0.99999,25,1489026489,1656532898,4,0.06960228500604629,0.11869729092121124,0.9634,0.99704,8.56002,0.12844154492134938,1.0,7.787554104309862,0.9999899864196777,0.9968,8.5862,0.12420836091041565,1.0,8.050907135009766,0.9999899864196777,0.5,8192,16384,0.5
2026-03-22T01:24:38,crp_c_sensitivity_20260321_193605,125,5,0.99999,25,1489026489,1656532898,5,0.056157961809635164,0.09378151876926422,0.9696,0.99726,8.64912,0.1259019566542657,1.0,7.943855895410718,0.9999899864196777,0.9968,8.7297,0.12353381514549255,1.0,8.094868659973145,0.9999899864196777,0.5,8192,16384,0.5
2026-03-22T01:25:21,crp_c_sensitivity_20260321_193605,126,6,0.999999,1,1440955336,1914447349,1,0.299529462313652,0.17869280049204828,0.946,0.86222,14.06118,0.13674408372710734,1.0,7.320721850675695,0.9999989867210388,0.8963,12.913,0.12684457004070282,1.0,7.8836565017700195,0.9999989867210388,0.5,8192,16384,0.5
2026-03-22T01:25:57,crp_c_sensitivity_20260321_193605,126,6,0.999999,1,1440955336,1914447349,2,0.1334406805896759,0.13474499456882477,0.9598,0.9026,13.02674,0.1357464307485639,1.0,7.371023162246665,0.9999989867210388,0.9155,12.5679,0.13075721263885498,1.0,7.647753715515137,0.9999989867210388,0.5,8192,16384,0.5
2026-03-22T01:26:33,crp_c_sensitivity_20260321_193605,126,6,0.999999,1,1440955336,1914447349,3,0.09298164519548416,0.11153609555065631,0.9674,0.91792,12.7426,0.13309306001571744,1.0,7.517792249274681,0.9999989867210388,0.9317,12.37,0.1280217468738556,1.0,7.8111653327941895,0.9999989867210388,0.5,8192,16384,0.5
2026-03-22T01:27:09,crp_c_sensitivity_20260321_193605,126,6,0.999999,1,1440955336,1914447349,4,0.0678478136229515,0.10211685426682234,0.9699,0.93174,12.56234,0.13078511927438818,1.0,7.648483853206001,0.9999989867210388,0.9436,12.1889,0.12674705684185028,1.0,7.889721870422363,0.9999989867210388,0.5,8192,16384,0.5
2026-03-22T01:27:45,crp_c_sensitivity_20260321_193605,126,6,0.999999,1,1440955336,1914447349,5,0.0536127920460701,0.09759540453404188,0.9712,0.93938,12.508,0.12823904888785403,1.0,7.799938098244045,0.9999989867210388,0.9469,12.317,0.12484952062368393,1.0,8.009634017944336,0.9999989867210388,0.5,8192,16384,0.5
2026-03-22T01:28:28,crp_c_sensitivity_20260321_193605,127,6,0.999999,2,1714537948,127136500,1,0.31172649968147276,0.16310993528366088,0.9515,0.84136,14.4292,0.13705138290477226,1.0,7.299035951609501,0.9999989867210388,0.8688,13.5328,0.13230766355991364,1.0,7.558133602142334,0.9999989867210388,0.5,8192,16384,0.5
2026-03-22T01:29:03,crp_c_sensitivity_20260321_193605,127,6,0.999999,2,1714537948,127136500,2,0.13197247038841248,0.12021734318733215,0.9633,0.8798,13.49686,0.1359626821544774,1.0,7.357828442702818,0.9999989867210388,0.8914,13.1169,0.1324044167995453,1.0,7.552610874176025,0.9999989867210388,0.5,8192,16384,0.5
2026-03-22T01:29:38,crp_c_sensitivity_20260321_193605,127,6,0.999999,2,1714537948,127136500,3,0.09140453287124634,0.11450634286999703,0.9663,0.90236,13.04856,0.13139701506975668,1.0,7.614955047207415,0.9999989867210388,0.9092,12.8047,0.1259939819574356,1.0,7.9368791580200195,0.9999989867210388,0.5,8192,16384,0.5
2026-03-22T01:30:13,crp_c_sensitivity_20260321_193605,127,6,0.999999,2,1714537948,127136500,4,0.07013522673368454,0.09004868805408478,0.9733,0.91406,12.93302,0.12970778647133763,1.0,7.711680252533739,0.9999989867210388,0.9278,12.6182,0.12701919674873352,1.0,7.8728179931640625,0.9999989867210388,0.5,8192,16384,0.5
2026-03-22T01:30:49,crp_c_sensitivity_20260321_193605,127,6,0.999999,2,1714537948,127136500,5,0.05422960103034973,0.09676427906751632,0.9734,0.9245,12.87244,0.1276780973424387,1.0,7.834423209090367,0.9999989867210388,0.9307,12.6734,0.12297403067350388,1.0,8.131790161132812,0.9999989867210388,0.5,8192,16384,0.5
2026-03-22T01:31:31,crp_c_sensitivity_20260321_193605,128,6,0.999999,3,558208653,1669045112,1,0.2958346605491638,0.1684605768918991,0.9507,0.86136,14.11858,0.13595871131895754,1.0,7.360611646071725,0.9999989867210388,0.8809,13.3527,0.13054560124874115,1.0,7.660150527954102,0.9999989867210388,0.5,8192,16384,0.5
2026-03-22T01:32:08,crp_c_sensitivity_20260321_193605,128,6,0.999999,3,558208653,1669045112,2,0.1294256841659546,0.12720957706570626,0.9616,0.89054,13.36454,0.13701861788092368,1.0,7.301153093957535,0.9999989867210388,0.9007,13.0219,0.13287413120269775,1.0,7.525911808013916,0.9999989867210388,0.5,8192,16384,0.5
2026-03-22T01:32:43,crp_c_sensitivity_20260321_193605,128,6,0.999999,3,558208653,1669045112,3,0.08960068724751473,0.10670396530851722,0.9688,0.90728,12.97286,0.1342456019900339,1.0,7.451699084942908,0.9999989867210388,0.9223,12.5484,0.13077951967716217,1.0,7.646449565887451,0.9999989867210388,0.5,8192,16384,0.5
2026-03-22T01:33:19,crp_c_sensitivity_20260321_193605,128,6,0.999999,3,558208653,1669045112,4,0.06772464937567711,0.10272894621491432,0.9687,0.92512,12.57132,0.12951679744988756,1.0,7.72489968346208,0.9999989867210388,0.9283,12.5519,0.12737442553043365,1.0,7.8508620262146,0.9999989867210388,0.5,8192,16384,0.5
2026-03-22T01:33:55,crp_c_sensitivity_20260321_193605,128,6,0.999999,3,558208653,1669045112,5,0.051803122979402545,0.096728502728045,0.9709,0.92726,12.69126,0.12833255186410206,1.0,7.7938507206909495,0.9999989867210388,0.936,12.4991,0.12616164982318878,1.0,7.926331043243408,0.9999989867210388,0.5,8192,16384,0.5
2026-03-22T01:34:38,crp_c_sensitivity_20260321_193605,129,6,0.999999,4,916709185,94575219,1,0.29255232905864714,0.16353356823921203,0.9502,0.8369,14.67314,0.13569200435257933,1.0,7.375034272518304,0.9999989867210388,0.8763,13.4675,0.12951751053333282,1.0,7.720955848693848,0.9999989867210388,0.5,8192,16384,0.5
2026-03-22T01:35:14,crp_c_sensitivity_20260321_193605,129,6,0.999999,4,916709185,94575219,2,0.12942706354618072,0.12342663073539734,0.9624,0.88664,13.39348,0.13530484508827825,1.0,7.396987050390609,0.9999989867210388,0.8997,12.8522,0.1281547248363495,1.0,7.8030595779418945,0.9999989867210388,0.5,8192,16384,0.5
2026-03-22T01:35:49,crp_c_sensitivity_20260321_193605,129,6,0.999999,4,916709185,94575219,3,0.08875866015672684,0.10446853804588317,0.9668,0.90268,13.0951,0.13410058750978213,1.0,7.458828607788476,0.9999989867210388,0.9041,13.0027,0.1312410682439804,1.0,7.619558811187744,0.9999989867210388,0.5,8192,16384,0.5
2026-03-22T01:36:25,crp_c_sensitivity_20260321_193605,129,6,0.999999,4,916709185,94575219,4,0.06682459178090096,0.0933593615591526,0.9712,0.9107,12.99172,0.13173679721629833,1.0,7.592519245489174,0.9999989867210388,0.9188,12.8113,0.1290382742881775,1.0,7.749630451202393,0.9999989867210388,0.5,8192,16384,0.5
2026-03-22T01:37:01,crp_c_sensitivity_20260321_193605,129,6,0.999999,4,916709185,94575219,5,0.054344597786664964,0.08241424210965634,0.9741,0.92102,12.90482,0.12978334751580378,1.0,7.70624223694472,0.9999989867210388,0.925,12.8242,0.1268192082643509,1.0,7.885232448577881,0.9999989867210388,0.5,8192,16384,0.5
2026-03-22T01:37:44,crp_c_sensitivity_20260321_193605,130,6,0.999999,5,781598766,1716332566,1,0.3108895348215103,0.17396346195936202,0.9469,0.86254,13.96702,0.13454131500038038,1.0,7.438657505737851,0.9999989867210388,0.8862,13.215,0.12927784025669098,1.0,7.735269546508789,0.9999989867210388,0.5,8192,16384,0.5
2026-03-22T01:38:19,crp_c_sensitivity_20260321_193605,130,6,0.999999,5,781598766,1716332566,2,0.1284958963751793,0.1317305898308754,0.9613,0.8919,13.30304,0.13567840652849972,1.0,7.375190336076195,0.9999989867210388,0.9101,12.6201,0.1301117241382599,1.0,7.685694694519043,0.9999989867210388,0.5,8192,16384,0.5
2026-03-22T01:38:54,crp_c_sensitivity_20260321_193605,130,6,0.999999,5,781598766,1716332566,3,0.08885125940203667,0.10968672780394555,0.9689,0.90874,12.9597,0.13351816849787826,1.0,7.492939134388019,0.9999989867210388,0.9184,12.6604,0.12902335822582245,1.0,7.750526428222656,0.9999989867210388,0.5,8192,16384,0.5
2026-03-22T01:39:29,crp_c_sensitivity_20260321_193605,130,6,0.999999,5,781598766,1716332566,4,0.0671817854642868,0.10233394434452057,0.9711,0.91674,12.93878,0.13054627039091057,1.0,7.6626633305074,0.9999989867210388,0.9161,12.859,0.12679772078990936,1.0,7.886569023132324,0.9999989867210388,0.5,8192,16384,0.5
2026-03-22T01:40:05,crp_c_sensitivity_20260321_193605,130,6,0.999999,5,781598766,1716332566,5,0.05348543464422226,0.10481444739103317,0.9704,0.92024,12.92084,0.12826021495834947,1.0,7.798635081561935,0.9999989867210388,0.9253,12.778,0.1257130205631256,1.0,7.954617023468018,0.9999989867210388,0.5,8192,16384,0.5
2026-03-22T01:40:48,crp_c_sensitivity_20260321_193605,131,6,0.999999,6,1109576961,1150840493,1,0.2893672073984146,0.16471548981666564,0.9505,0.89228,13.38104,0.1350600265557199,1.0,7.4077524687628005,0.9999989867210388,0.9149,12.542,0.1312524974346161,1.0,7.618894577026367,0.9999989867210388,0.5,8192,16384,0.5
2026-03-22T01:41:23,crp_c_sensitivity_20260321_193605,131,6,0.999999,6,1109576961,1150840493,2,0.1272237509059906,0.12905134720802308,0.9621,0.91914,12.6879,0.13745290311553593,1.0,7.27969583038174,0.9999989867210388,0.9298,12.2463,0.13246163725852966,1.0,7.549347877502441,0.9999989867210388,0.5,8192,16384,0.5
2026-03-22T01:41:59,crp_c_sensitivity_20260321_193605,131,6,0.999999,6,1109576961,1150840493,3,0.08890886508464813,0.10926860815882683,0.9684,0.93108,12.51196,0.13645765543593774,1.0,7.329895076849271,0.9999989867210388,0.9408,12.219,0.13273479044437408,1.0,7.533812522888184,0.9999989867210388,0.5,8192,16384,0.5
2026-03-22T01:42:34,crp_c_sensitivity_20260321_193605,131,6,0.999999,6,1109576961,1150840493,4,0.06791911034584046,0.10144238875508309,0.9699,0.93664,12.43054,0.13391696187236424,1.0,7.4687592903976245,0.9999989867210388,0.9396,12.3786,0.13088871538639069,1.0,7.640069961547852,0.9999989867210388,0.5,8192,16384,0.5
2026-03-22T01:43:09,crp_c_sensitivity_20260321_193605,131,6,0.999999,6,1109576961,1150840493,5,0.05295051046550274,0.10063819860219955,0.9718,0.94438,12.33422,0.13075048257322872,1.0,7.650638903498344,0.9999989867210388,0.9436,12.3543,0.12709611654281616,1.0,7.868053436279297,0.9999989867210388,0.5,8192,16384,0.5
2026-03-22T01:43:52,crp_c_sensitivity_20260321_193605,132,6,0.999999,7,1232754950,230997060,1,0.29818821085214614,0.1749082227230072,0.9494,0.78264,15.89854,0.13680914334019126,1.0,7.312875911098002,0.9999989867210388,0.818,14.7357,0.13179455697536469,1.0,7.587559223175049,0.9999989867210388,0.5,8192,16384,0.5
2026-03-22T01:44:28,crp_c_sensitivity_20260321_193605,132,6,0.999999,7,1232754950,230997060,2,0.12992123288631438,0.12767246971130372,0.963,0.82982,14.55776,0.13404369083664303,1.0,7.467797700096579,0.9999989867210388,0.8487,13.9854,0.12667571008205414,1.0,7.894165515899658,0.9999989867210388,0.5,8192,16384,0.5
2026-03-22T01:45:05,crp_c_sensitivity_20260321_193605,132,6,0.999999,7,1232754950,230997060,3,0.08973564830422401,0.11235044122934341,0.9691,0.85076,14.18922,0.1330617376605568,1.0,7.518802883070143,0.9999989867210388,0.864,13.7752,0.12738269567489624,1.0,7.850351810455322,0.9999989867210388,0.5,8192,16384,0.5
2026-03-22T01:45:40,crp_c_sensitivity_20260321_193605,132,6,0.999999,7,1232754950,230997060,4,0.06673734597086907,0.11792661563158036,0.966,0.86674,13.86594,0.12923993132150996,1.0,7.742054674631494,0.9999989867210388,0.8688,13.7448,0.12378700077533722,1.0,8.078384399414062,0.9999989867210388,0.5,8192,16384,0.5
2026-03-22T01:46:16,crp_c_sensitivity_20260321_193605,132,6,0.999999,7,1232754950,230997060,5,0.054274226930737496,0.09867398902177811,0.9711,0.87302,13.81514,0.1283662630545209,1.0,7.791459979913424,0.9999989867210388,0.8678,13.8559,0.1257081925868988,1.0,7.954922676086426,0.9999989867210388,0.5,8192,16384,0.5
2026-03-22T01:47:00,crp_c_sensitivity_20260321_193605,133,6,0.999999,8,1351386224,1629569257,1,0.306215712428093,0.1853493071436882,0.9459,0.82478,14.93884,0.13493982327106357,1.0,7.414006164921519,0.9999989867210388,0.8638,13.7965,0.1310667246580124,1.0,7.629693508148193,0.9999989867210388,0.5,8192,16384,0.5
2026-03-22T01:47:35,crp_c_sensitivity_20260321_193605,133,6,0.999999,8,1351386224,1629569257,2,0.1321053529047966,0.13010683647692203,0.9603,0.86632,13.87264,0.13534198579428447,1.0,7.392849746567514,0.9999989867210388,0.8896,13.1663,0.12992604076862335,1.0,7.696678638458252,0.9999989867210388,0.5,8192,16384,0.5
2026-03-22T01:48:11,crp_c_sensitivity_20260321_193605,133,6,0.999999,8,1351386224,1629569257,3,0.09326471012353897,0.11466959538757801,0.9653,0.8926,13.35252,0.13375902717070812,1.0,7.478951393185979,0.9999989867210388,0.9054,12.9384,0.12969060242176056,1.0,7.71065092086792,0.9999989867210388,0.5,8192,16384,0.5
2026-03-22T01:48:47,crp_c_sensitivity_20260321_193605,133,6,0.999999,8,1351386224,1629569257,4,0.06823523905754089,0.09364096059016884,0.9717,0.90302,13.16298,0.131657252988547,1.0,7.597175990833955,0.9999989867210388,0.9004,13.2076,0.12833653390407562,1.0,7.792006015777588,0.9999989867210388,0.5,8192,16384,0.5
2026-03-22T01:49:23,crp_c_sensitivity_20260321_193605,133,6,0.999999,8,1351386224,1629569257,5,0.052944881274700165,0.09482318960726262,0.9713,0.91014,13.06406,0.12824242781190312,1.0,7.7996858379725,0.9999989867210388,0.9212,12.7867,0.1253388524055481,1.0,7.978363990783691,0.9999989867210388,0.5,8192,16384,0.5
2026-03-22T01:50:06,crp_c_sensitivity_20260321_193605,134,6,0.999999,9,145930093,335379758,1,0.3113725034689903,0.17727153109312058,0.9484,0.88794,13.404,0.1391035569522082,1.0,7.19030464274804,0.9999989867210388,0.9117,12.7074,0.13500571250915527,1.0,7.407086372375488,0.9999989867210388,0.5,8192,16384,0.5
2026-03-22T01:50:41,crp_c_sensitivity_20260321_193605,134,6,0.999999,9,145930093,335379758,2,0.12979449610471724,0.13254863930642605,0.9618,0.91722,12.64576,0.13686934193534314,1.0,7.312723830532844,0.9999989867210388,0.9322,12.1866,0.13095706701278687,1.0,7.636082649230957,0.9999989867210388,0.5,8192,16384,0.5
2026-03-22T01:51:17,crp_c_sensitivity_20260321_193605,134,6,0.999999,9,145930093,335379758,3,0.0872825230383873,0.11504566491395235,0.966,0.93026,12.46992,0.13526522762635174,1.0,7.396670030510944,0.9999989867210388,0.9445,12.0166,0.13031408190727234,1.0,7.673760414123535,0.9999989867210388,0.5,8192,16384,0.5
2026-03-22T01:51:52,crp_c_sensitivity_20260321_193605,134,6,0.999999,9,145930093,335379758,4,0.06555352440357208,0.09800224270969629,0.9723,0.939,12.38164,0.1327454402013813,1.0,7.534753472603801,0.9999989867210388,0.9414,12.3548,0.12998135387897491,1.0,7.693403720855713,0.9999989867210388,0.5,8192,16384,0.5
2026-03-22T01:52:28,crp_c_sensitivity_20260321_193605,134,6,0.999999,9,145930093,335379758,5,0.05191216233491898,0.09516836867574602,0.9724,0.94548,12.36198,0.12988561212711627,1.0,7.70141773150705,0.9999989867210388,0.9531,12.0209,0.12489558011293411,1.0,8.006680488586426,0.9999989867210388,0.5,8192,16384,0.5
2026-03-22T01:53:11,crp_c_sensitivity_20260321_193605,135,6,0.999999,10,797183180,1890519904,1,0.31257356976985934,0.17370018725395203,0.9489,0.82464,15.05664,0.13644632022551564,1.0,7.332157277695053,0.9999989867210388,0.8745,13.565,0.13145971298217773,1.0,7.6068854331970215,0.9999989867210388,0.5,8192,16384,0.5
2026-03-22T01:53:47,crp_c_sensitivity_20260321_193605,135,6,0.999999,10,797183180,1890519904,2,0.13580649240016937,0.12571284494400026,0.9621,0.88384,13.48564,0.13598672058576208,1.0,7.356833570143756,0.9999989867210388,0.9016,12.9784,0.13163016736507416,1.0,7.597034931182861,0.9999989867210388,0.5,8192,16384,0.5
2026-03-22T01:54:23,crp_c_sensitivity_20260321_193605,135,6,0.999999,10,797183180,1890519904,3,0.09420193725347518,0.11052632231712341,0.9671,0.9058,13.06472,0.13411575834007214,1.0,7.458636278996382,0.9999989867210388,0.9068,12.9773,0.13089950382709503,1.0,7.639440536499023,0.9999989867210388,0.5,8192,16384,0.5
2026-03-22T01:54:58,crp_c_sensitivity_20260321_193605,135,6,0.999999,10,797183180,1890519904,4,0.07152188071072102,0.09881357364654542,0.9693,0.91658,12.87442,0.13114187738779562,1.0,7.627437287889173,0.9999989867210388,0.9224,12.8099,0.12862467765808105,1.0,7.774549961090088,0.9999989867210388,0.5,8192,16384,0.5
2026-03-22T01:55:34,crp_c_sensitivity_20260321_193605,135,6,0.999999,10,797183180,1890519904,5,0.05679902418971062,0.09393896081447602,0.9701,0.92148,12.88762,0.12993117721032,1.0,7.697755996528489,0.9999989867210388,0.9269,12.6875,0.12752008438110352,1.0,7.841894149780273,0.9999989867210388,0.5,8192,16384,0.5
2026-03-22T01:56:18,crp_c_sensitivity_20260321_193605,136,6,0.999999,11,1521629412,1363238397,1,0.3013659941506386,0.16796646313667296,0.9484,0.83246,14.554,0.1366698074218867,1.0,7.321133661148188,0.9999989867210388,0.8715,13.3481,0.12992900609970093,1.0,7.696503162384033,0.9999989867210388,0.5,8192,16384,0.5
2026-03-22T01:56:54,crp_c_sensitivity_20260321_193605,136,6,0.999999,11,1521629412,1363238397,2,0.13172171415805817,0.13762234048843383,0.9588,0.8685,13.65598,0.13497388835453317,1.0,7.412737229291131,0.9999989867210388,0.8911,12.9742,0.13022437691688538,1.0,7.679045677185059,0.9999989867210388,0.5,8192,16384,0.5
2026-03-22T01:57:30,crp_c_sensitivity_20260321_193605,136,6,0.999999,11,1521629412,1363238397,3,0.09021358689546585,0.10111310777068139,0.9695,0.89404,13.09114,0.1330778971886086,1.0,7.516613851727732,0.9999989867210388,0.9107,12.6513,0.12987829744815826,1.0,7.699508190155029,0.9999989867210388,0.5,8192,16384,0.5
2026-03-22T01:58:06,crp_c_sensitivity_20260321_193605,136,6,0.999999,11,1521629412,1363238397,4,0.0667589261764288,0.10301318002939225,0.9682,0.9044,12.93218,0.13086402313331205,1.0,7.642915158625454,0.9999989867210388,0.9099,12.8216,0.12827517092227936,1.0,7.7957329750061035,0.9999989867210388,0.5,8192,16384,0.5
2026-03-22T01:58:42,crp_c_sensitivity_20260321_193605,136,6,0.999999,11,1521629412,1363238397,5,0.05209882819056511,0.09540842899084091,0.9711,0.91632,12.69316,0.1279680782457447,1.0,7.816353483273245,0.9999989867210388,0.9208,12.504,0.12432806193828583,1.0,8.043228149414062,0.9999989867210388,0.5,8192,16384,0.5
2026-03-22T01:59:25,crp_c_sensitivity_20260321_193605,137,6,0.999999,12,75864779,590407739,1,0.29342453597068785,0.1875625928401947,0.944,0.8508,14.26744,0.13364045017058282,1.0,7.488009338183781,0.9999989867210388,0.8858,13.1369,0.12846820056438446,1.0,7.784019947052002,0.9999989867210388,0.5,8192,16384,0.5
2026-03-22T02:00:01,crp_c_sensitivity_20260321_193605,137,6,0.999999,12,75864779,590407739,2,0.1271767032814026,0.1444647436618805,0.9578,0.88814,13.30428,0.13546250002158572,1.0,7.385515006911724,0.9999989867210388,0.9091,12.7022,0.1306546926498413,1.0,7.653754711151123,0.9999989867210388,0.5,8192,16384,0.5
2026-03-22T02:00:37,crp_c_sensitivity_20260321_193605,137,6,0.999999,12,75864779,590407739,3,0.08864536329448224,0.12431938689947128,0.9624,0.90744,12.91458,0.13304070762508666,1.0,7.519291564326762,0.9999989867210388,0.9103,12.774,0.12947101891040802,1.0,7.723728179931641,0.9999989867210388,0.5,8192,16384,0.5
2026-03-22T02:01:13,crp_c_sensitivity_20260321_193605,137,6,0.999999,12,75864779,590407739,4,0.06591111626446247,0.11906290106773376,0.9644,0.91692,12.78446,0.13023741577592346,1.0,7.680848725311591,0.9999989867210388,0.9282,12.3314,0.1269751489162445,1.0,7.875548839569092,0.9999989867210388,0.5,8192,16384,0.5
2026-03-22T02:01:50,crp_c_sensitivity_20260321_193605,137,6,0.999999,12,75864779,590407739,5,0.052528911354541775,0.10773624475002289,0.9677,0.92432,12.58132,0.12698205872950957,1.0,7.877092832189692,0.9999989867210388,0.9267,12.4742,0.125228613615036,1.0,7.985387325286865,0.9999989867210388,0.5,8192,16384,0.5
2026-03-22T02:02:33,crp_c_sensitivity_20260321_193605,138,6,0.999999,13,1602534238,953672790,1,0.31414920471191404,0.19170783162117006,0.9426,0.86948,13.93272,0.13456316764854714,1.0,7.436766098832231,0.9999989867210388,0.9015,12.8072,0.1280079334974289,1.0,7.812007904052734,0.9999989867210388,0.5,8192,16384,0.5
2026-03-22T02:03:09,crp_c_sensitivity_20260321_193605,138,6,0.999999,13,1602534238,953672790,2,0.1396829827570915,0.13458282794952392,0.9587,0.90276,12.96616,0.1348023819725227,1.0,7.422536468261953,0.9999989867210388,0.9174,12.395,0.1298958957195282,1.0,7.698464870452881,0.9999989867210388,0.5,8192,16384,0.5
2026-03-22T02:03:45,crp_c_sensitivity_20260321_193605,138,6,0.999999,13,1602534238,953672790,3,0.09454025624155998,0.11621928242444993,0.9634,0.91856,12.63104,0.1335139843966345,1.0,7.491991046749417,0.9999989867210388,0.9328,12.197,0.13001112639904022,1.0,7.691641330718994,0.9999989867210388,0.5,8192,16384,0.5
2026-03-22T02:04:21,crp_c_sensitivity_20260321_193605,138,6,0.999999,13,1602534238,953672790,4,0.07332543367505073,0.1029205607175827,0.9685,0.9298,12.39432,0.13171987978698652,1.0,7.5933222002385525,0.9999989867210388,0.9358,12.185,0.12806442379951477,1.0,7.808562278747559,0.9999989867210388,0.5,8192,16384,0.5
2026-03-22T02:04:57,crp_c_sensitivity_20260321_193605,138,6,0.999999,13,1602534238,953672790,5,0.059067110458016395,0.09901161024570465,0.9682,0.93532,12.30724,0.12973526737574118,1.0,7.7095526270854196,0.9999989867210388,0.9454,11.9442,0.12624403834342957,1.0,7.921158313751221,0.9999989867210388,0.5,8192,16384,0.5
2026-03-22T02:05:40,crp_c_sensitivity_20260321_193605,139,6,0.999999,14,1472962078,791745684,1,0.30673924125671387,0.1767647403895855,0.9474,0.85582,14.28944,0.1343638192281089,1.0,7.45479781304479,0.9999989867210388,0.8887,13.0842,0.12626244127750397,1.0,7.920003890991211,0.9999989867210388,0.5,8192,16384,0.5
2026-03-22T02:06:16,crp_c_sensitivity_20260321_193605,139,6,0.999999,14,1472962078,791745684,2,0.13491722071409226,0.13897300096154214,0.9585,0.88736,13.3524,0.1347685744771567,1.0,7.425672900646239,0.9999989867210388,0.9023,12.7533,0.1289210021495819,1.0,7.756680488586426,0.9999989867210388,0.5,8192,16384,0.5
2026-03-22T02:06:52,crp_c_sensitivity_20260321_193605,139,6,0.999999,14,1472962078,791745684,3,0.09312749325990677,0.11354052739739418,0.9674,0.9058,12.94732,0.13339429236281558,1.0,7.4994798560276665,0.9999989867210388,0.9077,12.7897,0.12912391126155853,1.0,7.744491100311279,0.9999989867210388,0.5,8192,16384,0.5
2026-03-22T02:07:27,crp_c_sensitivity_20260321_193605,139,6,0.999999,14,1472962078,791745684,4,0.06863511923730374,0.10927247266769409,0.9682,0.91436,12.84624,0.13149891511711012,1.0,7.606843325183215,0.9999989867210388,0.9188,12.6059,0.127351775765419,1.0,7.85225772857666,0.9999989867210388,0.5,8192,16384,0.5
2026-03-22T02:08:03,crp_c_sensitivity_20260321_193605,139,6,0.999999,14,1472962078,791745684,5,0.052815833271741865,0.09510070940554143,0.9722,0.92584,12.67496,0.1291261097735456,1.0,7.746143706924165,0.9999989867210388,0.93,12.5153,0.12591204047203064,1.0,7.942044258117676,0.9999989867210388,0.5,8192,16384,0.5
2026-03-22T02:08:46,crp_c_sensitivity_20260321_193605,140,6,0.999999,15,862840354,659823737,1,0.3137586875486374,0.17273605914115905,0.9481,0.89352,13.29244,0.13327082503787088,1.0,7.506642830646252,0.9999989867210388,0.9081,12.7228,0.12923915684223175,1.0,7.737585544586182,0.9999989867210388,0.5,8192,16384,0.5
2026-03-22T02:09:21,crp_c_sensitivity_20260321_193605,140,6,0.999999,15,862840354,659823737,2,0.13518683638572693,0.1263368051290512,0.9618,0.91064,12.8953,0.13448067013260043,1.0,7.438236585358524,0.9999989867210388,0.9252,12.4847,0.1312732696533203,1.0,7.61768913269043,0.9999989867210388,0.5,8192,16384,0.5
2026-03-22T02:09:57,crp_c_sensitivity_20260321_193605,140,6,0.999999,15,862840354,659823737,3,0.09700718700170517,0.1171785147190094,0.9642,0.93082,12.36546,0.13109837331430382,1.0,7.629537240928396,0.9999989867210388,0.9354,12.178,0.12858472764492035,1.0,7.776965618133545,0.9999989867210388,0.5,8192,16384,0.5
2026-03-22T02:10:33,crp_c_sensitivity_20260321_193605,140,6,0.999999,15,862840354,659823737,4,0.0710954812180996,0.10197294034957886,0.9704,0.93468,12.41104,0.12981197588584004,1.0,7.70501258489116,0.9999989867210388,0.9383,12.3344,0.12705886363983154,1.0,7.870359897613525,0.9999989867210388,0.5,8192,16384,0.5
2026-03-22T02:11:08,crp_c_sensitivity_20260321_193605,140,6,0.999999,15,862840354,659823737,5,0.055590615657567975,0.09855364221930504,0.9709,0.93856,12.44946,0.12669214349039984,1.0,7.89480832531629,0.9999989867210388,0.9436,12.2171,0.12317860126495361,1.0,8.118285179138184,0.9999989867210388,0.5,8192,16384,0.5
2026-03-22T02:11:51,crp_c_sensitivity_20260321_193605,141,6,0.999999,16,964587942,1310767475,1,0.3063868230199814,0.17708837397098542,0.9472,0.83512,14.5895,0.13753499094482577,1.0,7.273494550943984,0.9999989867210388,0.8705,13.4432,0.13307419419288635,1.0,7.514597415924072,0.9999989867210388,0.5,8192,16384,0.5
2026-03-22T02:12:27,crp_c_sensitivity_20260321_193605,141,6,0.999999,16,964587942,1310767475,2,0.12829308075904847,0.12696590625047685,0.9629,0.8792,13.44856,0.13676333686579828,1.0,7.314588390652786,0.9999989867210388,0.8907,13.1088,0.1323976367712021,1.0,7.55299711227417,0.9999989867210388,0.5,8192,16384,0.5
2026-03-22T02:13:02,crp_c_sensitivity_20260321_193605,141,6,0.999999,16,964587942,1310767475,3,0.08803202300190925,0.12097866742610931,0.9651,0.89758,13.14252,0.13476138533381246,1.0,7.421921894678374,0.9999989867210388,0.9171,12.6795,0.13221606612205505,1.0,7.5633697509765625,0.9999989867210388,0.5,8192,16384,0.5
2026-03-22T02:13:38,crp_c_sensitivity_20260321_193605,141,6,0.999999,16,964587942,1310767475,4,0.06579915819644928,0.10568264560699463,0.9691,0.91182,12.88152,0.13043621666443622,1.0,7.671261142281925,0.9999989867210388,0.9109,12.8102,0.12692265212535858,1.0,7.8788065910339355,0.9999989867210388,0.5,8192,16384,0.5
2026-03-22T02:14:14,crp_c_sensitivity_20260321_193605,141,6,0.999999,16,964587942,1310767475,5,0.05356512132644653,0.10015875043272972,0.9705,0.91906,12.7771,0.1268801446384786,1.0,7.883854289189019,0.9999989867210388,0.9277,12.4884,0.12500309944152832,1.0,7.999794006347656,0.9999989867210388,0.5,8192,16384,0.5
2026-03-22T02:14:56,crp_c_sensitivity_20260321_193605,142,6,0.999999,17,567667364,669689953,1,0.3099772721099853,0.1745660095691681,0.9505,0.79672,15.52514,0.13674802838079156,1.0,7.316345512409649,0.9999989867210388,0.8407,14.3016,0.13167592883110046,1.0,7.594394683837891,0.9999989867210388,0.5,8192,16384,0.5
2026-03-22T02:15:34,crp_c_sensitivity_20260321_193605,142,6,0.999999,17,567667364,669689953,2,0.13161699674844743,0.1254894835948944,0.9651,0.85316,14.10038,0.1361566163085001,1.0,7.3472899963788665,0.9999989867210388,0.8717,13.6959,0.13202813267707825,1.0,7.574135780334473,0.9999989867210388,0.5,8192,16384,0.5
2026-03-22T02:16:10,crp_c_sensitivity_20260321_193605,142,6,0.999999,17,567667364,669689953,3,0.08998869808673858,0.11156641631126404,0.9673,0.87286,13.7231,0.1343523024598046,1.0,7.445193219977572,0.9999989867210388,0.8869,13.3388,0.13081300258636475,1.0,7.6444926261901855,0.9999989867210388,0.5,8192,16384,0.5
2026-03-22T02:16:45,crp_c_sensitivity_20260321_193605,142,6,0.999999,17,567667364,669689953,4,0.06654172790110112,0.09761520372629166,0.9732,0.88476,13.53944,0.13144592529215166,1.0,7.609963060949769,0.9999989867210388,0.8911,13.3631,0.12753842771053314,1.0,7.840765953063965,0.9999989867210388,0.5,8192,16384,0.5
2026-03-22T02:17:20,crp_c_sensitivity_20260321_193605,142,6,0.999999,17,567667364,669689953,5,0.052278813378810886,0.09637505704164505,0.9733,0.8958,13.44342,0.12952745017950493,1.0,7.721872999235187,0.9999989867210388,0.903,13.2895,0.12687180936336517,1.0,7.881963729858398,0.9999989867210388,0.5,8192,16384,0.5
2026-03-22T02:18:02,crp_c_sensitivity_20260321_193605,143,6,0.999999,18,1583170189,1057652503,1,0.29389881702661513,0.1713937169313431,0.9501,0.88202,13.55882,0.1367198556966489,1.0,7.317086596623101,0.9999989867210388,0.9068,12.6434,0.13061389327049255,1.0,7.656146049499512,0.9999989867210388,0.5,8192,16384,0.5
2026-03-22T02:18:37,crp_c_sensitivity_20260321_193605,143,6,0.999999,18,1583170189,1057652503,2,0.12988746315062047,0.13174000849723816,0.96,0.91734,12.61196,0.13702082157592335,1.0,7.300776103573382,0.9999989867210388,0.9355,12.0397,0.13293017446994781,1.0,7.522738933563232,0.9999989867210388,0.5,8192,16384,0.5
2026-03-22T02:19:12,crp_c_sensitivity_20260321_193605,143,6,0.999999,18,1583170189,1057652503,3,0.08855589447677135,0.12378440346717834,0.9636,0.93516,12.20594,0.1344351285635053,1.0,7.442085417335296,0.9999989867210388,0.9367,12.1069,0.13035155832767487,1.0,7.671554088592529,0.9999989867210388,0.5,8192,16384,0.5
2026-03-22T02:19:49,crp_c_sensitivity_20260321_193605,143,6,0.999999,18,1583170189,1057652503,4,0.06624484674692153,0.09996973761618137,0.9692,0.94388,12.03286,0.13205464778806242,1.0,7.574907219928244,0.9999989867210388,0.9581,11.5959,0.1285237967967987,1.0,7.780652046203613,0.9999989867210388,0.5,8192,16384,0.5
2026-03-22T02:20:26,crp_c_sensitivity_20260321_193605,143,6,0.999999,18,1583170189,1057652503,5,0.05271407470583916,0.09953429817855358,0.9701,0.95308,11.88022,0.129824116978499,1.0,7.703723889177717,0.9999989867210388,0.9486,12.0594,0.1277240514755249,1.0,7.829371452331543,0.9999989867210388,0.5,8192,16384,0.5
2026-03-22T02:21:10,crp_c_sensitivity_20260321_193605,144,6,0.999999,19,1031662815,108156552,1,0.30791752889156343,0.1698132007598877,0.95,0.81708,15.14944,0.13755533232560854,1.0,7.271819885429519,0.9999989867210388,0.8575,13.9083,0.13413608074188232,1.0,7.455108165740967,0.9999989867210388,0.5,8192,16384,0.5
2026-03-22T02:21:46,crp_c_sensitivity_20260321_193605,144,6,0.999999,19,1031662815,108156552,2,0.13217578839302063,0.13110886030197144,0.9596,0.863,13.9088,0.13602687570902391,1.0,7.356586745328001,0.9999989867210388,0.8865,13.2402,0.1297057867050171,1.0,7.7097487449646,0.9999989867210388,0.5,8192,16384,0.5
2026-03-22T02:22:21,crp_c_sensitivity_20260321_193605,144,6,0.999999,19,1031662815,108156552,3,0.09169693192481995,0.11187591214179993,0.9668,0.88704,13.38314,0.13296378920297794,1.0,7.52534620841141,0.9999989867210388,0.8976,13.0474,0.128671333193779,1.0,7.771731376647949,0.9999989867210388,0.5,8192,16384,0.5
2026-03-22T02:22:56,crp_c_sensitivity_20260321_193605,144,6,0.999999,19,1031662815,108156552,4,0.06901101830482483,0.10048152815103531,0.9698,0.9014,13.17058,0.13141504204486643,1.0,7.61213755912488,0.9999989867210388,0.9082,12.881,0.12827366590499878,1.0,7.79582405090332,0.9999989867210388,0.5,8192,16384,0.5
2026-03-22T02:23:31,crp_c_sensitivity_20260321_193605,144,6,0.999999,19,1031662815,108156552,5,0.051951529656648635,0.09346399680376052,0.9717,0.9088,13.07486,0.12850228529375837,1.0,7.7841313269437125,0.9999989867210388,0.9183,12.8544,0.12455176562070847,1.0,8.02878189086914,0.9999989867210388,0.5,8192,16384,0.5
2026-03-22T02:24:13,crp_c_sensitivity_20260321_193605,145,6,0.999999,20,569361239,956828959,1,0.30822550752162936,0.1734182231903076,0.9476,0.85778,14.115,0.13678844440776064,1.0,7.314864161069436,0.9999989867210388,0.8933,13.0195,0.13234306871891022,1.0,7.5561113357543945,0.9999989867210388,0.5,8192,16384,0.5
2026-03-22T02:24:48,crp_c_sensitivity_20260321_193605,145,6,0.999999,20,569361239,956828959,2,0.132905980219841,0.12644167646765708,0.9627,0.89608,13.1095,0.13615963842405382,1.0,7.349929480296572,0.9999989867210388,0.9136,12.4041,0.1296498030424118,1.0,7.713077545166016,0.9999989867210388,0.5,8192,16384,0.5
2026-03-22T02:25:24,crp_c_sensitivity_20260321_193605,145,6,0.999999,20,569361239,956828959,3,0.09335812796711922,0.11195133482962846,0.9646,0.91588,12.60854,0.13455327891785165,1.0,7.434160369131571,0.9999989867210388,0.9342,12.1421,0.13106264173984528,1.0,7.629931449890137,0.9999989867210388,0.5,8192,16384,0.5
2026-03-22T02:25:59,crp_c_sensitivity_20260321_193605,145,6,0.999999,20,569361239,956828959,4,0.06997067004323006,0.09016687468215823,0.9714,0.92708,12.40976,0.13155432662848013,1.0,7.603739586022809,0.9999989867210388,0.9363,12.048,0.1267606019973755,1.0,7.888878345489502,0.9999989867210388,0.5,8192,16384,0.5
2026-03-22T02:26:34,crp_c_sensitivity_20260321_193605,145,6,0.999999,20,569361239,956828959,5,0.05391644833803177,0.09644146495610476,0.9701,0.93568,12.29996,0.12894519119311476,1.0,7.757322871166727,0.9999989867210388,0.9372,12.2339,0.12582623958587646,1.0,7.947460174560547,0.9999989867210388,0.5,8192,16384,0.5
2026-03-22T02:27:16,crp_c_sensitivity_20260321_193605,146,6,0.999999,21,63034391,471662976,1,0.3243773228168488,0.17976916265487672,0.9488,0.874,13.86974,0.13662673487230334,1.0,7.322026880805755,0.9999989867210388,0.9001,13.0593,0.13165827095508575,1.0,7.595413684844971,0.9999989867210388,0.5,8192,16384,0.5
2026-03-22T02:27:51,crp_c_sensitivity_20260321_193605,146,6,0.999999,21,63034391,471662976,2,0.13385336654663085,0.13383349989652635,0.9615,0.90324,13.11184,0.13613651818631556,1.0,7.3481090001742855,0.9999989867210388,0.9223,12.566,0.13219620287418365,1.0,7.5645060539245605,0.9999989867210388,0.5,8192,16384,0.5
2026-03-22T02:28:27,crp_c_sensitivity_20260321_193605,146,6,0.999999,21,63034391,471662976,3,0.09413563882350921,0.11729730833172798,0.9649,0.91994,12.8029,0.13412568792510215,1.0,7.458147240416778,0.9999989867210388,0.929,12.4557,0.1296805441379547,1.0,7.711248874664307,0.9999989867210388,0.5,8192,16384,0.5
2026-03-22T02:29:01,crp_c_sensitivity_20260321_193605,146,6,0.999999,21,63034391,471662976,4,0.07161172857522964,0.1068611752152443,0.9679,0.92782,12.6943,0.13155479245173657,1.0,7.603619420619877,0.9999989867210388,0.9402,12.3287,0.1272537112236023,1.0,7.858309268951416,0.9999989867210388,0.5,8192,16384,0.5
2026-03-22T02:29:37,crp_c_sensitivity_20260321_193605,146,6,0.999999,21,63034391,471662976,5,0.05492284447312355,0.10222218196392059,0.9694,0.93386,12.6531,0.12911584607475554,1.0,7.746259316154148,0.9999989867210388,0.9421,12.4678,0.12629978358745575,1.0,7.917662143707275,0.9999989867210388,0.5,8192,16384,0.5
2026-03-22T02:30:19,crp_c_sensitivity_20260321_193605,147,6,0.999999,22,741035341,292208213,1,0.3144054207992554,0.18693751630783081,0.9446,0.89016,13.53622,0.1343268824888922,1.0,7.449620165178538,0.9999989867210388,0.9167,12.5632,0.12889918684959412,1.0,7.757993221282959,0.9999989867210388,0.5,8192,16384,0.5
2026-03-22T02:30:54,crp_c_sensitivity_20260321_193605,147,6,0.999999,22,741035341,292208213,2,0.13484729402542114,0.12960642082691193,0.9616,0.91912,12.6657,0.13474535538107538,1.0,7.423887608911071,0.9999989867210388,0.9292,12.3544,0.1311420202255249,1.0,7.6253132820129395,0.9999989867210388,0.5,8192,16384,0.5
2026-03-22T02:31:29,crp_c_sensitivity_20260321_193605,147,6,0.999999,22,741035341,292208213,3,0.09066184181213378,0.1225789817802608,0.9612,0.93324,12.3921,0.13332789499893824,1.0,7.501762352331215,0.9999989867210388,0.9423,12.1262,0.1304718554019928,1.0,7.664480209350586,0.9999989867210388,0.5,8192,16384,0.5
2026-03-22T02:32:05,crp_c_sensitivity_20260321_193605,147,6,0.999999,22,741035341,292208213,4,0.06983840762138367,0.09865146799087525,0.9696,0.9404,12.32246,0.13045213396287025,1.0,7.667553816305097,0.9999989867210388,0.9436,12.1393,0.12726591527462006,1.0,7.857555866241455,0.9999989867210388,0.5,8192,16384,0.5
2026-03-22T02:32:40,crp_c_sensitivity_20260321_193605,147,6,0.999999,22,741035341,292208213,5,0.05378317089796066,0.09632309579253197,0.9715,0.94746,12.23302,0.12876893103580037,1.0,7.766962275785558,0.9999989867210388,0.9446,12.2962,0.12680625915527344,1.0,7.886037826538086,0.9999989867210388,0.5,8192,16384,0.5
2026-03-22T02:33:22,crp_c_sensitivity_20260321_193605,148,6,0.999999,23,1977815317,4370229,1,0.3054166696548462,0.17997917016744613,0.9454,0.82458,14.90036,0.1363945544299567,1.0,7.3349503556175915,0.9999989867210388,0.8517,13.9655,0.13128453493118286,1.0,7.617035388946533,0.9999989867210388,0.5,8192,16384,0.5
2026-03-22T02:33:57,crp_c_sensitivity_20260321_193605,148,6,0.999999,23,1977815317,4370229,2,0.1348359015607834,0.126888250374794,0.9599,0.86528,13.7333,0.13434472207523063,1.0,7.448220532263636,0.9999989867210388,0.8779,13.2956,0.1298084557056427,1.0,7.703650951385498,0.9999989867210388,0.5,8192,16384,0.5
2026-03-22T02:34:33,crp_c_sensitivity_20260321_193605,148,6,0.999999,23,1977815317,4370229,3,0.09456483809947967,0.12172235328257083,0.9631,0.88146,13.41404,0.13300803238930908,1.0,7.523602300287817,0.9999989867210388,0.8909,13.1545,0.12850719690322876,1.0,7.781657695770264,0.9999989867210388,0.5,8192,16384,0.5
2026-03-22T02:35:09,crp_c_sensitivity_20260321_193605,148,6,0.999999,23,1977815317,4370229,4,0.07245657941579818,0.09389905936717988,0.9712,0.89372,13.19416,0.13092946903327543,1.0,7.639215708388697,0.9999989867210388,0.9061,12.8904,0.12822850048542023,1.0,7.79857063293457,0.9999989867210388,0.5,8192,16384,0.5
2026-03-22T02:35:44,crp_c_sensitivity_20260321_193605,148,6,0.999999,23,1977815317,4370229,5,0.0558573708319664,0.10147493153810501,0.9692,0.90454,13.07234,0.12909375485556815,1.0,7.747850453457259,0.9999989867210388,0.9121,12.8326,0.1258559376001358,1.0,7.945584774017334,0.9999989867210388,0.5,8192,16384,0.5
2026-03-22T02:36:27,crp_c_sensitivity_20260321_193605,149,6,0.999999,24,1452010139,2082185077,1,0.30603608236789703,0.1709196075886488,0.9502,0.86624,14.00864,0.13499025337378998,1.0,7.411735316371674,0.9999989867210388,0.8944,13.0703,0.12988725304603577,1.0,7.698977470397949,0.9999989867210388,0.5,8192,16384,0.5
2026-03-22T02:37:02,crp_c_sensitivity_20260321_193605,149,6,0.999999,24,1452010139,2082185077,2,0.13345814784765245,0.13080697941184044,0.9597,0.90336,13.04426,0.1345953219915595,1.0,7.434579676069567,0.9999989867210388,0.9223,12.5501,0.12981371581554413,1.0,7.703338146209717,0.9999989867210388,0.5,8192,16384,0.5
2026-03-22T02:37:37,crp_c_sensitivity_20260321_193605,149,6,0.999999,24,1452010139,2082185077,3,0.0936157592868805,0.11161482041701674,0.966,0.91814,12.79026,0.13355765348810064,1.0,7.489046113875211,0.9999989867210388,0.9256,12.6077,0.1303045004606247,1.0,7.674324035644531,0.9999989867210388,0.5,8192,16384,0.5
2026-03-22T02:38:11,crp_c_sensitivity_20260321_193605,149,6,0.999999,24,1452010139,2082185077,4,0.06897521476864815,0.10306264374256134,0.9688,0.92742,12.68514,0.13131261961844265,1.0,7.616788048268584,0.9999989867210388,0.9364,12.3964,0.1284758746623993,1.0,7.783554553985596,0.9999989867210388,0.5,8192,16384,0.5
2026-03-22T02:38:46,crp_c_sensitivity_20260321_193605,149,6,0.999999,24,1452010139,2082185077,5,0.05397063998341561,0.10343145594149827,0.9688,0.93708,12.5512,0.12879370564542464,1.0,7.765669792204561,0.9999989867210388,0.94,12.4143,0.12593720853328705,1.0,7.940457344055176,0.9999989867210388,0.5,8192,16384,0.5
2026-03-22T02:39:28,crp_c_sensitivity_20260321_193605,150,6,0.999999,25,1343471071,1727826978,1,0.2928345333957672,0.16769228596687316,0.9483,0.87186,13.83314,0.13312468176607586,1.0,7.515430488244957,0.9999989867210388,0.8959,12.9599,0.12801796197891235,1.0,7.811395645141602,0.9999989867210388,0.5,8192,16384,0.5
2026-03-22T02:40:05,crp_c_sensitivity_20260321_193605,150,6,0.999999,25,1343471071,1727826978,2,0.13037119994878768,0.1175841688632965,0.964,0.89184,13.26934,0.13352596531133823,1.0,7.492959166426793,0.9999989867210388,0.907,12.7591,0.1281014084815979,1.0,7.806307315826416,0.9999989867210388,0.5,8192,16384,0.5
2026-03-22T02:40:41,crp_c_sensitivity_20260321_193605,150,6,0.999999,25,1343471071,1727826978,3,0.08951856799602509,0.10077455815076829,0.9713,0.90732,12.90006,0.13040368769632277,1.0,7.671443966038696,0.9999989867210388,0.9142,12.6195,0.1273183524608612,1.0,7.854319095611572,0.9999989867210388,0.5,8192,16384,0.5
2026-03-22T02:41:16,crp_c_sensitivity_20260321_193605,150,6,0.999999,25,1343471071,1727826978,4,0.06670704171657563,0.09616093652248382,0.9721,0.92052,12.66104,0.12962253830012152,1.0,7.716071714220754,0.9999989867210388,0.9241,12.5063,0.12670521438121796,1.0,7.892326831817627,0.9999989867210388,0.5,8192,16384,0.5
2026-03-22T02:41:51,crp_c_sensitivity_20260321_193605,150,6,0.999999,25,1343471071,1727826978,5,0.05302767972946167,0.10471330562829971,0.9674,0.93092,12.4669,0.12632706620351739,1.0,7.918991423019058,0.9999989867210388,0.9347,12.3292,0.12231244891881943,1.0,8.175774574279785,0.9999989867210388,0.5,8192,16384,0.5
2026-03-22T02:42:35,crp_c_sensitivity_20260321_193605,151,7,0.9999999,1,2005493959,178549048,1,0.3156298037481308,0.18249673914909362,0.9479,0.74662,17.55708,0.13547161065251626,1.0,7.3829476449190805,0.9999998807907104,0.7922,16.4413,0.13226065039634705,1.0,7.560826778411865,0.9999998807907104,0.5,8192,16384,0.5
2026-03-22T02:43:11,crp_c_sensitivity_20260321_193605,151,7,0.9999999,1,2005493959,178549048,2,0.13605458247423172,0.14192976363897325,0.9597,0.80086,16.339,0.1356107414607197,1.0,7.3760709555252735,0.9999998807907104,0.8313,15.4328,0.13125622272491455,1.0,7.618685245513916,0.9999998807907104,0.5,8192,16384,0.5
2026-03-22T02:43:47,crp_c_sensitivity_20260321_193605,151,7,0.9999999,1,2005493959,178549048,3,0.0926379323220253,0.12445121251940727,0.9625,0.83022,15.72026,0.13302425380862887,1.0,7.5189769164375635,0.9999998807907104,0.8507,15.2176,0.1300795078277588,1.0,7.687605381011963,0.9999998807907104,0.5,8192,16384,0.5
2026-03-22T02:44:24,crp_c_sensitivity_20260321_193605,151,7,0.9999999,1,2005493959,178549048,4,0.07116067513942718,0.1126548283547163,0.9665,0.8518,15.31968,0.1296358788981462,1.0,7.71783031161179,0.9999998807907104,0.8687,14.852,0.1256950944662094,1.0,7.955758571624756,0.9999998807907104,0.5,8192,16384,0.5
2026-03-22T02:45:01,crp_c_sensitivity_20260321_193605,151,7,0.9999999,1,2005493959,178549048,5,0.05442463436245918,0.11263970602750778,0.9671,0.87162,14.9609,0.1266998510493342,1.0,7.895194043893643,0.9999998807907104,0.8833,14.646,0.1240135207772255,1.0,8.06363582611084,0.9999998807907104,0.5,8192,16384,0.5
2026-03-22T02:45:44,crp_c_sensitivity_20260321_193605,152,7,0.9999999,2,65723721,238501352,1,0.3143368362426758,0.17604503979682923,0.9465,0.72702,17.89506,0.13914108455486005,1.0,7.189068778396567,0.9999998807907104,0.7666,16.8857,0.13559144735336304,1.0,7.375095367431641,0.9999998807907104,0.5,8192,16384,0.5
2026-03-22T02:46:20,crp_c_sensitivity_20260321_193605,152,7,0.9999999,2,65723721,238501352,2,0.13557395632743835,0.1368845184803009,0.9598,0.78262,16.65116,0.13706152766104548,1.0,7.300113085285782,0.9999998807907104,0.7998,16.2133,0.13196049630641937,1.0,7.578024387359619,0.9999998807907104,0.5,8192,16384,0.5
2026-03-22T02:46:56,crp_c_sensitivity_20260321_193605,152,7,0.9999999,2,65723721,238501352,3,0.09535297393083572,0.11264372625350952,0.9672,0.80882,16.15768,0.13502551028338236,1.0,7.408527496220816,0.9999998807907104,0.8365,15.3624,0.1297478973865509,1.0,7.7072529792785645,0.9999998807907104,0.5,8192,16384,0.5
2026-03-22T02:47:33,crp_c_sensitivity_20260321_193605,152,7,0.9999999,2,65723721,238501352,4,0.06990206065893173,0.10242522249221801,0.971,0.83342,15.69198,0.13207166148421098,1.0,7.574030906647978,0.9999998807907104,0.8533,15.2315,0.12779690325260162,1.0,7.824914455413818,0.9999998807907104,0.5,8192,16384,0.5
2026-03-22T02:48:09,crp_c_sensitivity_20260321_193605,152,7,0.9999999,2,65723721,238501352,5,0.054995680398344994,0.10004982633590698,0.9706,0.8515,15.38122,0.12916983873642923,1.0,7.743314168642244,0.9999998807907104,0.8606,15.2175,0.12666632235050201,1.0,7.894757270812988,0.9999998807907104,0.5,8192,16384,0.5
2026-03-22T02:48:52,crp_c_sensitivity_20260321_193605,153,7,0.9999999,3,1293765298,1872913114,1,0.3033656823968887,0.1720392735004425,0.9487,0.69242,18.47972,0.13481085086265182,1.0,7.423050236519035,0.9999998807907104,0.754,16.9264,0.12880510091781616,1.0,7.76366662979126,0.9999998807907104,0.5,8192,16384,0.5
2026-03-22T02:49:30,crp_c_sensitivity_20260321_193605,153,7,0.9999999,3,1293765298,1872913114,2,0.13504089329481125,0.12219035443067551,0.9636,0.76216,16.92422,0.13265615473013095,1.0,7.547162479146972,0.9999998807907104,0.8118,15.5048,0.1250343769788742,1.0,7.997799396514893,0.9999998807907104,0.5,8192,16384,0.5
2026-03-22T02:50:07,crp_c_sensitivity_20260321_193605,153,7,0.9999999,3,1293765298,1872913114,3,0.09316985575079918,0.10275583656728268,0.969,0.79606,16.24476,0.13289064854917015,1.0,7.527012129878754,0.9999998807907104,0.8244,15.547,0.12946566939353943,1.0,7.724054336547852,0.9999998807907104,0.5,8192,16384,0.5
2026-03-22T02:50:44,crp_c_sensitivity_20260321_193605,153,7,0.9999999,3,1293765298,1872913114,4,0.06970645162343979,0.10151923067569733,0.9687,0.82896,15.63116,0.130128464887819,1.0,7.687093357905708,0.9999998807907104,0.8492,15.0875,0.1266852468252182,1.0,7.893578052520752,0.9999998807907104,0.5,8192,16384,0.5
2026-03-22T02:51:19,crp_c_sensitivity_20260321_193605,153,7,0.9999999,3,1293765298,1872913114,5,0.05500156815648079,0.09313070346713066,0.9703,0.85424,15.13488,0.12768825608522386,1.0,7.83284842571639,0.9999998807907104,0.8698,14.7949,0.12471705675125122,1.0,8.018148422241211,0.9999998807907104,0.5,8192,16384,0.5
2026-03-22T02:52:03,crp_c_sensitivity_20260321_193605,154,7,0.9999999,4,403621186,1853165865,1,0.3004603844690323,0.17691833896636963,0.946,0.78088,16.74842,0.13545370978467605,1.0,7.387544731959663,0.9999998807907104,0.828,15.5398,0.13044962286949158,1.0,7.665793418884277,0.9999998807907104,0.5,8192,16384,0.5
2026-03-22T02:52:40,crp_c_sensitivity_20260321_193605,154,7,0.9999999,4,403621186,1853165865,2,0.13259468827486037,0.1202064337849617,0.9642,0.83008,15.57412,0.13457039318731068,1.0,7.439601895754294,0.9999998807907104,0.8445,15.0968,0.12775762379169464,1.0,7.8273210525512695,0.9999998807907104,0.5,8192,16384,0.5
2026-03-22T02:53:16,crp_c_sensitivity_20260321_193605,154,7,0.9999999,4,403621186,1853165865,3,0.08854647777557373,0.10919564947038889,0.9647,0.85018,15.2249,0.13331260915150117,1.0,7.503967875409919,0.9999998807907104,0.8596,15.0005,0.12962932884693146,1.0,7.714303016662598,0.9999998807907104,0.5,8192,16384,0.5
2026-03-22T02:53:52,crp_c_sensitivity_20260321_193605,154,7,0.9999999,4,403621186,1853165865,4,0.06607432557821274,0.09453625454753638,0.9702,0.86614,14.95922,0.13073100111521113,1.0,7.651460925636389,0.9999998807907104,0.878,14.6069,0.12631700932979584,1.0,7.916589736938477,0.9999998807907104,0.5,8192,16384,0.5
2026-03-22T02:54:28,crp_c_sensitivity_20260321_193605,154,7,0.9999999,4,403621186,1853165865,5,0.05301286083698273,0.08805390211194754,0.9717,0.88252,14.68992,0.12814217535278682,1.0,7.805605440798318,0.9999998807907104,0.8861,14.6363,0.12563693523406982,1.0,7.959441661834717,0.9999998807907104,0.5,8192,16384,0.5
2026-03-22T02:55:12,crp_c_sensitivity_20260321_193605,155,7,0.9999999,5,852431329,1053400806,1,0.3211247658109665,0.1728889176249504,0.9498,0.7623,16.68444,0.13337800356433216,1.0,7.503384652345077,0.9999998807907104,0.7863,16.0583,0.12903118133544922,1.0,7.750063419342041,0.9999998807907104,0.5,8192,16384,0.5
2026-03-22T02:55:51,crp_c_sensitivity_20260321_193605,155,7,0.9999999,5,852431329,1053400806,2,0.13299715280532837,0.12141296758055686,0.9637,0.79544,16.09864,0.13655609185890774,1.0,7.325288346966209,0.9999998807907104,0.8264,15.4155,0.1326018124818802,1.0,7.541374206542969,0.9999998807907104,0.5,8192,16384,0.5
2026-03-22T02:56:28,crp_c_sensitivity_20260321_193605,155,7,0.9999999,5,852431329,1053400806,3,0.09177494263648987,0.10835265748500823,0.9677,0.83696,15.27644,0.13320156581261577,1.0,7.512127587252565,0.9999998807907104,0.8483,14.9221,0.12757013738155365,1.0,7.8388237953186035,0.9999998807907104,0.5,8192,16384,0.5
2026-03-22T02:57:04,crp_c_sensitivity_20260321_193605,155,7,0.9999999,5,852431329,1053400806,4,0.06952445337533951,0.10677508539557456,0.9673,0.8619,14.88502,0.1306853216246266,1.0,7.6554531124241825,0.9999998807907104,0.879,14.4382,0.12590572237968445,1.0,7.942449569702148,0.9999998807907104,0.5,8192,16384,0.5
2026-03-22T02:57:40,crp_c_sensitivity_20260321_193605,155,7,0.9999999,5,852431329,1053400806,5,0.05460453619122505,0.08559991144537926,0.9755,0.88138,14.53308,0.12847445017236578,1.0,7.785241177014988,0.9999998807907104,0.8912,14.34,0.125218003988266,1.0,7.98607063293457,0.9999998807907104,0.5,8192,16384,0.5
2026-03-22T02:58:23,crp_c_sensitivity_20260321_193605,156,7,0.9999999,6,390488527,585453889,1,0.3033455233263969,0.16745752215385437,0.9521,0.74268,17.45652,0.13608139757152712,1.0,7.3503081463182065,0.9999998807907104,0.781,16.4256,0.13271145522594452,1.0,7.5351433753967285,0.9999998807907104,0.5,8192,16384,0.5
2026-03-22T02:59:00,crp_c_sensitivity_20260321_193605,156,7,0.9999999,6,390488527,585453889,2,0.13332449735164642,0.12602351269721984,0.9622,0.79104,16.42476,0.1363400878275142,1.0,7.33709346912706,0.9999998807907104,0.8207,15.7242,0.13205942511558533,1.0,7.572347640991211,0.9999998807907104,0.5,8192,16384,0.5
2026-03-22T02:59:36,crp_c_sensitivity_20260321_193605,156,7,0.9999999,6,390488527,585453889,3,0.09260645668506623,0.09587254827022552,0.9716,0.83348,15.55506,0.13376707566516174,1.0,7.477884890173402,0.9999998807907104,0.8473,15.1389,0.12962429225444794,1.0,7.714601993560791,0.9999998807907104,0.5,8192,16384,0.5
2026-03-22T03:00:12,crp_c_sensitivity_20260321_193605,156,7,0.9999999,6,390488527,585453889,4,0.07070307946681977,0.0896799847126007,0.9742,0.86102,15.10514,0.13145357915355116,1.0,7.609631133506365,0.9999998807907104,0.8832,14.4514,0.1278458684682846,1.0,7.821917533874512,0.9999998807907104,0.5,8192,16384,0.5
2026-03-22T03:00:46,crp_c_sensitivity_20260321_193605,156,7,0.9999999,6,390488527,585453889,5,0.05583054512143135,0.09170698804855347,0.9729,0.88158,14.78732,0.13012435887475757,1.0,7.686039391685934,0.9999998807907104,0.8857,14.6622,0.1268860101699829,1.0,7.8810882568359375,0.9999998807907104,0.5,8192,16384,0.5
2026-03-22T03:01:29,crp_c_sensitivity_20260321_193605,157,7,0.9999999,7,749750507,447865043,1,0.30737085157871247,0.1775425835609436,0.9473,0.7884,16.49338,0.1343738029679984,1.0,7.449081597730632,0.9999998807907104,0.8364,15.1818,0.1281600147485733,1.0,7.802744388580322,0.9999998807907104,0.5,8192,16384,0.5
2026-03-22T03:02:05,crp_c_sensitivity_20260321_193605,157,7,0.9999999,7,749750507,447865043,2,0.13279832446098327,0.12638276319503783,0.9632,0.82934,15.66636,0.13572465397817704,1.0,7.372083209054854,0.9999998807907104,0.8668,14.6584,0.12979036569595337,1.0,7.704731464385986,0.9999998807907104,0.5,8192,16384,0.5
2026-03-22T03:02:41,crp_c_sensitivity_20260321_193605,157,7,0.9999999,7,749750507,447865043,3,0.09183232205808163,0.11143964915275574,0.9662,0.85682,15.18316,0.13418711150241325,1.0,7.454942321533437,0.9999998807907104,0.8647,15.0187,0.13074307143688202,1.0,7.648587703704834,0.9999998807907104,0.5,8192,16384,0.5
2026-03-22T03:03:16,crp_c_sensitivity_20260321_193605,157,7,0.9999999,7,749750507,447865043,4,0.06979348821878434,0.10370049159526824,0.9685,0.8692,15.0209,0.13146701249320183,1.0,7.608046918269008,0.9999998807907104,0.8802,14.7245,0.12868919968605042,1.0,7.77065896987915,0.9999998807907104,0.5,8192,16384,0.5
2026-03-22T03:03:51,crp_c_sensitivity_20260321_193605,157,7,0.9999999,7,749750507,447865043,5,0.053834603922367094,0.0985117879152298,0.9715,0.88754,14.75962,0.12965316769412105,1.0,7.714240927830376,0.9999998807907104,0.8982,14.4492,0.12688125669956207,1.0,7.881383895874023,0.9999998807907104,0.5,8192,16384,0.5
2026-03-22T03:04:35,crp_c_sensitivity_20260321_193605,158,7,0.9999999,8,1935695412,644564283,1,0.312209009103775,0.1722913390636444,0.9474,0.72126,17.65734,0.13298763319506973,1.0,7.528595575591183,0.9999998807907104,0.7679,16.4451,0.12704402208328247,1.0,7.871286392211914,0.9999998807907104,0.5,8192,16384,0.5
2026-03-22T03:05:11,crp_c_sensitivity_20260321_193605,158,7,0.9999999,8,1935695412,644564283,2,0.13013460432052612,0.1222832504928112,0.9635,0.77302,16.7113,0.1368151602080411,1.0,7.311621337900381,0.9999998807907104,0.7987,16.078,0.132898211479187,1.0,7.52455472946167,0.9999998807907104,0.5,8192,16384,0.5
2026-03-22T03:05:47,crp_c_sensitivity_20260321_193605,158,7,0.9999999,8,1935695412,644564283,3,0.0890036231470108,0.10396370632946492,0.9678,0.81002,16.0054,0.13487952303551043,1.0,7.416009801732915,0.9999998807907104,0.8324,15.4914,0.1320546269416809,1.0,7.572622776031494,0.9999998807907104,0.5,8192,16384,0.5
2026-03-22T03:06:23,crp_c_sensitivity_20260321_193605,158,7,0.9999999,8,1935695412,644564283,4,0.06953079827070237,0.09585360556915402,0.9691,0.84046,15.41734,0.13166495387816368,1.0,7.596222518959923,0.9999998807907104,0.8527,15.0114,0.12912335991859436,1.0,7.744531154632568,0.9999998807907104,0.5,8192,16384,0.5
2026-03-22T03:06:59,crp_c_sensitivity_20260321_193605,158,7,0.9999999,8,1935695412,644564283,5,0.05278802633583546,0.09201164067536592,0.9706,0.86048,15.05788,0.1302980484483797,1.0,7.676062380261434,0.9999998807907104,0.87,14.867,0.12746508419513702,1.0,7.845284461975098,0.9999998807907104,0.5,8192,16384,0.5
2026-03-22T03:07:42,crp_c_sensitivity_20260321_193605,159,7,0.9999999,9,1557768051,677113120,1,0.29897841268539427,0.16684948788881301,0.9495,0.74926,17.44758,0.13448256078888388,1.0,7.441694316961576,0.9999998807907104,0.7964,16.1562,0.12916608154773712,1.0,7.741969585418701,0.9999998807907104,0.5,8192,16384,0.5
2026-03-22T03:08:17,crp_c_sensitivity_20260321_193605,159,7,0.9999999,9,1557768051,677113120,2,0.1357170412492752,0.11961532628536224,0.9639,0.8005,16.34974,0.1366727652452181,1.0,7.319581287901115,0.9999998807907104,0.8175,15.886,0.13211703300476074,1.0,7.5690460205078125,0.9999998807907104,0.5,8192,16384,0.5
2026-03-22T03:08:53,crp_c_sensitivity_20260321_193605,159,7,0.9999999,9,1557768051,677113120,3,0.09473607017755509,0.10491311024427413,0.9691,0.8228,15.89864,0.13441386765531263,1.0,7.44237318551144,0.9999998807907104,0.83,15.651,0.13098828494548798,1.0,7.634269714355469,0.9999998807907104,0.5,8192,16384,0.5
2026-03-22T03:09:29,crp_c_sensitivity_20260321_193605,159,7,0.9999999,9,1557768051,677113120,4,0.0704378005719185,0.10102610678672791,0.9698,0.8479,15.41154,0.13129826934288835,1.0,7.618105550556232,0.9999998807907104,0.8507,15.4628,0.12848599255084991,1.0,7.782948970794678,0.9999998807907104,0.5,8192,16384,0.5
2026-03-22T03:10:04,crp_c_sensitivity_20260321_193605,159,7,0.9999999,9,1557768051,677113120,5,0.055796628683805465,0.0888452196598053,0.9733,0.86172,15.21236,0.1293506806006517,1.0,7.732459932946793,0.9999998807907104,0.8692,15.0774,0.1272260695695877,1.0,7.860023021697998,0.9999998807907104,0.5,8192,16384,0.5
2026-03-22T03:10:47,crp_c_sensitivity_20260321_193605,160,7,0.9999999,10,1817397522,833821248,1,0.2969981143760681,0.16983366136550904,0.9464,0.76988,17.01696,0.13741803173061526,1.0,7.279072006645105,0.9999998807907104,0.8097,15.9661,0.13327522575855255,1.0,7.503268718719482,0.9999998807907104,0.5,8192,16384,0.5
2026-03-22T03:11:22,crp_c_sensitivity_20260321_193605,160,7,0.9999999,10,1817397522,833821248,2,0.13036819340229033,0.12841370797157287,0.9592,0.82312,15.75056,0.13559792127908038,1.0,7.378376191229466,0.9999998807907104,0.8543,14.9029,0.13079676032066345,1.0,7.645448684692383,0.9999998807907104,0.5,8192,16384,0.5
2026-03-22T03:11:57,crp_c_sensitivity_20260321_193605,160,7,0.9999999,10,1817397522,833821248,3,0.090039347448349,0.1077954743385315,0.9664,0.84886,15.22064,0.1329069621575153,1.0,7.527322356963096,0.9999998807907104,0.8599,14.9264,0.12934337556362152,1.0,7.731357097625732,0.9999998807907104,0.5,8192,16384,0.5
2026-03-22T03:12:33,crp_c_sensitivity_20260321_193605,160,7,0.9999999,10,1817397522,833821248,4,0.06709822024703026,0.09615725002288818,0.9705,0.8652,14.9989,0.13144745885411188,1.0,7.609704748139052,0.9999998807907104,0.8647,14.8987,0.12727631628513336,1.0,7.8569207191467285,0.9999998807907104,0.5,8192,16384,0.5
2026-03-22T03:13:08,crp_c_sensitivity_20260321_193605,160,7,0.9999999,10,1817397522,833821248,5,0.051138511719703676,0.09827897305488587,0.9699,0.87294,14.91284,0.12904525054690172,1.0,7.751385511949544,0.9999998807907104,0.881,14.736,0.1259983628988266,1.0,7.936610221862793,0.9999998807907104,0.5,8192,16384,0.5
2026-03-22T03:13:50,crp_c_sensitivity_20260321_193605,161,7,0.9999999,11,162100046,1324679002,1,0.3041190244483948,0.1826773426413536,0.9491,0.7074,18.24516,0.13596004422973185,1.0,7.357718438443626,0.9999998807907104,0.755,17.05,0.13197456300258636,1.0,7.577217102050781,0.9999998807907104,0.5,8192,16384,0.5
2026-03-22T03:14:27,crp_c_sensitivity_20260321_193605,161,7,0.9999999,11,162100046,1324679002,2,0.13466415024280548,0.12492327373027802,0.9623,0.7626,17.00152,0.13639940088972105,1.0,7.334241968286617,0.9999998807907104,0.7832,16.4311,0.1320067048072815,1.0,7.575372219085693,0.9999998807907104,0.5,8192,16384,0.5
2026-03-22T03:15:03,crp_c_sensitivity_20260321_193605,161,7,0.9999999,11,162100046,1324679002,3,0.09294002494335174,0.1064429329276085,0.9682,0.7989,16.2925,0.13368207307727745,1.0,7.483465599586896,0.9999998807907104,0.8262,15.5948,0.12986314296722412,1.0,7.700413703918457,0.9999998807907104,0.5,8192,16384,0.5
2026-03-22T03:15:39,crp_c_sensitivity_20260321_193605,161,7,0.9999999,11,162100046,1324679002,4,0.07047073680400848,0.11415731672644615,0.9657,0.83274,15.6736,0.1314229802097506,1.0,7.610697870669157,0.9999998807907104,0.8483,15.2907,0.1292886584997177,1.0,7.7346296310424805,0.9999998807907104,0.5,8192,16384,0.5
2026-03-22T03:16:15,crp_c_sensitivity_20260321_193605,161,7,0.9999999,11,162100046,1324679002,5,0.0554527607357502,0.09471462844684721,0.9724,0.85644,15.23268,0.12782449888832428,1.0,7.826603397993785,0.9999998807907104,0.8755,14.7669,0.12393410503864288,1.0,8.068802833557129,0.9999998807907104,0.5,8192,16384,0.5
2026-03-22T03:16:57,crp_c_sensitivity_20260321_193605,162,7,0.9999999,12,646056239,791144877,1,0.2983882137966156,0.16137481688857078,0.9517,0.7308,17.7388,0.13694264257655425,1.0,7.306428360512189,0.9999998807907104,0.7678,16.7471,0.1318693459033966,1.0,7.583262920379639,0.9999998807907104,0.5,8192,16384,0.5
2026-03-22T03:17:34,crp_c_sensitivity_20260321_193605,162,7,0.9999999,12,646056239,791144877,2,0.1299859749150276,0.1346202368915081,0.9568,0.76656,16.89662,0.13785984113698116,1.0,7.257153356166752,0.9999998807907104,0.8015,15.9918,0.13311238586902618,1.0,7.512447834014893,0.9999998807907104,0.5,8192,16384,0.5
2026-03-22T03:18:11,crp_c_sensitivity_20260321_193605,162,7,0.9999999,12,646056239,791144877,3,0.09250007854223251,0.10256676764711738,0.9688,0.79136,16.34658,0.13682522881976175,1.0,7.310610651665026,0.9999998807907104,0.8115,15.8137,0.13243752717971802,1.0,7.550728797912598,0.9999998807907104,0.5,8192,16384,0.5
2026-03-22T03:18:47,crp_c_sensitivity_20260321_193605,162,7,0.9999999,12,646056239,791144877,4,0.07038002317428589,0.10244237879514695,0.9667,0.80946,16.04592,0.13418896454374504,1.0,7.454534474541159,0.9999998807907104,0.8279,15.6012,0.12998433411121368,1.0,7.693233489990234,0.9999998807907104,0.5,8192,16384,0.5
2026-03-22T03:19:23,crp_c_sensitivity_20260321_193605,162,7,0.9999999,12,646056239,791144877,5,0.055492711139917376,0.09901751167662441,0.9692,0.82504,15.7868,0.13208746083099823,1.0,7.572139489986098,0.9999998807907104,0.8416,15.3765,0.1292436569929123,1.0,7.737322807312012,0.9999998807907104,0.5,8192,16384,0.5
2026-03-22T03:20:07,crp_c_sensitivity_20260321_193605,163,7,0.9999999,13,1683972142,1857525768,1,0.2938355450391769,0.16868954677581788,0.9487,0.72998,17.73834,0.135577513014569,1.0,7.380406200428448,0.9999998807907104,0.7658,16.7026,0.13097934424877167,1.0,7.634790420532227,0.9999998807907104,0.5,8192,16384,0.5
2026-03-22T03:20:43,crp_c_sensitivity_20260321_193605,163,7,0.9999999,13,1683972142,1857525768,2,0.12634262964725496,0.12508853138685228,0.9614,0.79154,16.31336,0.13390591877805608,1.0,7.473224628916787,0.9999998807907104,0.8213,15.5223,0.1277826726436615,1.0,7.825786113739014,0.9999998807907104,0.5,8192,16384,0.5
2026-03-22T03:21:19,crp_c_sensitivity_20260321_193605,163,7,0.9999999,13,1683972142,1857525768,3,0.08902020061016083,0.11030649901628495,0.9652,0.82498,15.65062,0.132045154376408,1.0,7.5761427001270185,0.9999998807907104,0.8394,15.275,0.1279788315296173,1.0,7.813791751861572,0.9999998807907104,0.5,8192,16384,0.5
2026-03-22T03:21:55,crp_c_sensitivity_20260321_193605,163,7,0.9999999,13,1683972142,1857525768,4,0.06657888940811157,0.09592090779989958,0.9698,0.84854,15.24322,0.12962989208033626,1.0,7.71628196769968,0.9999998807907104,0.8572,15.0947,0.12740199267864227,1.0,7.849169731140137,0.9999998807907104,0.5,8192,16384,0.5
2026-03-22T03:22:30,crp_c_sensitivity_20260321_193605,163,7,0.9999999,13,1683972142,1857525768,5,0.053066142729520795,0.10645829600095749,0.9665,0.85944,15.10346,0.12726333645908425,1.0,7.859763003981022,0.9999998807907104,0.8758,14.7024,0.12457148730754852,1.0,8.027518272399902,0.9999998807907104,0.5,8192,16384,0.5
2026-03-22T03:23:13,crp_c_sensitivity_20260321_193605,164,7,0.9999999,14,86868416,900349496,1,0.301740582447052,0.17234375140070915,0.9536,0.7079,18.1692,0.13494835908303177,1.0,7.413165972970636,0.9999998807907104,0.7489,17.2555,0.13233892619609833,1.0,7.556354999542236,0.9999998807907104,0.5,8192,16384,0.5
2026-03-22T03:23:50,crp_c_sensitivity_20260321_193605,164,7,0.9999999,14,86868416,900349496,2,0.13010798146247865,0.1378728408098221,0.9594,0.766,16.95982,0.13509171412271612,1.0,7.406742136191834,0.9999998807907104,0.7988,15.991,0.1295555680990219,1.0,7.718695163726807,0.9999998807907104,0.5,8192,16384,0.5
2026-03-22T03:24:26,crp_c_sensitivity_20260321_193605,164,7,0.9999999,14,86868416,900349496,3,0.08863138057351112,0.11760010619685053,0.9667,0.8008,16.23994,0.13342838724860756,1.0,7.497741891904865,0.9999998807907104,0.8206,15.8107,0.12857726216316223,1.0,7.777423858642578,0.9999998807907104,0.5,8192,16384,0.5
2026-03-22T03:25:03,crp_c_sensitivity_20260321_193605,164,7,0.9999999,14,86868416,900349496,4,0.06793017342209816,0.10410597201883792,0.9692,0.82494,15.81256,0.1309640112587863,1.0,7.638310537313866,0.9999998807907104,0.8396,15.3873,0.12789946794509888,1.0,7.818640232086182,0.9999998807907104,0.5,8192,16384,0.5
2026-03-22T03:25:39,crp_c_sensitivity_20260321_193605,164,7,0.9999999,14,86868416,900349496,5,0.05187799018144607,0.10088795906193554,0.9711,0.84444,15.50882,0.12934257970441637,1.0,7.7328717409802215,0.9999998807907104,0.847,15.4374,0.12730595469474792,1.0,7.855091571807861,0.9999998807907104,0.5,8192,16384,0.5
2026-03-22T03:26:22,crp_c_sensitivity_20260321_193605,165,7,0.9999999,15,407425941,344727397,1,0.29978310786247253,0.1748386513352394,0.9499,0.7001,18.1602,0.13590654479268263,1.0,7.361910140727792,0.9999998807907104,0.744,17.0458,0.13022556900978088,1.0,7.678982257843018,0.9999998807907104,0.5,8192,16384,0.5
2026-03-22T03:26:59,crp_c_sensitivity_20260321_193605,165,7,0.9999999,15,407425941,344727397,2,0.1273234723854065,0.1284259797692299,0.9634,0.75562,17.0252,0.13550782260839897,1.0,7.383052886904353,0.9999998807907104,0.7811,16.4071,0.1304875761270523,1.0,7.6635637283325195,0.9999998807907104,0.5,8192,16384,0.5
2026-03-22T03:27:35,crp_c_sensitivity_20260321_193605,165,7,0.9999999,15,407425941,344727397,3,0.08937985931873321,0.1116617340683937,0.9666,0.79124,16.31032,0.13237593404929657,1.0,7.558304754974287,0.9999998807907104,0.8083,15.8689,0.12741711735725403,1.0,7.848238468170166,0.9999998807907104,0.5,8192,16384,0.5
2026-03-22T03:28:12,crp_c_sensitivity_20260321_193605,165,7,0.9999999,15,407425941,344727397,4,0.06624338383197785,0.10429860476255416,0.9699,0.81336,15.96044,0.13071579343217718,1.0,7.652569142753816,0.9999998807907104,0.8322,15.491,0.12706390023231506,1.0,7.870054721832275,0.9999998807907104,0.5,8192,16384,0.5
2026-03-22T03:28:47,crp_c_sensitivity_20260321_193605,165,7,0.9999999,15,407425941,344727397,5,0.05277911575317383,0.10961775949001312,0.9688,0.8381,15.51892,0.12789440644747765,1.0,7.820864732308156,0.9999998807907104,0.8444,15.1989,0.1250409334897995,1.0,7.997379779815674,0.9999998807907104,0.5,8192,16384,0.5
2026-03-22T03:29:31,crp_c_sensitivity_20260321_193605,166,7,0.9999999,16,175786143,306756461,1,0.30448382491111753,0.1663412019252777,0.9509,0.66706,18.99772,0.13556821183170503,1.0,7.38021927416477,0.9999998807907104,0.7194,17.6302,0.1309897005558014,1.0,7.6341872215271,0.9999998807907104,0.5,8192,16384,0.5
2026-03-22T03:30:07,crp_c_sensitivity_20260321_193605,166,7,0.9999999,16,175786143,306756461,2,0.13644526785850525,0.12206986524611711,0.9646,0.73542,17.47634,0.1348003260314922,1.0,7.424464767241417,0.9999998807907104,0.7517,17.0134,0.12837238609790802,1.0,7.789836406707764,0.9999998807907104,0.5,8192,16384,0.5
2026-03-22T03:30:43,crp_c_sensitivity_20260321_193605,166,7,0.9999999,16,175786143,306756461,3,0.092365418176651,0.10612496411427856,0.9678,0.7563,17.1934,0.13347807282681964,1.0,7.494794679724651,0.9999998807907104,0.7815,16.4926,0.1286572962999344,1.0,7.772585868835449,0.9999998807907104,0.5,8192,16384,0.5
2026-03-22T03:31:20,crp_c_sensitivity_20260321_193605,166,7,0.9999999,16,175786143,306756461,4,0.0734379928302765,0.10189078170768917,0.9685,0.78486,16.59068,0.12922049391909937,1.0,7.742019041115061,0.9999998807907104,0.8021,16.1618,0.12520675361156464,1.0,7.986788749694824,0.9999998807907104,0.5,8192,16384,0.5
2026-03-22T03:31:56,crp_c_sensitivity_20260321_193605,166,7,0.9999999,16,175786143,306756461,5,0.055545591294765474,0.08790054415380583,0.973,0.7978,16.44998,0.12732790450534553,1.0,7.855418221115151,0.9999998807907104,0.8115,16.112,0.12407760322093964,1.0,8.059471130371094,0.9999998807907104,0.5,8192,16384,0.5
2026-03-22T03:32:39,crp_c_sensitivity_20260321_193605,167,7,0.9999999,17,1755688643,658230066,1,0.3021655872654915,0.17214754629135132,0.9485,0.7797,16.6514,0.1342684468040076,1.0,7.453177347207618,0.9999998807907104,0.8257,15.3682,0.12827648222446442,1.0,7.795660018920898,0.9999998807907104,0.5,8192,16384,0.5
2026-03-22T03:33:14,crp_c_sensitivity_20260321_193605,167,7,0.9999999,17,1755688643,658230066,2,0.13268151906967163,0.12309555339813233,0.964,0.8349,15.4032,0.13468201248847006,1.0,7.428409711784109,0.9999998807907104,0.8583,14.7619,0.13028891384601593,1.0,7.675249099731445,0.9999998807907104,0.5,8192,16384,0.5
2026-03-22T03:33:50,crp_c_sensitivity_20260321_193605,167,7,0.9999999,17,1755688643,658230066,3,0.09008413421630859,0.10112559332847595,0.9691,0.86058,14.92464,0.13261797932712624,1.0,7.543720334387191,0.9999998807907104,0.8759,14.4736,0.12774914503097534,1.0,7.827840328216553,0.9999998807907104,0.5,8192,16384,0.5
2026-03-22T03:34:26,crp_c_sensitivity_20260321_193605,167,7,0.9999999,17,1755688643,658230066,4,0.06764983667731285,0.0974476928472519,0.9719,0.8869,14.4478,0.12992381592235908,1.0,7.699626578699292,0.9999998807907104,0.8948,14.2278,0.1257915198802948,1.0,7.949660301208496,0.9999998807907104,0.5,8192,16384,0.5
2026-03-22T03:35:01,crp_c_sensitivity_20260321_193605,167,7,0.9999999,17,1755688643,658230066,5,0.05361040005922318,0.0992328182220459,0.9707,0.89272,14.45362,0.12811963243024124,1.0,7.806887677868309,0.9999998807907104,0.91,13.9899,0.12478714436292648,1.0,8.01364517211914,0.9999998807907104,0.5,8192,16384,0.5
2026-03-22T03:35:44,crp_c_sensitivity_20260321_193605,168,7,0.9999999,18,498744800,714752146,1,0.3042608958530426,0.1680883880198002,0.9511,0.74846,17.41056,0.13429370057552367,1.0,7.4496171200062005,0.9999998807907104,0.8029,16.0245,0.13101761043071747,1.0,7.632561206817627,0.9999998807907104,0.5,8192,16384,0.5
2026-03-22T03:36:20,crp_c_sensitivity_20260321_193605,168,7,0.9999999,18,498744800,714752146,2,0.13077717237472533,0.12917547440230848,0.9609,0.79948,16.35302,0.13724868616941946,1.0,7.290832020742509,0.9999998807907104,0.8362,15.4512,0.13138601183891296,1.0,7.611159324645996,0.9999998807907104,0.5,8192,16384,0.5
2026-03-22T03:36:56,crp_c_sensitivity_20260321_193605,168,7,0.9999999,18,498744800,714752146,3,0.0918169539552927,0.11035083581805229,0.967,0.83766,15.4996,0.13436453829488487,1.0,7.445579731250968,0.9999998807907104,0.8518,15.1086,0.12970654666423798,1.0,7.709710121154785,0.9999998807907104,0.5,8192,16384,0.5
2026-03-22T03:37:33,crp_c_sensitivity_20260321_193605,168,7,0.9999999,18,498744800,714752146,4,0.069920696144104,0.09903514274135232,0.9703,0.8567,15.09978,0.13143887532793957,1.0,7.610799082099934,0.9999998807907104,0.8724,14.7186,0.12880423665046692,1.0,7.763718605041504,0.9999998807907104,0.5,8192,16384,0.5
2026-03-22T03:38:09,crp_c_sensitivity_20260321_193605,168,7,0.9999999,18,498744800,714752146,5,0.053456166501045226,0.09364101111460477,0.971,0.8704,14.89846,0.1300483719467202,1.0,7.690827051391992,0.9999998807907104,0.8852,14.5543,0.12694069743156433,1.0,7.8776936531066895,0.9999998807907104,0.5,8192,16384,0.5
2026-03-22T03:38:52,crp_c_sensitivity_20260321_193605,169,7,0.9999999,19,911159669,431440814,1,0.29968681868076325,0.1826801114797592,0.9496,0.73746,17.85266,0.1384326305307086,1.0,7.2266563869193385,0.9999998807907104,0.7771,16.6969,0.13298480212688446,1.0,7.519655704498291,0.9999998807907104,0.5,8192,16384,0.5
2026-03-22T03:39:27,crp_c_sensitivity_20260321_193605,169,7,0.9999999,19,911159669,431440814,2,0.13243689103126527,0.1405978055715561,0.9594,0.7937,16.53056,0.13644487538453562,1.0,7.335290012457182,0.9999998807907104,0.8163,15.8511,0.12988269329071045,1.0,7.699254512786865,0.9999998807907104,0.5,8192,16384,0.5
2026-03-22T03:40:03,crp_c_sensitivity_20260321_193605,169,7,0.9999999,19,911159669,431440814,3,0.09208676579356194,0.12500932966470718,0.9626,0.8176,16.09876,0.1351055539096408,1.0,7.404329360903376,0.9999998807907104,0.8417,15.4718,0.13026760518550873,1.0,7.676505088806152,0.9999998807907104,0.5,8192,16384,0.5
2026-03-22T03:40:39,crp_c_sensitivity_20260321_193605,169,7,0.9999999,19,911159669,431440814,4,0.07200815155982972,0.11749655454754829,0.9651,0.84014,15.64872,0.13258997478600962,1.0,7.544072904855089,0.9999998807907104,0.8541,15.2472,0.1290174275636673,1.0,7.750890254974365,0.9999998807907104,0.5,8192,16384,0.5
2026-03-22T03:41:14,crp_c_sensitivity_20260321_193605,169,7,0.9999999,19,911159669,431440814,5,0.05400957917034626,0.11485985336899758,0.9681,0.85678,15.42592,0.13052697014778167,1.0,7.662478495741744,0.9999998807907104,0.8659,15.15,0.1272546648979187,1.0,7.858256816864014,0.9999998807907104,0.5,8192,16384,0.5
2026-03-22T03:41:58,crp_c_sensitivity_20260321_193605,170,7,0.9999999,20,29755781,321912398,1,0.3000892989063263,0.17244625778198241,0.9489,0.743,17.46166,0.1339438852218106,1.0,7.471490495345172,0.9999998807907104,0.7836,16.3077,0.12913279235363007,1.0,7.743965148925781,0.9999998807907104,0.5,8192,16384,0.5
2026-03-22T03:42:34,crp_c_sensitivity_20260321_193605,170,7,0.9999999,20,29755781,321912398,2,0.1304089986753464,0.1408619134426117,0.9585,0.77604,16.71836,0.13633850430283706,1.0,7.336832998963573,0.9999998807907104,0.8016,16.0546,0.13262028992176056,1.0,7.540323734283447,0.9999998807907104,0.5,8192,16384,0.5
2026-03-22T03:43:10,crp_c_sensitivity_20260321_193605,170,7,0.9999999,20,29755781,321912398,3,0.09080841962814332,0.11005769398212432,0.9691,0.80746,16.05632,0.13366802391188834,1.0,7.484177955276216,0.9999998807907104,0.8262,15.5373,0.1291293352842331,1.0,7.7441725730896,0.9999998807907104,0.5,8192,16384,0.5
2026-03-22T03:43:46,crp_c_sensitivity_20260321_193605,170,7,0.9999999,20,29755781,321912398,4,0.06583047919988633,0.10449087777137757,0.9695,0.82696,15.7375,0.1309174357549004,1.0,7.640434643191755,0.9999998807907104,0.8422,15.3704,0.12738166749477386,1.0,7.850422382354736,0.9999998807907104,0.5,8192,16384,0.5
2026-03-22T03:44:22,crp_c_sensitivity_20260321_193605,170,7,0.9999999,20,29755781,321912398,5,0.05241416024804115,0.09731209143400192,0.9721,0.8448,15.46762,0.12866027740871205,1.0,7.773744825816825,0.9999998807907104,0.8637,14.9936,0.12588158249855042,1.0,7.943972587585449,0.9999998807907104,0.5,8192,16384,0.5
2026-03-22T03:45:04,crp_c_sensitivity_20260321_193605,171,7,0.9999999,21,244097112,2043774648,1,0.3077818029022217,0.16393785405158998,0.9525,0.8028,16.40058,0.13635652422752526,1.0,7.3362930217362425,0.9999998807907104,0.8391,15.3136,0.1321258544921875,1.0,7.568540573120117,0.9999998807907104,0.5,8192,16384,0.5
2026-03-22T03:45:40,crp_c_sensitivity_20260321_193605,171,7,0.9999999,21,244097112,2043774648,2,0.13411276637792588,0.11767138543128967,0.9653,0.83596,15.57364,0.13628165118986993,1.0,7.34073625745066,0.9999998807907104,0.8556,14.9315,0.13148418068885803,1.0,7.605476379394531,0.9999998807907104,0.5,8192,16384,0.5
2026-03-22T03:46:16,crp_c_sensitivity_20260321_193605,171,7,0.9999999,21,244097112,2043774648,3,0.09183579580307007,0.10722803571224213,0.9683,0.86582,14.86042,0.1316766018986397,1.0,7.599135926922264,0.9999998807907104,0.8735,14.6126,0.12808562815189362,1.0,7.807276248931885,0.9999998807907104,0.5,8192,16384,0.5
2026-03-22T03:46:51,crp_c_sensitivity_20260321_193605,171,7,0.9999999,21,244097112,2043774648,4,0.07011232018470764,0.10261686549186706,0.9703,0.8781,14.7577,0.13153200998635547,1.0,7.604828707702325,0.9999998807907104,0.8908,14.3215,0.12642934918403625,1.0,7.909554481506348,0.9999998807907104,0.5,8192,16384,0.5
2026-03-22T03:47:27,crp_c_sensitivity_20260321_193605,171,7,0.9999999,21,244097112,2043774648,5,0.054198151002526285,0.08817902797460556,0.972,0.89156,14.56242,0.12905189966606667,1.0,7.7500192271474075,0.9999998807907104,0.9118,14.0128,0.12639930844306946,1.0,7.911435127258301,0.9999998807907104,0.5,8192,16384,0.5
2026-03-22T03:48:10,crp_c_sensitivity_20260321_193605,172,7,0.9999999,22,1103798569,67701919,1,0.30265748047113417,0.1582991185247898,0.953,0.69564,18.45334,0.1352534376827957,1.0,7.400001117335561,0.9999998807907104,0.7401,17.2554,0.12861579656600952,1.0,7.7750935554504395,0.9999998807907104,0.5,8192,16384,0.5
2026-03-22T03:48:47,crp_c_sensitivity_20260321_193605,172,7,0.9999999,22,1103798569,67701919,2,0.13122861544609069,0.11554278547614813,0.9628,0.7407,17.44936,0.13687434331382936,1.0,7.309254870695226,0.9999998807907104,0.7772,16.5761,0.13203339278697968,1.0,7.573840618133545,0.9999998807907104,0.5,8192,16384,0.5
2026-03-22T03:49:23,crp_c_sensitivity_20260321_193605,172,7,0.9999999,22,1103798569,67701919,3,0.09104003055810929,0.10071083630546927,0.9708,0.78276,16.61096,0.13530045919253697,1.0,7.392736059320552,0.9999998807907104,0.8037,16.1211,0.13107362389564514,1.0,7.629299163818359,0.9999998807907104,0.5,8192,16384,0.5
2026-03-22T03:49:59,crp_c_sensitivity_20260321_193605,172,7,0.9999999,22,1103798569,67701919,4,0.06823567750692368,0.0972510421551764,0.9706,0.80596,16.19738,0.13291344058025828,1.0,7.525824973650296,0.9999998807907104,0.8197,15.835,0.12958091497421265,1.0,7.717184543609619,0.9999998807907104,0.5,8192,16384,0.5
2026-03-22T03:50:34,crp_c_sensitivity_20260321_193605,172,7,0.9999999,22,1103798569,67701919,5,0.051842036176323894,0.09652060230448842,0.9715,0.82124,15.95248,0.13047384095313908,1.0,7.66569245379904,0.9999998807907104,0.8403,15.4053,0.1273704469203949,1.0,7.851114273071289,0.9999998807907104,0.5,8192,16384,0.5
2026-03-22T03:51:17,crp_c_sensitivity_20260321_193605,173,7,0.9999999,23,1699326460,2141384447,1,0.3220385542011261,0.18052035853862763,0.9472,0.78852,16.38024,0.13538231134719556,1.0,7.390933367297473,0.9999998807907104,0.8109,15.7255,0.13025416433811188,1.0,7.677297115325928,0.9999998807907104,0.5,8192,16384,0.5
2026-03-22T03:51:54,crp_c_sensitivity_20260321_193605,173,7,0.9999999,23,1699326460,2141384447,2,0.1311154979944229,0.13012327095270157,0.9606,0.81078,15.8858,0.13532068544184156,1.0,7.392162249826105,0.9999998807907104,0.8371,15.2085,0.13076624274253845,1.0,7.647232532501221,0.9999998807907104,0.5,8192,16384,0.5
2026-03-22T03:52:30,crp_c_sensitivity_20260321_193605,173,7,0.9999999,23,1699326460,2141384447,3,0.09161873869895935,0.11812141343951225,0.9653,0.83638,15.37986,0.13253774408184354,1.0,7.547045952828644,0.9999998807907104,0.8596,14.8017,0.12956532835960388,1.0,7.718112945556641,0.9999998807907104,0.5,8192,16384,0.5
2026-03-22T03:53:06,crp_c_sensitivity_20260321_193605,173,7,0.9999999,23,1699326460,2141384447,4,0.0692526980996132,0.10290959918498993,0.9671,0.85754,15.02212,0.13034097556872745,1.0,7.673868995188447,0.9999998807907104,0.867,14.7445,0.12714460492134094,1.0,7.8650593757629395,0.9999998807907104,0.5,8192,16384,0.5
2026-03-22T03:53:41,crp_c_sensitivity_20260321_193605,173,7,0.9999999,23,1699326460,2141384447,5,0.05483517175793648,0.09511918864846229,0.9708,0.86444,14.99084,0.12851516875769475,1.0,7.782519060022691,0.9999998807907104,0.8685,14.8577,0.12574869394302368,1.0,7.952367782592773,0.9999998807907104,0.5,8192,16384,0.5
2026-03-22T03:54:25,crp_c_sensitivity_20260321_193605,174,7,0.9999999,24,732349448,842108624,1,0.29528609731674194,0.16801276097297668,0.9503,0.66146,19.01068,0.13638891836109063,1.0,7.336280564213043,0.9999998807907104,0.7182,17.5191,0.13136912882328033,1.0,7.612137794494629,0.9999998807907104,0.5,8192,16384,0.5
2026-03-22T03:55:01,crp_c_sensitivity_20260321_193605,174,7,0.9999999,24,732349448,842108624,2,0.12844017691135406,0.13106904616355897,0.9584,0.73152,17.47848,0.1382722330596441,1.0,7.2336918277203885,0.9999998807907104,0.7623,16.8081,0.13457687199115753,1.0,7.4306960105896,0.9999998807907104,0.5,8192,16384,0.5
2026-03-22T03:55:38,crp_c_sensitivity_20260321_193605,174,7,0.9999999,24,732349448,842108624,3,0.08951074092447758,0.10823721967935562,0.9674,0.7709,16.70236,0.13540404467174158,1.0,7.387918858881801,0.9999998807907104,0.7928,16.1286,0.13172096014022827,1.0,7.5918049812316895,0.9999998807907104,0.5,8192,16384,0.5
2026-03-22T03:56:15,crp_c_sensitivity_20260321_193605,174,7,0.9999999,24,732349448,842108624,4,0.06605598254203797,0.09510166030228139,0.9715,0.80512,16.02282,0.13283935322633486,1.0,7.52969338521933,0.9999998807907104,0.822,15.589,0.12941250205039978,1.0,7.727228164672852,0.9999998807907104,0.5,8192,16384,0.5
2026-03-22T03:56:51,crp_c_sensitivity_20260321_193605,174,7,0.9999999,24,732349448,842108624,5,0.05342543529391289,0.09320469134747981,0.9725,0.82534,15.6723,0.1309630437885099,1.0,7.638304532336457,0.9999998807907104,0.8451,15.1703,0.12794959545135498,1.0,7.815577030181885,0.9999998807907104,0.5,8192,16384,0.5
2026-03-22T03:57:34,crp_c_sensitivity_20260321_193605,175,7,0.9999999,25,685795659,1860759263,1,0.2892875747203827,0.17510326025485992,0.948,0.74332,17.50444,0.13710940154769535,1.0,7.296229877130455,0.9999998807907104,0.7917,16.2447,0.13232380151748657,1.0,7.557218074798584,0.9999998807907104,0.5,8192,16384,0.5
2026-03-22T03:58:10,crp_c_sensitivity_20260321_193605,175,7,0.9999999,25,685795659,1860759263,2,0.12826953812599182,0.12574112889766692,0.9609,0.79496,16.32104,0.1358452855854693,1.0,7.3652389958081645,0.9999998807907104,0.8214,15.6228,0.13119037449359894,1.0,7.622509479522705,0.9999998807907104,0.5,8192,16384,0.5
2026-03-22T03:58:45,crp_c_sensitivity_20260321_193605,175,7,0.9999999,25,685795659,1860759263,3,0.08874735234856605,0.10581858618259429,0.9677,0.82548,15.78336,0.1340498400618658,1.0,7.462288982118182,0.9999998807907104,0.8387,15.4447,0.1300918608903885,1.0,7.686874866485596,0.9999998807907104,0.5,8192,16384,0.5
2026-03-22T03:59:21,crp_c_sensitivity_20260321_193605,175,7,0.9999999,25,685795659,1860759263,4,0.06818524665892124,0.1019326134443283,0.9674,0.85164,15.31388,0.13096929137664073,1.0,7.6376208124868095,0.9999998807907104,0.877,14.6506,0.12601640820503235,1.0,7.935473442077637,0.9999998807907104,0.5,8192,16384,0.5
2026-03-22T03:59:56,crp_c_sensitivity_20260321_193605,175,7,0.9999999,25,685795659,1860759263,5,0.05114238640666008,0.1141727427661419,0.9656,0.8746,14.92494,0.12738130331191871,1.0,7.8530111947023045,0.9999998807907104,0.8758,14.9441,0.12460923194885254,1.0,8.025086402893066,0.9999998807907104,0.5,8192,16384,0.5
2026-03-22T04:00:40,crp_c_sensitivity_20260321_193605,176,8,0.99999999,1,87643414,518311994,1,0.3096212456274033,0.17292544438838958,0.9518,0.7257,17.95596,0.13384149945757884,1.0,7.474719256086423,1.0,0.7609,17.0413,0.12946943938732147,1.0,7.723830699920654,1.0,0.5,8192,16384,0.5
2026-03-22T04:01:16,crp_c_sensitivity_20260321_193605,176,8,0.99999999,1,87643414,518311994,2,0.1358461475944519,0.12316671797037125,0.9622,0.76304,17.10158,0.1346499961050575,1.0,7.429559844229227,1.0,0.7896,16.3571,0.13049358129501343,1.0,7.663211822509766,1.0,0.5,8192,16384,0.5
2026-03-22T04:01:52,crp_c_sensitivity_20260321_193605,176,8,0.99999999,1,87643414,518311994,3,0.09303507496356964,0.10561464959383011,0.9687,0.79672,16.35954,0.13124022268883104,1.0,7.622180133829336,1.0,0.8099,15.9929,0.1277436763048172,1.0,7.828176021575928,1.0,0.5,8192,16384,0.5
2026-03-22T04:02:29,crp_c_sensitivity_20260321_193605,176,8,0.99999999,1,87643414,518311994,4,0.07222838761746883,0.0952518057346344,0.97,0.8203,15.90524,0.12917360792989316,1.0,7.743921828696795,1.0,0.8368,15.4874,0.125593364238739,1.0,7.962204456329346,1.0,0.5,8192,16384,0.5
2026-03-22T04:03:05,crp_c_sensitivity_20260321_193605,176,8,0.99999999,1,87643414,518311994,5,0.053974114696383475,0.09478170166611671,0.9726,0.83396,15.71842,0.12677940368042578,1.0,7.890278729636346,1.0,0.855,15.1846,0.12317439913749695,1.0,8.118570327758789,1.0,0.5,8192,16384,0.5
2026-03-22T04:03:48,crp_c_sensitivity_20260321_193605,177,8,0.99999999,2,213923828,1040750980,1,0.3012974165439606,0.1789805036306381,0.9477,0.77052,17.16662,0.13547302069871323,1.0,7.386604523719729,1.0,0.8065,16.1473,0.12972411513328552,1.0,7.708667278289795,1.0,0.5,8192,16384,0.5
2026-03-22T04:04:24,crp_c_sensitivity_20260321_193605,177,8,0.99999999,2,213923828,1040750980,2,0.1355141743993759,0.13460433406829833,0.9594,0.80492,16.39048,0.13663575201845535,1.0,7.321719176933893,1.0,0.8287,15.7052,0.13214422762393951,1.0,7.567488670349121,1.0,0.5,8192,16384,0.5
2026-03-22T04:05:00,crp_c_sensitivity_20260321_193605,177,8,0.99999999,2,213923828,1040750980,3,0.09512612751483918,0.11374101009368896,0.965,0.8343,15.76786,0.13482907806973324,1.0,7.418214636995359,1.0,0.8416,15.6436,0.13248030841350555,1.0,7.5482916831970215,1.0,0.5,8192,16384,0.5
2026-03-22T04:05:36,crp_c_sensitivity_20260321_193605,177,8,0.99999999,2,213923828,1040750980,4,0.07256205005884171,0.116357622051239,0.9648,0.85344,15.42474,0.13229303542153,1.0,7.560471287163932,1.0,0.86,15.2664,0.13054701685905457,1.0,7.660075664520264,1.0,0.5,8192,16384,0.5
2026-03-22T04:06:11,crp_c_sensitivity_20260321_193605,177,8,0.99999999,2,213923828,1040750980,5,0.05912551019608975,0.10301799035668373,0.9683,0.87008,15.11596,0.12838673511581958,1.0,7.791557285182007,1.0,0.8716,15.0343,0.12655021250247955,1.0,7.902001857757568,1.0,0.5,8192,16384,0.5
2026-03-22T04:06:54,crp_c_sensitivity_20260321_193605,178,8,0.99999999,3,318933294,1242083954,1,0.3080148787784576,0.1536418552875519,0.956,0.71892,18.14674,0.13583696658349098,1.0,7.366001732818916,1.0,0.7702,16.7954,0.13005636632442474,1.0,7.688973426818848,1.0,0.5,8192,16384,0.5
2026-03-22T04:07:30,crp_c_sensitivity_20260321_193605,178,8,0.99999999,3,318933294,1242083954,2,0.13373344031214715,0.11426429451107979,0.9691,0.76854,17.03132,0.13600586419520172,1.0,7.355260501432297,1.0,0.7915,16.5357,0.1319190114736557,1.0,7.580408573150635,1.0,0.5,8192,16384,0.5
2026-03-22T04:08:07,crp_c_sensitivity_20260321_193605,178,8,0.99999999,3,318933294,1242083954,3,0.09394416077136994,0.09891858616173267,0.9695,0.80426,16.34646,0.13342190554837133,1.0,7.498247375878532,1.0,0.8162,15.9386,0.12848666310310364,1.0,7.782908916473389,1.0,0.5,8192,16384,0.5
2026-03-22T04:08:42,crp_c_sensitivity_20260321_193605,178,8,0.99999999,3,318933294,1242083954,4,0.0705562490773201,0.08865936563909053,0.974,0.82208,15.99996,0.13023243265231246,1.0,7.681593746175547,1.0,0.8384,15.5453,0.1254730373620987,1.0,7.969839572906494,1.0,0.5,8192,16384,0.5
2026-03-22T04:09:18,crp_c_sensitivity_20260321_193605,178,8,0.99999999,3,318933294,1242083954,5,0.053966922830343246,0.08529366807341576,0.9763,0.84046,15.74082,0.1281864822977949,1.0,7.80307589650459,1.0,0.8475,15.4852,0.12479689717292786,1.0,8.013019561767578,1.0,0.5,8192,16384,0.5
2026-03-22T04:10:01,crp_c_sensitivity_20260321_193605,179,8,0.99999999,4,442935270,556529887,1,0.30459705798625947,0.17316074764728545,0.9461,0.71822,18.1904,0.13577133737256764,1.0,7.367794430774191,1.0,0.7611,17.0938,0.13229207694530487,1.0,7.5590314865112305,1.0,0.5,8192,16384,0.5
2026-03-22T04:10:38,crp_c_sensitivity_20260321_193605,179,8,0.99999999,4,442935270,556529887,2,0.13332284266471864,0.1263397446334362,0.9609,0.77466,16.9491,0.13592971030556028,1.0,7.360533849662527,1.0,0.8026,16.2658,0.1314767599105835,1.0,7.605906963348389,1.0,0.5,8192,16384,0.5
2026-03-22T04:11:14,crp_c_sensitivity_20260321_193605,179,8,0.99999999,4,442935270,556529887,3,0.09008570003032684,0.11151954267024994,0.9651,0.80762,16.29578,0.13446803486255735,1.0,7.439295506538333,1.0,0.8252,15.838,0.12999391555786133,1.0,7.692667484283447,1.0,0.5,8192,16384,0.5
2026-03-22T04:11:50,crp_c_sensitivity_20260321_193605,179,8,0.99999999,4,442935270,556529887,4,0.06865446040153503,0.10152176276445389,0.9712,0.83504,15.7881,0.13118807327411974,1.0,7.624797142984922,1.0,0.8522,15.3125,0.12743760645389557,1.0,7.846977233886719,1.0,0.5,8192,16384,0.5
2026-03-22T04:12:26,crp_c_sensitivity_20260321_193605,179,8,0.99999999,4,442935270,556529887,5,0.05246870599865913,0.09714755132198334,0.9725,0.85024,15.57214,0.12882216773984378,1.0,7.766515739128717,1.0,0.8572,15.3285,0.12369765341281891,1.0,8.084227561950684,1.0,0.5,8192,16384,0.5
2026-03-22T04:13:07,crp_c_sensitivity_20260321_193605,180,8,0.99999999,5,1223741020,1143227982,1,0.3069208488559723,0.17905086092948913,0.9471,0.79208,16.83348,0.1378908574276263,1.0,7.2548671561433835,1.0,0.8327,15.7698,0.13413429260253906,1.0,7.455214977264404,1.0,0.5,8192,16384,0.5
2026-03-22T04:13:43,crp_c_sensitivity_20260321_193605,180,8,0.99999999,5,1223741020,1143227982,2,0.1331840184044838,0.13237258758544923,0.9602,0.84598,15.61232,0.13628666781251084,1.0,7.342535323803992,1.0,0.8698,14.9804,0.1308792680501938,1.0,7.640629291534424,1.0,0.5,8192,16384,0.5
2026-03-22T04:14:18,crp_c_sensitivity_20260321_193605,180,8,0.99999999,5,1223741020,1143227982,3,0.09154982369184494,0.10765565292835236,0.9683,0.87398,15.06002,0.13283352630065226,1.0,7.533747348639056,1.0,0.8956,14.4147,0.12566448748111725,1.0,7.957697868347168,1.0,0.5,8192,16384,0.5
2026-03-22T04:14:53,crp_c_sensitivity_20260321_193605,180,8,0.99999999,5,1223741020,1143227982,4,0.06884921525001526,0.1017491215467453,0.9692,0.8885,14.83452,0.13142567857756943,1.0,7.612071312906797,1.0,0.901,14.4701,0.1285986602306366,1.0,7.776130676269531,1.0,0.5,8192,16384,0.5
2026-03-22T04:15:29,crp_c_sensitivity_20260321_193605,180,8,0.99999999,5,1223741020,1143227982,5,0.05413267788171768,0.09568491163253784,0.9742,0.89938,14.70476,0.12932774927610022,1.0,7.734009461024838,1.0,0.91,14.4328,0.12683209776878357,1.0,7.884439468383789,1.0,0.5,8192,16384,0.5
2026-03-22T04:16:12,crp_c_sensitivity_20260321_193605,181,8,0.99999999,6,770717776,340131313,1,0.30334404437065127,0.17637874274253845,0.9478,0.76786,17.42678,0.1380616393692963,1.0,7.247437241742068,1.0,0.793,16.6158,0.13191238045692444,1.0,7.580789566040039,1.0,0.5,8192,16384,0.5
2026-03-22T04:16:47,crp_c_sensitivity_20260321_193605,181,8,0.99999999,6,770717776,340131313,2,0.13653512565374373,0.12580696874707936,0.962,0.81164,16.35388,0.1386046637507046,1.0,7.2169085548966745,1.0,0.8418,15.6293,0.1346331089735031,1.0,7.427593231201172,1.0,0.5,8192,16384,0.5
2026-03-22T04:17:23,crp_c_sensitivity_20260321_193605,181,8,0.99999999,6,770717776,340131313,3,0.09576664764404297,0.11370692949965597,0.9661,0.83264,15.89958,0.13611264915569968,1.0,7.349213424546029,1.0,0.8525,15.3501,0.13169662654399872,1.0,7.593209266662598,1.0,0.5,8192,16384,0.5
2026-03-22T04:17:59,crp_c_sensitivity_20260321_193605,181,8,0.99999999,6,770717776,340131313,4,0.07313185486197471,0.10566760279834271,0.9686,0.85002,15.512,0.1324010384662072,1.0,7.555975995710134,1.0,0.8621,15.1868,0.12825652956962585,1.0,7.796873569488525,1.0,0.5,8192,16384,0.5
2026-03-22T04:18:35,crp_c_sensitivity_20260321_193605,181,8,0.99999999,6,770717776,340131313,5,0.05519409334301949,0.10152925875857473,0.9708,0.85824,15.41328,0.13021392514333702,1.0,7.681856996872845,1.0,0.8632,15.3563,0.1278315931558609,1.0,7.822792053222656,1.0,0.5,8192,16384,0.5
2026-03-22T04:19:19,crp_c_sensitivity_20260321_193605,182,8,0.99999999,7,2099652941,1591805369,1,0.30518957197189334,0.17478984365463257,0.9474,0.7069,18.28136,0.13530254802283118,1.0,7.3971434944426,1.0,0.7494,17.1819,0.1291821151971817,1.0,7.74100923538208,1.0,0.5,8192,16384,0.5
2026-03-22T04:19:55,crp_c_sensitivity_20260321_193605,182,8,0.99999999,7,2099652941,1591805369,2,0.132780629529953,0.12170898032188415,0.9639,0.75662,17.28284,0.13648203590794292,1.0,7.330460815478469,1.0,0.785,16.5132,0.13139405846595764,1.0,7.610694408416748,1.0,0.5,8192,16384,0.5
2026-03-22T04:20:32,crp_c_sensitivity_20260321_193605,182,8,0.99999999,7,2099652941,1591805369,3,0.09214931569576264,0.11583533110618591,0.9653,0.78678,16.66484,0.132754925266861,1.0,7.536192625684811,1.0,0.8028,16.259,0.128274604678154,1.0,7.795775413513184,1.0,0.5,8192,16384,0.5
2026-03-22T04:21:08,crp_c_sensitivity_20260321_193605,182,8,0.99999999,7,2099652941,1591805369,4,0.06930540072917939,0.09787583351135254,0.9704,0.80668,16.33954,0.1298036079882356,1.0,7.7081184996973215,1.0,0.8257,15.8184,0.12566417455673218,1.0,7.9577178955078125,1.0,0.5,8192,16384,0.5
2026-03-22T04:21:45,crp_c_sensitivity_20260321_193605,182,8,0.99999999,7,2099652941,1591805369,5,0.053321248949766156,0.1009748376429081,0.9682,0.8214,16.14098,0.12770174356067882,1.0,7.833724814607664,1.0,0.8328,15.8718,0.12459900230169296,1.0,8.02574634552002,1.0,0.5,8192,16384,0.5
2026-03-22T04:22:28,crp_c_sensitivity_20260321_193605,183,8,0.99999999,8,610121501,81632056,1,0.3049915940141678,0.15497187899947165,0.9543,0.7012,18.57178,0.13821549705989525,1.0,7.237734604369649,1.0,0.7336,17.6608,0.13325640559196472,1.0,7.504329681396484,1.0,0.5,8192,16384,0.5
2026-03-22T04:23:05,crp_c_sensitivity_20260321_193605,183,8,0.99999999,8,610121501,81632056,2,0.132722176579237,0.1111984228335321,0.9668,0.74786,17.47206,0.13488640249385248,1.0,7.4210596218743285,1.0,0.7869,16.5162,0.13056959211826324,1.0,7.658751010894775,1.0,0.5,8192,16384,0.5
2026-03-22T04:23:42,crp_c_sensitivity_20260321_193605,183,8,0.99999999,8,610121501,81632056,3,0.0935497091960907,0.09721852094940842,0.9709,0.77724,16.94388,0.1344991129682497,1.0,7.437536527433664,1.0,0.7849,16.7473,0.13062675297260284,1.0,7.655399322509766,1.0,0.5,8192,16384,0.5
2026-03-22T04:24:18,crp_c_sensitivity_20260321_193605,183,8,0.99999999,8,610121501,81632056,4,0.07047998063802718,0.09077286762222647,0.9725,0.79046,16.76756,0.13208356160489496,1.0,7.573863799004909,1.0,0.7992,16.4557,0.1271185427904129,1.0,7.866672992706299,1.0,0.5,8192,16384,0.5
2026-03-22T04:24:55,crp_c_sensitivity_20260321_193605,183,8,0.99999999,8,610121501,81632056,5,0.05541596707820892,0.07528997236536816,0.9764,0.79622,16.69116,0.12903866785414078,1.0,7.75160544363739,1.0,0.8161,16.2295,0.12592020630836487,1.0,7.941537380218506,1.0,0.5,8192,16384,0.5
2026-03-22T04:25:38,crp_c_sensitivity_20260321_193605,184,8,0.99999999,9,1838846271,1871426983,1,0.3114722700214386,0.16858378257751463,0.9504,0.7782,16.73194,0.13207396777237163,1.0,7.578764184966417,1.0,0.8163,15.6889,0.12845396995544434,1.0,7.7848896980285645,1.0,0.5,8192,16384,0.5
2026-03-22T04:26:14,crp_c_sensitivity_20260321_193605,184,8,0.99999999,9,1838846271,1871426983,2,0.13272254618406296,0.13541803226470947,0.9616,0.81358,16.11126,0.135631926643574,1.0,7.377734751347691,1.0,0.8355,15.5342,0.13097381591796875,1.0,7.6351141929626465,1.0,0.5,8192,16384,0.5
2026-03-22T04:26:49,crp_c_sensitivity_20260321_193605,184,8,0.99999999,9,1838846271,1871426983,3,0.09437898302078247,0.10932025861740112,0.9672,0.84818,15.42882,0.13424367558620776,1.0,7.451517030711064,1.0,0.8662,14.8661,0.12976959347724915,1.0,7.705965518951416,1.0,0.5,8192,16384,0.5
2026-03-22T04:27:24,crp_c_sensitivity_20260321_193605,184,8,0.99999999,9,1838846271,1871426983,4,0.06989471677303315,0.10421035972833634,0.9687,0.86458,15.1467,0.13086398124999707,1.0,7.6448930120834,1.0,0.8814,14.6435,0.12704221904277802,1.0,7.871399402618408,1.0,0.5,8192,16384,0.5
2026-03-22T04:28:00,crp_c_sensitivity_20260321_193605,184,8,0.99999999,9,1838846271,1871426983,5,0.055315689005851744,0.09626972327232361,0.9712,0.8837,14.8086,0.1286958552458707,1.0,7.772796806472037,1.0,0.8946,14.4114,0.1248326450586319,1.0,8.010725021362305,1.0,0.5,8192,16384,0.5
2026-03-22T04:28:44,crp_c_sensitivity_20260321_193605,185,8,0.99999999,10,197083686,201832800,1,0.3054799046516418,0.18272195301055907,0.9461,0.77552,17.1831,0.1370153307838513,1.0,7.302088830172253,1.0,0.8166,16.1578,0.13126547634601593,1.0,7.618149280548096,1.0,0.5,8192,16384,0.5
2026-03-22T04:29:19,crp_c_sensitivity_20260321_193605,185,8,0.99999999,10,197083686,201832800,2,0.13037661756992341,0.13928656787872315,0.9568,0.8218,16.21136,0.13615930693991043,1.0,7.348291148310122,1.0,0.8549,15.2829,0.13043975830078125,1.0,7.666374206542969,1.0,0.5,8192,16384,0.5
2026-03-22T04:29:54,crp_c_sensitivity_20260321_193605,185,8,0.99999999,10,197083686,201832800,3,0.08952947140693665,0.11190380909442901,0.9677,0.8503,15.6185,0.13411975745349894,1.0,7.458250128704568,1.0,0.8661,15.2247,0.12958982586860657,1.0,7.716655254364014,1.0,0.5,8192,16384,0.5
2026-03-22T04:30:29,crp_c_sensitivity_20260321_193605,185,8,0.99999999,10,197083686,201832800,4,0.0676034868168831,0.1041419548034668,0.9691,0.87044,15.32556,0.13157044892268413,1.0,7.602292549884533,1.0,0.8829,14.9705,0.12847299873828888,1.0,7.7837371826171875,1.0,0.5,8192,16384,0.5
2026-03-22T04:31:05,crp_c_sensitivity_20260321_193605,185,8,0.99999999,10,197083686,201832800,5,0.05278929458975792,0.11048860082626343,0.9672,0.89052,15.0203,0.12877424766340523,1.0,7.767173745138261,1.0,0.9077,14.4378,0.12494517117738724,1.0,8.003510475158691,1.0,0.5,8192,16384,0.5
2026-03-22T04:31:47,crp_c_sensitivity_20260321_193605,186,8,0.99999999,11,1133022548,445233056,1,0.309773988904953,0.169285138630867,0.9502,0.7691,17.14512,0.13487714654801752,1.0,7.418245077742945,1.0,0.8231,15.7931,0.13033126294612885,1.0,7.672756195068359,1.0,0.5,8192,16384,0.5
2026-03-22T04:32:23,crp_c_sensitivity_20260321_193605,186,8,0.99999999,11,1133022548,445233056,2,0.1337856463241577,0.1481604861855507,0.9541,0.81676,16.15182,0.13624500664298797,1.0,7.342398483734911,1.0,0.854,15.2906,0.13283821940422058,1.0,7.5279541015625,1.0,0.5,8192,16384,0.5
2026-03-22T04:32:59,crp_c_sensitivity_20260321_193605,186,8,0.99999999,11,1133022548,445233056,3,0.0940429427921772,0.10590628318488599,0.9666,0.84934,15.4795,0.13310396640806857,1.0,7.516199011936822,1.0,0.8673,14.9817,0.12878736853599548,1.0,7.764736652374268,1.0,0.5,8192,16384,0.5
2026-03-22T04:33:35,crp_c_sensitivity_20260321_193605,186,8,0.99999999,11,1133022548,445233056,4,0.07102186878144741,0.09495253720879555,0.9697,0.86952,15.0566,0.13079044992661537,1.0,7.648031965241103,1.0,0.8774,14.7914,0.12731419503688812,1.0,7.854583740234375,1.0,0.5,8192,16384,0.5
2026-03-22T04:34:10,crp_c_sensitivity_20260321_193605,186,8,0.99999999,11,1133022548,445233056,5,0.055979860920906066,0.09547842046022414,0.9709,0.87912,14.98798,0.1285258115023908,1.0,7.7825369590993425,1.0,0.885,14.7116,0.12507326900959015,1.0,7.9953131675720215,1.0,0.5,8192,16384,0.5
2026-03-22T04:34:53,crp_c_sensitivity_20260321_193605,187,8,0.99999999,12,1179987134,1082762360,1,0.3090593861222267,0.17163576917648316,0.9512,0.72494,18.14902,0.13767658433188562,1.0,7.266637135039815,1.0,0.7638,17.1428,0.1319872885942459,1.0,7.576487064361572,1.0,0.5,8192,16384,0.5
2026-03-22T04:35:30,crp_c_sensitivity_20260321_193605,187,8,0.99999999,12,1179987134,1082762360,2,0.1355103549695015,0.14391799765825272,0.9582,0.77728,16.96004,0.13541074207676645,1.0,7.390679478950208,1.0,0.8154,15.9545,0.13000240921974182,1.0,7.692164897918701,1.0,0.5,8192,16384,0.5
2026-03-22T04:36:06,crp_c_sensitivity_20260321_193605,187,8,0.99999999,12,1179987134,1082762360,3,0.09312589998960495,0.10984211025238037,0.9668,0.8142,16.22958,0.1341081721627194,1.0,7.458963788073996,1.0,0.8289,15.8693,0.13013143837451935,1.0,7.6845383644104,1.0,0.5,8192,16384,0.5
2026-03-22T04:36:42,crp_c_sensitivity_20260321_193605,187,8,0.99999999,12,1179987134,1082762360,4,0.07109183138489723,0.10503106969594955,0.9671,0.83656,15.87126,0.1313904656854737,1.0,7.61289883635538,1.0,0.8465,15.5557,0.12845569849014282,1.0,7.784785270690918,1.0,0.5,8192,16384,0.5
2026-03-22T04:37:17,crp_c_sensitivity_20260321_193605,187,8,0.99999999,12,1179987134,1082762360,5,0.05518347938299179,0.09141588666439056,0.9714,0.8491,15.67248,0.12842543194513492,1.0,7.7893270763289895,1.0,0.8572,15.489,0.12480637431144714,1.0,8.012411117553711,1.0,0.5,8192,16384,0.5
2026-03-22T04:38:00,crp_c_sensitivity_20260321_193605,188,8,0.99999999,13,1411532468,2064435149,1,0.30699007409572604,0.1708556941509247,0.9492,0.7657,17.2306,0.1374966044483892,1.0,7.275469723869772,1.0,0.8113,16.0105,0.13272783160209656,1.0,7.534214496612549,1.0,0.5,8192,16384,0.5
2026-03-22T04:38:36,crp_c_sensitivity_20260321_193605,188,8,0.99999999,13,1411532468,2064435149,2,0.12963836821198463,0.11973772444725037,0.9649,0.8237,15.93238,0.13499904193384263,1.0,7.413526192345582,1.0,0.8475,15.262,0.12875084578990936,1.0,7.766939640045166,1.0,0.5,8192,16384,0.5
2026-03-22T04:39:12,crp_c_sensitivity_20260321_193605,188,8,0.99999999,13,1411532468,2064435149,3,0.0865302839833498,0.11437989403009415,0.9652,0.8492,15.45482,0.13077015995674426,1.0,7.660156642689424,1.0,0.8841,14.4525,0.12296698242425919,1.0,8.132264137268066,1.0,0.5,8192,16384,0.5
2026-03-22T04:39:47,crp_c_sensitivity_20260321_193605,188,8,0.99999999,13,1411532468,2064435149,4,0.06406174514889718,0.10303784459829331,0.9696,0.86452,15.33654,0.1311654527016613,1.0,7.62624029613212,1.0,0.8734,15.1091,0.1279059648513794,1.0,7.818243503570557,1.0,0.5,8192,16384,0.5
2026-03-22T04:40:22,crp_c_sensitivity_20260321_193605,188,8,0.99999999,13,1411532468,2064435149,5,0.05097580997228623,0.09936970876455307,0.9731,0.88124,15.08012,0.12823419097591848,1.0,7.800113624319091,1.0,0.8871,14.878,0.1254865974187851,1.0,7.968978404998779,1.0,0.5,8192,16384,0.5
2026-03-22T04:41:06,crp_c_sensitivity_20260321_193605,189,8,0.99999999,14,880760897,2106076490,1,0.30197014181137083,0.18710091409683227,0.9448,0.73904,17.72502,0.13383458489957062,1.0,7.475600356031257,1.0,0.7674,16.7807,0.1282610446214676,1.0,7.796599388122559,1.0,0.5,8192,16384,0.5
2026-03-22T04:41:42,crp_c_sensitivity_20260321_193605,189,8,0.99999999,14,880760897,2106076490,2,0.1309240349817276,0.13774525136947632,0.9603,0.77328,16.91152,0.13395708364903774,1.0,7.469341429298186,1.0,0.8076,15.9443,0.12793968617916107,1.0,7.816183090209961,1.0,0.5,8192,16384,0.5
2026-03-22T04:42:18,crp_c_sensitivity_20260321_193605,189,8,0.99999999,14,880760897,2106076490,3,0.09103593200206757,0.12202405896186828,0.9653,0.79522,16.54906,0.13262344294649256,1.0,7.542395301487135,1.0,0.8131,16.111,0.12929478287696838,1.0,7.734263896942139,1.0,0.5,8192,16384,0.5
2026-03-22T04:42:55,crp_c_sensitivity_20260321_193605,189,8,0.99999999,14,880760897,2106076490,4,0.06655756417512894,0.12542199485301972,0.9645,0.81574,16.27194,0.1309478639641686,1.0,7.638010193319881,1.0,0.8319,15.8617,0.12750579416751862,1.0,7.842780590057373,1.0,0.5,8192,16384,0.5
2026-03-22T04:43:31,crp_c_sensitivity_20260321_193605,189,8,0.99999999,14,880760897,2106076490,5,0.0526350524276495,0.11212151732444763,0.9686,0.83514,15.97296,0.12872591965338764,1.0,7.769782143175754,1.0,0.8448,15.7584,0.1263033151626587,1.0,7.9174485206604,1.0,0.5,8192,16384,0.5
2026-03-22T04:44:14,crp_c_sensitivity_20260321_193605,190,8,0.99999999,15,1125258163,32671530,1,0.2975491395187378,0.1705894814968109,0.9493,0.73448,17.89712,0.13539151085154785,1.0,7.3944316922551225,1.0,0.7815,16.7498,0.12780961394309998,1.0,7.8241376876831055,1.0,0.5,8192,16384,0.5
2026-03-22T04:44:49,crp_c_sensitivity_20260321_193605,190,8,0.99999999,15,1125258163,32671530,2,0.13061915831565857,0.12328312935829162,0.9643,0.78184,16.97196,0.13625410797498416,1.0,7.343098287997038,1.0,0.809,16.308,0.13146235048770905,1.0,7.606740951538086,1.0,0.5,8192,16384,0.5
2026-03-22T04:45:24,crp_c_sensitivity_20260321_193605,190,8,0.99999999,15,1125258163,32671530,3,0.09036912783145905,0.10032164013385772,0.9702,0.81574,16.3382,0.133874064173235,1.0,7.473016026684695,1.0,0.8343,16.0041,0.1307266354560852,1.0,7.649550437927246,1.0,0.5,8192,16384,0.5
2026-03-22T04:45:59,crp_c_sensitivity_20260321_193605,190,8,0.99999999,15,1125258163,32671530,4,0.06748516533970833,0.0971229557275772,0.9708,0.83732,16.0606,0.13211640757520485,1.0,7.570879843533802,1.0,0.8561,15.5707,0.12827366590499878,1.0,7.795832633972168,1.0,0.5,8192,16384,0.5
2026-03-22T04:46:34,crp_c_sensitivity_20260321_193605,190,8,0.99999999,15,1125258163,32671530,5,0.05253782289147377,0.09265956634283065,0.9728,0.8579,15.694,0.12909782782692433,1.0,7.748005493827488,1.0,0.8631,15.6084,0.1258782595396042,1.0,7.944183826446533,1.0,0.5,8192,16384,0.5
2026-03-22T04:47:16,crp_c_sensitivity_20260321_193605,191,8,0.99999999,16,1670339593,1116671339,1,0.2966062205791473,0.1802551272124052,0.9454,0.78246,17.0603,0.13682703003096763,1.0,7.3101533770256335,1.0,0.8173,16.1156,0.1341812014579773,1.0,7.452609062194824,1.0,0.5,8192,16384,0.5
2026-03-22T04:47:53,crp_c_sensitivity_20260321_193605,191,8,0.99999999,16,1670339593,1116671339,2,0.12870022950649262,0.13021003708541393,0.9606,0.8365,15.88202,0.13636551545861433,1.0,7.3354179584766595,1.0,0.8651,14.9781,0.1321220099925995,1.0,7.568761825561523,1.0,0.5,8192,16384,0.5
2026-03-22T04:48:29,crp_c_sensitivity_20260321_193605,191,8,0.99999999,16,1670339593,1116671339,3,0.08898113398313523,0.12276400902718305,0.9624,0.87034,15.18732,0.1345831426360723,1.0,7.433160153801179,1.0,0.885,14.7543,0.12971222400665283,1.0,7.709373474121094,1.0,0.5,8192,16384,0.5
2026-03-22T04:49:04,crp_c_sensitivity_20260321_193605,191,8,0.99999999,16,1670339593,1116671339,4,0.06830590852737427,0.10435287004522979,0.9691,0.88888,14.86682,0.13207006073363906,1.0,7.573969947102735,1.0,0.8979,14.5559,0.12872672080993652,1.0,7.768394470214844,1.0,0.5,8192,16384,0.5
2026-03-22T04:49:40,crp_c_sensitivity_20260321_193605,191,8,0.99999999,16,1670339593,1116671339,5,0.05233088586568833,0.10061168386340141,0.9726,0.8963,14.77594,0.13019499708624446,1.0,7.6824395979761775,1.0,0.9054,14.5726,0.12727691233158112,1.0,7.856884956359863,1.0,0.5,8192,16384,0.5
2026-03-22T04:50:22,crp_c_sensitivity_20260321_193605,192,8,0.99999999,17,325562523,1263666239,1,0.2947172433400154,0.17720210647583007,0.9468,0.72828,18.06624,0.13622223347654122,1.0,7.344927168258316,1.0,0.7818,16.6452,0.13044387102127075,1.0,7.66613245010376,1.0,0.5,8192,16384,0.5
2026-03-22T04:50:58,crp_c_sensitivity_20260321_193605,192,8,0.99999999,17,325562523,1263666239,2,0.13396469974040986,0.12848683906793595,0.961,0.79202,16.6298,0.13621604008138027,1.0,7.344346869632107,1.0,0.8267,15.7958,0.1314261555671692,1.0,7.608835220336914,1.0,0.5,8192,16384,0.5
2026-03-22T04:51:34,crp_c_sensitivity_20260321_193605,192,8,0.99999999,17,325562523,1263666239,3,0.0909699985384941,0.11828787515759467,0.9658,0.82654,15.9581,0.13398538731857942,1.0,7.4665751457214355,1.0,0.8316,15.795,0.12945710122585297,1.0,7.72456693649292,1.0,0.5,8192,16384,0.5
2026-03-22T04:52:11,crp_c_sensitivity_20260321_193605,192,8,0.99999999,17,325562523,1263666239,4,0.0677990585181117,0.10509244005680084,0.9694,0.84448,15.66214,0.13159281567996725,1.0,7.601648755085742,1.0,0.8595,15.2468,0.1266757994890213,1.0,7.894167900085449,1.0,0.5,8192,16384,0.5
2026-03-22T04:52:46,crp_c_sensitivity_20260321_193605,192,8,0.99999999,17,325562523,1263666239,5,0.05263645747423172,0.09247509912848473,0.9729,0.86768,15.25824,0.1293742383456291,1.0,7.730926201471587,1.0,0.879,14.9627,0.12605461478233337,1.0,7.933069705963135,1.0,0.5,8192,16384,0.5
2026-03-22T04:53:27,crp_c_sensitivity_20260321_193605,193,8,0.99999999,18,1141644040,698701484,1,0.30856403222560885,0.1803278434216976,0.9477,0.77874,17.07986,0.1352589340389842,1.0,7.395744128605289,1.0,0.8174,16.043,0.13071748614311218,1.0,7.650085926055908,1.0,0.5,8192,16384,0.5
2026-03-22T04:54:03,crp_c_sensitivity_20260321_193605,193,8,0.99999999,18,1141644040,698701484,2,0.13003733974695206,0.13543692091107368,0.9594,0.82348,16.10774,0.1354410983336246,1.0,7.38579542984438,1.0,0.8404,15.4838,0.13059480488300323,1.0,7.6572723388671875,1.0,0.5,8192,16384,0.5
2026-03-22T04:54:39,crp_c_sensitivity_20260321_193605,193,8,0.99999999,18,1141644040,698701484,3,0.0901153153681755,0.11450683767423034,0.964,0.84366,15.70902,0.13318021119098225,1.0,7.510497815163849,1.0,0.8629,15.1972,0.12947781383991241,1.0,7.723330974578857,1.0,0.5,8192,16384,0.5
2026-03-22T04:55:15,crp_c_sensitivity_20260321_193605,193,8,0.99999999,18,1141644040,698701484,4,0.06635305570840835,0.10314224718213082,0.9692,0.86752,15.26218,0.130129062039468,1.0,7.687052207224814,1.0,0.8786,14.9495,0.12694907188415527,1.0,7.877174377441406,1.0,0.5,8192,16384,0.5
2026-03-22T04:55:50,crp_c_sensitivity_20260321_193605,193,8,0.99999999,18,1141644040,698701484,5,0.05221510707616806,0.09926772955358028,0.9681,0.87902,15.094,0.12711221570401546,1.0,7.869840182916588,1.0,0.8867,14.8676,0.12356029450893402,1.0,8.093214988708496,1.0,0.5,8192,16384,0.5
2026-03-22T04:56:34,crp_c_sensitivity_20260321_193605,194,8,0.99999999,19,1262895196,1637495119,1,0.303692649974823,0.18087464649677276,0.946,0.6705,19.02976,0.13464033161587727,1.0,7.432131262386546,1.0,0.7176,17.8053,0.12922345101833344,1.0,7.7385334968566895,1.0,0.5,8192,16384,0.5
2026-03-22T04:57:11,crp_c_sensitivity_20260321_193605,194,8,0.99999999,19,1262895196,1637495119,2,0.13014157801866533,0.1354956161916256,0.9606,0.72334,17.93158,0.13530705632913448,1.0,7.394232708474864,1.0,0.7509,17.1837,0.13069382309913635,1.0,7.65147066116333,1.0,0.5,8192,16384,0.5
2026-03-22T04:57:48,crp_c_sensitivity_20260321_193605,194,8,0.99999999,19,1262895196,1637495119,3,0.09152469014644622,0.12053113889098167,0.9642,0.75746,17.25522,0.13422122864467104,1.0,7.452457391392544,1.0,0.7826,16.6055,0.1312413513660431,1.0,7.61954927444458,1.0,0.5,8192,16384,0.5
2026-03-22T04:58:24,crp_c_sensitivity_20260321_193605,194,8,0.99999999,19,1262895196,1637495119,4,0.06927444178342819,0.11561276779174805,0.9659,0.78486,16.72438,0.13219601902967829,1.0,7.5660575844747635,1.0,0.7996,16.3444,0.1290491819381714,1.0,7.748983383178711,1.0,0.5,8192,16384,0.5
2026-03-22T04:59:01,crp_c_sensitivity_20260321_193605,194,8,0.99999999,19,1262895196,1637495119,5,0.05387638472557068,0.10426194557547569,0.9687,0.81142,16.23978,0.12900729340208156,1.0,7.753408240540253,1.0,0.8208,15.981,0.12623775005340576,1.0,7.921560764312744,1.0,0.5,8192,16384,0.5
2026-03-22T04:59:44,crp_c_sensitivity_20260321_193605,195,8,0.99999999,20,1678681706,1932734277,1,0.3041871188688278,0.1711113024532795,0.9507,0.71558,18.29436,0.13479377687587152,1.0,7.423341399873309,1.0,0.757,17.1115,0.12964902818202972,1.0,7.713131904602051,1.0,0.5,8192,16384,0.5
2026-03-22T05:00:21,crp_c_sensitivity_20260321_193605,195,8,0.99999999,20,1678681706,1932734277,2,0.1356840050625801,0.12310063284039498,0.964,0.75214,17.45456,0.13526851781036542,1.0,7.395982902068312,1.0,0.7793,16.7407,0.1303802728652954,1.0,7.669872283935547,1.0,0.5,8192,16384,0.5
2026-03-22T05:00:57,crp_c_sensitivity_20260321_193605,195,8,0.99999999,20,1678681706,1932734277,3,0.09470784864664078,0.11527063280940056,0.9642,0.7887,16.69778,0.1318609581502807,1.0,7.58789819707651,1.0,0.818,15.9937,0.12771672010421753,1.0,7.82982873916626,1.0,0.5,8192,16384,0.5
2026-03-22T05:01:34,crp_c_sensitivity_20260321_193605,195,8,0.99999999,20,1678681706,1932734277,4,0.07174568557739258,0.1014696545213461,0.9698,0.81814,16.1677,0.13049833468921349,1.0,7.66487636712506,1.0,0.8306,15.7651,0.12581604719161987,1.0,7.948111534118652,1.0,0.5,8192,16384,0.5
2026-03-22T05:02:09,crp_c_sensitivity_20260321_193605,195,8,0.99999999,20,1678681706,1932734277,5,0.0568357243347168,0.09990135895758867,0.9693,0.83856,15.80954,0.12779053769376883,1.0,7.826893040591188,1.0,0.8579,15.3544,0.12554708123207092,1.0,7.965138912200928,1.0,0.5,8192,16384,0.5
2026-03-22T05:02:52,crp_c_sensitivity_20260321_193605,196,8,0.99999999,21,351567108,982419163,1,0.29728351593017577,0.16671429017186165,0.9511,0.75624,17.48322,0.1372821662584534,1.0,7.28769537615959,1.0,0.7941,16.5012,0.13230665028095245,1.0,7.558199405670166,1.0,0.5,8192,16384,0.5
2026-03-22T05:03:28,crp_c_sensitivity_20260321_193605,196,8,0.99999999,21,351567108,982419163,2,0.12995748198032378,0.12501516937613488,0.9624,0.79818,16.5449,0.1357242553816427,1.0,7.371078537553168,1.0,0.8197,15.9167,0.13203366100788116,1.0,7.573826313018799,1.0,0.5,8192,16384,0.5
2026-03-22T05:04:04,crp_c_sensitivity_20260321_193605,196,8,0.99999999,21,351567108,982419163,3,0.09072071323633193,0.10648073945641517,0.966,0.82224,16.0676,0.1340751412808133,1.0,7.462156699441583,1.0,0.8523,15.3005,0.12853270769119263,1.0,7.780120849609375,1.0,0.5,8192,16384,0.5
2026-03-22T05:04:40,crp_c_sensitivity_20260321_193605,196,8,0.99999999,21,351567108,982419163,4,0.06703988295793534,0.09246633409559726,0.9716,0.84658,15.65898,0.13115961220868103,1.0,7.626643460120081,1.0,0.8613,15.2162,0.12776248157024384,1.0,7.827023983001709,1.0,0.5,8192,16384,0.5
2026-03-22T05:05:15,crp_c_sensitivity_20260321_193605,196,8,0.99999999,21,351567108,982419163,5,0.05281132605075836,0.08060000212788582,0.9753,0.86234,15.41502,0.12864070158937704,1.0,7.7748784457936,1.0,0.8635,15.2676,0.1254698932170868,1.0,7.970039367675781,1.0,0.5,8192,16384,0.5
2026-03-22T05:05:58,crp_c_sensitivity_20260321_193605,197,8,0.99999999,22,890317401,944064138,1,0.30554442650794983,0.16309033541679382,0.9502,0.66996,19.13304,0.1382742995572517,1.0,7.237129358989199,1.0,0.713,18.0156,0.1307183802127838,1.0,7.650033950805664,1.0,0.5,8192,16384,0.5
2026-03-22T05:06:35,crp_c_sensitivity_20260321_193605,197,8,0.99999999,22,890317401,944064138,2,0.12860829104959964,0.11320384180545807,0.9651,0.71598,18.17704,0.1369878597881483,1.0,7.303396127412996,1.0,0.7349,17.6239,0.13188284635543823,1.0,7.582487106323242,1.0,0.5,8192,16384,0.5
2026-03-22T05:07:13,crp_c_sensitivity_20260321_193605,197,8,0.99999999,22,890317401,944064138,3,0.08806723523497581,0.11088500604629517,0.966,0.75334,17.37926,0.1347252350405354,1.0,7.4250515549993885,1.0,0.77,16.998,0.13090671598911285,1.0,7.639027118682861,1.0,0.5,8192,16384,0.5
2026-03-22T05:07:49,crp_c_sensitivity_20260321_193605,197,8,0.99999999,22,890317401,944064138,4,0.06733758192539215,0.09376992011666298,0.9694,0.78056,16.88766,0.13142943027836587,1.0,7.610388359450318,1.0,0.7917,16.6118,0.1280723363161087,1.0,7.8080878257751465,1.0,0.5,8192,16384,0.5
2026-03-22T05:08:26,crp_c_sensitivity_20260321_193605,197,8,0.99999999,22,890317401,944064138,5,0.050773408024311066,0.09406332920789719,0.9691,0.79448,16.6787,0.1294253742527169,1.0,7.728185453683214,1.0,0.8117,16.2241,0.1265743523836136,1.0,7.900494575500488,1.0,0.5,8192,16384,0.5
2026-03-22T05:09:09,crp_c_sensitivity_20260321_193605,198,8,0.99999999,23,52762148,798329965,1,0.3023276825666428,0.16741245305538177,0.9493,0.70474,18.76746,0.13659303187561767,1.0,7.323082704373332,1.0,0.7469,17.5739,0.1322278082370758,1.0,7.5627055168151855,1.0,0.5,8192,16384,0.5
2026-03-22T05:09:45,crp_c_sensitivity_20260321_193605,198,8,0.99999999,23,52762148,798329965,2,0.13624212007045747,0.1336389862537384,0.9613,0.75782,17.4695,0.1358300468805806,1.0,7.365825429901747,1.0,0.7755,16.9634,0.13140857219696045,1.0,7.609853267669678,1.0,0.5,8192,16384,0.5
2026-03-22T05:10:21,crp_c_sensitivity_20260321_193605,198,8,0.99999999,23,52762148,798329965,3,0.09615282693147659,0.1001605766773224,0.9701,0.7947,16.77566,0.13457337627782845,1.0,7.432285073468142,1.0,0.8078,16.4577,0.13158908486366272,1.0,7.599414348602295,1.0,0.5,8192,16384,0.5
2026-03-22T05:10:57,crp_c_sensitivity_20260321_193605,198,8,0.99999999,23,52762148,798329965,4,0.0717861375761032,0.09294478868246078,0.9722,0.81234,16.4484,0.13169644952125256,1.0,7.595052537405887,1.0,0.8275,16.0539,0.12827201187610626,1.0,7.795932769775391,1.0,0.5,8192,16384,0.5
2026-03-22T05:11:33,crp_c_sensitivity_20260321_193605,198,8,0.99999999,23,52762148,798329965,5,0.05579634835600853,0.08405300396680832,0.9747,0.8328,16.13686,0.12964126490571004,1.0,7.715165471176967,1.0,0.8458,15.6575,0.1264926940202713,1.0,7.905595302581787,1.0,0.5,8192,16384,0.5
2026-03-22T05:12:16,crp_c_sensitivity_20260321_193605,199,8,0.99999999,24,1422828218,58739133,1,0.30717799620628355,0.18068356952667236,0.9473,0.75906,17.3807,0.13615219862869635,1.0,7.347916765286184,1.0,0.8016,16.2717,0.13159184157848358,1.0,7.599255084991455,1.0,0.5,8192,16384,0.5
2026-03-22T05:12:52,crp_c_sensitivity_20260321_193605,199,8,0.99999999,24,1422828218,58739133,2,0.13259815567493438,0.13871541128158568,0.9591,0.80826,16.23728,0.13559834125554165,1.0,7.377352031600445,1.0,0.827,15.7269,0.13135814666748047,1.0,7.612774848937988,1.0,0.5,8192,16384,0.5
2026-03-22T05:13:28,crp_c_sensitivity_20260321_193605,199,8,0.99999999,24,1422828218,58739133,3,0.09242965741872787,0.11521242794394493,0.966,0.8338,15.71412,0.13326167454347587,1.0,7.50639488264118,1.0,0.8453,15.4363,0.1292879730463028,1.0,7.734671115875244,1.0,0.5,8192,16384,0.5
2026-03-22T05:14:04,crp_c_sensitivity_20260321_193605,199,8,0.99999999,24,1422828218,58739133,4,0.06764863286972046,0.10944077512025834,0.9678,0.85234,15.4414,0.13134150146066076,1.0,7.615481920559388,1.0,0.8716,14.9385,0.12837494909763336,1.0,7.789681911468506,1.0,0.5,8192,16384,0.5
2026-03-22T05:14:41,crp_c_sensitivity_20260321_193605,199,8,0.99999999,24,1422828218,58739133,5,0.054606967055797574,0.1019703066945076,0.9711,0.87438,15.01666,0.12876125057335094,1.0,7.767620293990426,1.0,0.8811,14.7827,0.1267533302307129,1.0,7.889338970184326,1.0,0.5,8192,16384,0.5
2026-03-22T05:15:24,crp_c_sensitivity_20260321_193605,200,8,0.99999999,25,1864079172,834155646,1,0.3105276061153412,0.17162523734569549,0.9489,0.73778,17.8434,0.1350980033654996,1.0,7.405925532436127,1.0,0.7685,16.9768,0.13002212345600128,1.0,7.690998554229736,1.0,0.5,8192,16384,0.5
2026-03-22T05:16:00,crp_c_sensitivity_20260321_193605,200,8,0.99999999,25,1864079172,834155646,2,0.12996244214057923,0.1266911164186895,0.9629,0.7758,17.06466,0.13589537227550125,1.0,7.3620096057882085,1.0,0.7938,16.5764,0.13182030618190765,1.0,7.586084842681885,1.0,0.5,8192,16384,0.5
2026-03-22T05:16:36,crp_c_sensitivity_20260321_193605,200,8,0.99999999,25,1864079172,834155646,3,0.09174374991178512,0.11331415657103061,0.9648,0.81012,16.32262,0.13257752980112725,1.0,7.547489905296384,1.0,0.8308,15.8427,0.12845779955387115,1.0,7.7846574783325195,1.0,0.5,8192,16384,0.5
2026-03-22T05:17:13,crp_c_sensitivity_20260321_193605,200,8,0.99999999,25,1864079172,834155646,4,0.06921086321115494,0.10408424910120666,0.9687,0.82536,16.1278,0.13175313719703108,1.0,7.592019975032953,1.0,0.8376,15.8237,0.1280374675989151,1.0,7.810213565826416,1.0,0.5,8192,16384,0.5
2026-03-22T05:17:49,crp_c_sensitivity_20260321_193605,200,8,0.99999999,25,1864079172,834155646,5,0.054808196403980255,0.10758214193657041,0.9693,0.84274,15.84062,0.12911334797701873,1.0,7.746745231511343,1.0,0.8516,15.6578,0.12696945667266846,1.0,7.875909805297852,1.0,0.5,8192,16384,0.5
2026-03-22T05:18:31,crp_c_sensitivity_20260321_193605,201,9,0.999999999,1,759194634,1447732308,1,0.29425386551856997,0.1716109454512596,0.9514,0.77222,17.41816,0.13529405668568428,1.0,7.394426401923685,1.0,0.8075,16.4772,0.130710169672966,1.0,7.650514125823975,1.0,0.5,8192,16384,0.5
2026-03-22T05:19:07,crp_c_sensitivity_20260321_193605,201,9,0.999999999,1,759194634,1447732308,2,0.1283339712691307,0.14043141875565052,0.9578,0.80154,16.7511,0.1361322716602584,1.0,7.347650220631944,1.0,0.8235,16.075,0.13303495943546295,1.0,7.516820907592773,1.0,0.5,8192,16384,0.5
2026-03-22T05:19:43,crp_c_sensitivity_20260321_193605,201,9,0.999999999,1,759194634,1447732308,3,0.0886211550462246,0.11011876026690007,0.9675,0.82616,16.18398,0.13309259766050616,1.0,7.5157275346234025,1.0,0.8402,15.7869,0.1296750158071518,1.0,7.711585521697998,1.0,0.5,8192,16384,0.5
2026-03-22T05:20:19,crp_c_sensitivity_20260321_193605,201,9,0.999999999,1,759194634,1447732308,4,0.06742940306425095,0.10130837621986866,0.969,0.84122,15.93352,0.13096008230658138,1.0,7.63775964039366,1.0,0.8571,15.4429,0.12663201987743378,1.0,7.896896839141846,1.0,0.5,8192,16384,0.5
2026-03-22T05:20:55,crp_c_sensitivity_20260321_193605,201,9,0.999999999,1,759194634,1447732308,5,0.05362895802617073,0.10104531266391277,0.9693,0.85872,15.64358,0.1285610803405342,1.0,7.779475713324974,1.0,0.8725,15.2804,0.12627515196800232,1.0,7.919214725494385,1.0,0.5,8192,16384,0.5
2026-03-22T05:21:38,crp_c_sensitivity_20260321_193605,202,9,0.999999999,2,1752917496,1161593070,1,0.30557647233963015,0.17139886078834535,0.9484,0.775,16.98692,0.13571293232843396,1.0,7.3725023818442885,1.0,0.7933,16.4509,0.13120456039905548,1.0,7.6216864585876465,1.0,0.5,8192,16384,0.5
2026-03-22T05:22:14,crp_c_sensitivity_20260321_193605,202,9,0.999999999,2,1752917496,1161593070,2,0.13101878238201142,0.1257932443022728,0.9629,0.80458,16.32224,0.13546205237698372,1.0,7.385603618134013,1.0,0.8279,15.6516,0.1306786835193634,1.0,7.65235710144043,1.0,0.5,8192,16384,0.5
2026-03-22T05:22:50,crp_c_sensitivity_20260321_193605,202,9,0.999999999,2,1752917496,1161593070,3,0.09166838641643524,0.10148949728012086,0.9704,0.82964,15.77386,0.13261309052672227,1.0,7.54398842418895,1.0,0.8486,15.2893,0.1278887391090393,1.0,7.819296836853027,1.0,0.5,8192,16384,0.5
2026-03-22T05:23:26,crp_c_sensitivity_20260321_193605,202,9,0.999999999,2,1752917496,1161593070,4,0.06948198372364044,0.08942937470078469,0.9731,0.84484,15.48922,0.12961422063200675,1.0,7.718001466882808,1.0,0.8635,14.9799,0.12652602791786194,1.0,7.903512001037598,1.0,0.5,8192,16384,0.5
2026-03-22T05:24:02,crp_c_sensitivity_20260321_193605,202,9,0.999999999,2,1752917496,1161593070,5,0.05317678580999374,0.08254400328397751,0.9741,0.85758,15.31108,0.12797474582939197,1.0,7.815982567379846,1.0,0.8622,15.1696,0.12420786917209625,1.0,8.051019668579102,1.0,0.5,8192,16384,0.5
2026-03-22T05:24:46,crp_c_sensitivity_20260321_193605,203,9,0.999999999,3,1413105497,1276203718,1,0.32419485201358794,0.18487596701979636,0.9473,0.73256,17.7006,0.13346922195628477,1.0,7.495308408956698,1.0,0.761,16.9798,0.12907789647579193,1.0,7.747260093688965,1.0,0.5,8192,16384,0.5
2026-03-22T05:25:22,crp_c_sensitivity_20260321_193605,203,9,0.999999999,3,1413105497,1276203718,2,0.137012242603302,0.13629455102086066,0.9587,0.77556,16.88276,0.13548724860181588,1.0,7.383125246638227,1.0,0.7968,16.3641,0.13196060061454773,1.0,7.578019618988037,1.0,0.5,8192,16384,0.5
2026-03-22T05:25:58,crp_c_sensitivity_20260321_193605,203,9,0.999999999,3,1413105497,1276203718,3,0.0956140264892578,0.1202763136997819,0.9631,0.80922,16.23014,0.13240445925451605,1.0,7.5545055445502785,1.0,0.8272,15.8308,0.12926043570041656,1.0,7.736319541931152,1.0,0.5,8192,16384,0.5
2026-03-22T05:26:33,crp_c_sensitivity_20260321_193605,203,9,0.999999999,3,1413105497,1276203718,4,0.07135723654508591,0.10433332371711732,0.9691,0.83752,15.73428,0.13037030478877484,1.0,7.672257083151346,1.0,0.8506,15.4353,0.12716814875602722,1.0,7.863604545593262,1.0,0.5,8192,16384,0.5
2026-03-22T05:27:09,crp_c_sensitivity_20260321_193605,203,9,0.999999999,3,1413105497,1276203718,5,0.05478963919788599,0.10924603575468063,0.9676,0.85748,15.45486,0.12811882296562804,1.0,7.806950670374019,1.0,0.8748,15.002,0.12445037066936493,1.0,8.035331726074219,1.0,0.5,8192,16384,0.5
2026-03-22T05:27:51,crp_c_sensitivity_20260321_193605,204,9,0.999999999,4,36590007,685557335,1,0.2866027375745773,0.15616894574165344,0.9558,0.72852,18.08654,0.13365045300377604,1.0,7.488104440976897,1.0,0.7853,16.5867,0.1272478550672531,1.0,7.858678340911865,1.0,0.5,8192,16384,0.5
2026-03-22T05:28:27,crp_c_sensitivity_20260321_193605,204,9,0.999999999,4,36590007,685557335,2,0.12997735088825227,0.11942246425151824,0.9658,0.7855,16.87172,0.1354505185352262,1.0,7.385367025194875,1.0,0.8087,16.2905,0.1310327649116516,1.0,7.631678581237793,1.0,0.5,8192,16384,0.5
2026-03-22T05:29:03,crp_c_sensitivity_20260321_193605,204,9,0.999999999,4,36590007,685557335,3,0.08906101701259612,0.10596084510087966,0.97,0.80728,16.46332,0.1332866100932631,1.0,7.505153902351399,1.0,0.8291,15.9374,0.12911351025104523,1.0,7.74512243270874,1.0,0.5,8192,16384,0.5
2026-03-22T05:29:39,crp_c_sensitivity_20260321_193605,204,9,0.999999999,4,36590007,685557335,4,0.0664984635925293,0.10339709137678146,0.9689,0.82776,16.131,0.13115203548270418,1.0,7.626514856772655,1.0,0.8448,15.774,0.12849870324134827,1.0,7.782179832458496,1.0,0.5,8192,16384,0.5
2026-03-22T05:30:14,crp_c_sensitivity_20260321_193605,204,9,0.999999999,4,36590007,685557335,5,0.05153914725184441,0.09760833412408829,0.9708,0.84706,15.82958,0.12879483523728597,1.0,7.765620032844641,1.0,0.86,15.4765,0.12618844211101532,1.0,7.924656391143799,1.0,0.5,8192,16384,0.5
2026-03-22T05:30:57,crp_c_sensitivity_20260321_193605,205,9,0.999999999,5,1009832674,939831809,1,0.2939076113319397,0.17438796799182893,0.9463,0.78638,17.0255,0.13541443432535966,1.0,7.391232005165666,1.0,0.8219,15.901,0.1278463453054428,1.0,7.821889400482178,1.0,0.5,8192,16384,0.5
2026-03-22T05:31:33,crp_c_sensitivity_20260321_193605,205,9,0.999999999,5,1009832674,939831809,2,0.12952726726531982,0.1236057210445404,0.9635,0.81604,16.30272,0.13630567285258446,1.0,7.341574162778342,1.0,0.8396,15.6336,0.13091522455215454,1.0,7.638530731201172,1.0,0.5,8192,16384,0.5
2026-03-22T05:32:09,crp_c_sensitivity_20260321_193605,205,9,0.999999999,5,1009832674,939831809,3,0.09000669230699539,0.11091769121885299,0.9664,0.84118,15.75276,0.13363718170948954,1.0,7.485651422339632,1.0,0.8534,15.4521,0.12964347004890442,1.0,7.7134623527526855,1.0,0.5,8192,16384,0.5
2026-03-22T05:32:44,crp_c_sensitivity_20260321_193605,205,9,0.999999999,5,1009832674,939831809,4,0.06677482418060303,0.11095742456316948,0.9669,0.85528,15.57112,0.13197944448579607,1.0,7.578893837111686,1.0,0.8703,15.1984,0.12837304174900055,1.0,7.789797782897949,1.0,0.5,8192,16384,0.5
2026-03-22T05:33:20,crp_c_sensitivity_20260321_193605,205,9,0.999999999,5,1009832674,939831809,5,0.054274053438901904,0.09424711634516716,0.9711,0.87374,15.19464,0.12805432601429312,1.0,7.811693662267817,1.0,0.8792,15.0188,0.12483179569244385,1.0,8.01077938079834,1.0,0.5,8192,16384,0.5
2026-03-22T05:34:03,crp_c_sensitivity_20260321_193605,206,9,0.999999999,6,98223803,685074303,1,0.2989030480957031,0.16903177243471146,0.951,0.7048,18.61232,0.1350404549666378,1.0,7.409660627165109,1.0,0.762,17.13,0.13044428825378418,1.0,7.666108131408691,1.0,0.5,8192,16384,0.5
2026-03-22T05:34:40,crp_c_sensitivity_20260321_193605,206,9,0.999999999,6,98223803,685074303,2,0.12950285724163055,0.1304618059426546,0.961,0.76078,17.33636,0.13580550680227596,1.0,7.369149203190718,1.0,0.7996,16.353,0.1290842592716217,1.0,7.746877670288086,1.0,0.5,8192,16384,0.5
2026-03-22T05:35:16,crp_c_sensitivity_20260321_193605,206,9,0.999999999,6,98223803,685074303,3,0.08988342904567719,0.11598605977892876,0.9656,0.79344,16.7094,0.13433987973138806,1.0,7.447262985931943,1.0,0.8235,15.9671,0.12912246584892273,1.0,7.7445855140686035,1.0,0.5,8192,16384,0.5
2026-03-22T05:35:52,crp_c_sensitivity_20260321_193605,206,9,0.999999999,6,98223803,685074303,4,0.06819261775135994,0.112954175516963,0.967,0.81762,16.25618,0.13161921005724642,1.0,7.60002157450332,1.0,0.8353,15.8272,0.1278807669878006,1.0,7.819784641265869,1.0,0.5,8192,16384,0.5
2026-03-22T05:36:28,crp_c_sensitivity_20260321_193605,206,9,0.999999999,6,98223803,685074303,5,0.05330475077867508,0.1053081556379795,0.9702,0.84324,15.85458,0.1291270913065547,1.0,7.746728289767605,1.0,0.8581,15.4336,0.12595008313655853,1.0,7.939653396606445,1.0,0.5,8192,16384,0.5
2026-03-22T05:37:11,crp_c_sensitivity_20260321_193605,207,9,0.999999999,7,672639257,836397457,1,0.3002367056894302,0.1736327190756798,0.9513,0.74996,17.85458,0.13775331803295007,1.0,7.263195431750754,1.0,0.7974,16.5676,0.13273179531097412,1.0,7.533989906311035,1.0,0.5,8192,16384,0.5
2026-03-22T05:37:47,crp_c_sensitivity_20260321_193605,207,9,0.999999999,7,672639257,836397457,2,0.13103842691898346,0.12957326132059097,0.9617,0.80268,16.6371,0.13688436108629418,1.0,7.30835638509687,1.0,0.8244,16.0834,0.13295675814151764,1.0,7.521242618560791,1.0,0.5,8192,16384,0.5
2026-03-22T05:38:23,crp_c_sensitivity_20260321_193605,207,9,0.999999999,7,672639257,836397457,3,0.08973359616279603,0.10413045484609902,0.9701,0.83688,15.96908,0.13487166288258778,1.0,7.416873306264658,1.0,0.8474,15.7231,0.13022932410240173,1.0,7.678761959075928,1.0,0.5,8192,16384,0.5
2026-03-22T05:38:58,crp_c_sensitivity_20260321_193605,207,9,0.999999999,7,672639257,836397457,4,0.06787668835878372,0.10549614090621472,0.9681,0.85972,15.5865,0.13202923326693533,1.0,7.575385905897526,1.0,0.8669,15.3651,0.1295991688966751,1.0,7.716099262237549,1.0,0.5,8192,16384,0.5
2026-03-22T05:39:33,crp_c_sensitivity_20260321_193605,207,9,0.999999999,7,672639257,836397457,5,0.05374874424219132,0.09725419017150998,0.9719,0.87318,15.389,0.12933444942507294,1.0,7.733454605502546,1.0,0.8829,15.0421,0.12562282383441925,1.0,7.960336685180664,1.0,0.5,8192,16384,0.5
2026-03-22T05:40:16,crp_c_sensitivity_20260321_193605,208,9,0.999999999,8,1719359332,640956788,1,0.29471356708526614,0.17083648474216462,0.948,0.75164,17.71128,0.13393114724427538,1.0,7.471453736200357,1.0,0.7982,16.5089,0.12857171893119812,1.0,7.7777605056762695,1.0,0.5,8192,16384,0.5
2026-03-22T05:40:50,crp_c_sensitivity_20260321_193605,208,9,0.999999999,8,1719359332,640956788,2,0.13344478188991546,0.12161198692321777,0.963,0.80446,16.6522,0.13663716137866536,1.0,7.3208388038303545,1.0,0.827,16.0674,0.13258755207061768,1.0,7.5421857833862305,1.0,0.5,8192,16384,0.5
2026-03-22T05:41:26,crp_c_sensitivity_20260321_193605,208,9,0.999999999,8,1719359332,640956788,3,0.09184112107634544,0.1050922366142273,0.9677,0.83814,15.93906,0.13400600934424972,1.0,7.464097896195434,1.0,0.8543,15.4922,0.1311163604259491,1.0,7.626812934875488,1.0,0.5,8192,16384,0.5
2026-03-22T05:42:02,crp_c_sensitivity_20260321_193605,208,9,0.999999999,8,1719359332,640956788,4,0.06746255506992341,0.0971691436290741,0.9698,0.86164,15.50792,0.13139715417266806,1.0,7.612005713040872,1.0,0.8752,15.2136,0.1291087418794632,1.0,7.745408535003662,1.0,0.5,8192,16384,0.5
2026-03-22T05:42:37,crp_c_sensitivity_20260321_193605,208,9,0.999999999,8,1719359332,640956788,5,0.055464693343639376,0.10728935554027558,0.9656,0.88246,15.1564,0.12954117754078887,1.0,7.720685003968456,1.0,0.8867,14.9525,0.12691651284694672,1.0,7.879195690155029,1.0,0.5,8192,16384,0.5
2026-03-22T05:43:21,crp_c_sensitivity_20260321_193605,209,9,0.999999999,9,269423622,815437686,1,0.3162849742746353,0.17008092362880706,0.9505,0.7107,18.5266,0.13570612024925555,1.0,7.373207389851055,1.0,0.7577,17.244,0.13095873594284058,1.0,7.635993003845215,1.0,0.5,8192,16384,0.5
2026-03-22T05:43:58,crp_c_sensitivity_20260321_193605,209,9,0.999999999,9,269423622,815437686,2,0.13264580926895142,0.12834791043400764,0.9648,0.75758,17.4297,0.13530771167534392,1.0,7.396914212600045,1.0,0.7865,16.6135,0.12975946068763733,1.0,7.706567287445068,1.0,0.5,8192,16384,0.5
2026-03-22T05:44:34,crp_c_sensitivity_20260321_193605,209,9,0.999999999,9,269423622,815437686,3,0.09441787818431854,0.1187355587720871,0.9653,0.79166,16.72816,0.13416613146777043,1.0,7.455648684440671,1.0,0.8105,16.2412,0.13035063445568085,1.0,7.671616077423096,1.0,0.5,8192,16384,0.5
2026-03-22T05:45:11,crp_c_sensitivity_20260321_193605,209,9,0.999999999,9,269423622,815437686,4,0.06948300054311753,0.11179557186663151,0.9668,0.8086,16.4371,0.13204820202592085,1.0,7.574268523994309,1.0,0.8301,15.8599,0.12845923006534576,1.0,7.784570693969727,1.0,0.5,8192,16384,0.5
2026-03-22T05:45:47,crp_c_sensitivity_20260321_193605,209,9,0.999999999,9,269423622,815437686,5,0.05341222795009613,0.09509289580583573,0.9733,0.82788,16.08026,0.12956208002079478,1.0,7.719632008496453,1.0,0.8386,15.888,0.1275353729724884,1.0,7.840961456298828,1.0,0.5,8192,16384,0.5
2026-03-22T05:46:30,crp_c_sensitivity_20260321_193605,210,9,0.999999999,10,1214121809,1336872518,1,0.31394337456703186,0.1796966663122177,0.9468,0.75916,17.3288,0.1368226978708716,1.0,7.314249957004167,1.0,0.7997,16.2147,0.12919151782989502,1.0,7.7404465675354,1.0,0.5,8192,16384,0.5
2026-03-22T05:47:07,crp_c_sensitivity_20260321_193605,210,9,0.999999999,10,1214121809,1336872518,2,0.13114423235416411,0.13271399510800838,0.9601,0.79554,16.54686,0.13680854855138627,1.0,7.312613433584228,1.0,0.82,15.8839,0.13239608705043793,1.0,7.553093433380127,1.0,0.5,8192,16384,0.5
2026-03-22T05:47:44,crp_c_sensitivity_20260321_193605,210,9,0.999999999,10,1214121809,1336872518,3,0.09055613199830055,0.11507069270610809,0.9663,0.81772,16.08478,0.13508710501444005,1.0,7.40420838695048,1.0,0.8256,15.9455,0.1321002095937729,1.0,7.570010662078857,1.0,0.5,8192,16384,0.5
2026-03-22T05:48:20,crp_c_sensitivity_20260321_193605,210,9,0.999999999,10,1214121809,1336872518,4,0.06742534929513931,0.10246554635167122,0.9695,0.83044,15.92878,0.13270744608948604,1.0,7.537251199297892,1.0,0.8425,15.5483,0.1287481039762497,1.0,7.767104625701904,1.0,0.5,8192,16384,0.5
2026-03-22T05:48:56,crp_c_sensitivity_20260321_193605,210,9,0.999999999,10,1214121809,1336872518,5,0.050586098266839984,0.09598360547423362,0.9708,0.84566,15.68184,0.129210976459791,1.0,7.740581816114733,1.0,0.8584,15.4458,0.12763889133930206,1.0,7.834602355957031,1.0,0.5,8192,16384,0.5
2026-03-22T05:49:39,crp_c_sensitivity_20260321_193605,211,9,0.999999999,11,121802749,1224621996,1,0.30197992797851564,0.18592267365455628,0.9433,0.74196,17.72748,0.13562820543108695,1.0,7.378891121700901,1.0,0.7897,16.4003,0.1292538195848465,1.0,7.736715316772461,1.0,0.5,8192,16384,0.5
2026-03-22T05:50:16,crp_c_sensitivity_20260321_193605,211,9,0.999999999,11,121802749,1224621996,2,0.1345712992477417,0.1281332005739212,0.9626,0.78812,16.64176,0.13565734425164244,1.0,7.374924176794184,1.0,0.8112,15.9487,0.13051508367061615,1.0,7.661949634552002,1.0,0.5,8192,16384,0.5
2026-03-22T05:50:52,crp_c_sensitivity_20260321_193605,211,9,0.999999999,11,121802749,1224621996,3,0.09368842288017273,0.10955524079799651,0.9649,0.81706,16.04006,0.13308608848268114,1.0,7.5164282425590185,1.0,0.8304,15.7593,0.12919752299785614,1.0,7.740086078643799,1.0,0.5,8192,16384,0.5
2026-03-22T05:51:29,crp_c_sensitivity_20260321_193605,211,9,0.999999999,11,121802749,1224621996,4,0.07028950877189637,0.0998805771291256,0.9666,0.8383,15.73498,0.13095749373478657,1.0,7.6381218598017,1.0,0.8535,15.2728,0.12686526775360107,1.0,7.882377624511719,1.0,0.5,8192,16384,0.5
2026-03-22T05:52:04,crp_c_sensitivity_20260321_193605,211,9,0.999999999,11,121802749,1224621996,5,0.055493893815279006,0.09220189228057861,0.9707,0.85848,15.32242,0.12796894504743464,1.0,7.816015194748979,1.0,0.8653,15.1904,0.12521500885486603,1.0,7.986262798309326,1.0,0.5,8192,16384,0.5
2026-03-22T05:52:48,crp_c_sensitivity_20260321_193605,212,9,0.999999999,12,235848548,1044049751,1,0.30181537313461304,0.1609279615163803,0.9528,0.70796,18.41856,0.1355112691593292,1.0,7.384294105002947,1.0,0.7553,17.2143,0.13089187443256378,1.0,7.639893531799316,1.0,0.5,8192,16384,0.5
2026-03-22T05:53:25,crp_c_sensitivity_20260321_193605,212,9,0.999999999,12,235848548,1044049751,2,0.13001569514274597,0.11345416169017554,0.9645,0.75478,17.40002,0.13619140244048575,1.0,7.347573913271774,1.0,0.7902,16.4735,0.12908098101615906,1.0,7.747075080871582,1.0,0.5,8192,16384,0.5
2026-03-22T05:54:02,crp_c_sensitivity_20260321_193605,212,9,0.999999999,12,235848548,1044049751,3,0.09116787422895431,0.09612440399304033,0.968,0.78326,16.88156,0.13485320533632927,1.0,7.417851765137499,1.0,0.8005,16.4286,0.13190770149230957,1.0,7.581058502197266,1.0,0.5,8192,16384,0.5
2026-03-22T05:54:38,crp_c_sensitivity_20260321_193605,212,9,0.999999999,12,235848548,1044049751,4,0.06953423848837614,0.09264292519427836,0.9722,0.8003,16.53828,0.13279415095401237,1.0,7.53191739031116,1.0,0.8175,16.208,0.12990517914295197,1.0,7.697922229766846,1.0,0.5,8192,16384,0.5
2026-03-22T05:55:14,crp_c_sensitivity_20260321_193605,212,9,0.999999999,12,235848548,1044049751,5,0.05303023122787476,0.09205529929064214,0.9717,0.8242,16.15538,0.13005555773635044,1.0,7.69119380624093,1.0,0.8326,15.9112,0.12690694630146027,1.0,7.879788875579834,1.0,0.5,8192,16384,0.5
2026-03-22T05:55:57,crp_c_sensitivity_20260321_193605,213,9,0.999999999,13,2044757256,254900285,1,0.3070169206428528,0.1779508801460266,0.9477,0.80294,16.614,0.1350541678459748,1.0,7.409916383835971,1.0,0.8377,15.5595,0.12858830392360687,1.0,7.77675724029541,1.0,0.5,8192,16384,0.5
2026-03-22T05:56:33,crp_c_sensitivity_20260321_193605,213,9,0.999999999,13,2044757256,254900285,2,0.13151101846694946,0.1413589636683464,0.9576,0.83374,15.90618,0.13442385646388355,1.0,7.443495832135915,1.0,0.8555,15.2411,0.1297937035560608,1.0,7.704533576965332,1.0,0.5,8192,16384,0.5
2026-03-22T05:57:10,crp_c_sensitivity_20260321_193605,213,9,0.999999999,13,2044757256,254900285,3,0.09089770661473275,0.11293599920272827,0.966,0.85742,15.39474,0.13179051395877242,1.0,7.592198310910589,1.0,0.8776,14.909,0.12887272238731384,1.0,7.759593963623047,1.0,0.5,8192,16384,0.5
2026-03-22T05:57:45,crp_c_sensitivity_20260321_193605,213,9,0.999999999,13,2044757256,254900285,4,0.06715023889541626,0.10542336256504059,0.97,0.87392,15.1514,0.12938144864023798,1.0,7.731806058712932,1.0,0.8772,14.9994,0.12684352695941925,1.0,7.883729457855225,1.0,0.5,8192,16384,0.5
2026-03-22T05:58:21,crp_c_sensitivity_20260321_193605,213,9,0.999999999,13,2044757256,254900285,5,0.05402434522151947,0.09389911431074142,0.972,0.881,15.06544,0.1273293840267774,1.0,7.855764869533841,1.0,0.8966,14.6232,0.12363550812005997,1.0,8.08829116821289,1.0,0.5,8192,16384,0.5
2026-03-22T05:59:03,crp_c_sensitivity_20260321_193605,214,9,0.999999999,14,207033266,1320239851,1,0.2987572001647949,0.17634795796871186,0.9477,0.71784,18.28668,0.1364182333659638,1.0,7.332229054492453,1.0,0.746,17.5373,0.1337973177433014,1.0,7.473991394042969,1.0,0.5,8192,16384,0.5
2026-03-22T05:59:40,crp_c_sensitivity_20260321_193605,214,9,0.999999999,14,207033266,1320239851,2,0.12613385598659516,0.1276379672884941,0.9628,0.76058,17.3242,0.1366392706742372,1.0,7.321753650675039,1.0,0.801,16.2577,0.13158980011940002,1.0,7.599372863769531,1.0,0.5,8192,16384,0.5
2026-03-22T06:00:17,crp_c_sensitivity_20260321_193605,214,9,0.999999999,14,207033266,1320239851,3,0.08686564364910125,0.10391019625663757,0.9691,0.79238,16.64848,0.13386130679751296,1.0,7.4740295922359845,1.0,0.8088,16.2288,0.129020094871521,1.0,7.750730514526367,1.0,0.5,8192,16384,0.5
2026-03-22T06:00:53,crp_c_sensitivity_20260321_193605,214,9,0.999999999,14,207033266,1320239851,4,0.06416735608577728,0.1018343674659729,0.9692,0.8148,16.26744,0.13180979762388312,1.0,7.588716250856209,1.0,0.8264,15.9909,0.12834793329238892,1.0,7.791321754455566,1.0,0.5,8192,16384,0.5
2026-03-22T06:01:29,crp_c_sensitivity_20260321_193605,214,9,0.999999999,14,207033266,1320239851,5,0.05042180551886558,0.10041265246868133,0.9693,0.82902,16.04612,0.1301416394579441,1.0,7.685572409568845,1.0,0.8449,15.6195,0.1267283856868744,1.0,7.8908915519714355,1.0,0.5,8192,16384,0.5
2026-03-22T06:02:13,crp_c_sensitivity_20260321_193605,215,9,0.999999999,15,373907169,71425688,1,0.31447513335227967,0.17340148825645446,0.9481,0.72864,17.88442,0.13622720398561425,1.0,7.343751515878741,1.0,0.7707,16.8655,0.13053028285503387,1.0,7.661057472229004,1.0,0.5,8192,16384,0.5
2026-03-22T06:02:48,crp_c_sensitivity_20260321_193605,215,9,0.999999999,15,373907169,71425688,2,0.135613887860775,0.1293825817525387,0.9608,0.7702,17.01254,0.13639163909970647,1.0,7.333898595531883,1.0,0.78,16.7992,0.1328253298997879,1.0,7.528684616088867,1.0,0.5,8192,16384,0.5
2026-03-22T06:03:25,crp_c_sensitivity_20260321_193605,215,9,0.999999999,15,373907169,71425688,3,0.09172267608642579,0.10744421778917312,0.9665,0.80124,16.44396,0.13329043161228796,1.0,7.506615297263846,1.0,0.8172,15.9804,0.12792079150676727,1.0,7.817337512969971,1.0,0.5,8192,16384,0.5
2026-03-22T06:04:00,crp_c_sensitivity_20260321_193605,215,9,0.999999999,15,373907169,71425688,4,0.06988038076400757,0.0914414088010788,0.9707,0.82272,16.03898,0.13071764555885967,1.0,7.652755149490083,1.0,0.8407,15.5494,0.1268458366394043,1.0,7.883585453033447,1.0,0.5,8192,16384,0.5
2026-03-22T06:04:36,crp_c_sensitivity_20260321_193605,215,9,0.999999999,15,373907169,71425688,5,0.05566797921061516,0.09304774317145348,0.9723,0.84178,15.74266,0.12795549602535986,1.0,7.81840497819359,1.0,0.8585,15.2333,0.12363839894533157,1.0,8.088102340698242,1.0,0.5,8192,16384,0.5
2026-03-22T06:05:19,crp_c_sensitivity_20260321_193605,216,9,0.999999999,16,2018795994,109983023,1,0.30570891344070433,0.1802085731804371,0.9446,0.7999,16.7127,0.1348537024101028,1.0,7.420565041739618,1.0,0.8375,15.5978,0.12903259694576263,1.0,7.7499799728393555,1.0,0.5,8192,16384,0.5
2026-03-22T06:05:55,crp_c_sensitivity_20260321_193605,216,9,0.999999999,16,2018795994,109983023,2,0.13157413531541826,0.13066997216939927,0.9597,0.84102,15.77312,0.13463137178774684,1.0,7.430600767550261,1.0,0.8549,15.251,0.13051968812942505,1.0,7.661679744720459,1.0,0.5,8192,16384,0.5
2026-03-22T06:06:31,crp_c_sensitivity_20260321_193605,216,9,0.999999999,16,2018795994,109983023,3,0.09374070314884186,0.11028196864128113,0.9668,0.861,15.41228,0.13378284566695123,1.0,7.476855719485856,1.0,0.8823,14.8689,0.12998858094215393,1.0,7.692983627319336,1.0,0.5,8192,16384,0.5
2026-03-22T06:07:06,crp_c_sensitivity_20260321_193605,216,9,0.999999999,16,2018795994,109983023,4,0.06861564787387849,0.10149404819607735,0.9698,0.87196,15.22494,0.13122403366333993,1.0,7.622378838336681,1.0,0.8807,14.9941,0.1288883239030838,1.0,7.758655071258545,1.0,0.5,8192,16384,0.5
2026-03-22T06:07:42,crp_c_sensitivity_20260321_193605,216,9,0.999999999,16,2018795994,109983023,5,0.05455856920421123,0.09656461039185524,0.9718,0.88468,15.04328,0.12803323334440245,1.0,7.811477752597741,1.0,0.8997,14.6169,0.12542296946048737,1.0,7.973021507263184,1.0,0.5,8192,16384,0.5
2026-03-22T06:08:25,crp_c_sensitivity_20260321_193605,217,9,0.999999999,17,663252247,1793150581,1,0.3014251943445206,0.17737260518074036,0.9453,0.76602,17.43084,0.13624977855883597,1.0,7.34607422138419,1.0,0.8069,16.3206,0.12932446599006653,1.0,7.732488632202148,1.0,0.5,8192,16384,0.5
2026-03-22T06:09:01,crp_c_sensitivity_20260321_193605,217,9,0.999999999,17,663252247,1793150581,2,0.13387260896205902,0.13526825518608093,0.9581,0.81124,16.43652,0.13471368915589568,1.0,7.429111131926632,1.0,0.8302,15.9275,0.12831461429595947,1.0,7.793344497680664,1.0,0.5,8192,16384,0.5
2026-03-22T06:09:37,crp_c_sensitivity_20260321_193605,217,9,0.999999999,17,663252247,1793150581,3,0.09452664547681809,0.13498112406730653,0.9607,0.8369,16.00094,0.13351791266285246,1.0,7.49189803911292,1.0,0.8441,15.8106,0.13012616336345673,1.0,7.684849262237549,1.0,0.5,8192,16384,0.5
2026-03-22T06:10:12,crp_c_sensitivity_20260321_193605,217,9,0.999999999,17,663252247,1793150581,4,0.07147208334684373,0.10417296870946884,0.9683,0.85696,15.70078,0.1313517626822757,1.0,7.615622972893288,1.0,0.8781,15.0936,0.1274918168783188,1.0,7.8436408042907715,1.0,0.5,8192,16384,0.5
2026-03-22T06:10:47,crp_c_sensitivity_20260321_193605,217,9,0.999999999,17,663252247,1793150581,5,0.05677977267980575,0.10400166573524475,0.9679,0.86882,15.48356,0.12877910963409697,1.0,7.766756438233358,1.0,0.8727,15.2782,0.12518562376499176,1.0,7.988137245178223,1.0,0.5,8192,16384,0.5
2026-03-22T06:11:30,crp_c_sensitivity_20260321_193605,218,9,0.999999999,18,464909860,1127588618,1,0.30843330423355103,0.17599053258895875,0.9502,0.78186,17.13224,0.1363526231721234,1.0,7.3364293044790285,1.0,0.8311,15.9415,0.13259246945381165,1.0,7.541906356811523,1.0,0.5,8192,16384,0.5
2026-03-22T06:12:05,crp_c_sensitivity_20260321_193605,218,9,0.999999999,18,464909860,1127588618,2,0.13278650680541992,0.1309163807630539,0.9602,0.82506,16.23026,0.13632866854557907,1.0,7.337613255776408,1.0,0.845,15.6684,0.13322916626930237,1.0,7.505864143371582,1.0,0.5,8192,16384,0.5
2026-03-22T06:12:40,crp_c_sensitivity_20260321_193605,218,9,0.999999999,18,464909860,1127588618,3,0.08976314418315888,0.10679494293928146,0.9658,0.85386,15.66852,0.13492232481079638,1.0,7.414005334419972,1.0,0.8702,15.1619,0.12996557354927063,1.0,7.694344997406006,1.0,0.5,8192,16384,0.5
2026-03-22T06:13:15,crp_c_sensitivity_20260321_193605,218,9,0.999999999,18,464909860,1127588618,4,0.06618633783400059,0.10373101291656495,0.9682,0.8767,15.24574,0.13189814203535505,1.0,7.583410536236776,1.0,0.8865,15.0423,0.12886309623718262,1.0,7.760173797607422,1.0,0.5,8192,16384,0.5
2026-03-22T06:13:51,crp_c_sensitivity_20260321_193605,218,9,0.999999999,18,464909860,1127588618,5,0.05171597166419029,0.10079918035268784,0.9683,0.89056,15.06218,0.13021180952144096,1.0,7.680828318876379,1.0,0.8906,15.1258,0.12840639054775238,1.0,7.787774085998535,1.0,0.5,8192,16384,0.5
2026-03-22T06:14:34,crp_c_sensitivity_20260321_193605,219,9,0.999999999,19,207136946,988800508,1,0.3127284613227844,0.16871595315933227,0.9497,0.77024,17.16916,0.1347296591991049,1.0,7.428750862550857,1.0,0.8101,16.1226,0.12745313346385956,1.0,7.8460211753845215,1.0,0.5,8192,16384,0.5
2026-03-22T06:15:10,crp_c_sensitivity_20260321_193605,219,9,0.999999999,19,207136946,988800508,2,0.13349401335477828,0.12424173083305359,0.9637,0.8118,16.27082,0.134616780883211,1.0,7.432693729010384,1.0,0.8407,15.5106,0.1300058513879776,1.0,7.691961288452148,1.0,0.5,8192,16384,0.5
2026-03-22T06:15:47,crp_c_sensitivity_20260321_193605,219,9,0.999999999,19,207136946,988800508,3,0.0939945890402794,0.11427675237655639,0.9652,0.84646,15.61244,0.13371431152991323,1.0,7.480926314888098,1.0,0.8623,15.2012,0.12982513010501862,1.0,7.702669143676758,1.0,0.5,8192,16384,0.5
2026-03-22T06:16:22,crp_c_sensitivity_20260321_193605,219,9,0.999999999,19,207136946,988800508,4,0.07149306802272797,0.10264289350509644,0.969,0.8639,15.30132,0.13166258691826746,1.0,7.596986469405387,1.0,0.8789,14.8704,0.1284988671541214,1.0,7.782169342041016,1.0,0.5,8192,16384,0.5
2026-03-22T06:16:58,crp_c_sensitivity_20260321_193605,219,9,0.999999999,19,207136946,988800508,5,0.0552492123734951,0.10203750426769256,0.9697,0.88122,15.01204,0.1290575338675238,1.0,7.749889371340232,1.0,0.8864,14.8439,0.1260073482990265,1.0,7.936045169830322,1.0,0.5,8192,16384,0.5
2026-03-22T06:17:42,crp_c_sensitivity_20260321_193605,220,9,0.999999999,20,1072153489,1007378225,1,0.3028899474573135,0.1758786066710949,0.9471,0.69758,18.58402,0.1303487663988567,1.0,7.6785213209479055,1.0,0.7438,17.3883,0.12468539923429489,1.0,8.020185470581055,1.0,0.5,8192,16384,0.5
2026-03-22T06:18:19,crp_c_sensitivity_20260321_193605,220,9,0.999999999,20,1072153489,1007378225,2,0.1297541454553604,0.12997116995304822,0.9613,0.74148,17.78984,0.1355751356886476,1.0,7.378485922313407,1.0,0.7808,16.758,0.1323670595884323,1.0,7.554749488830566,1.0,0.5,8192,16384,0.5
2026-03-22T06:18:56,crp_c_sensitivity_20260321_193605,220,9,0.999999999,20,1072153489,1007378225,3,0.08882607794761657,0.11207737971246243,0.9672,0.78424,16.83212,0.13360918052208698,1.0,7.486285543807632,1.0,0.7937,16.6615,0.13115064799785614,1.0,7.624819755554199,1.0,0.5,8192,16384,0.5
2026-03-22T06:19:32,crp_c_sensitivity_20260321_193605,220,9,0.999999999,20,1072153489,1007378225,4,0.06726793702840805,0.09838244055956602,0.9694,0.80626,16.42346,0.13091028700856602,1.0,7.640252998722788,1.0,0.8168,16.1043,0.12769539654254913,1.0,7.8311357498168945,1.0,0.5,8192,16384,0.5
2026-03-22T06:20:09,crp_c_sensitivity_20260321_193605,220,9,0.999999999,20,1072153489,1007378225,5,0.05280010476589203,0.09300153494402766,0.9727,0.82784,16.05454,0.12831075036007425,1.0,7.795269067330128,1.0,0.853,15.4422,0.12525935471057892,1.0,7.98343563079834,1.0,0.5,8192,16384,0.5
2026-03-22T06:20:52,crp_c_sensitivity_20260321_193605,221,9,0.999999999,21,126467871,909150059,1,0.30915135210990907,0.16997465171813964,0.9509,0.72094,18.10682,0.13564466858458946,1.0,7.376143950635515,1.0,0.7561,17.156,0.13114739954471588,1.0,7.625008583068848,1.0,0.5,8192,16384,0.5
2026-03-22T06:21:28,crp_c_sensitivity_20260321_193605,221,9,0.999999999,21,126467871,909150059,2,0.13207624942302704,0.12340951824188233,0.9631,0.7594,17.28972,0.1369451271451038,1.0,7.3054659994666835,1.0,0.7828,16.7384,0.13233311474323273,1.0,7.556687355041504,1.0,0.5,8192,16384,0.5
2026-03-22T06:22:05,crp_c_sensitivity_20260321_193605,221,9,0.999999999,21,126467871,909150059,3,0.0917596571111679,0.1066129139252007,0.9669,0.7862,16.72982,0.13393297833402443,1.0,7.469618202170448,1.0,0.8037,16.2672,0.12949605286121368,1.0,7.722242832183838,1.0,0.5,8192,16384,0.5
2026-03-22T06:22:41,crp_c_sensitivity_20260321_193605,221,9,0.999999999,21,126467871,909150059,4,0.06810648570418358,0.10122064164280892,0.969,0.80818,16.4052,0.1329709897794382,1.0,7.52205671129934,1.0,0.8214,16.0479,0.12994107604026794,1.0,7.69579553604126,1.0,0.5,8192,16384,0.5
2026-03-22T06:23:17,crp_c_sensitivity_20260321_193605,221,9,0.999999999,21,126467871,909150059,5,0.05370755404353142,0.09133189116567374,0.9727,0.82988,15.99178,0.13009698845236503,1.0,7.688153458373321,1.0,0.8446,15.6283,0.1267097294330597,1.0,7.892053604125977,1.0,0.5,8192,16384,0.5
2026-03-22T06:24:00,crp_c_sensitivity_20260321_193605,222,9,0.999999999,22,472561068,1939230603,1,0.3044226356601715,0.18649540042877197,0.9432,0.75494,17.51842,0.13632792863242157,1.0,7.337242921599952,1.0,0.806,16.2644,0.13298048079013824,1.0,7.519900321960449,1.0,0.5,8192,16384,0.5
2026-03-22T06:24:36,crp_c_sensitivity_20260321_193605,222,9,0.999999999,22,472561068,1939230603,2,0.13019587779521943,0.13453948900699617,0.9603,0.80184,16.55602,0.13656719177580245,1.0,7.325180523230902,1.0,0.8249,15.9018,0.13196109235286713,1.0,7.577991008758545,1.0,0.5,8192,16384,0.5
2026-03-22T06:25:12,crp_c_sensitivity_20260321_193605,222,9,0.999999999,22,472561068,1939230603,3,0.09142761934757232,0.11645952644348144,0.9643,0.8313,15.989,0.1351918467246663,1.0,7.398046477676353,1.0,0.845,15.6343,0.1329459249973297,1.0,7.521855354309082,1.0,0.5,8192,16384,0.5
2026-03-22T06:25:51,crp_c_sensitivity_20260321_193605,222,9,0.999999999,22,472561068,1939230603,4,0.06911166252851486,0.1015874684214592,0.9679,0.85104,15.64522,0.13288546366917203,1.0,7.526322818473172,1.0,0.8605,15.4836,0.1302332878112793,1.0,7.678528785705566,1.0,0.5,8192,16384,0.5
2026-03-22T06:26:26,crp_c_sensitivity_20260321_193605,222,9,0.999999999,22,472561068,1939230603,5,0.05603314653515816,0.09790851157903671,0.9686,0.86924,15.3162,0.1300166485940709,1.0,7.693406296508087,1.0,0.8728,15.1696,0.12703758478164673,1.0,7.871685981750488,1.0,0.5,8192,16384,0.5
2026-03-22T06:27:09,crp_c_sensitivity_20260321_193605,223,9,0.999999999,23,476995727,707643470,1,0.3065817735004425,0.16599597321748732,0.9493,0.7006,18.60156,0.13540747735049108,1.0,7.388613825259001,1.0,0.7549,17.2681,0.1314694583415985,1.0,7.606328964233398,1.0,0.5,8192,16384,0.5
2026-03-22T06:27:45,crp_c_sensitivity_20260321_193605,223,9,0.999999999,23,476995727,707643470,2,0.13079606417655945,0.12141593756973744,0.9635,0.76344,17.24658,0.13540802819802022,1.0,7.391040692244039,1.0,0.784,16.7013,0.13031992316246033,1.0,7.673423767089844,1.0,0.5,8192,16384,0.5
2026-03-22T06:28:20,crp_c_sensitivity_20260321_193605,223,9,0.999999999,23,476995727,707643470,3,0.09154777148723603,0.09828185143470765,0.9703,0.79666,16.60942,0.13359724122392552,1.0,7.488210769565514,1.0,0.8082,16.257,0.1293395310640335,1.0,7.731587886810303,1.0,0.5,8192,16384,0.5
2026-03-22T06:28:56,crp_c_sensitivity_20260321_193605,223,9,0.999999999,23,476995727,707643470,4,0.07026273063898086,0.09691393103599548,0.9704,0.81804,16.25094,0.13283174509739937,1.0,7.529472768154291,1.0,0.8388,15.7314,0.1299329251050949,1.0,7.6962785720825195,1.0,0.5,8192,16384,0.5
2026-03-22T06:29:32,crp_c_sensitivity_20260321_193605,223,9,0.999999999,23,476995727,707643470,5,0.05380299894630909,0.08836245466470719,0.9714,0.83516,15.98528,0.1300432858488444,1.0,7.691793211280842,1.0,0.8487,15.6272,0.12722322344779968,1.0,7.86020040512085,1.0,0.5,8192,16384,0.5
2026-03-22T06:30:15,crp_c_sensitivity_20260321_193605,224,9,0.999999999,24,1600189036,1684860071,1,0.2976972626018524,0.15833131647109985,0.9539,0.73414,17.92156,0.134489524814174,1.0,7.441265653771207,1.0,0.776,16.8697,0.12836480140686035,1.0,7.790297508239746,1.0,0.5,8192,16384,0.5
2026-03-22T06:30:51,crp_c_sensitivity_20260321_193605,224,9,0.999999999,24,1600189036,1684860071,2,0.13040270790100097,0.11924034729003906,0.9628,0.77716,16.98512,0.13337982543136762,1.0,7.502916589722304,1.0,0.7982,16.417,0.12694549560546875,1.0,7.877396583557129,1.0,0.5,8192,16384,0.5
2026-03-22T06:31:29,crp_c_sensitivity_20260321_193605,224,9,0.999999999,24,1600189036,1684860071,3,0.09052352157115937,0.10207827560901642,0.9668,0.80516,16.48596,0.13166468154134042,1.0,7.599301510149865,1.0,0.8309,15.7832,0.1268264502286911,1.0,7.884790897369385,1.0,0.5,8192,16384,0.5
2026-03-22T06:32:05,crp_c_sensitivity_20260321_193605,224,9,0.999999999,24,1600189036,1684860071,4,0.06847354956150055,0.09350507578849793,0.9693,0.83426,15.96556,0.12907765464633322,1.0,7.7514009061067,1.0,0.8542,15.4313,0.12375524640083313,1.0,8.080465316772461,1.0,0.5,8192,16384,0.5
2026-03-22T06:32:41,crp_c_sensitivity_20260321_193605,224,9,0.999999999,24,1600189036,1684860071,5,0.05204554937601089,0.0823736109495163,0.9763,0.85006,15.78474,0.1268932450839016,1.0,7.882893425729269,1.0,0.8706,15.2998,0.12350239604711533,1.0,8.09700870513916,1.0,0.5,8192,16384,0.5
2026-03-22T06:33:23,crp_c_sensitivity_20260321_193605,225,9,0.999999999,25,348172269,822917209,1,0.30653970363140104,0.18835286128520964,0.9446,0.7885,16.78684,0.13784062153543047,1.0,7.25890739250671,1.0,0.8304,15.7067,0.13195540010929108,1.0,7.578318119049072,1.0,0.5,8192,16384,0.5
2026-03-22T06:34:00,crp_c_sensitivity_20260321_193605,225,9,0.999999999,25,348172269,822917209,2,0.13288832933425904,0.1299126744747162,0.9588,0.83552,15.74086,0.13684191781541574,1.0,7.31152397165518,1.0,0.8638,14.9652,0.13141337037086487,1.0,7.6095757484436035,1.0,0.5,8192,16384,0.5
2026-03-22T06:34:35,crp_c_sensitivity_20260321_193605,225,9,0.999999999,25,348172269,822917209,3,0.09108962480068207,0.12020338752269745,0.9609,0.86164,15.31394,0.13547068712351573,1.0,7.383814500725788,1.0,0.8765,14.9303,0.1321321278810501,1.0,7.568182468414307,1.0,0.5,8192,16384,0.5
2026-03-22T06:35:10,crp_c_sensitivity_20260321_193605,225,9,0.999999999,25,348172269,822917209,4,0.06980480174064636,0.102760635471344,0.9679,0.87756,15.00166,0.13244507791441115,1.0,7.5528197056802036,1.0,0.8909,14.7273,0.12896017730236053,1.0,7.754332065582275,1.0,0.5,8192,16384,0.5
2026-03-22T06:35:46,crp_c_sensitivity_20260321_193605,225,9,0.999999999,25,348172269,822917209,5,0.053268169388771054,0.11186853160858154,0.9646,0.89252,14.84452,0.1304553421333318,1.0,7.666839105698764,1.0,0.9067,14.4242,0.12761081755161285,1.0,7.8363261222839355,1.0,0.5,8192,16384,0.5
2026-03-22T06:36:29,crp_c_sensitivity_20260321_193605,226,10,0.9999999999,1,1263016136,1166676458,1,0.304458916823864,0.15751332445144653,0.9537,0.6775,19.02262,0.1348625996228679,1.0,7.420723283382328,1.0,0.7362,17.6178,0.128448486328125,1.0,7.78522253036499,1.0,0.5,8192,16384,0.5
2026-03-22T06:37:06,crp_c_sensitivity_20260321_193605,226,10,0.9999999999,1,1263016136,1166676458,2,0.1351274097418785,0.12150616360902786,0.9623,0.72486,18.07068,0.13633752021643206,1.0,7.336867664171302,1.0,0.7577,17.2771,0.13319097459316254,1.0,7.508016109466553,1.0,0.5,8192,16384,0.5
2026-03-22T06:37:43,crp_c_sensitivity_20260321_193605,226,10,0.9999999999,1,1263016136,1166676458,3,0.09261522265911103,0.10196977266669273,0.9682,0.76254,17.32014,0.1340565894875685,1.0,7.4612219486090225,1.0,0.7892,16.7836,0.130989670753479,1.0,7.634190082550049,1.0,0.5,8192,16384,0.5
2026-03-22T06:38:19,crp_c_sensitivity_20260321_193605,226,10,0.9999999999,1,1263016136,1166676458,4,0.07165625583648681,0.09383447327837348,0.97,0.79474,16.71782,0.13092529868988126,1.0,7.639372390249501,1.0,0.8171,16.1712,0.12887518107891083,1.0,7.759445667266846,1.0,0.5,8192,16384,0.5
2026-03-22T06:38:56,crp_c_sensitivity_20260321_193605,226,10,0.9999999999,1,1263016136,1166676458,5,0.05591535717487335,0.09025377395749092,0.9721,0.81512,16.34432,0.12796684493646598,1.0,7.816772937774658,1.0,0.8329,15.8665,0.1249118447303772,1.0,8.005645751953125,1.0,0.5,8192,16384,0.5
2026-03-22T06:39:39,crp_c_sensitivity_20260321_193605,227,10,0.9999999999,2,519028190,2145890537,1,0.3033473381614685,0.17072496039867402,0.9498,0.71304,18.3779,0.134005536889786,1.0,7.468506266698813,1.0,0.7717,16.7739,0.12826545536518097,1.0,7.796331405639648,1.0,0.5,8192,16384,0.5
2026-03-22T06:40:15,crp_c_sensitivity_20260321_193605,227,10,0.9999999999,2,519028190,2145890537,2,0.13415280139923097,0.13129912620782852,0.9608,0.75858,17.40728,0.1352058778638425,1.0,7.4006672210400675,1.0,0.7944,16.4375,0.1301625370979309,1.0,7.682702541351318,1.0,0.5,8192,16384,0.5
2026-03-22T06:40:52,crp_c_sensitivity_20260321_193605,227,10,0.9999999999,2,519028190,2145890537,3,0.0920242449426651,0.11073098917007446,0.9666,0.78702,16.85092,0.13359929194383305,1.0,7.487432195707355,1.0,0.803,16.3699,0.12899896502494812,1.0,7.751999855041504,1.0,0.5,8192,16384,0.5
2026-03-22T06:41:28,crp_c_sensitivity_20260321_193605,227,10,0.9999999999,2,519028190,2145890537,4,0.06989220529556274,0.11048938528299332,0.9649,0.81076,16.45236,0.13161045838804805,1.0,7.599347001146477,1.0,0.8141,16.3423,0.12908796966075897,1.0,7.746655464172363,1.0,0.5,8192,16384,0.5
2026-03-22T06:42:03,crp_c_sensitivity_20260321_193605,227,10,0.9999999999,2,519028190,2145890537,5,0.05450108584165573,0.09072280809879303,0.9717,0.82094,16.33248,0.12867312259076502,1.0,7.773383519838533,1.0,0.8308,16.048,0.12619400024414062,1.0,7.924307346343994,1.0,0.5,8192,16384,0.5
2026-03-22T06:42:47,crp_c_sensitivity_20260321_193605,228,10,0.9999999999,3,2134214650,1473245195,1,0.30056870867729185,0.16871932373046875,0.9507,0.72242,18.22284,0.13619135095335333,1.0,7.345383120924615,1.0,0.7642,17.1951,0.13293053209781647,1.0,7.522726058959961,1.0,0.5,8192,16384,0.5
2026-03-22T06:43:23,crp_c_sensitivity_20260321_193605,228,10,0.9999999999,3,2134214650,1473245195,2,0.1316550509762764,0.12810316367149352,0.9627,0.7651,17.33064,0.13658831632503157,1.0,7.32294610455213,1.0,0.7849,16.8405,0.13228164613246918,1.0,7.559628009796143,1.0,0.5,8192,16384,0.5
2026-03-22T06:44:00,crp_c_sensitivity_20260321_193605,228,10,0.9999999999,3,2134214650,1473245195,3,0.08996269872188568,0.11202144348621368,0.9668,0.79628,16.72864,0.1335735644602105,1.0,7.48796645210832,1.0,0.8245,16.0726,0.13130488991737366,1.0,7.615862846374512,1.0,0.5,8192,16384,0.5
2026-03-22T06:44:36,crp_c_sensitivity_20260321_193605,228,10,0.9999999999,3,2134214650,1473245195,4,0.07073149488568306,0.10517701507806777,0.9698,0.82216,16.25872,0.130504461810412,1.0,7.66481815762532,1.0,0.843,15.7414,0.12652893364429474,1.0,7.9033308029174805,1.0,0.5,8192,16384,0.5
2026-03-22T06:45:12,crp_c_sensitivity_20260321_193605,228,10,0.9999999999,3,2134214650,1473245195,5,0.05349567202925682,0.10117600772380829,0.971,0.8379,16.02152,0.12819127624144638,1.0,7.802478106125541,1.0,0.8483,15.7389,0.12415208667516708,1.0,8.05463695526123,1.0,0.5,8192,16384,0.5
2026-03-22T06:45:55,crp_c_sensitivity_20260321_193605,229,10,0.9999999999,4,2127379386,1012688019,1,0.29704329458475115,0.17620288739204407,0.9473,0.776,17.1632,0.1339011576474475,1.0,7.476339147523846,1.0,0.8284,15.739,0.12632493674755096,1.0,7.916093826293945,1.0,0.5,8192,16384,0.5
2026-03-22T06:46:31,crp_c_sensitivity_20260321_193605,229,10,0.9999999999,4,2127379386,1012688019,2,0.1288235784435272,0.12425276431739331,0.9634,0.81866,16.25722,0.1354442772353092,1.0,7.3862348944329845,1.0,0.8433,15.5691,0.13188327848911285,1.0,7.582462310791016,1.0,0.5,8192,16384,0.5
2026-03-22T06:47:07,crp_c_sensitivity_20260321_193605,229,10,0.9999999999,4,2127379386,1012688019,3,0.08733649250030517,0.10990744490623475,0.9672,0.84594,15.75806,0.13508304461951146,1.0,7.40431825584158,1.0,0.86,15.4168,0.13176444172859192,1.0,7.589300632476807,1.0,0.5,8192,16384,0.5
2026-03-22T06:47:43,crp_c_sensitivity_20260321_193605,229,10,0.9999999999,4,2127379386,1012688019,4,0.06387280660629273,0.103422161257267,0.9674,0.86532,15.4549,0.13276481502653692,1.0,7.533217593532084,1.0,0.8725,15.3043,0.1305125653743744,1.0,7.662097454071045,1.0,0.5,8192,16384,0.5
2026-03-22T06:48:19,crp_c_sensitivity_20260321_193605,229,10,0.9999999999,4,2127379386,1012688019,5,0.05020415177822113,0.09969140178710222,0.9695,0.88068,15.17292,0.1302785220963266,1.0,7.677253490213848,1.0,0.8905,14.8524,0.12841856479644775,1.0,7.787035942077637,1.0,0.5,8192,16384,0.5
2026-03-22T06:49:02,crp_c_sensitivity_20260321_193605,230,10,0.9999999999,5,1983960696,387447739,1,0.30521087924957274,0.1781676473580301,0.9488,0.7322,18.12814,0.13466343161700023,1.0,7.430314418909799,1.0,0.7749,17.0985,0.13054238259792328,1.0,7.6603474617004395,1.0,0.5,8192,16384,0.5
2026-03-22T06:49:39,crp_c_sensitivity_20260321_193605,230,10,0.9999999999,5,1983960696,387447739,2,0.13101188145637513,0.12896320959478616,0.9618,0.78204,17.0614,0.13436772398021826,1.0,7.446351598900602,1.0,0.8105,16.3284,0.13083550333976746,1.0,7.643185138702393,1.0,0.5,8192,16384,0.5
2026-03-22T06:50:15,crp_c_sensitivity_20260321_193605,230,10,0.9999999999,5,1983960696,387447739,3,0.08963326354503631,0.10727114378586411,0.9666,0.80468,16.64264,0.1338434426680855,1.0,7.473310543752997,1.0,0.8247,16.2261,0.1302189975976944,1.0,7.679371356964111,1.0,0.5,8192,16384,0.5
2026-03-22T06:50:51,crp_c_sensitivity_20260321_193605,230,10,0.9999999999,5,1983960696,387447739,4,0.06967271880030632,0.1055090726710856,0.9682,0.82906,16.2104,0.13171691163574034,1.0,7.5938747069414925,1.0,0.8421,15.8731,0.12935402989387512,1.0,7.730721473693848,1.0,0.5,8192,16384,0.5
2026-03-22T06:51:27,crp_c_sensitivity_20260321_193605,230,10,0.9999999999,5,1983960696,387447739,5,0.05452895683050156,0.09825806169509887,0.9693,0.84884,15.87588,0.12898844575790494,1.0,7.754656534365681,1.0,0.856,15.6991,0.12553171813488007,1.0,7.966114521026611,1.0,0.5,8192,16384,0.5
2026-03-22T06:52:11,crp_c_sensitivity_20260321_193605,231,10,0.9999999999,6,1932914695,447683283,1,0.3115276407027245,0.18338791737556456,0.9464,0.69664,18.68128,0.13542119754702234,1.0,7.386861699926274,1.0,0.7454,17.4811,0.1311255544424057,1.0,7.626278400421143,1.0,0.5,8192,16384,0.5
2026-03-22T06:52:48,crp_c_sensitivity_20260321_193605,231,10,0.9999999999,6,1932914695,447683283,2,0.1361580245947838,0.12901726076304912,0.962,0.74736,17.59856,0.13505739823479176,1.0,7.408855319937782,1.0,0.7827,16.6816,0.1304243505001068,1.0,7.667280197143555,1.0,0.5,8192,16384,0.5
2026-03-22T06:53:25,crp_c_sensitivity_20260321_193605,231,10,0.9999999999,6,1932914695,447683283,3,0.09543746855020523,0.1058013599216938,0.9684,0.77994,16.97668,0.13390923727808707,1.0,7.470107944420231,1.0,0.7999,16.4064,0.13000807166099548,1.0,7.691829681396484,1.0,0.5,8192,16384,0.5
2026-03-22T06:54:01,crp_c_sensitivity_20260321_193605,231,10,0.9999999999,6,1932914695,447683283,4,0.07014949200630188,0.09618611598014831,0.9712,0.80714,16.4736,0.13111437194030304,1.0,7.629070446619292,1.0,0.8186,16.1453,0.12742123007774353,1.0,7.847985744476318,1.0,0.5,8192,16384,0.5
2026-03-22T06:54:37,crp_c_sensitivity_20260321_193605,231,10,0.9999999999,6,1932914695,447683283,5,0.05604457927763462,0.08860012380331754,0.9728,0.82442,16.15362,0.1285680496250577,1.0,7.779790094136582,1.0,0.842,15.6885,0.1259208470582962,1.0,7.941496849060059,1.0,0.5,8192,16384,0.5
2026-03-22T06:55:20,crp_c_sensitivity_20260321_193605,232,10,0.9999999999,7,1189048789,1233461778,1,0.3098354104042053,0.18171543197631837,0.9466,0.77392,17.24482,0.13632388919820565,1.0,7.338192930002042,1.0,0.8133,16.1304,0.1321178674697876,1.0,7.56899881362915,1.0,0.5,8192,16384,0.5
2026-03-22T06:55:56,crp_c_sensitivity_20260321_193605,232,10,0.9999999999,7,1189048789,1233461778,2,0.13488922474384307,0.13200816638469695,0.9626,0.82098,16.1843,0.13672736115620265,1.0,7.318006850874332,1.0,0.8489,15.4158,0.13256505131721497,1.0,7.543466091156006,1.0,0.5,8192,16384,0.5
2026-03-22T06:56:32,crp_c_sensitivity_20260321_193605,232,10,0.9999999999,7,1189048789,1233461778,3,0.09300180532455445,0.11562831377089024,0.9665,0.84496,15.66656,0.13503785015981826,1.0,7.4085316121425775,1.0,0.8514,15.3921,0.1316293179988861,1.0,7.5970916748046875,1.0,0.5,8192,16384,0.5
2026-03-22T06:57:08,crp_c_sensitivity_20260321_193605,232,10,0.9999999999,7,1189048789,1233461778,4,0.06907226687729359,0.11132686234116554,0.9685,0.85844,15.50456,0.13331685941237623,1.0,7.50319597971104,1.0,0.8686,15.1621,0.12949052453041077,1.0,7.7225728034973145,1.0,0.5,8192,16384,0.5
2026-03-22T06:57:43,crp_c_sensitivity_20260321_193605,232,10,0.9999999999,7,1189048789,1233461778,5,0.052624389669895175,0.11107257115840911,0.9687,0.87362,15.26816,0.130320894405665,1.0,7.674905155016028,1.0,0.8902,14.9473,0.12812364101409912,1.0,7.80496072769165,1.0,0.5,8192,16384,0.5
2026-03-22T06:58:27,crp_c_sensitivity_20260321_193605,233,10,0.9999999999,8,1998997219,1183599958,1,0.30479181003808975,0.17338952699899673,0.948,0.66264,19.1561,0.13487898487874003,1.0,7.42064333937662,1.0,0.7176,17.7411,0.1284610629081726,1.0,7.784460067749023,1.0,0.5,8192,16384,0.5
2026-03-22T06:59:05,crp_c_sensitivity_20260321_193605,233,10,0.9999999999,8,1998997219,1183599958,2,0.1351660596370697,0.12864907101392745,0.9613,0.72368,17.8104,0.13633196608489737,1.0,7.339517127522422,1.0,0.7474,17.1622,0.1321239024400711,1.0,7.568653106689453,1.0,0.5,8192,16384,0.5
2026-03-22T06:59:42,crp_c_sensitivity_20260321_193605,233,10,0.9999999999,8,1998997219,1183599958,3,0.0933372921681404,0.10388440980315208,0.9674,0.75222,17.2952,0.13499015093307057,1.0,7.410388464817915,1.0,0.7729,16.8759,0.13136626780033112,1.0,7.6123046875,1.0,0.5,8192,16384,0.5
2026-03-22T07:00:19,crp_c_sensitivity_20260321_193605,233,10,0.9999999999,8,1998997219,1183599958,4,0.07193953757226468,0.1036190592110157,0.9674,0.77526,16.95588,0.1329454902721488,1.0,7.52335334738807,1.0,0.7876,16.6727,0.1299254298210144,1.0,7.696722984313965,1.0,0.5,8192,16384,0.5
2026-03-22T07:00:56,crp_c_sensitivity_20260321_193605,233,10,0.9999999999,8,1998997219,1183599958,5,0.05640110649049282,0.09759379584789277,0.9701,0.79764,16.58014,0.12948358920224182,1.0,7.724671707738696,1.0,0.8055,16.394,0.12714508175849915,1.0,7.865030765533447,1.0,0.5,8192,16384,0.5
2026-03-22T07:01:38,crp_c_sensitivity_20260321_193605,234,10,0.9999999999,9,1374088832,459301576,1,0.31305101821422576,0.17025647847652436,0.9489,0.76458,17.33988,0.1342402307121345,1.0,7.452477333185922,1.0,0.8096,16.1241,0.12976385653018951,1.0,7.706306457519531,1.0,0.5,8192,16384,0.5
2026-03-22T07:02:14,crp_c_sensitivity_20260321_193605,234,10,0.9999999999,9,1374088832,459301576,2,0.13576272634029388,0.12614244579076767,0.9648,0.82492,16.00098,0.13345335416324303,1.0,7.499662120019079,1.0,0.8486,15.251,0.1258358210325241,1.0,7.946863174438477,1.0,0.5,8192,16384,0.5
2026-03-22T07:02:50,crp_c_sensitivity_20260321_193605,234,10,0.9999999999,9,1374088832,459301576,3,0.09489231902599335,0.10227297512292861,0.9681,0.85486,15.42832,0.13225380451325566,1.0,7.562661408768285,1.0,0.8589,15.3208,0.12950819730758667,1.0,7.7215189933776855,1.0,0.5,8192,16384,0.5
2026-03-22T07:03:26,crp_c_sensitivity_20260321_193605,234,10,0.9999999999,9,1374088832,459301576,4,0.07062656114339828,0.0954871854364872,0.9708,0.86806,15.24678,0.12988486847914088,1.0,7.700797244410991,1.0,0.8915,14.659,0.12614120543003082,1.0,7.927623748779297,1.0,0.5,8192,16384,0.5
2026-03-22T07:04:02,crp_c_sensitivity_20260321_193605,234,10,0.9999999999,9,1374088832,459301576,5,0.05427808759570122,0.0861469445168972,0.9731,0.88396,15.0017,0.12684217764212347,1.0,7.885170479259832,1.0,0.8854,14.9177,0.12462210655212402,1.0,8.024258613586426,1.0,0.5,8192,16384,0.5
2026-03-22T07:04:45,crp_c_sensitivity_20260321_193605,235,10,0.9999999999,10,342289142,1444745743,1,0.30393678593158724,0.19221736021041871,0.9446,0.74686,17.70226,0.13734376910702348,1.0,7.28417361544831,1.0,0.7885,16.56,0.1325029730796814,1.0,7.547000408172607,1.0,0.5,8192,16384,0.5
2026-03-22T07:05:21,crp_c_sensitivity_20260321_193605,235,10,0.9999999999,10,342289142,1444745743,2,0.13540532663345337,0.12880138185024262,0.9616,0.79332,16.65106,0.1373993285248042,1.0,7.281743389871115,1.0,0.8111,16.1728,0.13204121589660645,1.0,7.573392868041992,1.0,0.5,8192,16384,0.5
2026-03-22T07:05:57,crp_c_sensitivity_20260321_193605,235,10,0.9999999999,10,342289142,1444745743,3,0.09548098343133926,0.11769450087547302,0.9641,0.82238,16.0453,0.1353749298226193,1.0,7.38941593243338,1.0,0.8467,15.4166,0.1317947506904602,1.0,7.587555408477783,1.0,0.5,8192,16384,0.5
2026-03-22T07:06:33,crp_c_sensitivity_20260321_193605,235,10,0.9999999999,10,342289142,1444745743,4,0.07157226780176162,0.10016150488853455,0.9705,0.84358,15.63884,0.13313542142548523,1.0,7.512934384748454,1.0,0.8513,15.3782,0.12972989678382874,1.0,7.7083234786987305,1.0,0.5,8192,16384,0.5
2026-03-22T07:07:08,crp_c_sensitivity_20260321_193605,235,10,0.9999999999,10,342289142,1444745743,5,0.05579954591155052,0.1083128199338913,0.9695,0.85496,15.45734,0.13099033032994137,1.0,7.635797250606215,1.0,0.8743,14.9341,0.12690459191799164,1.0,7.8799357414245605,1.0,0.5,8192,16384,0.5
2026-03-22T07:07:53,crp_c_sensitivity_20260321_193605,236,10,0.9999999999,11,1572706645,978073843,1,0.2973938923096657,0.18052195725440978,0.9468,0.67118,19.01136,0.13445877906916393,1.0,7.443449715519195,1.0,0.7074,18.0777,0.12827281653881073,1.0,7.795884132385254,1.0,0.5,8192,16384,0.5
2026-03-22T07:08:30,crp_c_sensitivity_20260321_193605,236,10,0.9999999999,11,1572706645,978073843,2,0.1336794603538513,0.13082042282819747,0.9604,0.71988,17.9934,0.13604944532789537,1.0,7.353677783780696,1.0,0.737,17.4763,0.13065147399902344,1.0,7.653951168060303,1.0,0.5,8192,16384,0.5
2026-03-22T07:09:08,crp_c_sensitivity_20260321_193605,236,10,0.9999999999,11,1572706645,978073843,3,0.09310870381593704,0.12218816921710968,0.9633,0.74788,17.4224,0.13438339664808016,1.0,7.442955587830995,1.0,0.7588,17.1033,0.13118934631347656,1.0,7.622570514678955,1.0,0.5,8192,16384,0.5
2026-03-22T07:09:44,crp_c_sensitivity_20260321_193605,236,10,0.9999999999,11,1572706645,978073843,4,0.06979616724967956,0.10771461478471756,0.968,0.77256,16.99968,0.1318584313935331,1.0,7.585431948952053,1.0,0.7865,16.6411,0.12850753962993622,1.0,7.781644344329834,1.0,0.5,8192,16384,0.5
2026-03-22T07:10:21,crp_c_sensitivity_20260321_193605,236,10,0.9999999999,11,1572706645,978073843,5,0.054854165313243865,0.0949305038496852,0.973,0.78878,16.6961,0.12984342888340622,1.0,7.702965257112937,1.0,0.8073,16.3117,0.1269323229789734,1.0,7.878214359283447,1.0,0.5,8192,16384,0.5
2026-03-22T07:11:05,crp_c_sensitivity_20260321_193605,237,10,0.9999999999,12,1823828850,1630006925,1,0.30771476292610167,0.1652040613770485,0.9534,0.71218,18.44712,0.13605284183988792,1.0,7.3557808319930835,1.0,0.7808,16.712,0.13039882481098175,1.0,7.66878080368042,1.0,0.5,8192,16384,0.5
2026-03-22T07:11:41,crp_c_sensitivity_20260321_193605,237,10,0.9999999999,12,1823828850,1630006925,2,0.13012264229536055,0.12191790933609009,0.9642,0.77426,17.11888,0.13689006495353817,1.0,7.308251902880266,1.0,0.8014,16.4591,0.13142569363117218,1.0,7.608861923217773,1.0,0.5,8192,16384,0.5
2026-03-22T07:12:17,crp_c_sensitivity_20260321_193605,237,10,0.9999999999,12,1823828850,1630006925,3,0.09034711664915085,0.10205406242609025,0.9706,0.81464,16.33362,0.1349727510643737,1.0,7.4108534347065875,1.0,0.8251,16.0767,0.13224808871746063,1.0,7.5615458488464355,1.0,0.5,8192,16384,0.5
2026-03-22T07:12:52,crp_c_sensitivity_20260321_193605,237,10,0.9999999999,12,1823828850,1630006925,4,0.0675316573292017,0.09460993331670761,0.9706,0.83994,15.92572,0.132815745175647,1.0,7.530976969872595,1.0,0.8589,15.3782,0.12937800586223602,1.0,7.7292890548706055,1.0,0.5,8192,16384,0.5
2026-03-22T07:13:27,crp_c_sensitivity_20260321_193605,237,10,0.9999999999,12,1823828850,1630006925,5,0.050530128965377806,0.08659538632631301,0.974,0.86228,15.5771,0.13045816885693298,1.0,7.66742588613954,1.0,0.8696,15.3935,0.12761741876602173,1.0,7.835920810699463,1.0,0.5,8192,16384,0.5
2026-03-22T07:14:10,crp_c_sensitivity_20260321_193605,238,10,0.9999999999,13,31034395,1397170148,1,0.2879752091503143,0.16361494703292848,0.9515,0.70536,18.49644,0.1362281417678994,1.0,7.34341715546825,1.0,0.7377,17.6306,0.13211514055728912,1.0,7.569155216217041,1.0,0.5,8192,16384,0.5
2026-03-22T07:14:47,crp_c_sensitivity_20260321_193605,238,10,0.9999999999,13,31034395,1397170148,2,0.12996619295835496,0.12707767954468727,0.9631,0.75142,17.4525,0.1367226594777973,1.0,7.316960055504919,1.0,0.7896,16.5918,0.13205589354038239,1.0,7.5725507736206055,1.0,0.5,8192,16384,0.5
2026-03-22T07:15:23,crp_c_sensitivity_20260321_193605,238,10,0.9999999999,13,31034395,1397170148,3,0.09094686738491059,0.1024316839069128,0.9705,0.78082,16.87822,0.13500101231705502,1.0,7.408811502139587,1.0,0.8012,16.4077,0.13159970939159393,1.0,7.598801136016846,1.0,0.5,8192,16384,0.5
2026-03-22T07:16:00,crp_c_sensitivity_20260321_193605,238,10,0.9999999999,13,31034395,1397170148,4,0.066620019749403,0.09112478180527687,0.9735,0.79914,16.58788,0.13266141312506496,1.0,7.539789949841512,1.0,0.8202,16.0792,0.12922298908233643,1.0,7.738561153411865,1.0,0.5,8192,16384,0.5
2026-03-22T07:16:36,crp_c_sensitivity_20260321_193605,238,10,0.9999999999,13,31034395,1397170148,5,0.05225728481292725,0.10193553045988082,0.9704,0.8168,16.33408,0.13027695655975197,1.0,7.677176774310334,1.0,0.8272,16.1961,0.12814396619796753,1.0,7.803722858428955,1.0,0.5,8192,16384,0.5
2026-03-22T07:17:18,crp_c_sensitivity_20260321_193605,239,10,0.9999999999,14,418585600,157222944,1,0.31644876534461974,0.15507057081460954,0.9527,0.7853,17.13628,0.1360698824038591,1.0,7.351433312496566,1.0,0.8169,16.3181,0.13278760015964508,1.0,7.530823230743408,1.0,0.5,8192,16384,0.5
2026-03-22T07:17:54,crp_c_sensitivity_20260321_193605,239,10,0.9999999999,14,418585600,157222944,2,0.13728540740966796,0.11738130000829697,0.9643,0.82548,16.18254,0.13365707327337825,1.0,7.48809718353974,1.0,0.8568,15.3493,0.1279350370168686,1.0,7.816466808319092,1.0,0.5,8192,16384,0.5
2026-03-22T07:18:30,crp_c_sensitivity_20260321_193605,239,10,0.9999999999,14,418585600,157222944,3,0.09738975682020187,0.11151516409665346,0.965,0.85646,15.49834,0.13187723280981067,1.0,7.585255236272007,1.0,0.8728,15.1255,0.1282016485929489,1.0,7.8002119064331055,1.0,0.5,8192,16384,0.5
2026-03-22T07:19:06,crp_c_sensitivity_20260321_193605,239,10,0.9999999999,14,418585600,157222944,4,0.07078179230451584,0.08675471228808164,0.9733,0.87472,15.20982,0.12955587793646567,1.0,7.720660788933639,1.0,0.8827,14.9291,0.12532976269721985,1.0,7.9789509773254395,1.0,0.5,8192,16384,0.5
2026-03-22T07:19:41,crp_c_sensitivity_20260321_193605,239,10,0.9999999999,14,418585600,157222944,5,0.05673972713589668,0.08068216380029916,0.9738,0.88858,14.9516,0.12710592135444015,1.0,7.869160446059674,1.0,0.8979,14.678,0.12411472946405411,1.0,8.057061195373535,1.0,0.5,8192,16384,0.5
2026-03-22T07:20:25,crp_c_sensitivity_20260321_193605,240,10,0.9999999999,15,1684271807,1932104441,1,0.3007547246646881,0.17499571714401246,0.9473,0.71098,18.34752,0.13521696093594632,1.0,7.402830480004821,1.0,0.757,17.1174,0.12764573097229004,1.0,7.8341827392578125,1.0,0.5,8192,16384,0.5
2026-03-22T07:21:02,crp_c_sensitivity_20260321_193605,240,10,0.9999999999,15,1684271807,1932104441,2,0.130299451482296,0.13717929298877715,0.9617,0.76458,17.17364,0.13425494856236841,1.0,7.453350423242125,1.0,0.8001,16.2479,0.12757903337478638,1.0,7.838278293609619,1.0,0.5,8192,16384,0.5
2026-03-22T07:21:38,crp_c_sensitivity_20260321_193605,240,10,0.9999999999,15,1684271807,1932104441,3,0.09007612218856811,0.10988410127162933,0.9685,0.79374,16.63084,0.13384327311497515,1.0,7.473388304795756,1.0,0.812,16.2477,0.13082793354988098,1.0,7.643627166748047,1.0,0.5,8192,16384,0.5
2026-03-22T07:22:14,crp_c_sensitivity_20260321_193605,240,10,0.9999999999,15,1684271807,1932104441,4,0.0692988964688778,0.09870972423553467,0.9719,0.82346,16.08622,0.1310668631511576,1.0,7.6316445367720425,1.0,0.845,15.5034,0.1282500922679901,1.0,7.797265529632568,1.0,0.5,8192,16384,0.5
2026-03-22T07:22:50,crp_c_sensitivity_20260321_193605,240,10,0.9999999999,15,1684271807,1932104441,5,0.05320042824268341,0.09765818970203399,0.9724,0.84538,15.64522,0.12769979026997486,1.0,7.833769348271362,1.0,0.8542,15.4154,0.12412405014038086,1.0,8.056456565856934,1.0,0.5,8192,16384,0.5
2026-03-22T07:23:33,crp_c_sensitivity_20260321_193605,241,10,0.9999999999,16,1649374340,149784765,1,0.30861169981002806,0.16999909524917603,0.9526,0.7156,18.5587,0.13678961329143066,1.0,7.315186274935828,1.0,0.7521,17.5939,0.13089331984519958,1.0,7.639809608459473,1.0,0.5,8192,16384,0.5
2026-03-22T07:24:08,crp_c_sensitivity_20260321_193605,241,10,0.9999999999,16,1649374340,149784765,2,0.1338200368833542,0.12728245720863343,0.9606,0.76188,17.58964,0.1370944282435395,1.0,7.297725777491889,1.0,0.7988,16.7016,0.13271406292915344,1.0,7.534996509552002,1.0,0.5,8192,16384,0.5
2026-03-22T07:24:43,crp_c_sensitivity_20260321_193605,241,10,0.9999999999,16,1649374340,149784765,3,0.09166475659012795,0.11564885122776032,0.9634,0.79394,16.98798,0.13483618340833717,1.0,7.419023013785672,1.0,0.8299,16.1229,0.13064464926719666,1.0,7.654351234436035,1.0,0.5,8192,16384,0.5
2026-03-22T07:25:19,crp_c_sensitivity_20260321_193605,241,10,0.9999999999,16,1649374340,149784765,4,0.07106936736345291,0.10746975393295288,0.9655,0.82282,16.44118,0.13231488147659984,1.0,7.55962486950028,1.0,0.8351,16.0901,0.12813757359981537,1.0,7.804112434387207,1.0,0.5,8192,16384,0.5
2026-03-22T07:25:55,crp_c_sensitivity_20260321_193605,241,10,0.9999999999,16,1649374340,149784765,5,0.05435939439535141,0.09213720004558563,0.9721,0.83814,16.2368,0.1297266700154985,1.0,7.7103066224881145,1.0,0.8564,15.8036,0.12644711136817932,1.0,7.908444881439209,1.0,0.5,8192,16384,0.5
2026-03-22T07:26:37,crp_c_sensitivity_20260321_193605,242,10,0.9999999999,17,1203837802,1734822830,1,0.30908512434005736,0.19574017267227173,0.9407,0.74528,17.71838,0.13522882496609406,1.0,7.399316853574475,1.0,0.7848,16.6264,0.1294807344675064,1.0,7.723156929016113,1.0,0.5,8192,16384,0.5
2026-03-22T07:27:14,crp_c_sensitivity_20260321_193605,242,10,0.9999999999,17,1203837802,1734822830,2,0.13394562750816344,0.15133285970687865,0.9553,0.79264,16.66262,0.13547262656109413,1.0,7.3859192794546145,1.0,0.8182,16.0242,0.13066022098064423,1.0,7.653439044952393,1.0,0.5,8192,16384,0.5
2026-03-22T07:27:50,crp_c_sensitivity_20260321_193605,242,10,0.9999999999,17,1203837802,1734822830,3,0.09472776696205139,0.11431884784698486,0.9664,0.8225,16.04794,0.1325094802757663,1.0,7.550242088639828,1.0,0.8353,15.6262,0.12872973084449768,1.0,7.768213272094727,1.0,0.5,8192,16384,0.5
2026-03-22T07:28:26,crp_c_sensitivity_20260321_193605,242,10,0.9999999999,17,1203837802,1734822830,4,0.06946988228678704,0.1022018644809723,0.9709,0.8407,15.7271,0.1304690387395337,1.0,7.666872514788147,1.0,0.8515,15.3784,0.126777783036232,1.0,7.8878173828125,1.0,0.5,8192,16384,0.5
2026-03-22T07:29:02,crp_c_sensitivity_20260321_193605,242,10,0.9999999999,17,1203837802,1734822830,5,0.053637208228111265,0.09877077190876007,0.9713,0.85006,15.61382,0.1279953396914865,1.0,7.814513738198048,1.0,0.8589,15.3895,0.1251666247844696,1.0,7.989349842071533,1.0,0.5,8192,16384,0.5
2026-03-22T07:29:45,crp_c_sensitivity_20260321_193605,243,10,0.9999999999,18,262658669,202858989,1,0.30024245340108874,0.18057481095790864,0.9472,0.78198,16.88886,0.1346093442129052,1.0,7.433053461791914,1.0,0.8076,16.1757,0.12847647070884705,1.0,7.7835259437561035,1.0,0.5,8192,16384,0.5
2026-03-22T07:30:21,crp_c_sensitivity_20260321_193605,243,10,0.9999999999,18,262658669,202858989,2,0.13184241866588592,0.13628420542776584,0.9594,0.8097,16.29172,0.13452426292707242,1.0,7.437822383383046,1.0,0.8243,15.8798,0.1296253204345703,1.0,7.714541912078857,1.0,0.5,8192,16384,0.5
2026-03-22T07:30:58,crp_c_sensitivity_20260321_193605,243,10,0.9999999999,18,262658669,202858989,3,0.09030808462262153,0.12186689368784427,0.9635,0.8257,15.99272,0.13285889040173776,1.0,7.528930420156025,1.0,0.8396,15.5885,0.12875360250473022,1.0,7.766772747039795,1.0,0.5,8192,16384,0.5
2026-03-22T07:31:34,crp_c_sensitivity_20260321_193605,243,10,0.9999999999,18,262658669,202858989,4,0.06785488917708397,0.11279317336082459,0.9684,0.84432,15.66558,0.13048572727786306,1.0,7.664960828278681,1.0,0.8595,15.2757,0.1278153657913208,1.0,7.823785305023193,1.0,0.5,8192,16384,0.5
2026-03-22T07:32:09,crp_c_sensitivity_20260321_193605,243,10,0.9999999999,18,262658669,202858989,5,0.05189043852329254,0.10560688170790672,0.9677,0.86302,15.33776,0.12786396183168797,1.0,7.822547730887332,1.0,0.864,15.2178,0.12551984190940857,1.0,7.966867446899414,1.0,0.5,8192,16384,0.5
2026-03-22T07:32:53,crp_c_sensitivity_20260321_193605,244,10,0.9999999999,19,569626944,1217297388,1,0.3083183851528168,0.1972329785823822,0.9388,0.76322,17.29192,0.13461427421063718,1.0,7.433012852583395,1.0,0.8014,16.2481,0.13032260537147522,1.0,7.67326545715332,1.0,0.5,8192,16384,0.5
2026-03-22T07:33:31,crp_c_sensitivity_20260321_193605,244,10,0.9999999999,19,569626944,1217297388,2,0.13331234421491622,0.1501611215353012,0.9534,0.7931,16.63302,0.1352673466400722,1.0,7.397080723891783,1.0,0.8165,15.993,0.12918491661548615,1.0,7.740841865539551,1.0,0.5,8192,16384,0.5
2026-03-22T07:34:08,crp_c_sensitivity_20260321_193605,244,10,0.9999999999,19,569626944,1217297388,3,0.09219649215996266,0.11918236014842987,0.9644,0.815,16.23782,0.13408372434966095,1.0,7.4602563167776905,1.0,0.8297,15.8041,0.1295335590839386,1.0,7.720007419586182,1.0,0.5,8192,16384,0.5
2026-03-22T07:34:44,crp_c_sensitivity_20260321_193605,244,10,0.9999999999,19,569626944,1217297388,4,0.06810847025573254,0.11207175462245941,0.966,0.83272,15.90038,0.13126252854571624,1.0,7.620260471578145,1.0,0.8487,15.5249,0.12861429154872894,1.0,7.775186061859131,1.0,0.5,8192,16384,0.5
2026-03-22T07:35:21,crp_c_sensitivity_20260321_193605,244,10,0.9999999999,19,569626944,1217297388,5,0.055809521463513374,0.11756005543470383,0.9642,0.85192,15.54536,0.12865544024788206,1.0,7.774283151797322,1.0,0.8646,15.152,0.12495484948158264,1.0,8.002890586853027,1.0,0.5,8192,16384,0.5
2026-03-22T07:36:04,crp_c_sensitivity_20260321_193605,245,10,0.9999999999,20,506194778,458682161,1,0.29413233358860014,0.17988091511726378,0.9471,0.78014,16.9197,0.13600361972208827,1.0,7.3554339055210125,1.0,0.8095,16.0511,0.13191786408424377,1.0,7.580474853515625,1.0,0.5,8192,16384,0.5
2026-03-22T07:36:41,crp_c_sensitivity_20260321_193605,245,10,0.9999999999,20,506194778,458682161,2,0.13116287989139558,0.1341031135648489,0.9604,0.82202,15.9659,0.13633937306721192,1.0,7.338772176171813,1.0,0.8474,15.1579,0.13023094832897186,1.0,7.678666591644287,1.0,0.5,8192,16384,0.5
2026-03-22T07:37:17,crp_c_sensitivity_20260321_193605,245,10,0.9999999999,20,506194778,458682161,3,0.09185982403755188,0.11713910613059998,0.9656,0.84342,15.47436,0.1328876115324552,1.0,7.5297742743626275,1.0,0.8568,15.1232,0.12858721613883972,1.0,7.776822566986084,1.0,0.5,8192,16384,0.5
2026-03-22T07:37:53,crp_c_sensitivity_20260321_193605,245,10,0.9999999999,20,506194778,458682161,4,0.0687129124701023,0.11630412200689316,0.9663,0.85692,15.30236,0.13135087692066835,1.0,7.615437101525114,1.0,0.8713,14.9953,0.12795595824718475,1.0,7.815189361572266,1.0,0.5,8192,16384,0.5
2026-03-22T07:38:28,crp_c_sensitivity_20260321_193605,245,10,0.9999999999,20,506194778,458682161,5,0.05334079072058201,0.10820936622619629,0.9701,0.87152,15.06464,0.1291265021961973,1.0,7.746167817079198,1.0,0.8764,14.9832,0.12610387802124023,1.0,7.929969787597656,1.0,0.5,8192,16384,0.5
2026-03-22T07:39:12,crp_c_sensitivity_20260321_193605,246,10,0.9999999999,21,2105787805,596191753,1,0.3076877499628067,0.17981961789131165,0.9449,0.77768,17.20916,0.1348606301161944,1.0,7.420921926913054,1.0,0.8215,15.9752,0.1283189356327057,1.0,7.793081760406494,1.0,0.5,8192,16384,0.5
2026-03-22T07:39:48,crp_c_sensitivity_20260321_193605,246,10,0.9999999999,21,2105787805,596191753,2,0.13434038096427917,0.12730791994333268,0.9598,0.82204,16.19136,0.135362652294776,1.0,7.394213631329939,1.0,0.851,15.4008,0.12824192643165588,1.0,7.797761917114258,1.0,0.5,8192,16384,0.5
2026-03-22T07:40:23,crp_c_sensitivity_20260321_193605,246,10,0.9999999999,21,2105787805,596191753,3,0.09138147642493248,0.10988429233431816,0.9652,0.84726,15.80338,0.13467610995178028,1.0,7.427465175423781,1.0,0.865,15.3363,0.13169080018997192,1.0,7.593544960021973,1.0,0.5,8192,16384,0.5
2026-03-22T07:40:59,crp_c_sensitivity_20260321_193605,246,10,0.9999999999,21,2105787805,596191753,4,0.06812821711659431,0.0987027513742447,0.9708,0.87104,15.38372,0.13248532133943894,1.0,7.550262692639285,1.0,0.8861,15.0735,0.12942521274089813,1.0,7.726469993591309,1.0,0.5,8192,16384,0.5
2026-03-22T07:41:34,crp_c_sensitivity_20260321_193605,246,10,0.9999999999,21,2105787805,596191753,5,0.05453969237804413,0.08617996468544006,0.9739,0.88478,15.23012,0.1307037508548678,1.0,7.652524715189434,1.0,0.9063,14.6748,0.1276686191558838,1.0,7.832778453826904,1.0,0.5,8192,16384,0.5
2026-03-22T07:42:18,crp_c_sensitivity_20260321_193605,247,10,0.9999999999,22,483881193,1068738927,1,0.2992833455014229,0.16802945709228514,0.9483,0.7226,18.23256,0.13569811203748064,1.0,7.374138657699156,1.0,0.7759,16.9306,0.13031691312789917,1.0,7.673601150512695,1.0,0.5,8192,16384,0.5
2026-03-22T07:42:55,crp_c_sensitivity_20260321_193605,247,10,0.9999999999,22,483881193,1068738927,2,0.1303103811645508,0.11871823885440827,0.9648,0.78232,17.04942,0.13582198226543338,1.0,7.366584964420484,1.0,0.8192,16.046,0.130843847990036,1.0,7.642698287963867,1.0,0.5,8192,16384,0.5
2026-03-22T07:43:31,crp_c_sensitivity_20260321_193605,247,10,0.9999999999,22,483881193,1068738927,3,0.08993728941679001,0.10453645517826081,0.9664,0.8197,16.31412,0.13403354592792824,1.0,7.4628019113369914,1.0,0.8355,15.8759,0.12950587272644043,1.0,7.721657752990723,1.0,0.5,8192,16384,0.5
2026-03-22T07:44:06,crp_c_sensitivity_20260321_193605,247,10,0.9999999999,22,483881193,1068738927,4,0.06719305478215218,0.10069100942611695,0.9707,0.84686,15.8364,0.13003967008779727,1.0,7.694271024230801,1.0,0.8643,15.2955,0.12550747394561768,1.0,7.967652797698975,1.0,0.5,8192,16384,0.5
2026-03-22T07:44:42,crp_c_sensitivity_20260321_193605,247,10,0.9999999999,22,483881193,1068738927,5,0.052389357364177706,0.09325496790409088,0.972,0.85714,15.68672,0.129242450532401,1.0,7.738360998880528,1.0,0.8639,15.526,0.12660694122314453,1.0,7.898460865020752,1.0,0.5,8192,16384,0.5
2026-03-22T07:45:25,crp_c_sensitivity_20260321_193605,248,10,0.9999999999,23,794831261,1576662839,1,0.3044698782777786,0.17207989954948424,0.9476,0.657,19.51072,0.13594110801701656,1.0,7.359410276193448,1.0,0.7058,18.2791,0.13115783035755157,1.0,7.624401569366455,1.0,0.5,8192,16384,0.5
2026-03-22T07:46:02,crp_c_sensitivity_20260321_193605,248,10,0.9999999999,23,794831261,1576662839,2,0.13820591007709504,0.13202248947620393,0.9625,0.71358,18.2264,0.13513899070527546,1.0,7.403407618822649,1.0,0.7473,17.3497,0.12956556677818298,1.0,7.718100070953369,1.0,0.5,8192,16384,0.5
2026-03-22T07:46:39,crp_c_sensitivity_20260321_193605,248,10,0.9999999999,23,794831261,1576662839,3,0.0947307794380188,0.10398367834091186,0.9681,0.7373,17.80878,0.13453760289627573,1.0,7.434938031999047,1.0,0.7501,17.5615,0.13142119348049164,1.0,7.6091227531433105,1.0,0.5,8192,16384,0.5
2026-03-22T07:47:17,crp_c_sensitivity_20260321_193605,248,10,0.9999999999,23,794831261,1576662839,4,0.07219321241617203,0.09698885688781739,0.9701,0.76482,17.3199,0.13210549660960733,1.0,7.571375265145851,1.0,0.7803,16.9352,0.1285492181777954,1.0,7.779121398925781,1.0,0.5,8192,16384,0.5
2026-03-22T07:47:54,crp_c_sensitivity_20260321_193605,248,10,0.9999999999,23,794831261,1576662839,5,0.05518838364601135,0.0955109481215477,0.9702,0.78756,16.93364,0.12934245272060793,1.0,7.732928774850753,1.0,0.8059,16.5326,0.125714972615242,1.0,7.954501628875732,1.0,0.5,8192,16384,0.5
2026-03-22T07:48:36,crp_c_sensitivity_20260321_193605,249,10,0.9999999999,24,1479686806,959352481,1,0.3086476481413841,0.18203896408081055,0.9468,0.7317,17.95864,0.1355372197792658,1.0,7.380501437370125,1.0,0.7811,16.6479,0.13203702867031097,1.0,7.573632717132568,1.0,0.5,8192,16384,0.5
2026-03-22T07:49:14,crp_c_sensitivity_20260321_193605,249,10,0.9999999999,24,1479686806,959352481,2,0.13709294421434404,0.13332432899475097,0.9626,0.77814,16.89352,0.13604205004546954,1.0,7.352709544589148,1.0,0.7955,16.4714,0.13301920890808105,1.0,7.517711639404297,1.0,0.5,8192,16384,0.5
2026-03-22T07:49:50,crp_c_sensitivity_20260321_193605,249,10,0.9999999999,24,1479686806,959352481,3,0.09225027014791966,0.11029842195510864,0.9672,0.81008,16.26452,0.13307987942415125,1.0,7.517315599924463,1.0,0.8285,15.8049,0.1271323412656784,1.0,7.865818977355957,1.0,0.5,8192,16384,0.5
2026-03-22T07:50:26,crp_c_sensitivity_20260321_193605,249,10,0.9999999999,24,1479686806,959352481,4,0.06960276893377304,0.0937678842484951,0.972,0.82888,15.94288,0.13077344583428424,1.0,7.648611069945118,1.0,0.841,15.6711,0.12789006531238556,1.0,7.819215297698975,1.0,0.5,8192,16384,0.5
2026-03-22T07:51:02,crp_c_sensitivity_20260321_193605,249,10,0.9999999999,24,1479686806,959352481,5,0.0548273853969574,0.10967539081573487,0.9688,0.84776,15.60808,0.12837320402302704,1.0,7.79130070898539,1.0,0.8561,15.2473,0.12589988112449646,1.0,7.942819118499756,1.0,0.5,8192,16384,0.5
2026-03-22T07:51:45,crp_c_sensitivity_20260321_193605,250,10,0.9999999999,25,1424138787,866609149,1,0.3034173151445389,0.18768533482551575,0.945,0.7642,17.5075,0.13388513569789165,1.0,7.4752643199832844,1.0,0.7969,16.4909,0.12773707509040833,1.0,7.828580379486084,1.0,0.5,8192,16384,0.5
2026-03-22T07:52:21,crp_c_sensitivity_20260321_193605,250,10,0.9999999999,25,1424138787,866609149,2,0.13148241215705872,0.14892750351428985,0.9572,0.79896,16.66428,0.13446510516469132,1.0,7.441118507434036,1.0,0.8307,15.8972,0.12919466197490692,1.0,7.740257740020752,1.0,0.5,8192,16384,0.5
2026-03-22T07:52:57,crp_c_sensitivity_20260321_193605,250,10,0.9999999999,25,1424138787,866609149,3,0.09172988925218582,0.12063356184959412,0.9649,0.82852,16.06756,0.13242242513867594,1.0,7.555262397317326,1.0,0.8485,15.5181,0.12888677418231964,1.0,7.7587480545043945,1.0,0.5,8192,16384,0.5
2026-03-22T07:53:33,crp_c_sensitivity_20260321_193605,250,10,0.9999999999,25,1424138787,866609149,4,0.06936794568777084,0.09914432804584503,0.9698,0.8547,15.62882,0.1313449586062785,1.0,7.615499612315537,1.0,0.871,15.1833,0.12783700227737427,1.0,7.822461128234863,1.0,0.5,8192,16384,0.5
2026-03-22T07:54:09,crp_c_sensitivity_20260321_193605,250,10,0.9999999999,25,1424138787,866609149,5,0.0532962593626976,0.11099522287845612,0.9662,0.86656,15.48916,0.12830377027125614,1.0,7.796075453843607,1.0,0.8758,15.322,0.12452708929777145,1.0,8.030381202697754,1.0,0.5,8192,16384,0.5
