timestamp,experiment_id,run_index,k,c_value,trial_index,run_seed,mask_seed,runtime_seconds,epochs_completed,final_train_loss,final_val_loss,final_val_acc,test_loss,test_acc,final_train_cert_rate,final_train_tau_mean,final_train_recurrent_scale_mean,final_train_recurrent_shrink_rate,final_train_recurrent_norm_m_mean,final_val_cert_rate,final_val_tau_mean,final_val_recurrent_scale_mean,final_val_recurrent_shrink_rate,final_val_recurrent_norm_m_mean,test_cert_rate,test_tau_mean,test_recurrent_scale_mean,test_recurrent_shrink_rate,test_recurrent_norm_m_mean,mean_epoch_train_recurrent_scale,mean_epoch_train_recurrent_shrink_rate,mean_epoch_val_recurrent_scale,mean_epoch_val_recurrent_shrink_rate,hh_density_target,hh_active_edges,hh_total_edges,hh_density_realized
2026-03-21T19:37:46,crp_c_sensitivity_20260321_193605,1,1,0.9,1,894684355,1573429661,101.37193,5,0.05314334141254425,0.09705561320185661,0.9704,0.09788955117166043,0.9712,1.0,4.09734,0.1188730556527367,1.0,7.5732115955304,1.0,4.1203,0.11469234526157379,1.0,7.847079753875732,1.0,4.1177,0.11469234526157379,1.0,7.847079753875732,0.12278091255813608,1.0,0.11910639554262162,1.0,0.5,8192,16384,0.5
2026-03-21T19:39:41,crp_c_sensitivity_20260321_193605,2,1,0.9,2,21838114,1761311798,114.445188,5,0.055769858899116516,0.10550774572491646,0.9692,0.08828366172350943,0.9724,1.0,4.1063,0.11611719903967264,1.0,7.752753661416681,1.0,4.1047,0.11315888911485672,1.0,7.953418254852295,1.0,4.1029,0.11315888911485672,1.0,7.953418254852295,0.12003325280707206,1.0,0.1155039593577385,1.0,0.5,8192,16384,0.5
2026-03-21T19:42:05,crp_c_sensitivity_20260321_193605,3,1,0.9,3,1772117478,1724103795,143.952217,5,0.05378035482704639,0.09231644938588142,0.9704,0.088046654173173,0.9725,1.0,4.1209,0.11592548407252183,1.0,7.765431117523661,1.0,4.1337,0.11264618486166,1.0,7.989617824554443,1.0,4.1309,0.11264618486166,1.0,7.989617824554443,0.11957783279440287,1.0,0.11597896814346313,1.0,0.5,8192,16384,0.5
2026-03-21T19:44:31,crp_c_sensitivity_20260321_193605,4,1,0.9,4,641324193,1836395613,146.943087,5,0.05332858624458313,0.10238626934587955,0.9715,0.09233617212995887,0.9716,1.0,4.09252,0.11710484274436751,1.0,7.6871279792102705,1.0,4.1125,0.11405288428068161,1.0,7.89107608795166,1.0,4.1154,0.11405288428068161,1.0,7.89107608795166,0.120424392365891,1.0,0.11652512699365616,1.0,0.5,8192,16384,0.5
2026-03-21T19:46:43,crp_c_sensitivity_20260321_193605,5,1,0.9,5,791158067,2000992392,131.569629,5,0.05609886505007744,0.09587639907002449,0.9707,0.09431380105763673,0.9715,1.0,4.09392,0.11608952228599193,1.0,7.7539152538075165,1.0,4.0926,0.1135111004114151,1.0,7.92874002456665,1.0,4.0924,0.1135111004114151,1.0,7.92874002456665,0.11941731098057974,1.0,0.1163254663348198,1.0,0.5,8192,16384,0.5
2026-03-21T19:49:04,crp_c_sensitivity_20260321_193605,6,1,0.9,6,415884586,580346373,141.083513,5,0.05370197600066662,0.10434372620582581,0.9691,0.09882886840850115,0.97,1.0,4.084,0.11564142338912506,1.0,7.786926093918588,1.0,4.0967,0.11236568540334702,1.0,8.009562492370605,1.0,4.091,0.11236568540334702,1.0,8.009562492370605,0.11943859259033447,1.0,0.11612414121627808,1.0,0.5,8192,16384,0.5
2026-03-21T19:51:07,crp_c_sensitivity_20260321_193605,7,1,0.9,7,1215493282,936793384,122.633977,5,0.051896320822238926,0.11570971106290817,0.9665,0.09499395696818828,0.9717,1.0,4.078,0.1162602707476872,1.0,7.742630068298496,1.0,4.0982,0.11372441053390503,1.0,7.913867950439453,1.0,4.092,0.11372441053390503,1.0,7.913867950439453,0.1200850393613586,1.0,0.11678087264299393,1.0,0.5,8192,16384,0.5
2026-03-21T19:53:27,crp_c_sensitivity_20260321_193605,8,1,0.9,8,347221957,801148508,140.568431,5,0.056095320953130724,0.0906555795878172,0.9709,0.08688272784072906,0.9725,1.0,4.10264,0.11627398406529366,1.0,7.742072199311708,1.0,4.1175,0.1141890361905098,1.0,7.881667137145996,1.0,4.1066,0.1141890361905098,1.0,7.881667137145996,0.1191321279958386,1.0,0.11608597934246064,1.0,0.5,8192,16384,0.5
2026-03-21T19:56:05,crp_c_sensitivity_20260321_193605,9,1,0.9,9,266861098,1877275096,157.482629,5,0.052840170999765394,0.09944232968688012,0.9712,0.09808464553169906,0.969,1.0,4.0919,0.11556335885430236,1.0,7.790134683594374,1.0,4.1184,0.11281784623861313,1.0,7.977460861206055,1.0,4.1156,0.11281784623861313,1.0,7.977460861206055,0.11979083107103167,1.0,0.11651279032230377,1.0,0.5,8192,16384,0.5
2026-03-21T19:58:59,crp_c_sensitivity_20260321_193605,10,1,0.9,10,929723557,560686510,174.510808,5,0.05270054180622101,0.10050490401387215,0.9714,0.10050708911716938,0.9682,1.0,4.0735,0.11624948068729142,1.0,7.743365521930977,1.0,4.0947,0.11398870497941971,1.0,7.895518779754639,1.0,4.0943,0.11398870497941971,1.0,7.895518779754639,0.12056877443476406,1.0,0.11650363504886627,1.0,0.5,8192,16384,0.5
2026-03-21T20:01:57,crp_c_sensitivity_20260321_193605,11,1,0.9,11,1207054354,1346933383,177.415111,5,0.05614842120885849,0.09862175883054733,0.9677,0.09327107920441777,0.9718,1.0,4.08282,0.11560743673683127,1.0,7.786851797567304,1.0,4.0907,0.11278647929430008,1.0,7.979679584503174,1.0,4.0829,0.11278647929430008,1.0,7.979679584503174,0.11957271212659529,1.0,0.11597244441509247,1.0,0.5,8192,16384,0.5
2026-03-21T20:04:53,crp_c_sensitivity_20260321_193605,12,1,0.9,12,374399940,1313764614,175.918,5,0.054505952734947204,0.10869013969376683,0.9694,0.08709336955174804,0.9732,1.0,4.09004,0.11597307009236588,1.0,7.762231676779744,1.0,4.1082,0.11345991492271423,1.0,7.932316780090332,1.0,4.1035,0.11345991492271423,1.0,7.932316780090332,0.11921703051728057,1.0,0.1163320705294609,1.0,0.5,8192,16384,0.5
2026-03-21T20:07:28,crp_c_sensitivity_20260321_193605,13,1,0.9,13,1188033244,401169362,154.988311,5,0.05361588945031166,0.09779319987893105,0.9717,0.08474955338835716,0.975,1.0,4.10026,0.11715399546315299,1.0,7.683742289043144,1.0,4.113,0.11402183771133423,1.0,7.893224716186523,1.0,4.1091,0.11402183771133423,1.0,7.893224716186523,0.1205398673558479,1.0,0.11640813797712327,1.0,0.5,8192,16384,0.5
2026-03-21T20:10:11,crp_c_sensitivity_20260321_193605,14,1,0.9,14,762144912,1585161917,162.722523,5,0.052128806111812594,0.09211517786979675,0.9729,0.0863406496165786,0.9743,1.0,4.09986,0.11687131731025398,1.0,7.701844830037383,1.0,4.1129,0.11508557945489883,1.0,7.820267200469971,1.0,4.1154,0.11508557945489883,1.0,7.820267200469971,0.12002210515310698,1.0,0.11699232310056687,1.0,0.5,8192,16384,0.5
2026-03-21T20:13:01,crp_c_sensitivity_20260321_193605,15,1,0.9,15,2057428455,1573825650,169.995317,5,0.05646218872785568,0.0828351467370987,0.9734,0.0840647062914446,0.9744,1.0,4.1037,0.11422192221483611,1.0,7.882385740499667,1.0,4.1196,0.11094651371240616,1.0,8.112016677856445,1.0,4.1099,0.11094651371240616,1.0,8.112016677856445,0.11700301317455214,1.0,0.1124131515622139,1.0,0.5,8192,16384,0.5
2026-03-21T20:15:52,crp_c_sensitivity_20260321_193605,16,1,0.9,16,196052585,1140405623,171.761776,5,0.05229493543624878,0.08386102514602244,0.9728,0.08817873947452753,0.9736,1.0,4.0796,0.1170874175513187,1.0,7.687607733489912,1.0,4.0848,0.11472506821155548,1.0,7.844841480255127,1.0,4.0821,0.11472506821155548,1.0,7.844841480255127,0.12049012533234209,1.0,0.11662217527627945,1.0,0.5,8192,16384,0.5
2026-03-21T20:18:50,crp_c_sensitivity_20260321_193605,17,1,0.9,17,2101613385,1579239073,177.406638,5,0.05424042793750763,0.09362712019234895,0.9699,0.086457136079669,0.9718,1.0,4.0863,0.11593867661169423,1.0,7.764111726180367,1.0,4.0964,0.11298271268606186,1.0,7.9658203125,1.0,4.0974,0.11298271268606186,1.0,7.9658203125,0.11963004064377007,1.0,0.11638875305652618,1.0,0.5,8192,16384,0.5
2026-03-21T20:21:38,crp_c_sensitivity_20260321_193605,18,1,0.9,18,885019663,1256390092,168.255135,5,0.053441482014656067,0.09116996514797211,0.9727,0.08586178213208914,0.9737,1.0,4.09438,0.11589363093495064,1.0,7.768070405096654,1.0,4.0898,0.11194239556789398,1.0,8.039849281311035,1.0,4.0914,0.11194239556789398,1.0,8.039849281311035,0.12043534202877518,1.0,0.11609686315059661,1.0,0.5,8192,16384,0.5
2026-03-21T20:24:30,crp_c_sensitivity_20260321_193605,19,1,0.9,19,1082192973,357712575,172.047485,5,0.052859678310155866,0.10768386249542236,0.9703,0.08667068590298295,0.9727,1.0,4.11006,0.1160126522640743,1.0,7.760839819603259,1.0,4.1127,0.11317645013332367,1.0,7.952184200286865,1.0,4.1111,0.11317645013332367,1.0,7.952184200286865,0.12008711915568013,1.0,0.11557397693395614,1.0,0.5,8192,16384,0.5
2026-03-21T20:27:17,crp_c_sensitivity_20260321_193605,20,1,0.9,20,318141474,441767840,166.508806,5,0.05013406679809093,0.08524270897731184,0.9716,0.08948297796845436,0.9744,1.0,4.09622,0.11551859136432638,1.0,7.792008060933379,1.0,4.0953,0.11383254826068878,1.0,7.906350135803223,1.0,4.1026,0.11383254826068878,1.0,7.906350135803223,0.11888453542728863,1.0,0.11615358889102936,1.0,0.5,8192,16384,0.5
2026-03-21T20:30:08,crp_c_sensitivity_20260321_193605,21,1,0.9,21,1543970182,167164485,170.954077,5,0.054419669790267945,0.0988036568313837,0.9729,0.09591452588923276,0.9722,1.0,4.07816,0.11610924692638695,1.0,7.75258245370577,1.0,4.0916,0.11414593458175659,1.0,7.884643077850342,1.0,4.0941,0.11414593458175659,1.0,7.884643077850342,0.1202975837737703,1.0,0.11736671924591065,1.0,0.5,8192,16384,0.5
2026-03-21T20:33:06,crp_c_sensitivity_20260321_193605,22,1,0.9,22,407960426,1797594736,178.788682,5,0.05579466619163752,0.09283450561463832,0.9729,0.08822119217664004,0.9729,1.0,4.09784,0.11545159322831332,1.0,7.796579339010331,1.0,4.1179,0.11339669674634933,1.0,7.936738967895508,1.0,4.1181,0.11339669674634933,1.0,7.936738967895508,0.11896552888252546,1.0,0.11609498560428619,1.0,0.5,8192,16384,0.5
2026-03-21T20:36:12,crp_c_sensitivity_20260321_193605,23,1,0.9,23,733495427,691573102,185.421874,5,0.05602861804962158,0.10581247523953206,0.9672,0.09981442487295716,0.9692,1.0,4.08132,0.11611456307761199,1.0,7.75309059016235,1.0,4.0887,0.113040491938591,1.0,7.9617486000061035,1.0,4.0871,0.113040491938591,1.0,7.9617486000061035,0.11970360599972708,1.0,0.11681044101715088,1.0,0.5,8192,16384,0.5
2026-03-21T20:38:52,crp_c_sensitivity_20260321_193605,24,1,0.9,24,50511425,985348261,160.104754,5,0.05431843433856964,0.09146765298023819,0.9737,0.08331291552037001,0.9746,1.0,4.08886,0.11579396314633167,1.0,7.774855302727741,1.0,4.0742,0.11208919435739517,1.0,8.029319763183594,1.0,4.078,0.11208919435739517,1.0,8.029319763183594,0.1197471834319022,1.0,0.11608186215162278,1.0,0.5,8192,16384,0.5
2026-03-21T20:41:21,crp_c_sensitivity_20260321_193605,25,1,0.9,25,729108864,57702956,148.525997,5,0.05429118975222111,0.0839134267270565,0.9762,0.0798136359333992,0.9753,1.0,4.08234,0.11424002855482614,1.0,7.881699841345667,1.0,4.0816,0.1108756959438324,1.0,8.11719799041748,1.0,4.0805,0.1108756959438324,1.0,8.11719799041748,0.11808802927165385,1.0,0.11283190697431564,1.0,0.5,8192,16384,0.5
2026-03-21T20:43:55,crp_c_sensitivity_20260321_193605,26,2,0.99,1,2077652753,1096740882,154.097648,5,0.052340551523566245,0.096513944709301,0.9735,0.08468220216780901,0.9759,1.0,5.3402,0.12790848249974457,1.0,7.74132101249207,1.0,5.3675,0.12524627149105072,1.0,7.9044270515441895,1.0,5.3682,0.12524627149105072,1.0,7.9044270515441895,0.13292519033260053,1.0,0.12935003638267517,1.0,0.5,8192,16384,0.5
2026-03-21T20:46:54,crp_c_sensitivity_20260321_193605,27,2,0.99,2,2101953667,1483290483,178.800717,5,0.052763056069612506,0.1077368283662945,0.9675,0.10362446639835834,0.9672,1.0,5.20596,0.1281597548547913,1.0,7.726548558305901,1.0,5.2345,0.12528470158576965,1.0,7.902002811431885,1.0,5.2195,0.12528470158576965,1.0,7.902002811431885,0.13238485214274254,1.0,0.12866500318050383,1.0,0.5,8192,16384,0.5
2026-03-21T20:49:44,crp_c_sensitivity_20260321_193605,28,2,0.99,3,1598866085,892233238,170.357303,5,0.05213545747876167,0.09605868356227874,0.9702,0.07885131167396903,0.9759,1.0,5.1555,0.12768386180519753,1.0,7.755039406554474,1.0,5.1414,0.12383778393268585,1.0,7.99432897567749,1.0,5.1287,0.12383778393268585,1.0,7.99432897567749,0.13218047569703567,1.0,0.12808966636657715,1.0,0.5,8192,16384,0.5
2026-03-21T20:52:35,crp_c_sensitivity_20260321_193605,29,2,0.99,4,7418728,14330814,171.403133,5,0.05516622940659523,0.09757956728935242,0.9724,0.0885726884867996,0.9734,0.99998,5.16744,0.12578274305824125,1.0,7.8741650459406625,1.0,5.1441,0.12121350318193436,1.0,8.167407035827637,1.0,5.1414,0.12121350318193436,1.0,8.167407035827637,0.130733550860144,1.0,0.126560240983963,1.0,0.5,8192,16384,0.5
2026-03-21T20:55:24,crp_c_sensitivity_20260321_193605,30,2,0.99,5,2019146804,1425714430,168.452373,5,0.055538961034417154,0.09292383985519409,0.9717,0.0834657014572993,0.9748,1.0,5.19904,0.1269250205715599,1.0,7.802098699847756,1.0,5.158,0.12274741381406784,1.0,8.065342903137207,1.0,5.1519,0.12274741381406784,1.0,8.065342903137207,0.13183432919594942,1.0,0.12795188874006272,1.0,0.5,8192,16384,0.5
2026-03-21T20:58:11,crp_c_sensitivity_20260321_193605,31,2,0.99,6,1869957839,351772904,167.267958,5,0.052163246406316754,0.0962554680109024,0.9708,0.08431593490410597,0.9757,1.0,5.18812,0.1272836328886659,1.0,7.778910189333474,1.0,5.1926,0.12481707334518433,1.0,7.931607246398926,1.0,5.1909,0.12481707334518433,1.0,7.931607246398926,0.13159059395875466,1.0,0.12770785689353942,1.0,0.5,8192,16384,0.5
2026-03-21T21:01:02,crp_c_sensitivity_20260321_193605,32,2,0.99,7,1655354143,1245775107,170.84153,5,0.05299425725698471,0.09439212169647217,0.9726,0.08133809983795509,0.9731,1.0,5.294,0.1268535188358763,1.0,7.807087211657668,1.0,5.2834,0.12362407147884369,1.0,8.008149147033691,1.0,5.2717,0.12362407147884369,1.0,8.008149147033691,0.13172120488132052,1.0,0.12705762088298797,1.0,0.5,8192,16384,0.5
2026-03-21T21:03:53,crp_c_sensitivity_20260321_193605,33,2,0.99,8,384128490,615415079,170.626642,5,0.054547480684220793,0.10017713090777397,0.9705,0.0852754461351782,0.9738,1.0,5.17364,0.1278203022106529,1.0,7.746514813064614,1.0,5.1568,0.12479119002819061,1.0,7.933252334594727,1.0,5.1619,0.12479119002819061,1.0,7.933252334594727,0.1322040585034034,1.0,0.1286988765001297,1.0,0.5,8192,16384,0.5
2026-03-21T21:06:44,crp_c_sensitivity_20260321_193605,34,2,0.99,9,213673824,1401319642,170.876519,5,0.05534013021230698,0.0891427974998951,0.9736,0.08948312533646822,0.9741,1.0,5.1782,0.1272852134026225,1.0,7.779171141212249,1.0,5.1655,0.12426798045635223,1.0,7.966653823852539,1.0,5.1714,0.12426798045635223,1.0,7.966653823852539,0.13124144630282736,1.0,0.12744006812572478,1.0,0.5,8192,16384,0.5
2026-03-21T21:09:39,crp_c_sensitivity_20260321_193605,35,2,0.99,10,890201709,227403705,175.727094,5,0.055234517645835875,0.09385592789053918,0.9736,0.08680918861031532,0.9733,0.99998,5.2815,0.1276894809721071,1.0,7.754333976589505,1.0,5.3122,0.12510165572166443,1.0,7.913564205169678,1.0,5.3055,0.12510165572166443,1.0,7.913564205169678,0.1319659782988031,1.0,0.1272655799984932,1.0,0.5,8192,16384,0.5
2026-03-21T21:12:29,crp_c_sensitivity_20260321_193605,36,2,0.99,11,1901675077,1463323084,169.851404,5,0.051576681593060496,0.09878999686837196,0.9711,0.08190139669328927,0.9741,1.0,5.23152,0.1263560618433501,1.0,7.836632037101804,1.0,5.2285,0.1231764703989029,1.0,8.037249565124512,1.0,5.2248,0.1231764703989029,1.0,8.037249565124512,0.13042853339706237,1.0,0.12659255862236024,1.0,0.5,8192,16384,0.5
2026-03-21T21:15:19,crp_c_sensitivity_20260321_193605,37,2,0.99,12,1241430298,390098410,169.5944,5,0.051801231428980826,0.09423336595296859,0.9725,0.0862724618382752,0.9736,0.99998,5.15372,0.12760709041296064,1.0,7.75972053035141,1.0,5.1774,0.12445994466543198,1.0,7.954366683959961,1.0,5.1683,0.12445994466543198,1.0,7.954366683959961,0.13192701693767173,1.0,0.12836555987596512,1.0,0.5,8192,16384,0.5
2026-03-21T21:18:33,crp_c_sensitivity_20260321_193605,38,2,0.99,13,1581798262,805311476,194.614788,5,0.05791296221256256,0.09120237982869148,0.9716,0.08835830596871674,0.9729,1.0,5.16072,0.12716013330327885,1.0,7.787100460218347,1.0,5.1876,0.12413692474365234,1.0,7.975064754486084,1.0,5.1803,0.12413692474365234,1.0,7.975064754486084,0.13152025890777178,1.0,0.12711310982704163,1.0,0.5,8192,16384,0.5
2026-03-21T21:21:39,crp_c_sensitivity_20260321_193605,39,2,0.99,14,499550011,2061950112,185.186689,5,0.05615191001534462,0.1025243971735239,0.9685,0.09957869077846408,0.9708,1.0,5.18258,0.12556295047330734,1.0,7.887202964109533,1.0,5.2251,0.12120193988084793,1.0,8.16818618774414,1.0,5.2149,0.12120193988084793,1.0,8.16818618774414,0.1306513908040493,1.0,0.12596116513013839,1.0,0.5,8192,16384,0.5
2026-03-21T21:25:00,crp_c_sensitivity_20260321_193605,40,2,0.99,15,1124417232,1279896646,201.533684,5,0.05297426137208939,0.1069744200348854,0.9686,0.0907237186755985,0.9714,1.0,5.30262,0.12842743376941632,1.0,7.7101481747444325,1.0,5.3157,0.12593242526054382,1.0,7.861358642578125,1.0,5.3078,0.12593242526054382,1.0,7.861358642578125,0.13185961019352574,1.0,0.12813785672187805,1.0,0.5,8192,16384,0.5
2026-03-21T21:28:32,crp_c_sensitivity_20260321_193605,41,2,0.99,16,1523395764,1960940756,211.503148,5,0.05338832571148872,0.10106279536485673,0.9688,0.08754102575536818,0.9727,1.0,5.27598,0.12701471752065527,1.0,7.796921354425533,1.0,5.2596,0.12284665554761887,1.0,8.05882740020752,1.0,5.2634,0.12284665554761887,1.0,8.05882740020752,0.13081507255963962,1.0,0.12532555907964707,1.0,0.5,8192,16384,0.5
2026-03-21T21:31:52,crp_c_sensitivity_20260321_193605,42,2,0.99,17,1771317416,708439348,199.799413,5,0.055005754606723786,0.10027305655926466,0.9684,0.09537211924232543,0.9694,1.0,5.20296,0.12683225154419384,1.0,7.808321458909213,1.0,5.2107,0.12328212708234787,1.0,8.03036117553711,1.0,5.2065,0.12328212708234787,1.0,8.03036117553711,0.1311445220466465,1.0,0.1258660614490509,1.0,0.5,8192,16384,0.5
2026-03-21T21:34:52,crp_c_sensitivity_20260321_193605,43,2,0.99,18,1733286740,86438386,179.928362,5,0.05662733157753944,0.0868321732878685,0.9743,0.08457291191420518,0.9745,1.0,5.23418,0.12683426301040307,1.0,7.806495087226029,1.0,5.2527,0.1243792399764061,1.0,7.959527492523193,1.0,5.2579,0.1243792399764061,1.0,7.959527492523193,0.13040136333621677,1.0,0.1264367088675499,1.0,0.5,8192,16384,0.5
2026-03-21T21:37:47,crp_c_sensitivity_20260321_193605,44,2,0.99,19,498877875,257273452,175.598019,5,0.053079386327862736,0.08451987773627043,0.9737,0.08790888178441673,0.9732,1.0,5.22262,0.1262998790920848,1.0,7.839789906426159,1.0,5.21,0.12330398708581924,1.0,8.028937339782715,1.0,5.2095,0.12330398708581924,1.0,8.028937339782715,0.13028324854267223,1.0,0.12604069858789443,1.0,0.5,8192,16384,0.5
2026-03-21T21:40:41,crp_c_sensitivity_20260321_193605,45,2,0.99,20,1875161174,1072077289,173.407071,5,0.05511375354528427,0.08608694252744317,0.9737,0.08942372645512223,0.972,0.99998,5.2803,0.12888662414172727,1.0,7.682406374255715,1.0,5.3061,0.12642735242843628,1.0,7.8305840492248535,1.0,5.2909,0.12642735242843628,1.0,7.8305840492248535,0.1333132006018363,1.0,0.12892352044582367,1.0,0.5,8192,16384,0.5
2026-03-21T21:43:19,crp_c_sensitivity_20260321_193605,46,2,0.99,21,464673431,1583108162,157.781139,5,0.05658438911914825,0.08510946238040924,0.9721,0.09026431772187352,0.9732,1.0,5.17678,0.12788762548542998,1.0,7.742538820447215,1.0,5.1773,0.12553362548351288,1.0,7.886332988739014,1.0,5.1775,0.12553362548351288,1.0,7.886332988739014,0.13145310820825873,1.0,0.12731188237667085,1.0,0.5,8192,16384,0.5
2026-03-21T21:45:56,crp_c_sensitivity_20260321_193605,47,2,0.99,22,1722065499,1623602896,157.707906,5,0.05342268931984902,0.08939696505069733,0.9736,0.07894050649628043,0.9742,1.0,5.18572,0.12806568868324886,1.0,7.732003813204558,1.0,5.1735,0.12517881393432617,1.0,7.908686637878418,1.0,5.1804,0.12517881393432617,1.0,7.908686637878418,0.13227779133545467,1.0,0.1283014416694641,1.0,0.5,8192,16384,0.5
2026-03-21T21:48:33,crp_c_sensitivity_20260321_193605,48,2,0.99,23,1192036600,1438190936,156.312412,5,0.0564434087228775,0.09368853102922439,0.9723,0.08637725700847805,0.974,1.0,5.17104,0.12800528835076505,1.0,7.735796280834071,1.0,5.1565,0.12429019063711166,1.0,7.965230464935303,1.0,5.1591,0.12429019063711166,1.0,7.965230464935303,0.13172537364694467,1.0,0.12806304544210434,1.0,0.5,8192,16384,0.5
2026-03-21T21:51:05,crp_c_sensitivity_20260321_193605,49,2,0.99,24,399063368,553478475,152.293971,5,0.05551854075670242,0.08814971931399777,0.9726,0.08682621067166328,0.9718,0.99998,5.17468,0.1278359826720889,1.0,7.746004389984833,1.0,5.1523,0.1248096451163292,1.0,7.932079315185547,1.0,5.145,0.1248096451163292,1.0,7.932079315185547,0.13252893867318893,1.0,0.12823134362697602,1.0,0.5,8192,16384,0.5
2026-03-21T21:52:47,crp_c_sensitivity_20260321_193605,50,2,0.99,25,1264027381,931310476,101.921243,5,0.05455030086994171,0.09696469095274807,0.9711,0.08497831283435225,0.9736,0.99998,5.31212,0.12736870451351565,1.0,7.774904715740467,0.9999,5.2588,0.1230914443731308,1.0,8.042800903320312,1.0,5.2531,0.1230914443731308,1.0,8.042800903320312,0.13191059461944854,1.0,0.12688430845737458,1.0,0.5,8192,16384,0.5
2026-03-21T21:54:30,crp_c_sensitivity_20260321_193605,51,3,0.999,1,1112910603,1967156611,103.193264,5,0.0555146491420269,0.10446821992695332,0.9675,0.09301126785096712,0.9711,0.99996,6.2123,0.127974896327309,1.0,7.8081119834919415,1.0,6.233,0.12542003393173218,1.0,7.965234279632568,1.0,6.228,0.12542003393173218,1.0,7.965234279632568,0.13275024971693677,1.0,0.129006963968277,1.0,0.5,8192,16384,0.5
2026-03-21T21:56:15,crp_c_sensitivity_20260321_193605,52,3,0.999,2,2058712053,278891663,104.389516,5,0.053800846025943753,0.09447019007205963,0.9715,0.09599043392390012,0.9699,1.0,6.3386,0.1260532114245093,1.0,7.928601651545375,0.9999,6.3397,0.12340880930423737,1.0,8.095046043395996,1.0,6.3408,0.12340880930423737,1.0,8.095046043395996,0.1309207140370403,1.0,0.12673117220401764,1.0,0.5,8192,16384,0.5
2026-03-21T21:57:59,crp_c_sensitivity_20260321_193605,53,3,0.999,3,89204788,2104056674,103.96022,5,0.05512524812340736,0.09239529796838761,0.9733,0.09130636562034487,0.9713,0.99996,6.24128,0.12830966749154699,1.0,7.787771292049866,0.9996,6.3118,0.12570397555828094,1.0,7.947242736816406,1.0,6.297,0.12570397555828094,1.0,7.947242736816406,0.13326987527368014,1.0,0.12945619821548462,1.0,0.5,8192,16384,0.5
2026-03-21T21:59:43,crp_c_sensitivity_20260321_193605,54,3,0.999,4,352484285,647094122,104.31977,5,0.053646648149490356,0.0957614563703537,0.9711,0.09191421176176519,0.9712,0.99996,6.34204,0.12843508766892622,1.0,7.781405703795841,0.9999,6.274,0.12294640392065048,1.0,8.125492095947266,1.0,6.2587,0.12294640392065048,1.0,8.125492095947266,0.1327339739217173,1.0,0.12794051617383956,1.0,0.5,8192,16384,0.5
2026-03-21T22:01:27,crp_c_sensitivity_20260321_193605,55,3,0.999,5,2111604889,1856609176,103.741971,5,0.053712598457336426,0.09420487029254436,0.9705,0.08389564048256726,0.9744,0.99996,6.37576,0.13094880955908306,1.0,7.630301434060802,1.0,6.4038,0.12852706015110016,1.0,7.7726826667785645,1.0,6.407,0.12852706015110016,1.0,7.7726826667785645,0.13529159886300413,1.0,0.1312848687171936,1.0,0.5,8192,16384,0.5
2026-03-21T22:03:16,crp_c_sensitivity_20260321_193605,56,3,0.999,6,1787146389,20093030,108.728079,5,0.05575926668703556,0.08870057567171752,0.9745,0.08720693277530372,0.972,0.99998,6.27472,0.1284329870625225,1.0,7.77971069770091,1.0,6.2231,0.12519757449626923,1.0,7.979388236999512,0.9999,6.2354,0.12519757449626923,1.0,7.979388236999512,0.13349222577441378,1.0,0.12955676317214965,1.0,0.5,8192,16384,0.5
2026-03-21T22:04:57,crp_c_sensitivity_20260321_193605,57,3,0.999,7,322707650,2072343648,101.047867,5,0.052673947420120236,0.09077440710365772,0.9705,0.08789369606599212,0.9727,0.99994,6.17244,0.12942588424591153,1.0,7.719983450896905,0.9999,6.1732,0.12626570463180542,1.0,7.911887168884277,1.0,6.1682,0.12626570463180542,1.0,7.911887168884277,0.13343137398247829,1.0,0.12945678532123567,1.0,0.5,8192,16384,0.5
2026-03-21T22:06:37,crp_c_sensitivity_20260321_193605,58,3,0.999,8,492016357,751033720,100.100412,5,0.05695159509420395,0.09255350759029389,0.9705,0.08697740490734578,0.9752,1.0,6.26022,0.12974561053468747,1.0,7.701418305906798,0.9999,6.2499,0.12763984501361847,1.0,7.826709747314453,0.9999,6.2592,0.12763984501361847,1.0,7.826709747314453,0.13420237539826757,1.0,0.13037029504776002,1.0,0.5,8192,16384,0.5
2026-03-21T22:08:16,crp_c_sensitivity_20260321_193605,59,3,0.999,9,1157790631,734368275,99.411901,5,0.05357945390343666,0.09298744144439697,0.973,0.08379422355219722,0.9733,0.99998,6.3575,0.12775651979095795,1.0,7.822538766104852,1.0,6.3381,0.12358859926462173,1.0,8.083270072937012,0.9999,6.3189,0.12358859926462173,1.0,8.083270072937012,0.13383927809841492,1.0,0.12994734495878218,1.0,0.5,8192,16384,0.5
2026-03-21T22:09:56,crp_c_sensitivity_20260321_193605,60,3,0.999,10,337113771,828956708,99.933879,5,0.055426476247608665,0.08722212178111076,0.9743,0.08827145341783763,0.974,1.0,6.2142,0.13000766422285143,1.0,7.686591420332184,1.0,6.1948,0.12646982073783875,1.0,7.899117469787598,1.0,6.1984,0.12646982073783875,1.0,7.899117469787598,0.13459779192572055,1.0,0.13072620034217836,1.0,0.5,8192,16384,0.5
2026-03-21T22:11:50,crp_c_sensitivity_20260321_193605,61,3,0.999,11,695270872,27578306,113.971241,5,0.05581196814656258,0.09547915072441102,0.971,0.0852334378644824,0.975,0.99998,6.19064,0.12791897979614986,1.0,7.811343021100135,0.9999,6.1917,0.12504203617572784,1.0,7.989313125610352,0.9999,6.1879,0.12504203617572784,1.0,7.989313125610352,0.13257012006343175,1.0,0.1282603919506073,1.0,0.5,8192,16384,0.5
2026-03-21T22:14:06,crp_c_sensitivity_20260321_193605,62,3,0.999,12,105912230,130760166,136.059199,5,0.05669173651218414,0.08711884307861328,0.9712,0.08494236075449735,0.9721,0.99996,6.28786,0.1289229035529944,1.0,7.750373897650053,1.0,6.2906,0.12642817199230194,1.0,7.901719570159912,1.0,6.2761,0.12642817199230194,1.0,7.901719570159912,0.13244937338944895,1.0,0.1284838080406189,1.0,0.5,8192,16384,0.5
2026-03-21T22:16:15,crp_c_sensitivity_20260321_193605,63,3,0.999,13,1528315350,955874530,128.120524,5,0.05053655331134796,0.09030687109678984,0.9737,0.08519930528774858,0.9734,0.99998,6.24644,0.12555400821406518,1.0,7.958366556240774,1.0,6.2457,0.12278041988611221,1.0,8.136476516723633,1.0,6.2548,0.12278041988611221,1.0,8.136476516723633,0.1303616835409418,1.0,0.1265124723315239,1.0,0.5,8192,16384,0.5
2026-03-21T22:18:19,crp_c_sensitivity_20260321_193605,64,3,0.999,14,168712223,833439345,124.905903,5,0.0546138338804245,0.0934544665336609,0.9703,0.0938207834355533,0.9728,0.99998,6.3403,0.12803585312860397,1.0,7.803759783430173,0.9999,6.3004,0.12506155669689178,1.0,7.988066673278809,0.9999,6.298,0.12506155669689178,1.0,7.988066673278809,0.1321220756720399,1.0,0.12822141647338867,1.0,0.5,8192,16384,0.5
2026-03-21T22:20:31,crp_c_sensitivity_20260321_193605,65,3,0.999,15,2135896355,1716006081,131.816331,5,0.05280355682611466,0.09453480367660523,0.9721,0.08778920362889767,0.973,0.99998,6.29374,0.12769728796104032,1.0,7.824614185811309,1.0,6.2571,0.12554243206977844,1.0,7.957469463348389,1.0,6.2593,0.12554243206977844,1.0,7.957469463348389,0.13151062353492698,1.0,0.12792497575283052,1.0,0.5,8192,16384,0.5
2026-03-21T22:22:34,crp_c_sensitivity_20260321_193605,66,3,0.999,16,1976908672,385440740,123.055394,5,0.05300214482545853,0.09789900641441346,0.9712,0.08547903286144137,0.9736,0.99998,6.3556,0.126181982476693,1.0,7.9182781502413935,0.9999,6.4118,0.12382832169532776,1.0,8.067621231079102,0.9999,6.4108,0.12382832169532776,1.0,8.067621231079102,0.1302655351207689,1.0,0.12623047530651094,1.0,0.5,8192,16384,0.5
2026-03-21T22:24:43,crp_c_sensitivity_20260321_193605,67,3,0.999,17,1693997113,25145259,128.098532,5,0.05367906585335731,0.08595207687616348,0.9736,0.0837294697009027,0.9746,1.0,6.24698,0.1296066575876587,1.0,7.709773186832438,1.0,6.2263,0.12668949365615845,1.0,7.885420799255371,1.0,6.2258,0.12668949365615845,1.0,7.885420799255371,0.13387523458894257,1.0,0.13027847707271575,1.0,0.5,8192,16384,0.5
2026-03-21T22:27:42,crp_c_sensitivity_20260321_193605,68,3,0.999,18,1658729021,1529727010,179.089381,5,0.05579611448764801,0.1045276174083352,0.9699,0.09354401724860072,0.9704,0.99996,6.31266,0.12692185811450718,1.0,7.873076988912909,0.9999,6.2549,0.1219836100935936,1.0,8.189624786376953,1.0,6.2635,0.1219836100935936,1.0,8.189624786376953,0.1303524484757877,1.0,0.12490454018115997,1.0,0.5,8192,16384,0.5
2026-03-21T22:30:10,crp_c_sensitivity_20260321_193605,69,3,0.999,19,789742062,462462201,148.729869,5,0.05708671329855919,0.09083671963661909,0.9723,0.07815619451478123,0.9763,0.99996,6.27598,0.1288035028349713,1.0,7.756986229011165,1.0,6.2795,0.12644006311893463,1.0,7.90097713470459,1.0,6.2687,0.12644006311893463,1.0,7.90097713470459,0.1323783049802951,1.0,0.12790593802928923,1.0,0.5,8192,16384,0.5
2026-03-21T22:32:28,crp_c_sensitivity_20260321_193605,70,3,0.999,20,1457510407,1100635585,137.187393,5,0.05011147072672844,0.09660277406722308,0.971,0.08503021147130058,0.9737,0.99996,6.22946,0.1277016966849032,1.0,7.824457603952159,1.0,6.2314,0.12503889203071594,1.0,7.989513874053955,0.9998,6.224,0.12503889203071594,1.0,7.989513874053955,0.13244452082440067,1.0,0.12940990924835205,1.0,0.5,8192,16384,0.5
2026-03-21T22:34:56,crp_c_sensitivity_20260321_193605,71,3,0.999,21,1634790754,260929789,148.015754,5,0.0567017615377903,0.10329317235946656,0.9693,0.08585665537938475,0.9738,0.99996,6.22638,0.12935937674301665,1.0,7.724674190706609,0.9999,6.2108,0.12583006918430328,1.0,7.939278602600098,0.9999,6.2005,0.12583006918430328,1.0,7.939278602600098,0.1340190827465423,1.0,0.13018448650836945,1.0,0.5,8192,16384,0.5
2026-03-21T22:36:42,crp_c_sensitivity_20260321_193605,72,3,0.999,22,1032459140,1335410721,106.234663,5,0.056844698967933656,0.0883620062828064,0.9731,0.08572536318451165,0.9732,0.99996,6.26482,0.12934376223160482,1.0,7.725557563859788,0.9999,6.2213,0.1253809630870819,1.0,7.967717170715332,1.0,6.2213,0.1253809630870819,1.0,7.967717170715332,0.13381420123912488,1.0,0.1302918463945389,1.0,0.5,8192,16384,0.5
2026-03-21T22:38:18,crp_c_sensitivity_20260321_193605,73,3,0.999,23,132124040,29673383,95.939882,5,0.05326154748678207,0.10216274356842041,0.9706,0.08665168314799666,0.9742,0.99992,6.38464,0.12938291554713188,1.0,7.723217219038083,1.0,6.3946,0.12630972266197205,1.0,7.909130096435547,1.0,6.3775,0.12630972266197205,1.0,7.909130096435547,0.13370085969148085,1.0,0.12956848442554475,1.0,0.5,8192,16384,0.5
2026-03-21T22:39:52,crp_c_sensitivity_20260321_193605,74,3,0.999,24,1344547985,1056112662,94.033479,5,0.053162388139367106,0.0933528819680214,0.9718,0.0827551946110092,0.9757,0.99998,6.26628,0.1283965702633114,1.0,7.782500888990319,1.0,6.2843,0.12586916983127594,1.0,7.936812400817871,1.0,6.2784,0.12586916983127594,1.0,7.936812400817871,0.13274478512194457,1.0,0.12868406772613525,1.0,0.5,8192,16384,0.5
2026-03-21T22:41:28,crp_c_sensitivity_20260321_193605,75,3,0.999,25,699566051,1657831350,95.351221,5,0.05528392431795597,0.09725649000406265,0.9711,0.0902358843319118,0.9722,0.99998,6.33816,0.13035801578970516,1.0,7.665140617838906,1.0,6.3251,0.12662085890769958,1.0,7.889695167541504,1.0,6.3307,0.12662085890769958,1.0,7.889695167541504,0.1349140172648003,1.0,0.13134465217590333,1.0,0.5,8192,16384,0.5
2026-03-21T22:43:09,crp_c_sensitivity_20260321_193605,76,4,0.9999,1,1310156299,2074602742,101.169731,5,0.05268861561894417,0.09156967065110802,0.973,0.08025593745857477,0.9743,0.99982,7.23718,0.12828006654444252,1.0,7.796427909675462,1.0,7.2546,0.12512850761413574,1.0,7.990984916687012,0.9996,7.2516,0.12512850761413574,1.0,7.990984916687012,0.13225506753720287,1.0,0.12808895111083984,1.0,0.5,8192,16384,0.5
2026-03-21T22:44:48,crp_c_sensitivity_20260321_193605,77,4,0.9999,2,903722234,1981277365,98.930109,5,0.050599839435815815,0.10449989111423492,0.9668,0.09555822986811399,0.972,0.99972,7.29206,0.12721524218006816,1.0,7.862466485299113,0.9997,7.3008,0.12290658801794052,1.0,8.135446548461914,0.9995,7.3058,0.12290658801794052,1.0,8.135446548461914,0.13153777079051718,1.0,0.1272481307387352,1.0,0.5,8192,16384,0.5
2026-03-21T22:46:28,crp_c_sensitivity_20260321_193605,78,4,0.9999,3,2045544286,1180707512,100.451551,5,0.04945406507134437,0.10331907453127205,0.9706,0.08254348124507814,0.9745,0.99982,7.35962,0.13033655663128094,1.0,7.673856527908988,0.9997,7.3752,0.1278645247220993,1.0,7.819994926452637,0.9996,7.3801,0.1278645247220993,1.0,7.819994926452637,0.13444801456940447,1.0,0.13018326163291932,1.0,0.5,8192,16384,0.5
2026-03-21T22:48:09,crp_c_sensitivity_20260321_193605,79,4,0.9999,4,432921151,782300562,100.623953,5,0.052817504858374595,0.08183601925373077,0.9736,0.07942139759920537,0.9755,0.99958,7.27998,0.12972064880306458,1.0,7.709560104038404,0.9992,7.315,0.12658926844596863,1.0,7.898773670196533,0.9996,7.294,0.12658926844596863,1.0,7.898773670196533,0.13348625354907093,1.0,0.12922619581222533,1.0,0.5,8192,16384,0.5
2026-03-21T22:49:49,crp_c_sensitivity_20260321_193605,80,4,0.9999,5,1651106470,1423451978,100.061726,5,0.056740945006608964,0.09656181139796972,0.9714,0.0878203802159056,0.9748,0.99964,7.31512,0.1290617796694836,1.0,7.7493178277369354,0.9999,7.2759,0.12624847888946533,1.0,7.920095443725586,0.9998,7.2706,0.12624847888946533,1.0,7.920095443725586,0.13253052451116654,1.0,0.12847841084003447,1.0,0.5,8192,16384,0.5
2026-03-21T22:52:50,crp_c_sensitivity_20260321_193605,81,4,0.9999,6,1500150165,256370106,181.060117,5,0.05551448273539543,0.08777747726142407,0.9716,0.07786032079309226,0.9767,0.99974,7.28374,0.1294080277766718,1.0,7.72894226986429,0.9998,7.2865,0.12563934922218323,1.0,7.958493709564209,0.9998,7.271,0.12563934922218323,1.0,7.958493709564209,0.13330411818783605,1.0,0.12871204316616058,1.0,0.5,8192,16384,0.5
2026-03-21T22:56:58,crp_c_sensitivity_20260321_193605,82,4,0.9999,7,1195209943,321391292,247.268818,5,0.05280694751381874,0.09416381359100341,0.9709,0.09102635578885675,0.9718,0.99954,7.33456,0.12965426035701771,1.0,7.713363570630398,0.9997,7.2842,0.12633171677589417,1.0,7.914876937866211,0.9997,7.2838,0.12633171677589417,1.0,7.914876937866211,0.13368004314277482,1.0,0.12937774658203124,1.0,0.5,8192,16384,0.5
2026-03-21T23:01:02,crp_c_sensitivity_20260321_193605,83,4,0.9999,8,171898072,1062774722,244.058567,5,0.05259825069189072,0.09380544183179736,0.9718,0.08591520660072566,0.9746,0.99986,7.34312,0.12783749416813522,1.0,7.823093652115453,0.9994,7.3386,0.1245366707444191,1.0,8.028960227966309,0.9999,7.3221,0.1245366707444191,1.0,8.028960227966309,0.1320183461050853,1.0,0.12806266099214553,1.0,0.5,8192,16384,0.5
2026-03-21T23:05:23,crp_c_sensitivity_20260321_193605,84,4,0.9999,9,354231091,1916639765,261.035223,5,0.05477362483501434,0.09865897018909454,0.9712,0.09731781971603631,0.97,0.9996,7.51588,0.12934561344363804,1.0,7.732082313283935,0.9995,7.5294,0.1253453940153122,1.0,7.977158069610596,0.9993,7.527,0.1253453940153122,1.0,7.977158069610596,0.133245092302637,1.0,0.1288098931312561,1.0,0.5,8192,16384,0.5
2026-03-21T23:09:41,crp_c_sensitivity_20260321_193605,85,4,0.9999,10,2077222224,720600365,258.563696,5,0.055581775575876236,0.08144886071681977,0.9744,0.08582549470029771,0.9733,0.99962,7.31516,0.12856757031072436,1.0,7.7785229499992505,0.9996,7.3541,0.12589438259601593,1.0,7.942371368408203,0.9996,7.3539,0.12589438259601593,1.0,7.942371368408203,0.13289182845436398,1.0,0.1294650048017502,1.0,0.5,8192,16384,0.5
2026-03-21T23:13:39,crp_c_sensitivity_20260321_193605,86,4,0.9999,11,495301068,436480841,237.891522,5,0.0535847763723135,0.09159150280952454,0.9704,0.08624474330171943,0.9733,0.99974,7.3918,0.12858876631692853,1.0,7.777474485090017,0.9998,7.3875,0.12572041153907776,1.0,7.953362464904785,1.0,7.3934,0.12572041153907776,1.0,7.953362464904785,0.13267173833401916,1.0,0.12883007526397705,1.0,0.5,8192,16384,0.5
2026-03-21T23:17:34,crp_c_sensitivity_20260321_193605,87,4,0.9999,12,351205987,349514706,235.005142,5,0.054027023271918294,0.10132610269784928,0.9719,0.09122460520640016,0.9719,0.99972,7.34208,0.1296213239126498,1.0,7.715318256631837,0.9993,7.3325,0.12726537883281708,1.0,7.856811046600342,0.9995,7.3268,0.12726537883281708,1.0,7.856811046600342,0.1334305447080861,1.0,0.12983703315258027,1.0,0.5,8192,16384,0.5
2026-03-21T23:21:29,crp_c_sensitivity_20260321_193605,88,4,0.9999,13,619110243,322432942,234.572985,5,0.050246084126234054,0.09675603952258825,0.9701,0.08938084574490786,0.9737,0.99974,7.20376,0.13042034166853142,1.0,7.667631067583323,0.9995,7.3116,0.12795515358448029,1.0,7.814456462860107,0.9997,7.2912,0.12795515358448029,1.0,7.814456462860107,0.1338458572659651,1.0,0.1299307733774185,1.0,0.5,8192,16384,0.5
2026-03-21T23:25:13,crp_c_sensitivity_20260321_193605,89,4,0.9999,14,1153457558,194552890,223.280881,5,0.05460767349720001,0.10100376574397087,0.9713,0.09325817845836282,0.9719,0.99984,7.31302,0.12879655668345255,1.0,7.765559769652384,0.9999,7.2656,0.125392347574234,1.0,7.974170684814453,1.0,7.2602,0.125392347574234,1.0,7.974170684814453,0.13293768746011397,1.0,0.12890512347221375,1.0,0.5,8192,16384,0.5
2026-03-21T23:28:54,crp_c_sensitivity_20260321_193605,90,4,0.9999,15,1115861148,1494047943,220.960456,5,0.05559476868391037,0.09937627292871475,0.9708,0.0888868803050369,0.9741,0.99974,7.2681,0.1296196695788742,1.0,7.715791888858961,0.9999,7.2439,0.12634050846099854,1.0,7.914325714111328,0.9998,7.2412,0.12634050846099854,1.0,7.914325714111328,0.1339858242084303,1.0,0.12997487783432007,1.0,0.5,8192,16384,0.5
2026-03-21T23:33:05,crp_c_sensitivity_20260321_193605,91,4,0.9999,16,7155008,314695624,251.398283,5,0.05410109781384468,0.08826466639339924,0.9728,0.07892013784497977,0.974,0.99976,7.28974,0.12848606511302615,1.0,7.783540630584483,0.9995,7.2877,0.12600167095661163,1.0,7.935609340667725,0.9995,7.29,0.12600167095661163,1.0,7.935609340667725,0.13248035946617956,1.0,0.12892101407051088,1.0,0.5,8192,16384,0.5
2026-03-21T23:36:44,crp_c_sensitivity_20260321_193605,92,4,0.9999,17,6839650,1412366309,218.995798,5,0.05194017562150955,0.09404292086493224,0.9714,0.08816923643909395,0.9713,0.99956,7.39458,0.12962424267283487,1.0,7.715654612197291,0.9994,7.4083,0.1266878992319107,1.0,7.8926239013671875,0.9995,7.4103,0.1266878992319107,1.0,7.8926239013671875,0.13383914672047892,1.0,0.12982838451862336,1.0,0.5,8192,16384,0.5
2026-03-21T23:40:06,crp_c_sensitivity_20260321_193605,93,4,0.9999,18,1065294669,1902539709,202.168904,5,0.053467495467066764,0.0863630877867341,0.9749,0.08358636340405792,0.9758,0.99968,7.25506,0.1297979158589907,1.0,7.705408659737433,0.9998,7.2354,0.12661732733249664,1.0,7.8970232009887695,0.9997,7.2347,0.12661732733249664,1.0,7.8970232009887695,0.1345852741118892,1.0,0.13014340698719024,1.0,0.5,8192,16384,0.5
2026-03-21T23:43:33,crp_c_sensitivity_20260321_193605,94,4,0.9999,19,396971993,1793714033,206.730294,5,0.053888151319026946,0.09637382698589936,0.9719,0.09235678005069495,0.9692,0.99978,7.22844,0.12959860124246544,1.0,7.717310699355572,0.9999,7.2385,0.12797826528549194,1.0,7.813045501708984,0.9992,7.2597,0.12797826528549194,1.0,7.813045501708984,0.13436277155833476,1.0,0.13139894008636474,1.0,0.5,8192,16384,0.5
2026-03-21T23:47:01,crp_c_sensitivity_20260321_193605,95,4,0.9999,20,1304598110,2005339707,208.042428,5,0.05376509486913681,0.09672297992706298,0.9696,0.0908893984246999,0.9724,0.99968,7.46966,0.1258267561150024,1.0,7.9505504378882215,0.9991,7.4369,0.12193621695041656,1.0,8.200188636779785,0.9996,7.4316,0.12193621695041656,1.0,8.200188636779785,0.1317647295039328,1.0,0.12776318490505217,1.0,0.5,8192,16384,0.5
2026-03-21T23:50:25,crp_c_sensitivity_20260321_193605,96,4,0.9999,21,1714686299,1826673996,204.038033,5,0.051502742817401886,0.10207498975992203,0.9695,0.0920995050277561,0.9727,0.9998,7.31344,0.1301562333732005,1.0,7.683793035004755,0.9998,7.3493,0.12753713130950928,1.0,7.84006929397583,0.9995,7.345,0.12753713130950928,1.0,7.84006929397583,0.13432073456704466,1.0,0.13052454888820647,1.0,0.5,8192,16384,0.5
2026-03-21T23:53:51,crp_c_sensitivity_20260321_193605,97,4,0.9999,22,205886282,567534148,205.879839,5,0.05660164948105812,0.10013385800123215,0.971,0.09326293994560837,0.9717,0.9997,7.27492,0.12889093938081161,1.0,7.7595065194932396,0.9999,7.2668,0.12615090608596802,1.0,7.9262213706970215,0.9999,7.2648,0.12615090608596802,1.0,7.9262213706970215,0.13338402335905966,1.0,0.12934294939041138,1.0,0.5,8192,16384,0.5
2026-03-21T23:57:17,crp_c_sensitivity_20260321_193605,98,4,0.9999,23,1084838242,1610662867,205.477136,5,0.05221778177499771,0.10875176608413457,0.9683,0.09350900948271156,0.9704,0.99964,7.45848,0.1289114973048115,1.0,7.757708514133073,0.9995,7.4774,0.12570257484912872,1.0,7.954491138458252,0.9995,7.4771,0.12570257484912872,1.0,7.954491138458252,0.13343638759439863,1.0,0.12991749346256257,1.0,0.5,8192,16384,0.5
2026-03-22T00:00:42,crp_c_sensitivity_20260321_193605,99,4,0.9999,24,872174991,141984048,205.21795,5,0.0566854691529274,0.09624835790395736,0.9723,0.09130513852722943,0.973,0.99978,7.3564,0.12889919908302824,1.0,7.7586166986724,0.9999,7.3202,0.12538467347621918,1.0,7.974658966064453,1.0,7.3061,0.12538467347621918,1.0,7.974658966064453,0.1330312755787769,1.0,0.12921289205551148,1.0,0.5,8192,16384,0.5
2026-03-22T00:03:56,crp_c_sensitivity_20260321_193605,100,4,0.9999,25,1697485500,1613739223,193.328832,5,0.053368214183449746,0.08899140957146882,0.9728,0.08874693447165191,0.973,0.99968,7.38372,0.12896083241990766,1.0,7.754546988650661,0.9993,7.4017,0.12660159170627594,1.0,7.89800500869751,0.9997,7.3903,0.12660159170627594,1.0,7.89800500869751,0.1330865238023841,1.0,0.12917479872703552,1.0,0.5,8192,16384,0.5
2026-03-22T00:08:28,crp_c_sensitivity_20260321_193605,101,5,0.99999,1,2050402062,989700618,272.421022,5,0.05435985030651092,0.10185400624424219,0.9696,0.09138525343202054,0.972,0.99576,8.60518,0.12933055301913826,1.0,7.733879841806943,0.9952,8.599,0.12591004371643066,1.0,7.942098617553711,0.9963,8.5736,0.12591004371643066,1.0,7.942098617553711,0.13342901378336466,1.0,0.12914904356002807,1.0,0.5,8192,16384,0.5
2026-03-22T00:13:15,crp_c_sensitivity_20260321_193605,102,5,0.99999,2,894895546,390707981,286.551492,5,0.05133233523607254,0.11012152574583887,0.9669,0.08943974756263197,0.9735,0.9974,8.56736,0.1291482287752049,1.0,7.74474063004984,0.9966,8.5986,0.12530939280986786,1.0,7.980167388916016,0.9976,8.5548,0.12530939280986786,1.0,7.980167388916016,0.1327397959540262,1.0,0.1285948008298874,1.0,0.5,8192,16384,0.5
2026-03-22T00:16:34,crp_c_sensitivity_20260321_193605,103,5,0.99999,3,522413582,1973397125,198.941241,5,0.05382253381490707,0.10156349712610245,0.9692,0.09876638544760645,0.9722,0.997,8.572,0.12794192809887858,1.0,7.818216501904265,0.9965,8.6081,0.12409444153308868,1.0,8.058298110961914,0.9975,8.5906,0.12409444153308868,1.0,8.058298110961914,0.13221383902727796,1.0,0.12726770341396332,1.0,0.5,8192,16384,0.5
2026-03-22T00:19:54,crp_c_sensitivity_20260321_193605,104,5,0.99999,4,1886507198,395826523,200.683645,5,0.05312727558374405,0.10202296617031098,0.9684,0.08679833600409328,0.9731,0.99608,8.57612,0.1299300577558215,1.0,7.69795800230997,0.9955,8.6314,0.12725546956062317,1.0,7.858129978179932,0.9965,8.5995,0.12725546956062317,1.0,7.858129978179932,0.13358629129426863,1.0,0.12962064146995544,1.0,0.5,8192,16384,0.5
2026-03-22T00:23:04,crp_c_sensitivity_20260321_193605,105,5,0.99999,5,58574144,800825873,189.020189,5,0.05400906199812889,0.09260019744038582,0.971,0.08449992205314338,0.9732,0.99596,8.47478,0.12880538442098272,1.0,7.765054177140336,0.9959,8.4768,0.1250232309103012,1.0,7.998433589935303,0.9943,8.5048,0.1250232309103012,1.0,7.998433589935303,0.1320841049523,1.0,0.1275678813457489,1.0,0.5,8192,16384,0.5
2026-03-22T00:26:18,crp_c_sensitivity_20260321_193605,106,5,0.99999,6,709670003,377872513,194.57586,5,0.05271507118344307,0.09922771039009094,0.9706,0.09253785587474704,0.9698,0.9967,8.4387,0.12984181734759484,1.0,7.703004902890881,0.9958,8.4975,0.12691712379455566,1.0,7.879078388214111,0.9951,8.5084,0.12691712379455566,1.0,7.879078388214111,0.13406218379507284,1.0,0.12883163392543792,1.0,0.5,8192,16384,0.5
2026-03-22T00:29:52,crp_c_sensitivity_20260321_193605,107,5,0.99999,7,847773159,381934940,213.228328,5,0.05328801008462906,0.0952431704185903,0.9707,0.0851484380673617,0.9743,0.99462,8.60198,0.13187703276839097,1.0,7.5841490338220625,0.9947,8.5744,0.12909716367721558,1.0,7.746026039123535,0.9946,8.5621,0.12909716367721558,1.0,7.746026039123535,0.1354305806595956,1.0,0.1319031149148941,1.0,0.5,8192,16384,0.5
2026-03-22T00:33:31,crp_c_sensitivity_20260321_193605,108,5,0.99999,8,382217443,1227595176,219.537613,5,0.055989642653465274,0.09884922479689122,0.9665,0.09751525270594284,0.9691,0.99698,8.47682,0.12892506473585771,1.0,7.759242916351084,0.9968,8.4626,0.12412566691637039,1.0,8.056270599365234,0.997,8.431,0.12412566691637039,1.0,8.056270599365234,0.13397784026916068,1.0,0.1294629767537117,1.0,0.5,8192,16384,0.5
2026-03-22T00:37:28,crp_c_sensitivity_20260321_193605,109,5,0.99999,9,1460149024,1768402574,237.168237,5,0.05404738629817963,0.09250693869460375,0.9724,0.08978591169789434,0.973,0.99686,8.51662,0.1276061064789972,1.0,7.839445315358584,0.9968,8.4464,0.1235274076461792,1.0,8.095288276672363,0.9966,8.4439,0.1235274076461792,1.0,8.095288276672363,0.1326733632808756,1.0,0.1283355951309204,1.0,0.5,8192,16384,0.5
2026-03-22T00:40:13,crp_c_sensitivity_20260321_193605,110,5,0.99999,10,1112968321,1918411437,164.257281,5,0.055530238065719606,0.09508785153627396,0.9711,0.08714264149293303,0.9724,0.99584,8.5216,0.1262415068800492,1.0,7.924893685314052,0.9964,8.4953,0.12278062850236893,1.0,8.144525527954102,0.995,8.5391,0.12278062850236893,1.0,8.144525527954102,0.1313275152879298,1.0,0.1269730433821678,1.0,0.5,8192,16384,0.5
2026-03-22T00:42:52,crp_c_sensitivity_20260321_193605,111,5,0.99999,11,534595817,2061971464,159.134785,5,0.05180649011015892,0.0974197974473238,0.9708,0.08546703032869846,0.9721,0.99564,8.43732,0.130051740790572,1.0,7.69067197321626,0.9944,8.4725,0.1263960301876068,1.0,7.911561965942383,0.9951,8.4465,0.1263960301876068,1.0,7.911561965942383,0.13397412854997093,1.0,0.12981584668159485,1.0,0.5,8192,16384,0.5
2026-03-22T00:45:28,crp_c_sensitivity_20260321_193605,112,5,0.99999,12,887449149,1102100577,156.255186,5,0.05435218122705817,0.09659646099507808,0.9728,0.08043854797333479,0.9753,0.99664,8.53648,0.12859511142953886,1.0,7.777733306445734,0.996,8.5463,0.12557870149612427,1.0,7.963054180145264,0.9967,8.5352,0.12557870149612427,1.0,7.963054180145264,0.13252513160181167,1.0,0.1279881030321121,1.0,0.5,8192,16384,0.5
2026-03-22T00:48:05,crp_c_sensitivity_20260321_193605,113,5,0.99999,13,1485808082,896644137,156.781687,5,0.05507299727499485,0.09195520472852513,0.9727,0.07853471970185638,0.9763,0.99564,8.55988,0.12765353590326237,1.0,7.8346789742979555,0.9943,8.6089,0.1257542073726654,1.0,7.951941013336182,0.9962,8.559,0.1257542073726654,1.0,7.951941013336182,0.13220702937192014,1.0,0.12879596948623656,1.0,0.5,8192,16384,0.5
2026-03-22T00:50:44,crp_c_sensitivity_20260321_193605,114,5,0.99999,14,697854946,258010530,158.444133,5,0.05388176907539367,0.10630640474557877,0.9688,0.09988438743948937,0.9715,0.99442,8.57874,0.12949793025508255,1.0,7.723705744194557,0.9927,8.7151,0.1273215413093567,1.0,7.85405158996582,0.9929,8.7109,0.1273215413093567,1.0,7.85405158996582,0.13381797236097437,1.0,0.12993475794792175,1.0,0.5,8192,16384,0.5
2026-03-22T00:53:18,crp_c_sensitivity_20260321_193605,115,5,0.99999,15,145397487,1382419816,154.407226,5,0.05234129350662232,0.09622191573008895,0.9737,0.08615024920888245,0.9741,0.99714,8.46968,0.12892192141021913,1.0,7.7589781875805475,0.9968,8.4592,0.1251886636018753,1.0,7.987863540649414,0.9973,8.4485,0.1251886636018753,1.0,7.987863540649414,0.13346890545714543,1.0,0.12907399237155914,1.0,0.5,8192,16384,0.5
2026-03-22T00:56:15,crp_c_sensitivity_20260321_193605,116,5,0.99999,16,988922764,1596793385,176.816408,5,0.0559077416408062,0.08670417642742395,0.9721,0.08389640648514032,0.9734,0.9959,8.47994,0.12954315607962402,1.0,7.7207870776086205,0.9959,8.4473,0.1261003613471985,1.0,7.930111885070801,0.9951,8.4539,0.1261003613471985,1.0,7.930111885070801,0.13318414804728135,1.0,0.12911870777606965,1.0,0.5,8192,16384,0.5
2026-03-22T00:59:26,crp_c_sensitivity_20260321_193605,117,5,0.99999,17,418897787,1348928605,190.388373,5,0.054896234035491945,0.09313871983289719,0.9726,0.08415065531767905,0.9743,0.99672,8.47854,0.1293430070361823,1.0,7.733237410445348,0.9967,8.4547,0.12540684640407562,1.0,7.973966121673584,0.9962,8.4431,0.12540684640407562,1.0,7.973966121673584,0.13357807399366822,1.0,0.12950639724731444,1.0,0.5,8192,16384,0.5
2026-03-22T01:03:01,crp_c_sensitivity_20260321_193605,118,5,0.99999,18,1334258504,1226717586,215.300172,5,0.0535175399684906,0.09308951151967049,0.9736,0.08754872316233814,0.9736,0.99648,8.4455,0.12793538650816969,1.0,7.818618415871544,0.996,8.513,0.12477263063192368,1.0,8.014497756958008,0.9977,8.4592,0.12477263063192368,1.0,8.014497756958008,0.13227136383199936,1.0,0.12814088612794877,1.0,0.5,8192,16384,0.5
2026-03-22T01:06:18,crp_c_sensitivity_20260321_193605,119,5,0.99999,19,433554189,1608786354,196.341547,5,0.053408836827278136,0.09850789473056794,0.97,0.09137515829354524,0.9718,0.99762,8.39838,0.13006614247703796,1.0,7.69014107418792,0.9964,8.4325,0.1269555538892746,1.0,7.876693248748779,0.997,8.4168,0.1269555538892746,1.0,7.876693248748779,0.13417034752838447,1.0,0.1300279140472412,1.0,0.5,8192,16384,0.5
2026-03-22T01:09:17,crp_c_sensitivity_20260321_193605,120,5,0.99999,20,289965595,1140232797,178.956335,5,0.05320805212140083,0.11448736070394516,0.9637,0.09863024539351463,0.9704,0.99654,8.4331,0.1298701978857865,1.0,7.7019526671875465,0.9947,8.5402,0.12722249329090118,1.0,7.860166549682617,0.9942,8.5312,0.12722249329090118,1.0,7.860166549682617,0.13418258375981276,1.0,0.13015976548194885,1.0,0.5,8192,16384,0.5
2026-03-22T01:12:20,crp_c_sensitivity_20260321_193605,121,5,0.99999,21,1919766899,500879683,183.046513,5,0.05417824831366539,0.10124459006786346,0.969,0.09174127397201955,0.972,0.99644,8.53786,0.13146637239114708,1.0,7.607370196096123,0.9956,8.633,0.12958671152591705,1.0,7.716763496398926,0.9959,8.626,0.12958671152591705,1.0,7.716763496398926,0.13524708825608958,1.0,0.13184833228588105,1.0,0.5,8192,16384,0.5
2026-03-22T01:14:59,crp_c_sensitivity_20260321_193605,122,5,0.99999,22,709288202,1219478679,158.671355,5,0.055862610046863555,0.08692415616512299,0.9736,0.0889138678856194,0.9741,0.99676,8.4135,0.13026098975592562,1.0,7.678322253019913,0.9956,8.4591,0.12815332412719727,1.0,7.803075313568115,0.9966,8.421,0.12815332412719727,1.0,7.803075313568115,0.1342183630256092,1.0,0.1300828665494919,1.0,0.5,8192,16384,0.5
2026-03-22T01:18:41,crp_c_sensitivity_20260321_193605,123,5,0.99999,23,627720728,269210446,222.461542,5,0.0509249623799324,0.09241564701795578,0.9733,0.08292215449288487,0.9749,0.99736,8.57412,0.12900836133133725,1.0,7.752168139533314,0.9968,8.7,0.12741419672966003,1.0,7.8483405113220215,0.9964,8.6985,0.12741419672966003,1.0,7.8483405113220215,0.13393149452136302,1.0,0.13022465109825135,1.0,0.5,8192,16384,0.5
2026-03-22T01:22:06,crp_c_sensitivity_20260321_193605,124,5,0.99999,24,1155902300,1095922425,204.558787,5,0.05282404224395752,0.10754776456356048,0.9666,0.09124209601692855,0.9725,0.99758,8.56344,0.12882650919887415,1.0,7.763612870365153,0.9973,8.652,0.12653616070747375,1.0,7.902800559997559,0.9981,8.6206,0.12653616070747375,1.0,7.902800559997559,0.13260733088111634,1.0,0.12774722278118134,1.0,0.5,8192,16384,0.5
2026-03-22T01:24:45,crp_c_sensitivity_20260321_193605,125,5,0.99999,25,1489026489,1656532898,159.115518,5,0.056157961809635164,0.09378151876926422,0.9696,0.0885028592955321,0.9736,0.99726,8.64912,0.1259019566542657,1.0,7.943855895410718,0.9968,8.7297,0.12353381514549255,1.0,8.094868659973145,0.9963,8.7532,0.12353381514549255,1.0,8.094868659973145,0.13026941720100924,1.0,0.12497043311595916,1.0,0.5,8192,16384,0.5
2026-03-22T01:27:52,crp_c_sensitivity_20260321_193605,126,6,0.999999,1,1440955336,1914447349,186.804513,5,0.0536127920460701,0.09759540453404188,0.9712,0.08980213459664955,0.9728,0.93938,12.508,0.12823904888785403,1.0,7.799938098244045,0.9469,12.317,0.12484952062368393,1.0,8.009634017944336,0.943,12.3969,0.12484952062368393,1.0,8.009634017944336,0.13292154853072619,1.0,0.12744402140378952,1.0,0.5,8192,16384,0.5
2026-03-22T01:30:55,crp_c_sensitivity_20260321_193605,127,6,0.999999,2,1714537948,127136500,183.434509,5,0.05422960103034973,0.09676427906751632,0.9734,0.0883158281341195,0.9739,0.9245,12.87244,0.1276780973424387,1.0,7.834423209090367,0.9307,12.6734,0.12297403067350388,1.0,8.131790161132812,0.9283,12.7241,0.12297403067350388,1.0,8.131790161132812,0.13235939278855655,1.0,0.1281398579478264,1.0,0.5,8192,16384,0.5
2026-03-22T01:34:02,crp_c_sensitivity_20260321_193605,128,6,0.999999,3,558208653,1669045112,186.683629,5,0.051803122979402545,0.096728502728045,0.9709,0.08693670523697511,0.9732,0.92726,12.69126,0.12833255186410206,1.0,7.7938507206909495,0.936,12.4991,0.12616164982318878,1.0,7.926331043243408,0.9368,12.4661,0.12616164982318878,1.0,7.926331043243408,0.13301445610078094,1.0,0.1295470654964447,1.0,0.5,8192,16384,0.5
2026-03-22T01:37:08,crp_c_sensitivity_20260321_193605,129,6,0.999999,4,916709185,94575219,185.58262,5,0.054344597786664964,0.08241424210965634,0.9741,0.07880767705366015,0.9744,0.92102,12.90482,0.12978334751580378,1.0,7.70624223694472,0.925,12.8242,0.1268192082643509,1.0,7.885232448577881,0.9229,12.8497,0.1268192082643509,1.0,7.885232448577881,0.13332351633654838,1.0,0.12895415723323822,1.0,0.5,8192,16384,0.5
2026-03-22T01:40:12,crp_c_sensitivity_20260321_193605,130,6,0.999999,5,781598766,1716332566,183.818736,5,0.05348543464422226,0.10481444739103317,0.9704,0.09377651362894103,0.9714,0.92024,12.92084,0.12826021495834947,1.0,7.798635081561935,0.9253,12.778,0.1257130205631256,1.0,7.954617023468018,0.9268,12.753,0.1257130205631256,1.0,7.954617023468018,0.13250887507520367,1.0,0.12818473279476167,1.0,0.5,8192,16384,0.5
2026-03-22T01:43:16,crp_c_sensitivity_20260321_193605,131,6,0.999999,6,1109576961,1150840493,184.182107,5,0.05295051046550274,0.10063819860219955,0.9718,0.08538178947232664,0.9723,0.94438,12.33422,0.13075048257322872,1.0,7.650638903498344,0.9436,12.3543,0.12709611654281616,1.0,7.868053436279297,0.942,12.3959,0.12709611654281616,1.0,7.868053436279297,0.1347276059105573,1.0,0.13088675141334533,1.0,0.5,8192,16384,0.5
2026-03-22T01:46:23,crp_c_sensitivity_20260321_193605,132,6,0.999999,7,1232754950,230997060,187.289603,5,0.054274226930737496,0.09867398902177811,0.9711,0.0903887632034719,0.972,0.87302,13.81514,0.1283662630545209,1.0,7.791459979913424,0.8678,13.8559,0.1257081925868988,1.0,7.954922676086426,0.8746,13.7131,0.1257081925868988,1.0,7.954922676086426,0.13230415324268438,1.0,0.1270696312189102,1.0,0.5,8192,16384,0.5
2026-03-22T01:49:30,crp_c_sensitivity_20260321_193605,133,6,0.999999,8,1351386224,1629569257,186.476829,5,0.052944881274700165,0.09482318960726262,0.9713,0.08169437421038747,0.9749,0.91014,13.06406,0.12824242781190312,1.0,7.7996858379725,0.9212,12.7867,0.1253388524055481,1.0,7.978363990783691,0.9197,12.7935,0.1253388524055481,1.0,7.978363990783691,0.13278810340730127,1.0,0.12887175083160402,1.0,0.5,8192,16384,0.5
2026-03-22T01:52:35,crp_c_sensitivity_20260321_193605,134,6,0.999999,9,145930093,335379758,184.955554,5,0.05191216233491898,0.09516836867574602,0.9724,0.08238464134363457,0.9758,0.94548,12.36198,0.12988561212711627,1.0,7.70141773150705,0.9531,12.0209,0.12489558011293411,1.0,8.006680488586426,0.9504,12.0415,0.12489558011293411,1.0,8.006680488586426,0.13477383576848012,1.0,0.1302307590842247,1.0,0.5,8192,16384,0.5
2026-03-22T01:55:41,crp_c_sensitivity_20260321_193605,135,6,0.999999,10,797183180,1890519904,186.18566,5,0.05679902418971062,0.09393896081447602,0.9701,0.09028351782895624,0.9725,0.92148,12.88762,0.12993117721032,1.0,7.697755996528489,0.9269,12.6875,0.12752008438110352,1.0,7.841894149780273,0.9298,12.6228,0.12752008438110352,1.0,7.841894149780273,0.1335243707498931,1.0,0.1300268292427063,1.0,0.5,8192,16384,0.5
2026-03-22T01:58:49,crp_c_sensitivity_20260321_193605,136,6,0.999999,11,1521629412,1363238397,187.985474,5,0.05209882819056511,0.09540842899084091,0.9711,0.0906333129696548,0.9734,0.91632,12.69316,0.1279680782457447,1.0,7.816353483273245,0.9208,12.504,0.12432806193828583,1.0,8.043228149414062,0.9251,12.4021,0.12432806193828583,1.0,8.043228149414062,0.13271073886881704,1.0,0.12852698266506196,1.0,0.5,8192,16384,0.5
2026-03-22T02:01:57,crp_c_sensitivity_20260321_193605,137,6,0.999999,12,75864779,590407739,187.648639,5,0.052528911354541775,0.10773624475002289,0.9677,0.08470366959273815,0.9735,0.92432,12.58132,0.12698205872950957,1.0,7.877092832189692,0.9267,12.4742,0.125228613615036,1.0,7.985387325286865,0.9304,12.3597,0.125228613615036,1.0,7.985387325286865,0.13187262646453765,1.0,0.12815953493118287,1.0,0.5,8192,16384,0.5
2026-03-22T02:05:04,crp_c_sensitivity_20260321_193605,138,6,0.999999,13,1602534238,953672790,187.00443,5,0.059067110458016395,0.09901161024570465,0.9682,0.09610882521755994,0.9723,0.93532,12.30724,0.12973526737574118,1.0,7.7095526270854196,0.9454,11.9442,0.12624403834342957,1.0,7.921158313751221,0.9441,11.9562,0.12624403834342957,1.0,7.921158313751221,0.13286693623608642,1.0,0.12844468355178834,1.0,0.5,8192,16384,0.5
2026-03-22T02:08:10,crp_c_sensitivity_20260321_193605,139,6,0.999999,14,1472962078,791745684,186.121166,5,0.052815833271741865,0.09510070940554143,0.9722,0.0846967178631574,0.973,0.92584,12.67496,0.1291261097735456,1.0,7.746143706924165,0.93,12.5153,0.12591204047203064,1.0,7.942044258117676,0.9315,12.4743,0.12591204047203064,1.0,7.942044258117676,0.13263034219174738,1.0,0.12751423418521882,1.0,0.5,8192,16384,0.5
2026-03-22T02:11:15,crp_c_sensitivity_20260321_193605,140,6,0.999999,15,862840354,659823737,184.533255,5,0.055590615657567975,0.09855364221930504,0.9709,0.08848853447809815,0.9704,0.93856,12.44946,0.12669214349039984,1.0,7.89480832531629,0.9436,12.2171,0.12317860126495361,1.0,8.118285179138184,0.9472,12.1374,0.12317860126495361,1.0,8.118285179138184,0.131070797572203,1.0,0.1278669238090515,1.0,0.5,8192,16384,0.5
2026-03-22T02:14:21,crp_c_sensitivity_20260321_193605,141,6,0.999999,16,964587942,1310767475,185.370736,5,0.05356512132644653,0.10015875043272972,0.9705,0.0909700089937076,0.9727,0.91906,12.7771,0.1268801446384786,1.0,7.883854289189019,0.9277,12.4884,0.12500309944152832,1.0,7.999794006347656,0.9201,12.6695,0.12500309944152832,1.0,7.999794006347656,0.13327521488947028,1.0,0.1299227297306061,1.0,0.5,8192,16384,0.5
2026-03-22T02:17:27,crp_c_sensitivity_20260321_193605,142,6,0.999999,17,567667364,669689953,186.67903,5,0.052278813378810886,0.09637505704164505,0.9733,0.08636676239855587,0.9729,0.8958,13.44342,0.12952745017950493,1.0,7.721872999235187,0.903,13.2895,0.12687180936336517,1.0,7.881963729858398,0.901,13.3095,0.12687180936336517,1.0,7.881963729858398,0.13364606452415057,1.0,0.12978546023368837,1.0,0.5,8192,16384,0.5
2026-03-22T02:20:34,crp_c_sensitivity_20260321_193605,143,6,0.999999,18,1583170189,1057652503,186.927745,5,0.05271407470583916,0.09953429817855358,0.9701,0.09217074846252798,0.9724,0.95308,11.88022,0.129824116978499,1.0,7.703723889177717,0.9486,12.0594,0.1277240514755249,1.0,7.829371452331543,0.957,11.9006,0.1277240514755249,1.0,7.829371452331543,0.1340109141205278,1.0,0.13002869486808777,1.0,0.5,8192,16384,0.5
2026-03-22T02:23:38,crp_c_sensitivity_20260321_193605,144,6,0.999999,19,1031662815,108156552,183.811051,5,0.051951529656648635,0.09346399680376052,0.9717,0.08591237773448229,0.975,0.9088,13.07486,0.12850228529375837,1.0,7.7841313269437125,0.9183,12.8544,0.12455176562070847,1.0,8.02878189086914,0.9148,12.9657,0.12455176562070847,1.0,8.02878189086914,0.13329266491524705,1.0,0.12906772643327713,1.0,0.5,8192,16384,0.5
2026-03-22T02:26:41,crp_c_sensitivity_20260321_193605,145,6,0.999999,20,569361239,956828959,182.676329,5,0.05391644833803177,0.09644146495610476,0.9701,0.08788691405802965,0.9734,0.93568,12.29996,0.12894519119311476,1.0,7.757322871166727,0.9372,12.2339,0.12582623958587646,1.0,7.947460174560547,0.939,12.1714,0.12582623958587646,1.0,7.947460174560547,0.1336001759142522,1.0,0.12912847101688385,1.0,0.5,8192,16384,0.5
2026-03-22T02:29:44,crp_c_sensitivity_20260321_193605,146,6,0.999999,21,63034391,471662976,182.465836,5,0.05492284447312355,0.10222218196392059,0.9694,0.08653027877472341,0.9728,0.93386,12.6531,0.12911584607475554,1.0,7.746259316154148,0.9421,12.4678,0.12629978358745575,1.0,7.917662143707275,0.9425,12.4574,0.12629978358745575,1.0,7.917662143707275,0.13351191590204264,1.0,0.12941770255565643,1.0,0.5,8192,16384,0.5
2026-03-22T02:32:47,crp_c_sensitivity_20260321_193605,147,6,0.999999,22,741035341,292208213,183.442329,5,0.05378317089796066,0.09632309579253197,0.9715,0.08348670898973942,0.9739,0.94746,12.23302,0.12876893103580037,1.0,7.766962275785558,0.9446,12.2962,0.12680625915527344,1.0,7.886037826538086,0.9424,12.3399,0.12680625915527344,1.0,7.886037826538086,0.1323242395735153,1.0,0.12891704738140106,1.0,0.5,8192,16384,0.5
2026-03-22T02:35:51,crp_c_sensitivity_20260321_193605,148,6,0.999999,23,1977815317,4370229,183.758441,5,0.0558573708319664,0.10147493153810501,0.9692,0.09752163715669886,0.9706,0.90454,13.07234,0.12909375485556815,1.0,7.747850453457259,0.9121,12.8326,0.1258559376001358,1.0,7.945584774017334,0.9104,12.8843,0.1258559376001358,1.0,7.945584774017334,0.132754106556668,1.0,0.12873692512512208,1.0,0.5,8192,16384,0.5
2026-03-22T02:38:53,crp_c_sensitivity_20260321_193605,149,6,0.999999,24,1452010139,2082185077,182.062916,5,0.05397063998341561,0.10343145594149827,0.9688,0.09358769694641232,0.9711,0.93708,12.5512,0.12879370564542464,1.0,7.765669792204561,0.94,12.4143,0.12593720853328705,1.0,7.940457344055176,0.9401,12.413,0.12593720853328705,1.0,7.940457344055176,0.13264991082346347,1.0,0.1288837105035782,1.0,0.5,8192,16384,0.5
2026-03-22T02:41:58,crp_c_sensitivity_20260321_193605,150,6,0.999999,25,1343471071,1727826978,184.976352,5,0.05302767972946167,0.10471330562829971,0.9674,0.09848455468155444,0.9722,0.93092,12.4669,0.12632706620351739,1.0,7.918991423019058,0.9347,12.3292,0.12231244891881943,1.0,8.175774574279785,0.937,12.2842,0.12231244891881943,1.0,8.175774574279785,0.13060078785547516,1.0,0.12649107724428177,1.0,0.5,8192,16384,0.5
2026-03-22T02:45:08,crp_c_sensitivity_20260321_193605,151,7,0.9999999,1,2005493959,178549048,189.316751,5,0.05442463436245918,0.11263970602750778,0.9671,0.09222850634753704,0.9711,0.87162,14.9609,0.1266998510493342,1.0,7.895194043893643,0.8833,14.646,0.1240135207772255,1.0,8.06363582611084,0.8836,14.6305,0.1240135207772255,1.0,8.06363582611084,0.13208846717386905,1.0,0.12866099923849106,1.0,0.5,8192,16384,0.5
2026-03-22T02:48:16,crp_c_sensitivity_20260321_193605,152,7,0.9999999,2,65723721,238501352,187.893055,5,0.054995680398344994,0.10004982633590698,0.9706,0.08911585400719195,0.9708,0.8515,15.38122,0.12916983873642923,1.0,7.743314168642244,0.8606,15.2175,0.12666632235050201,1.0,7.894757270812988,0.8632,15.1588,0.12666632235050201,1.0,7.894757270812988,0.13449392454398562,1.0,0.1303526133298874,1.0,0.5,8192,16384,0.5
2026-03-22T02:51:26,crp_c_sensitivity_20260321_193605,153,7,0.9999999,3,1293765298,1872913114,190.577208,5,0.05500156815648079,0.09313070346713066,0.9703,0.09373800295586698,0.9731,0.85424,15.13488,0.12768825608522386,1.0,7.83284842571639,0.8698,14.7949,0.12471705675125122,1.0,8.018148422241211,0.8656,14.876,0.12471705675125122,1.0,8.018148422241211,0.13163487502299917,1.0,0.12694149017333983,1.0,0.5,8192,16384,0.5
2026-03-22T02:54:35,crp_c_sensitivity_20260321_193605,154,7,0.9999999,4,403621186,1853165865,188.026251,5,0.05301286083698273,0.08805390211194754,0.9717,0.08696418867949396,0.9736,0.88252,14.68992,0.12814217535278682,1.0,7.805605440798318,0.8861,14.6363,0.12563693523406982,1.0,7.959441661834717,0.8848,14.6582,0.12563693523406982,1.0,7.959441661834717,0.13244197771829716,1.0,0.12795810401439667,1.0,0.5,8192,16384,0.5
2026-03-22T02:57:47,crp_c_sensitivity_20260321_193605,155,7,0.9999999,5,852431329,1053400806,192.057222,5,0.05460453619122505,0.08559991144537926,0.9755,0.08361201749518514,0.9746,0.88138,14.53308,0.12847445017236578,1.0,7.785241177014988,0.8912,14.34,0.125218003988266,1.0,7.98607063293457,0.8831,14.4661,0.125218003988266,1.0,7.98607063293457,0.1324590866065696,1.0,0.1280653715133667,1.0,0.5,8192,16384,0.5
2026-03-22T03:00:53,crp_c_sensitivity_20260321_193605,156,7,0.9999999,6,390488527,585453889,186.551709,5,0.05583054512143135,0.09170698804855347,0.9729,0.09261300455331803,0.9716,0.88158,14.78732,0.13012435887475757,1.0,7.686039391685934,0.8857,14.6622,0.1268860101699829,1.0,7.8810882568359375,0.8943,14.5234,0.1268860101699829,1.0,7.8810882568359375,0.13355329981850236,1.0,0.12982541024684907,1.0,0.5,8192,16384,0.5
2026-03-22T03:03:58,crp_c_sensitivity_20260321_193605,157,7,0.9999999,7,749750507,447865043,184.375973,5,0.053834603922367094,0.0985117879152298,0.9715,0.08983299996294081,0.9728,0.88754,14.75962,0.12965316769412105,1.0,7.714240927830376,0.8982,14.4492,0.12688125669956207,1.0,7.881383895874023,0.8948,14.5057,0.12688125669956207,1.0,7.881383895874023,0.13308114972718232,1.0,0.12885278165340425,1.0,0.5,8192,16384,0.5
2026-03-22T03:07:06,crp_c_sensitivity_20260321_193605,158,7,0.9999999,8,1935695412,644564283,187.727249,5,0.05278802633583546,0.09201164067536592,0.9706,0.082718930660747,0.9754,0.86048,15.05788,0.1302980484483797,1.0,7.676062380261434,0.87,14.867,0.12746508419513702,1.0,7.845284461975098,0.8731,14.7915,0.12746508419513702,1.0,7.845284461975098,0.13332906375303294,1.0,0.12971706092357635,1.0,0.5,8192,16384,0.5
2026-03-22T03:10:11,crp_c_sensitivity_20260321_193605,159,7,0.9999999,9,1557768051,677113120,185.448209,5,0.055796628683805465,0.0888452196598053,0.9733,0.09152233076123521,0.9725,0.86172,15.21236,0.1293506806006517,1.0,7.732459932946793,0.8692,15.0774,0.1272260695695877,1.0,7.860023021697998,0.8689,15.0835,0.1272260695695877,1.0,7.860023021697998,0.13324362872659093,1.0,0.1295966923236847,1.0,0.5,8192,16384,0.5
2026-03-22T03:13:14,crp_c_sensitivity_20260321_193605,160,7,0.9999999,10,1817397522,833821248,183.057057,5,0.051138511719703676,0.09827897305488587,0.9699,0.09009597788080573,0.9735,0.87294,14.91284,0.12904525054690172,1.0,7.751385511949544,0.881,14.736,0.1259983628988266,1.0,7.936610221862793,0.8796,14.7568,0.1259983628988266,1.0,7.936610221862793,0.1332831249136449,1.0,0.1293380081653595,1.0,0.5,8192,16384,0.5
2026-03-22T03:16:21,crp_c_sensitivity_20260321_193605,161,7,0.9999999,11,162100046,1324679002,186.878528,5,0.0554527607357502,0.09471462844684721,0.9724,0.09002424261271953,0.9725,0.85644,15.23268,0.12782449888832428,1.0,7.826603397993785,0.8755,14.7669,0.12393410503864288,1.0,8.068802833557129,0.8729,14.8095,0.12393410503864288,1.0,8.068802833557129,0.13305779945896104,1.0,0.1294134348630905,1.0,0.5,8192,16384,0.5
2026-03-22T03:19:30,crp_c_sensitivity_20260321_193605,162,7,0.9999999,12,646056239,791144877,188.716554,5,0.055492711139917376,0.09901751167662441,0.9692,0.1002834347076714,0.9698,0.82504,15.7868,0.13208746083099823,1.0,7.572139489986098,0.8416,15.3765,0.1292436569929123,1.0,7.737322807312012,0.8362,15.4759,0.1292436569929123,1.0,7.737322807312012,0.13558082758160808,1.0,0.13132945001125335,1.0,0.5,8192,16384,0.5
2026-03-22T03:22:37,crp_c_sensitivity_20260321_193605,163,7,0.9999999,13,1683972142,1857525768,186.462656,5,0.053066142729520795,0.10645829600095749,0.9665,0.09163780076056718,0.9708,0.85944,15.10346,0.12726333645908425,1.0,7.859763003981022,0.8758,14.7024,0.12457148730754852,1.0,8.027518272399902,0.8735,14.7365,0.12457148730754852,1.0,8.027518272399902,0.13168436294169072,1.0,0.12774286568164825,1.0,0.5,8192,16384,0.5
2026-03-22T03:25:46,crp_c_sensitivity_20260321_193605,164,7,0.9999999,14,86868416,900349496,188.991501,5,0.05187799018144607,0.10088795906193554,0.9711,0.08574575281050056,0.9734,0.84444,15.50882,0.12934257970441637,1.0,7.7328717409802215,0.847,15.4374,0.12730595469474792,1.0,7.855091571807861,0.8566,15.242,0.12730595469474792,1.0,7.855091571807861,0.1327550102835116,1.0,0.12913543581962586,1.0,0.5,8192,16384,0.5
2026-03-22T03:28:54,crp_c_sensitivity_20260321_193605,165,7,0.9999999,15,407425941,344727397,188.390292,5,0.05277911575317383,0.10961775949001312,0.9688,0.09512175099514425,0.9712,0.8381,15.51892,0.12789440644747765,1.0,7.820864732308156,0.8444,15.1989,0.1250409334897995,1.0,7.997379779815674,0.8503,15.062,0.1250409334897995,1.0,7.997379779815674,0.1324801002660066,1.0,0.12804701924324036,1.0,0.5,8192,16384,0.5
2026-03-22T03:32:03,crp_c_sensitivity_20260321_193605,166,7,0.9999999,16,175786143,306756461,188.287125,5,0.055545591294765474,0.08790054415380583,0.973,0.08534117165505886,0.9729,0.7978,16.44998,0.12732790450534553,1.0,7.855418221115151,0.8115,16.112,0.12407760322093964,1.0,8.059471130371094,0.8101,16.1278,0.12407760322093964,1.0,8.059471130371094,0.13207900182289237,1.0,0.12746074795722961,1.0,0.5,8192,16384,0.5
2026-03-22T03:35:08,crp_c_sensitivity_20260321_193605,167,7,0.9999999,17,1755688643,658230066,185.456597,5,0.05361040005922318,0.0992328182220459,0.9707,0.0859725695617497,0.9737,0.89272,14.45362,0.12811963243024124,1.0,7.806887677868309,0.91,13.9899,0.12478714436292648,1.0,8.01364517211914,0.9071,14.0289,0.12478714436292648,1.0,8.01364517211914,0.13192237739444085,1.0,0.1273786410689354,1.0,0.5,8192,16384,0.5
2026-03-22T03:38:15,crp_c_sensitivity_20260321_193605,168,7,0.9999999,18,498744800,714752146,186.796212,5,0.053456166501045226,0.09364101111460477,0.971,0.0831841302420944,0.9752,0.8704,14.89846,0.1300483719467202,1.0,7.690827051391992,0.8852,14.5543,0.12694069743156433,1.0,7.8776936531066895,0.8861,14.5231,0.12694069743156433,1.0,7.8776936531066895,0.13347883446289754,1.0,0.12957102060317993,1.0,0.5,8192,16384,0.5
2026-03-22T03:41:21,crp_c_sensitivity_20260321_193605,169,7,0.9999999,19,911159669,431440814,185.898085,5,0.05400957917034626,0.11485985336899758,0.9681,0.08947489261254668,0.973,0.85678,15.42592,0.13052697014778167,1.0,7.662478495741744,0.8659,15.15,0.1272546648979187,1.0,7.858256816864014,0.8647,15.2141,0.1272546648979187,1.0,7.858256816864014,0.13462000095173526,1.0,0.12988143861293794,1.0,0.5,8192,16384,0.5
2026-03-22T03:44:29,crp_c_sensitivity_20260321_193605,170,7,0.9999999,20,29755781,321912398,187.282632,5,0.05241416024804115,0.09731209143400192,0.9721,0.09193576232008636,0.9728,0.8448,15.46762,0.12866027740871205,1.0,7.773744825816825,0.8637,14.9936,0.12588158249855042,1.0,7.943972587585449,0.8588,15.0882,0.12588158249855042,1.0,7.943972587585449,0.1327056253200297,1.0,0.1288291335105896,1.0,0.5,8192,16384,0.5
2026-03-22T03:47:34,crp_c_sensitivity_20260321_193605,171,7,0.9999999,21,244097112,2043774648,185.264341,5,0.054198151002526285,0.08817902797460556,0.972,0.0821147289559245,0.9768,0.89156,14.56242,0.12905189966606667,1.0,7.7500192271474075,0.9118,14.0128,0.12639930844306946,1.0,7.911435127258301,0.913,13.9779,0.12639930844306946,1.0,7.911435127258301,0.1329797373936914,1.0,0.12890486419200897,1.0,0.5,8192,16384,0.5
2026-03-22T03:50:41,crp_c_sensitivity_20260321_193605,172,7,0.9999999,22,1103798569,67701919,187.011971,5,0.051842036176323894,0.09652060230448842,0.9715,0.09562650848180056,0.9701,0.82124,15.95248,0.13047384095313908,1.0,7.66569245379904,0.8403,15.4053,0.1273704469203949,1.0,7.851114273071289,0.8428,15.3354,0.1273704469203949,1.0,7.851114273071289,0.13416310434451187,1.0,0.12973483502864838,1.0,0.5,8192,16384,0.5
2026-03-22T03:53:48,crp_c_sensitivity_20260321_193605,173,7,0.9999999,23,1699326460,2141384447,186.66245,5,0.05483517175793648,0.09511918864846229,0.9708,0.08701702284887433,0.9725,0.86444,14.99084,0.12851516875769475,1.0,7.782519060022691,0.8685,14.8577,0.12574869394302368,1.0,7.952367782592773,0.8826,14.5546,0.12574869394302368,1.0,7.952367782592773,0.13241937703946058,1.0,0.12869580686092377,1.0,0.5,8192,16384,0.5
2026-03-22T03:56:58,crp_c_sensitivity_20260321_193605,174,7,0.9999999,24,732349448,842108624,190.028286,5,0.05342543529391289,0.09320469134747981,0.9725,0.09246950976978988,0.9729,0.82534,15.6723,0.1309630437885099,1.0,7.638304532336457,0.8451,15.1703,0.12794959545135498,1.0,7.815577030181885,0.8415,15.2636,0.12794959545135498,1.0,7.815577030181885,0.13477351862146422,1.0,0.13100581169128417,1.0,0.5,8192,16384,0.5
2026-03-22T04:00:04,crp_c_sensitivity_20260321_193605,175,7,0.9999999,25,685795659,1860759263,185.393565,5,0.05114238640666008,0.1141727427661419,0.9656,0.10685559342615307,0.968,0.8746,14.92494,0.12738130331191871,1.0,7.8530111947023045,0.8758,14.9441,0.12460923194885254,1.0,8.025086402893066,0.8839,14.7878,0.12460923194885254,1.0,8.025086402893066,0.13307102437671797,1.0,0.12884633541107177,1.0,0.5,8192,16384,0.5
2026-03-22T04:03:12,crp_c_sensitivity_20260321_193605,176,8,0.99999999,1,87643414,518311994,188.225665,5,0.053974114696383475,0.09478170166611671,0.9726,0.0915218726761639,0.972,0.83396,15.71842,0.12677940368042578,1.0,7.890278729636346,0.855,15.1846,0.12317439913749695,1.0,8.118570327758789,0.861,15.0757,0.12317439913749695,1.0,8.118570327758789,0.13113694597235726,1.0,0.1272948920726776,1.0,0.5,8192,16384,0.5
2026-03-22T04:06:18,crp_c_sensitivity_20260321_193605,177,8,0.99999999,2,213923828,1040750980,186.296523,5,0.05912551019608975,0.10301799035668373,0.9683,0.0961908756583929,0.9703,0.87008,15.11596,0.12838673511581958,1.0,7.791557285182007,0.8716,15.0343,0.12655021250247955,1.0,7.902001857757568,0.8776,14.9026,0.12655021250247955,1.0,7.902001857757568,0.13352352426485029,1.0,0.13028917610645294,1.0,0.5,8192,16384,0.5
2026-03-22T04:09:25,crp_c_sensitivity_20260321_193605,178,8,0.99999999,3,318933294,1242083954,185.927477,5,0.053966922830343246,0.08529366807341576,0.9763,0.08417387135718017,0.9742,0.84046,15.74082,0.1281864822977949,1.0,7.80307589650459,0.8475,15.4852,0.12479689717292786,1.0,8.013019561767578,0.853,15.3894,0.12479689717292786,1.0,8.013019561767578,0.13273673025543428,1.0,0.12814639508724213,1.0,0.5,8192,16384,0.5
2026-03-22T04:12:33,crp_c_sensitivity_20260321_193605,179,8,0.99999999,4,442935270,556529887,188.098119,5,0.05246870599865913,0.09714755132198334,0.9725,0.08097578579336405,0.9731,0.85024,15.57214,0.12882216773984378,1.0,7.766515739128717,0.8572,15.3285,0.12369765341281891,1.0,8.084227561950684,0.8631,15.2414,0.12369765341281891,1.0,8.084227561950684,0.13323586471092977,1.0,0.12897960245609283,1.0,0.5,8192,16384,0.5
2026-03-22T04:15:36,crp_c_sensitivity_20260321_193605,180,8,0.99999999,5,1223741020,1143227982,183.101871,5,0.05413267788171768,0.09568491163253784,0.9742,0.09032388540133834,0.9737,0.89938,14.70476,0.12932774927610022,1.0,7.734009461024838,0.91,14.4328,0.12683209776878357,1.0,7.884439468383789,0.9085,14.4513,0.12683209776878357,1.0,7.884439468383789,0.1335528958788918,1.0,0.12922176122665405,1.0,0.5,8192,16384,0.5
2026-03-22T04:18:42,crp_c_sensitivity_20260321_193605,181,8,0.99999999,6,770717776,340131313,185.901339,5,0.05519409334301949,0.10152925875857473,0.9708,0.09044933263044805,0.9733,0.85824,15.41328,0.13021392514333702,1.0,7.681856996872845,0.8632,15.3563,0.1278315931558609,1.0,7.822792053222656,0.8665,15.2876,0.1278315931558609,1.0,7.822792053222656,0.13507878317704897,1.0,0.13086604773998262,1.0,0.5,8192,16384,0.5
2026-03-22T04:21:51,crp_c_sensitivity_20260321_193605,182,8,0.99999999,7,2099652941,1591805369,189.332647,5,0.053321248949766156,0.1009748376429081,0.9682,0.10551110682487488,0.9682,0.8214,16.14098,0.12770174356067882,1.0,7.833724814607664,0.8328,15.8718,0.12459900230169296,1.0,8.02574634552002,0.8352,15.7876,0.12459900230169296,1.0,8.02574634552002,0.1324089721493099,1.0,0.1278227910399437,1.0,0.5,8192,16384,0.5
2026-03-22T04:25:02,crp_c_sensitivity_20260321_193605,183,8,0.99999999,8,610121501,81632056,190.019093,5,0.05541596707820892,0.07528997236536816,0.9764,0.07851759179504589,0.977,0.79622,16.69116,0.12903866785414078,1.0,7.75160544363739,0.8161,16.2295,0.12592020630836487,1.0,7.941537380218506,0.8148,16.265,0.12592020630836487,1.0,7.941537380218506,0.13374464839620664,1.0,0.12949829995632173,1.0,0.5,8192,16384,0.5
2026-03-22T04:28:07,crp_c_sensitivity_20260321_193605,184,8,0.99999999,9,1838846271,1871426983,185.027313,5,0.055315689005851744,0.09626972327232361,0.9712,0.08931986018046736,0.9745,0.8837,14.8086,0.1286958552458707,1.0,7.772796806472037,0.8946,14.4114,0.1248326450586319,1.0,8.010725021362305,0.8998,14.3293,0.1248326450586319,1.0,8.010725021362305,0.13230188129960424,1.0,0.12821444869041443,1.0,0.5,8192,16384,0.5
2026-03-22T04:31:12,crp_c_sensitivity_20260321_193605,185,8,0.99999999,10,197083686,201832800,184.646701,5,0.05278929458975792,0.11048860082626343,0.9672,0.09200841522738337,0.9703,0.89052,15.0203,0.12877424766340523,1.0,7.767173745138261,0.9077,14.4378,0.12494517117738724,1.0,8.003510475158691,0.9054,14.5103,0.12494517117738724,1.0,8.003510475158691,0.13352781835267,1.0,0.12894264608621597,1.0,0.5,8192,16384,0.5
2026-03-22T04:34:17,crp_c_sensitivity_20260321_193605,186,8,0.99999999,11,1133022548,445233056,185.274548,5,0.055979860920906066,0.09547842046022414,0.9709,0.08364534232467413,0.9736,0.87912,14.98798,0.1285258115023908,1.0,7.7825369590993425,0.885,14.7116,0.12507326900959015,1.0,7.9953131675720215,0.8907,14.5908,0.12507326900959015,1.0,7.9953131675720215,0.13270847620561604,1.0,0.12886886298656464,1.0,0.5,8192,16384,0.5
2026-03-22T04:37:24,crp_c_sensitivity_20260321_193605,187,8,0.99999999,12,1179987134,1082762360,186.976106,5,0.05518347938299179,0.09141588666439056,0.9714,0.08905023007169366,0.9735,0.8491,15.67248,0.12842543194513492,1.0,7.7893270763289895,0.8572,15.489,0.12480637431144714,1.0,8.012411117553711,0.8555,15.517,0.12480637431144714,1.0,8.012411117553711,0.13340227924039602,1.0,0.12907664179801942,1.0,0.5,8192,16384,0.5
2026-03-22T04:40:29,crp_c_sensitivity_20260321_193605,188,8,0.99999999,13,1411532468,2064435149,185.108524,5,0.05097580997228623,0.09936970876455307,0.9731,0.09226729319766164,0.9705,0.88124,15.08012,0.12823419097591848,1.0,7.800113624319091,0.8871,14.878,0.1254865974187851,1.0,7.968978404998779,0.8872,14.8563,0.1254865974187851,1.0,7.968978404998779,0.13253309000331118,1.0,0.1275676444172859,1.0,0.5,8192,16384,0.5
2026-03-22T04:43:38,crp_c_sensitivity_20260321_193605,189,8,0.99999999,14,880760897,2106076490,188.849271,5,0.0526350524276495,0.11212151732444763,0.9686,0.09159890868011862,0.971,0.83514,15.97296,0.12872591965338764,1.0,7.769782143175754,0.8448,15.7584,0.1263033151626587,1.0,7.9174485206604,0.8519,15.6333,0.1263033151626587,1.0,7.9174485206604,0.13201777902253142,1.0,0.12786092460155488,1.0,0.5,8192,16384,0.5
2026-03-22T04:46:41,crp_c_sensitivity_20260321_193605,190,8,0.99999999,15,1125258163,32671530,182.375604,5,0.05253782289147377,0.09265956634283065,0.9728,0.09336437568925321,0.9707,0.8579,15.694,0.12909782782692433,1.0,7.748005493827488,0.8631,15.6084,0.1258782595396042,1.0,7.944183826446533,0.8648,15.5487,0.1258782595396042,1.0,7.944183826446533,0.13334678368037925,1.0,0.12883010506629944,1.0,0.5,8192,16384,0.5
2026-03-22T04:49:46,crp_c_sensitivity_20260321_193605,191,8,0.99999999,16,1670339593,1116671339,185.376578,5,0.05233088586568833,0.10061168386340141,0.9726,0.08915563050769269,0.9741,0.8963,14.77594,0.13019499708624446,1.0,7.6824395979761775,0.9054,14.5726,0.12727691233158112,1.0,7.856884956359863,0.9039,14.591,0.12727691233158112,1.0,7.856884956359863,0.13400814918910756,1.0,0.13040381371974946,1.0,0.5,8192,16384,0.5
2026-03-22T04:52:53,crp_c_sensitivity_20260321_193605,192,8,0.99999999,17,325562523,1263666239,186.554275,5,0.05263645747423172,0.09247509912848473,0.9729,0.0873874775160104,0.9721,0.86768,15.25824,0.1293742383456291,1.0,7.730926201471587,0.879,14.9627,0.12605461478233337,1.0,7.933069705963135,0.8871,14.7821,0.12605461478233337,1.0,7.933069705963135,0.13347814298041946,1.0,0.12881150841712952,1.0,0.5,8192,16384,0.5
2026-03-22T04:55:57,crp_c_sensitivity_20260321_193605,193,8,0.99999999,18,1141644040,698701484,183.883629,5,0.05221510707616806,0.09926772955358028,0.9681,0.0871186245115474,0.9736,0.87902,15.094,0.12711221570401546,1.0,7.869840182916588,0.8867,14.8676,0.12356029450893402,1.0,8.093214988708496,0.8872,14.8395,0.12356029450893402,1.0,8.093214988708496,0.1322243042614149,1.0,0.12825989425182344,1.0,0.5,8192,16384,0.5
2026-03-22T04:59:08,crp_c_sensitivity_20260321_193605,194,8,0.99999999,19,1262895196,1637495119,190.597689,5,0.05387638472557068,0.10426194557547569,0.9687,0.0887248602181673,0.9748,0.81142,16.23978,0.12900729340208156,1.0,7.753408240540253,0.8208,15.981,0.12623775005340576,1.0,7.921560764312744,0.8252,15.8857,0.12623775005340576,1.0,7.921560764312744,0.13307438580428851,1.0,0.129289111495018,1.0,0.5,8192,16384,0.5
2026-03-22T05:02:16,crp_c_sensitivity_20260321_193605,195,8,0.99999999,20,1678681706,1932734277,188.215313,5,0.0568357243347168,0.09990135895758867,0.9693,0.09405810559280217,0.9725,0.83856,15.80954,0.12779053769376883,1.0,7.826893040591188,0.8579,15.3544,0.12554708123207092,1.0,7.965138912200928,0.8502,15.5074,0.12554708123207092,1.0,7.965138912200928,0.13204242504389999,1.0,0.1278218299150467,1.0,0.5,8192,16384,0.5
2026-03-22T05:05:22,crp_c_sensitivity_20260321_193605,196,8,0.99999999,21,351567108,982419163,186.047375,5,0.05281132605075836,0.08060000212788582,0.9753,0.08225301562026142,0.974,0.86234,15.41502,0.12864070158937704,1.0,7.7748784457936,0.8635,15.2676,0.1254698932170868,1.0,7.970039367675781,0.8709,15.1506,0.1254698932170868,1.0,7.970039367675781,0.13337637534379349,1.0,0.12922107875347139,1.0,0.5,8192,16384,0.5
2026-03-22T05:08:33,crp_c_sensitivity_20260321_193605,197,8,0.99999999,22,890317401,944064138,190.355398,5,0.050773408024311066,0.09406332920789719,0.9691,0.08773788820281625,0.9721,0.79448,16.6787,0.1294253742527169,1.0,7.728185453683214,0.8117,16.2241,0.1265743523836136,1.0,7.900494575500488,0.8087,16.3109,0.1265743523836136,1.0,7.900494575500488,0.13416843978340365,1.0,0.12963092625141143,1.0,0.5,8192,16384,0.5
2026-03-22T05:11:40,crp_c_sensitivity_20260321_193605,198,8,0.99999999,23,52762148,798329965,186.866988,5,0.05579634835600853,0.08405300396680832,0.9747,0.0887616779729724,0.9731,0.8328,16.13686,0.12964126490571004,1.0,7.715165471176967,0.8458,15.6575,0.1264926940202713,1.0,7.905595302581787,0.8485,15.5756,0.1264926940202713,1.0,7.905595302581787,0.13366683389219786,1.0,0.1299980342388153,1.0,0.5,8192,16384,0.5
2026-03-22T05:14:48,crp_c_sensitivity_20260321_193605,199,8,0.99999999,24,1422828218,58739133,187.869065,5,0.054606967055797574,0.1019703066945076,0.9711,0.0885804861638695,0.9743,0.87438,15.01666,0.12876125057335094,1.0,7.767620293990426,0.8811,14.7827,0.1267533302307129,1.0,7.889338970184326,0.8875,14.6696,0.1267533302307129,1.0,7.889338970184326,0.13302299329234513,1.0,0.12947324812412261,1.0,0.5,8192,16384,0.5
2026-03-22T05:17:56,crp_c_sensitivity_20260321_193605,200,8,0.99999999,25,1864079172,834155646,188.117523,5,0.054808196403980255,0.10758214193657041,0.9693,0.098069597985968,0.9702,0.84274,15.84062,0.12911334797701873,1.0,7.746745231511343,0.8516,15.6578,0.12696945667266846,1.0,7.875909805297852,0.85,15.6434,0.12696945667266846,1.0,7.875909805297852,0.1328874781232356,1.0,0.12906143069267273,1.0,0.5,8192,16384,0.5
2026-03-22T05:21:02,crp_c_sensitivity_20260321_193605,201,9,0.999999999,1,759194634,1447732308,185.585329,5,0.05362895802617073,0.10104531266391277,0.9693,0.08710364942587911,0.9735,0.85872,15.64358,0.1285610803405342,1.0,7.779475713324974,0.8725,15.2804,0.12627515196800232,1.0,7.919214725494385,0.8701,15.2936,0.12627515196800232,1.0,7.919214725494385,0.13280801773071288,1.0,0.12926546335220337,1.0,0.5,8192,16384,0.5
2026-03-22T05:24:09,crp_c_sensitivity_20260321_193605,202,9,0.999999999,2,1752917496,1161593070,186.712201,5,0.05317678580999374,0.08254400328397751,0.9741,0.08169397724010051,0.9753,0.85758,15.31108,0.12797474582939197,1.0,7.815982567379846,0.8622,15.1696,0.12420786917209625,1.0,8.051019668579102,0.8667,15.0827,0.12420786917209625,1.0,8.051019668579102,0.13227540833870774,1.0,0.12810117602348328,1.0,0.5,8192,16384,0.5
2026-03-22T05:27:16,crp_c_sensitivity_20260321_193605,203,9,0.999999999,3,1413105497,1276203718,186.719154,5,0.05478963919788599,0.10924603575468063,0.9676,0.09091398248299956,0.9725,0.85748,15.45486,0.12811882296562804,1.0,7.806950670374019,0.8748,15.002,0.12445037066936493,1.0,8.035331726074219,0.8741,15.0322,0.12445037066936493,1.0,8.035331726074219,0.13197001151340393,1.0,0.12838349044322966,1.0,0.5,8192,16384,0.5
2026-03-22T05:30:21,crp_c_sensitivity_20260321_193605,204,9,0.999999999,4,36590007,685557335,185.685395,5,0.05153914725184441,0.09760833412408829,0.9708,0.08949492931813002,0.9727,0.84706,15.82958,0.12879483523728597,1.0,7.765620032844641,0.86,15.4765,0.12618844211101532,1.0,7.924656391143799,0.8548,15.5626,0.12618844211101532,1.0,7.924656391143799,0.1324668904704511,1.0,0.1284162551164627,1.0,0.5,8192,16384,0.5
2026-03-22T05:33:27,crp_c_sensitivity_20260321_193605,205,9,0.999999999,5,1009832674,939831809,185.398439,5,0.054274053438901904,0.09424711634516716,0.9711,0.08247996846828609,0.9746,0.87374,15.19464,0.12805432601429312,1.0,7.811693662267817,0.8792,15.0188,0.12483179569244385,1.0,8.01077938079834,0.8836,14.9171,0.12483179569244385,1.0,8.01077938079834,0.13307821187750457,1.0,0.12832197546958923,1.0,0.5,8192,16384,0.5
2026-03-22T05:36:35,crp_c_sensitivity_20260321_193605,206,9,0.999999999,6,98223803,685074303,188.323074,5,0.05330475077867508,0.1053081556379795,0.9702,0.08798029879555107,0.9744,0.84324,15.85458,0.1291270913065547,1.0,7.746728289767605,0.8581,15.4336,0.12595008313655853,1.0,7.939653396606445,0.855,15.5042,0.12595008313655853,1.0,7.939653396606445,0.1331864285728206,1.0,0.12849637269973754,1.0,0.5,8192,16384,0.5
2026-03-22T05:39:40,crp_c_sensitivity_20260321_193605,207,9,0.999999999,7,672639257,836397457,184.502526,5,0.05374874424219132,0.09725419017150998,0.9719,0.08559530872255564,0.9729,0.87318,15.389,0.12933444942507294,1.0,7.733454605502546,0.8829,15.0421,0.12562282383441925,1.0,7.960336685180664,0.8848,15.0064,0.12562282383441925,1.0,7.960336685180664,0.13417460493876807,1.0,0.13022797405719758,1.0,0.5,8192,16384,0.5
2026-03-22T05:42:44,crp_c_sensitivity_20260321_193605,208,9,0.999999999,8,1719359332,640956788,183.993578,5,0.055464693343639376,0.10728935554027558,0.9656,0.09927235551774502,0.9696,0.88246,15.1564,0.12954117754078887,1.0,7.720685003968456,0.8867,14.9525,0.12691651284694672,1.0,7.879195690155029,0.8894,14.9251,0.12691651284694672,1.0,7.879195690155029,0.13310252993612948,1.0,0.12966017723083495,1.0,0.5,8192,16384,0.5
2026-03-22T05:45:54,crp_c_sensitivity_20260321_193605,209,9,0.999999999,9,269423622,815437686,189.801338,5,0.05341222795009613,0.09509289580583573,0.9733,0.08787579104825854,0.9728,0.82788,16.08026,0.12956208002079478,1.0,7.719632008496453,0.8386,15.888,0.1275353729724884,1.0,7.840961456298828,0.8374,15.8977,0.1275353729724884,1.0,7.840961456298828,0.1333580490878171,1.0,0.1294126868247986,1.0,0.5,8192,16384,0.5
2026-03-22T05:49:03,crp_c_sensitivity_20260321_193605,210,9,0.999999999,10,1214121809,1336872518,189.065886,5,0.050586098266839984,0.09598360547423362,0.9708,0.08236543217338621,0.974,0.84566,15.68184,0.129210976459791,1.0,7.740581816114733,0.8584,15.4458,0.12763889133930206,1.0,7.834602355957031,0.8617,15.3896,0.12763889133930206,1.0,7.834602355957031,0.13412735479719498,1.0,0.13001496195793152,1.0,0.5,8192,16384,0.5
2026-03-22T05:52:11,crp_c_sensitivity_20260321_193605,211,9,0.999999999,11,121802749,1224621996,187.823677,5,0.055493893815279006,0.09220189228057861,0.9707,0.08478941331766546,0.9736,0.85848,15.32242,0.12796894504743464,1.0,7.816015194748979,0.8653,15.1904,0.12521500885486603,1.0,7.986262798309326,0.8722,15.0277,0.12521500885486603,1.0,7.986262798309326,0.13265961538952634,1.0,0.12820934057235717,1.0,0.5,8192,16384,0.5
2026-03-22T05:55:21,crp_c_sensitivity_20260321_193605,212,9,0.999999999,12,235848548,1044049751,189.730165,5,0.05303023122787476,0.09205529929064214,0.9717,0.08796228563897311,0.9737,0.8242,16.15538,0.13005555773635044,1.0,7.69119380624093,0.8326,15.9112,0.12690694630146027,1.0,7.879788875579834,0.8377,15.8223,0.12690694630146027,1.0,7.879788875579834,0.1338811171253014,1.0,0.12973853647708894,1.0,0.5,8192,16384,0.5
2026-03-22T05:58:27,crp_c_sensitivity_20260321_193605,213,9,0.999999999,13,2044757256,254900285,185.913739,5,0.05402434522151947,0.09389911431074142,0.972,0.08513042785152793,0.9744,0.881,15.06544,0.1273293840267774,1.0,7.855764869533841,0.8966,14.6232,0.12363550812005997,1.0,8.08829116821289,0.8979,14.5875,0.12363550812005997,1.0,8.08829116821289,0.13159587418712923,1.0,0.12754675298929213,1.0,0.5,8192,16384,0.5
2026-03-22T06:01:36,crp_c_sensitivity_20260321_193605,214,9,0.999999999,14,207033266,1320239851,188.797403,5,0.05042180551886558,0.10041265246868133,0.9693,0.08518671200443059,0.9746,0.82902,16.04612,0.1301416394579441,1.0,7.685572409568845,0.8449,15.6195,0.1267283856868744,1.0,7.8908915519714355,0.8466,15.6026,0.1267283856868744,1.0,7.8908915519714355,0.13377404958390823,1.0,0.12989670634269715,1.0,0.5,8192,16384,0.5
2026-03-22T06:04:43,crp_c_sensitivity_20260321_193605,215,9,0.999999999,15,373907169,71425688,186.833729,5,0.05566797921061516,0.09304774317145348,0.9723,0.09126454784721136,0.9719,0.84178,15.74266,0.12795549602535986,1.0,7.81840497819359,0.8585,15.2333,0.12363839894533157,1.0,8.088102340698242,0.8591,15.1739,0.12363839894533157,1.0,8.088102340698242,0.13291648325636565,1.0,0.12835212796926498,1.0,0.5,8192,16384,0.5
2026-03-22T06:07:49,crp_c_sensitivity_20260321_193605,216,9,0.999999999,16,2018795994,109983023,185.285881,5,0.05455856920421123,0.09656461039185524,0.9718,0.08642390722855925,0.9742,0.88468,15.04328,0.12803323334440245,1.0,7.811477752597741,0.8997,14.6169,0.12542296946048737,1.0,7.973021507263184,0.8915,14.767,0.12542296946048737,1.0,7.973021507263184,0.13250503737450864,1.0,0.12877043187618256,1.0,0.5,8192,16384,0.5
2026-03-22T06:10:54,crp_c_sensitivity_20260321_193605,217,9,0.999999999,17,663252247,1793150581,184.964895,5,0.05677977267980575,0.10400166573524475,0.9679,0.08636869375370443,0.973,0.86882,15.48356,0.12877910963409697,1.0,7.766756438233358,0.8727,15.2782,0.12518562376499176,1.0,7.988137245178223,0.8775,15.1961,0.12518562376499176,1.0,7.988137245178223,0.13292245053879134,1.0,0.12808853685855864,1.0,0.5,8192,16384,0.5
2026-03-22T06:13:57,crp_c_sensitivity_20260321_193605,218,9,0.999999999,18,464909860,1127588618,183.225559,5,0.05171597166419029,0.10079918035268784,0.9683,0.08964161068424582,0.9731,0.89056,15.06218,0.13021180952144096,1.0,7.680828318876379,0.8906,15.1258,0.12840639054775238,1.0,7.787774085998535,0.8923,15.086,0.12840639054775238,1.0,7.787774085998535,0.13394271361705898,1.0,0.13061133921146392,1.0,0.5,8192,16384,0.5
2026-03-22T06:17:05,crp_c_sensitivity_20260321_193605,219,9,0.999999999,19,207136946,988800508,187.304112,5,0.0552492123734951,0.10203750426769256,0.9697,0.09183322998657822,0.9728,0.88122,15.01204,0.1290575338675238,1.0,7.749889371340232,0.8864,14.8439,0.1260073482990265,1.0,7.936045169830322,0.8856,14.8667,0.1260073482990265,1.0,7.936045169830322,0.13275617447960408,1.0,0.12835806608200073,1.0,0.5,8192,16384,0.5
2026-03-22T06:20:16,crp_c_sensitivity_20260321_193605,220,9,0.999999999,20,1072153489,1007378225,190.628424,5,0.05280010476589203,0.09300153494402766,0.9727,0.08009184815883637,0.9749,0.82784,16.05454,0.12831075036007425,1.0,7.795269067330128,0.853,15.4422,0.12525935471057892,1.0,7.98343563079834,0.8526,15.4448,0.12525935471057892,1.0,7.98343563079834,0.1317508239956463,1.0,0.12823157161474227,1.0,0.5,8192,16384,0.5
2026-03-22T06:23:23,crp_c_sensitivity_20260321_193605,221,9,0.999999999,21,126467871,909150059,187.677633,5,0.05370755404353142,0.09133189116567374,0.9727,0.09315009651891887,0.9722,0.82988,15.99178,0.13009698845236503,1.0,7.688153458373321,0.8446,15.6283,0.1267097294330597,1.0,7.892053604125977,0.8462,15.6105,0.1267097294330597,1.0,7.892053604125977,0.13391815045910418,1.0,0.12992547452449799,1.0,0.5,8192,16384,0.5
2026-03-22T06:26:33,crp_c_sensitivity_20260321_193605,222,9,0.999999999,22,472561068,1939230603,189.172233,5,0.05603314653515816,0.09790851157903671,0.9686,0.09743893735483289,0.9712,0.86924,15.3162,0.1300166485940709,1.0,7.693406296508087,0.8728,15.1696,0.12703758478164673,1.0,7.871685981750488,0.8716,15.201,0.12703758478164673,1.0,7.871685981750488,0.13419781587922666,1.0,0.13103167414665223,1.0,0.5,8192,16384,0.5
2026-03-22T06:29:39,crp_c_sensitivity_20260321_193605,223,9,0.999999999,23,476995727,707643470,185.82159,5,0.05380299894630909,0.08836245466470719,0.9714,0.08690069449776784,0.9734,0.83516,15.98528,0.1300432858488444,1.0,7.691793211280842,0.8487,15.6272,0.12722322344779968,1.0,7.86020040512085,0.8464,15.6729,0.12722322344779968,1.0,7.86020040512085,0.13345755554373612,1.0,0.1296570122241974,1.0,0.5,8192,16384,0.5
2026-03-22T06:32:47,crp_c_sensitivity_20260321_193605,224,9,0.999999999,24,1600189036,1684860071,188.276789,5,0.05204554937601089,0.0823736109495163,0.9763,0.08613341443352401,0.975,0.85006,15.78474,0.1268932450839016,1.0,7.882893425729269,0.8706,15.2998,0.12350239604711533,1.0,8.09700870513916,0.8708,15.3062,0.12350239604711533,1.0,8.09700870513916,0.13110098630342337,1.0,0.12587887793779373,1.0,0.5,8192,16384,0.5
2026-03-22T06:35:53,crp_c_sensitivity_20260321_193605,225,9,0.999999999,25,348172269,822917209,185.067115,5,0.053268169388771054,0.11186853160858154,0.9646,0.10085602395832538,0.9699,0.89252,14.84452,0.1304553421333318,1.0,7.666839105698764,0.9067,14.4242,0.12761081755161285,1.0,7.8363261222839355,0.9014,14.5289,0.12761081755161285,1.0,7.8363261222839355,0.13461072930442097,1.0,0.1304143786430359,1.0,0.5,8192,16384,0.5
2026-03-22T06:39:03,crp_c_sensitivity_20260321_193605,226,10,0.9999999999,1,1263016136,1166676458,190.081755,5,0.05591535717487335,0.09025377395749092,0.9721,0.08574347045235335,0.9728,0.81512,16.34432,0.12796684493646598,1.0,7.816772937774658,0.8329,15.8665,0.1249118447303772,1.0,8.005645751953125,0.8311,15.8797,0.1249118447303772,1.0,8.005645751953125,0.13282977059064313,1.0,0.12928323149681092,1.0,0.5,8192,16384,0.5
2026-03-22T06:42:10,crp_c_sensitivity_20260321_193605,227,10,0.9999999999,2,519028190,2145890537,187.037025,5,0.05450108584165573,0.09072280809879303,0.9717,0.0789573683064431,0.9757,0.82094,16.33248,0.12867312259076502,1.0,7.773383519838533,0.8308,16.048,0.12619400024414062,1.0,7.924307346343994,0.8368,15.942,0.12619400024414062,1.0,7.924307346343994,0.13261885753525493,1.0,0.1285417854785919,1.0,0.5,8192,16384,0.5
2026-03-22T06:45:19,crp_c_sensitivity_20260321_193605,228,10,0.9999999999,3,2134214650,1473245195,188.427087,5,0.05349567202925682,0.10117600772380829,0.971,0.09147259680684657,0.973,0.8379,16.02152,0.12819127624144638,1.0,7.802478106125541,0.8483,15.7389,0.12415208667516708,1.0,8.05463695526123,0.8514,15.6863,0.12415208667516708,1.0,8.05463695526123,0.13300979395809076,1.0,0.1294396176934242,1.0,0.5,8192,16384,0.5
2026-03-22T06:48:26,crp_c_sensitivity_20260321_193605,229,10,0.9999999999,4,2127379386,1012688019,187.314189,5,0.05020415177822113,0.09969140178710222,0.9695,0.09546422749496997,0.9707,0.88068,15.17292,0.1302785220963266,1.0,7.677253490213848,0.8905,14.8524,0.12841856479644775,1.0,7.787035942077637,0.8877,14.9098,0.12841856479644775,1.0,7.787035942077637,0.13349436332502634,1.0,0.12978075742721557,1.0,0.5,8192,16384,0.5
2026-03-22T06:51:34,crp_c_sensitivity_20260321_193605,230,10,0.9999999999,5,1983960696,387447739,187.727546,5,0.05452895683050156,0.09825806169509887,0.9693,0.0910193045599386,0.9729,0.84884,15.87588,0.12898844575790494,1.0,7.754656534365681,0.856,15.6991,0.12553171813488007,1.0,7.966114521026611,0.8583,15.6359,0.12553171813488007,1.0,7.966114521026611,0.13271599113178986,1.0,0.12929652631282806,1.0,0.5,8192,16384,0.5
2026-03-22T06:54:44,crp_c_sensitivity_20260321_193605,231,10,0.9999999999,6,1932914695,447683283,190.085206,5,0.05604457927763462,0.08860012380331754,0.9728,0.08135924412785098,0.974,0.82442,16.15362,0.1285680496250577,1.0,7.779790094136582,0.842,15.6885,0.1259208470582962,1.0,7.941496849060059,0.8413,15.7167,0.1259208470582962,1.0,7.941496849060059,0.13281405092505238,1.0,0.12898001074790955,1.0,0.5,8192,16384,0.5
2026-03-22T06:57:50,crp_c_sensitivity_20260321_193605,232,10,0.9999999999,7,1189048789,1233461778,185.854584,5,0.052624389669895175,0.11107257115840911,0.9687,0.10020986871980131,0.9693,0.87362,15.26816,0.130320894405665,1.0,7.674905155016028,0.8902,14.9473,0.12812364101409912,1.0,7.80496072769165,0.8866,15.0375,0.12812364101409912,1.0,7.80496072769165,0.13434537086645357,1.0,0.1307852804660797,1.0,0.5,8192,16384,0.5
2026-03-22T07:01:03,crp_c_sensitivity_20260321_193605,233,10,0.9999999999,8,1998997219,1183599958,191.914389,5,0.05640110649049282,0.09759379584789277,0.9701,0.09674946012161673,0.9706,0.79764,16.58014,0.12948358920224182,1.0,7.724671707738696,0.8055,16.394,0.12714508175849915,1.0,7.865030765533447,0.8039,16.4257,0.12714508175849915,1.0,7.865030765533447,0.13372603627421972,1.0,0.12980434894561768,1.0,0.5,8192,16384,0.5
2026-03-22T07:04:09,crp_c_sensitivity_20260321_193605,234,10,0.9999999999,9,1374088832,459301576,185.98835,5,0.05427808759570122,0.0861469445168972,0.9731,0.08448868541754782,0.9742,0.88396,15.0017,0.12684217764212347,1.0,7.885170479259832,0.8854,14.9177,0.12462210655212402,1.0,8.024258613586426,0.8846,14.8907,0.12462210655212402,1.0,8.024258613586426,0.13133488710197952,1.0,0.12717423737049102,1.0,0.5,8192,16384,0.5
2026-03-22T07:07:15,crp_c_sensitivity_20260321_193605,235,10,0.9999999999,10,342289142,1444745743,186.552689,5,0.05579954591155052,0.1083128199338913,0.9695,0.09145243464317172,0.9723,0.85496,15.45734,0.13099033032994137,1.0,7.635797250606215,0.8743,14.9341,0.12690459191799164,1.0,7.8799357414245605,0.8666,15.088,0.12690459191799164,1.0,7.8799357414245605,0.13484875584197473,1.0,0.13059468567371368,1.0,0.5,8192,16384,0.5
2026-03-22T07:10:28,crp_c_sensitivity_20260321_193605,236,10,0.9999999999,11,1572706645,978073843,192.662205,5,0.054854165313243865,0.0949305038496852,0.973,0.08763739764839411,0.9732,0.78878,16.6961,0.12984342888340622,1.0,7.702965257112937,0.8073,16.3117,0.1269323229789734,1.0,7.878214359283447,0.8004,16.4454,0.1269323229789734,1.0,7.878214359283447,0.13331869626441575,1.0,0.12911069989204407,1.0,0.5,8192,16384,0.5
2026-03-22T07:13:34,crp_c_sensitivity_20260321_193605,237,10,0.9999999999,12,1823828850,1630006925,185.564431,5,0.050530128965377806,0.08659538632631301,0.974,0.07787859901376068,0.9766,0.86228,15.5771,0.13045816885693298,1.0,7.66742588613954,0.8696,15.3935,0.12761741876602173,1.0,7.835920810699463,0.8773,15.2544,0.12761741876602173,1.0,7.835920810699463,0.13423791437807595,1.0,0.13021360635757445,1.0,0.5,8192,16384,0.5
2026-03-22T07:16:43,crp_c_sensitivity_20260321_193605,238,10,0.9999999999,13,31034395,1397170148,188.584795,5,0.05225728481292725,0.10193553045988082,0.9704,0.09501651650592685,0.9712,0.8168,16.33408,0.13027695655975197,1.0,7.677176774310334,0.8272,16.1961,0.12814396619796753,1.0,7.803722858428955,0.8252,16.2164,0.12814396619796753,1.0,7.803722858428955,0.13417803664951372,1.0,0.1306275397539139,1.0,0.5,8192,16384,0.5
2026-03-22T07:19:48,crp_c_sensitivity_20260321_193605,239,10,0.9999999999,14,418585600,157222944,185.23499,5,0.05673972713589668,0.08068216380029916,0.9738,0.08071919439733029,0.9735,0.88858,14.9516,0.12710592135444015,1.0,7.869160446059674,0.8979,14.678,0.12411472946405411,1.0,8.057061195373535,0.9039,14.5799,0.12411472946405411,1.0,8.057061195373535,0.13165319755559077,1.0,0.1276737555861473,1.0,0.5,8192,16384,0.5
2026-03-22T07:22:57,crp_c_sensitivity_20260321_193605,240,10,0.9999999999,15,1684271807,1932104441,188.53251,5,0.05320042824268341,0.09765818970203399,0.9724,0.08972067920640112,0.9734,0.84538,15.64522,0.12769979026997486,1.0,7.833769348271362,0.8542,15.4154,0.12412405014038086,1.0,8.056456565856934,0.855,15.3881,0.12412405014038086,1.0,8.056456565856934,0.13241636720688446,1.0,0.12768536806106567,1.0,0.5,8192,16384,0.5
2026-03-22T07:26:02,crp_c_sensitivity_20260321_193605,241,10,0.9999999999,16,1649374340,149784765,184.55239,5,0.05435939439535141,0.09213720004558563,0.9721,0.08664086379930377,0.9723,0.83814,16.2368,0.1297266700154985,1.0,7.7103066224881145,0.8564,15.8036,0.12644711136817932,1.0,7.908444881439209,0.8515,15.8902,0.12644711136817932,1.0,7.908444881439209,0.13415235528708114,1.0,0.12976734340190887,1.0,0.5,8192,16384,0.5
2026-03-22T07:29:09,crp_c_sensitivity_20260321_193605,242,10,0.9999999999,17,1203837802,1734822830,187.13544,5,0.053637208228111265,0.09877077190876007,0.9713,0.08715227934028953,0.9727,0.85006,15.61382,0.1279953396914865,1.0,7.814513738198048,0.8589,15.3895,0.1251666247844696,1.0,7.989349842071533,0.8549,15.4746,0.1251666247844696,1.0,7.989349842071533,0.13233506204679493,1.0,0.12816301882266998,1.0,0.5,8192,16384,0.5
2026-03-22T07:32:17,crp_c_sensitivity_20260321_193605,243,10,0.9999999999,18,262658669,202858989,187.638392,5,0.05189043852329254,0.10560688170790672,0.9677,0.09094304308667779,0.9725,0.86302,15.33776,0.12786396183168797,1.0,7.822547730887332,0.864,15.2178,0.12551984190940857,1.0,7.966867446899414,0.8682,15.1225,0.12551984190940857,1.0,7.966867446899414,0.13206843733025328,1.0,0.1280381202697754,1.0,0.5,8192,16384,0.5
2026-03-22T07:35:28,crp_c_sensitivity_20260321_193605,244,10,0.9999999999,19,569626944,1217297388,190.832467,5,0.055809521463513374,0.11756005543470383,0.9642,0.09673873945251107,0.9713,0.85192,15.54536,0.12865544024788206,1.0,7.774283151797322,0.8646,15.152,0.12495484948158264,1.0,8.002890586853027,0.859,15.2615,0.12495484948158264,1.0,8.002890586853027,0.13277666279879372,1.0,0.12852204442024232,1.0,0.5,8192,16384,0.5
2026-03-22T07:38:36,crp_c_sensitivity_20260321_193605,245,10,0.9999999999,20,506194778,458682161,187.554676,5,0.05334079072058201,0.10820936622619629,0.9701,0.08925738718137145,0.974,0.87152,15.06464,0.1291265021961973,1.0,7.746167817079198,0.8764,14.9832,0.12610387802124023,1.0,7.929969787597656,0.8805,14.9032,0.12610387802124023,1.0,7.929969787597656,0.1331415966877242,1.0,0.12895917296409606,1.0,0.5,8192,16384,0.5
2026-03-22T07:41:42,crp_c_sensitivity_20260321_193605,246,10,0.9999999999,21,2105787805,596191753,185.801441,5,0.05453969237804413,0.08617996468544006,0.9739,0.08393096133470536,0.975,0.88478,15.23012,0.1307037508548678,1.0,7.652524715189434,0.9063,14.6748,0.1276686191558838,1.0,7.832778453826904,0.8981,14.8331,0.1276686191558838,1.0,7.832778453826904,0.13361769291141148,1.0,0.12906909883022308,1.0,0.5,8192,16384,0.5
2026-03-22T07:44:49,crp_c_sensitivity_20260321_193605,247,10,0.9999999999,22,483881193,1068738927,187.150275,5,0.052389357364177706,0.09325496790409088,0.972,0.08277273592427373,0.9741,0.85714,15.68672,0.129242450532401,1.0,7.738360998880528,0.8639,15.526,0.12660694122314453,1.0,7.898460865020752,0.8594,15.6216,0.12660694122314453,1.0,7.898460865020752,0.1329671521702081,1.0,0.12855620980262755,1.0,0.5,8192,16384,0.5
2026-03-22T07:48:00,crp_c_sensitivity_20260321_193605,248,10,0.9999999999,23,794831261,1576662839,191.219658,5,0.05518838364601135,0.0955109481215477,0.9702,0.09010140759050846,0.9733,0.78756,16.93364,0.12934245272060793,1.0,7.732928774850753,0.8059,16.5326,0.125714972615242,1.0,7.954501628875732,0.8083,16.4846,0.125714972615242,1.0,7.954501628875732,0.1334131301897566,1.0,0.12928175628185273,1.0,0.5,8192,16384,0.5
2026-03-22T07:51:09,crp_c_sensitivity_20260321_193605,249,10,0.9999999999,24,1479686806,959352481,188.844018,5,0.0548273853969574,0.10967539081573487,0.9688,0.0960775042295456,0.9699,0.84776,15.60808,0.12837320402302704,1.0,7.79130070898539,0.8561,15.2473,0.12589988112449646,1.0,7.942819118499756,0.8618,15.1397,0.12589988112449646,1.0,7.942819118499756,0.13276115982123957,1.0,0.1291957050561905,1.0,0.5,8192,16384,0.5
2026-03-22T07:54:16,crp_c_sensitivity_20260321_193605,250,10,0.9999999999,25,1424138787,866609149,186.148353,5,0.0532962593626976,0.11099522287845612,0.9662,0.09486957507431507,0.9706,0.86656,15.48916,0.12830377027125614,1.0,7.796075453843607,0.8758,15.322,0.12452708929777145,1.0,8.030381202697754,0.8799,15.2166,0.12452708929777145,1.0,8.030381202697754,0.13208427897575872,1.0,0.12763652056455613,1.0,0.5,8192,16384,0.5
