timestamp,experiment_id,condition_id,run_index,trial_index,run_seed,mask_seed,model_id,schematic,epoch,train_loss,val_loss,val_acc,train_cert_rate,train_tau_mean,train_recurrent_scale_mean,train_recurrent_shrink_rate,train_rho_mean,val_cert_rate,val_tau_mean,val_recurrent_scale_mean,val_recurrent_shrink_rate,val_rho_mean,k_total_target,hh_density_target
2026-03-26T21:36:25,comparison_condition_crp_feedforward_20260326_213610,crp_feedforward,1,1,894684355,1573429661,crp,feedforward,1,0.28926748435497285,0.15820743650794028,0.9524,1.0,3.0,1.0,0.0,0.9990000128746033,1.0,3.0,1.0,0.0,0.9990000128746033,,
2026-03-26T21:36:40,comparison_condition_crp_feedforward_20260326_213610,crp_feedforward,1,1,894684355,1573429661,crp,feedforward,2,0.11797208280563354,0.12998533667325973,0.9589,1.0,3.0,1.0,0.0,0.9990000128746033,1.0,3.0,1.0,0.0,0.9990000128746033,,
2026-03-26T21:36:55,comparison_condition_crp_feedforward_20260326_213610,crp_feedforward,1,1,894684355,1573429661,crp,feedforward,3,0.08034382190942764,0.10325014731884002,0.9685,1.0,3.0,1.0,0.0,0.9990000128746033,1.0,3.0,1.0,0.0,0.9990000128746033,,
2026-03-26T21:37:10,comparison_condition_crp_feedforward_20260326_213610,crp_feedforward,1,1,894684355,1573429661,crp,feedforward,4,0.06099964696466923,0.10403204659223557,0.968,1.0,3.0,1.0,0.0,0.9990000128746033,1.0,3.0,1.0,0.0,0.9990000128746033,,
2026-03-26T21:37:25,comparison_condition_crp_feedforward_20260326_213610,crp_feedforward,1,1,894684355,1573429661,crp,feedforward,5,0.045006360875964165,0.10241515464782715,0.9698,1.0,3.0,1.0,0.0,0.9990000128746033,1.0,3.0,1.0,0.0,0.9990000128746033,,
2026-03-26T21:37:40,comparison_condition_crp_feedforward_20260326_213610,crp_feedforward,1,1,894684355,1573429661,crp,feedforward,6,0.03855784373760223,0.09586806524991989,0.9723,1.0,3.0,1.0,0.0,0.9990000128746033,1.0,3.0,1.0,0.0,0.9990000128746033,,
2026-03-26T21:37:55,comparison_condition_crp_feedforward_20260326_213610,crp_feedforward,1,1,894684355,1573429661,crp,feedforward,7,0.02908939723968506,0.09541448712348938,0.9723,1.0,3.0,1.0,0.0,0.9990000128746033,1.0,3.0,1.0,0.0,0.9990000128746033,,
2026-03-26T21:38:10,comparison_condition_crp_feedforward_20260326_213610,crp_feedforward,1,1,894684355,1573429661,crp,feedforward,8,0.023125377426743508,0.09423317209184169,0.9729,1.0,3.0,1.0,0.0,0.9990000128746033,1.0,3.0,1.0,0.0,0.9990000128746033,,
2026-03-26T21:38:25,comparison_condition_crp_feedforward_20260326_213610,crp_feedforward,1,1,894684355,1573429661,crp,feedforward,9,0.02267795613899827,0.1028595185816288,0.9719,1.0,3.0,1.0,0.0,0.9990000128746033,1.0,3.0,1.0,0.0,0.9990000128746033,,
2026-03-26T21:38:40,comparison_condition_crp_feedforward_20260326_213610,crp_feedforward,1,1,894684355,1573429661,crp,feedforward,10,0.019726642526388168,0.10226666195839644,0.9748,1.0,3.0,1.0,0.0,0.9990000128746033,1.0,3.0,1.0,0.0,0.9990000128746033,,
2026-03-26T21:38:56,comparison_condition_crp_feedforward_20260326_213610,crp_feedforward,1,1,894684355,1573429661,crp,feedforward,11,0.018327340179383755,0.1032587141726166,0.9743,1.0,3.0,1.0,0.0,0.9990000128746033,1.0,3.0,1.0,0.0,0.9990000128746033,,
2026-03-26T21:39:11,comparison_condition_crp_feedforward_20260326_213610,crp_feedforward,1,1,894684355,1573429661,crp,feedforward,12,0.018774371903166175,0.12051660798415542,0.971,1.0,3.0,1.0,0.0,0.9990000128746033,1.0,3.0,1.0,0.0,0.9990000128746033,,
2026-03-26T21:39:26,comparison_condition_crp_feedforward_20260326_213610,crp_feedforward,1,1,894684355,1573429661,crp,feedforward,13,0.01404738910941407,0.0972800835955888,0.977,1.0,3.0,1.0,0.0,0.9990000128746033,1.0,3.0,1.0,0.0,0.9990000128746033,,
2026-03-26T21:39:42,comparison_condition_crp_feedforward_20260326_213610,crp_feedforward,1,1,894684355,1573429661,crp,feedforward,14,0.010508697080872953,0.12328871718645096,0.9718,1.0,3.0,1.0,0.0,0.9990000128746033,1.0,3.0,1.0,0.0,0.9990000128746033,,
2026-03-26T21:39:58,comparison_condition_crp_feedforward_20260326_213610,crp_feedforward,1,1,894684355,1573429661,crp,feedforward,15,0.015254698318000883,0.13410967682637273,0.9712,1.0,3.0,1.0,0.0,0.9990000128746033,1.0,3.0,1.0,0.0,0.9990000128746033,,
2026-03-26T21:40:14,comparison_condition_crp_feedforward_20260326_213610,crp_feedforward,1,1,894684355,1573429661,crp,feedforward,16,0.009710684342551977,0.14751585883498192,0.9696,1.0,3.0,1.0,0.0,0.9990000128746033,1.0,3.0,1.0,0.0,0.9990000128746033,,
2026-03-26T21:40:29,comparison_condition_crp_feedforward_20260326_213610,crp_feedforward,1,1,894684355,1573429661,crp,feedforward,17,0.010689555383585394,0.11075993825346231,0.9764,1.0,3.0,1.0,0.0,0.9990000128746033,1.0,3.0,1.0,0.0,0.9990000128746033,,
2026-03-26T21:40:44,comparison_condition_crp_feedforward_20260326_213610,crp_feedforward,1,1,894684355,1573429661,crp,feedforward,18,0.012600359361702576,0.11679860781878233,0.9754,1.0,3.0,1.0,0.0,0.9990000128746033,1.0,3.0,1.0,0.0,0.9990000128746033,,
2026-03-26T21:41:00,comparison_condition_crp_feedforward_20260326_213610,crp_feedforward,1,1,894684355,1573429661,crp,feedforward,19,0.014980706431064755,0.10809986129403114,0.9759,1.0,3.0,1.0,0.0,0.9990000128746033,1.0,3.0,1.0,0.0,0.9990000128746033,,
2026-03-26T21:41:15,comparison_condition_crp_feedforward_20260326_213610,crp_feedforward,1,1,894684355,1573429661,crp,feedforward,20,0.008848324759835378,0.11887531508207322,0.9765,1.0,3.0,1.0,0.0,0.9990000128746033,1.0,3.0,1.0,0.0,0.9990000128746033,,
2026-03-26T21:41:30,comparison_condition_crp_feedforward_20260326_213610,crp_feedforward,1,1,894684355,1573429661,crp,feedforward,21,0.008380853134654462,0.12171600361466407,0.9772,1.0,3.0,1.0,0.0,0.9990000128746033,1.0,3.0,1.0,0.0,0.9990000128746033,,
2026-03-26T21:41:46,comparison_condition_crp_feedforward_20260326_213610,crp_feedforward,1,1,894684355,1573429661,crp,feedforward,22,0.010653410318549722,0.12618116858992726,0.976,1.0,3.0,1.0,0.0,0.9990000128746033,1.0,3.0,1.0,0.0,0.9990000128746033,,
2026-03-26T21:42:01,comparison_condition_crp_feedforward_20260326_213610,crp_feedforward,1,1,894684355,1573429661,crp,feedforward,23,0.0069754797976044934,0.1315465084195137,0.9766,1.0,3.0,1.0,0.0,0.9990000128746033,1.0,3.0,1.0,0.0,0.9990000128746033,,
2026-03-26T21:42:17,comparison_condition_crp_feedforward_20260326_213610,crp_feedforward,1,1,894684355,1573429661,crp,feedforward,24,0.014521954418607055,0.14148951086206363,0.9749,1.0,3.0,1.0,0.0,0.9990000128746033,1.0,3.0,1.0,0.0,0.9990000128746033,,
2026-03-26T21:42:32,comparison_condition_crp_feedforward_20260326_213610,crp_feedforward,1,1,894684355,1573429661,crp,feedforward,25,0.00960501739898231,0.13906655126288534,0.9752,1.0,3.0,1.0,0.0,0.9990000128746033,1.0,3.0,1.0,0.0,0.9990000128746033,,
2026-03-26T21:42:52,comparison_condition_crp_feedforward_20260326_213610,crp_feedforward,2,2,21838114,1761311798,crp,feedforward,1,0.2863231242132187,0.1610354105234146,0.9517,1.0,3.0,1.0,0.0,0.9990000128746033,1.0,3.0,1.0,0.0,0.9990000128746033,,
2026-03-26T21:43:07,comparison_condition_crp_feedforward_20260326_213610,crp_feedforward,2,2,21838114,1761311798,crp,feedforward,2,0.11512120394706726,0.11811449134051799,0.9634,1.0,3.0,1.0,0.0,0.9990000128746033,1.0,3.0,1.0,0.0,0.9990000128746033,,
2026-03-26T21:43:23,comparison_condition_crp_feedforward_20260326_213610,crp_feedforward,2,2,21838114,1761311798,crp,feedforward,3,0.07831712353110314,0.1000349220842123,0.9701,1.0,3.0,1.0,0.0,0.9990000128746033,1.0,3.0,1.0,0.0,0.9990000128746033,,
2026-03-26T21:43:38,comparison_condition_crp_feedforward_20260326_213610,crp_feedforward,2,2,21838114,1761311798,crp,feedforward,4,0.06136760638475418,0.11292958764433861,0.9662,1.0,3.0,1.0,0.0,0.9990000128746033,1.0,3.0,1.0,0.0,0.9990000128746033,,
2026-03-26T21:43:53,comparison_condition_crp_feedforward_20260326_213610,crp_feedforward,2,2,21838114,1761311798,crp,feedforward,5,0.045184621835947035,0.10470886471271515,0.9703,1.0,3.0,1.0,0.0,0.9990000128746033,1.0,3.0,1.0,0.0,0.9990000128746033,,
2026-03-26T21:44:10,comparison_condition_crp_feedforward_20260326_213610,crp_feedforward,2,2,21838114,1761311798,crp,feedforward,6,0.03671042145490647,0.09213848325908185,0.9746,1.0,3.0,1.0,0.0,0.9990000128746033,1.0,3.0,1.0,0.0,0.9990000128746033,,
2026-03-26T21:44:25,comparison_condition_crp_feedforward_20260326_213610,crp_feedforward,2,2,21838114,1761311798,crp,feedforward,7,0.02756023126780987,0.09855266565084457,0.9742,1.0,3.0,1.0,0.0,0.9990000128746033,1.0,3.0,1.0,0.0,0.9990000128746033,,
2026-03-26T21:44:40,comparison_condition_crp_feedforward_20260326_213610,crp_feedforward,2,2,21838114,1761311798,crp,feedforward,8,0.023816000011228026,0.09752564500570297,0.9735,1.0,3.0,1.0,0.0,0.9990000128746033,1.0,3.0,1.0,0.0,0.9990000128746033,,
2026-03-26T21:44:56,comparison_condition_crp_feedforward_20260326_213610,crp_feedforward,2,2,21838114,1761311798,crp,feedforward,9,0.021292694093585016,0.09899123663604259,0.9758,1.0,3.0,1.0,0.0,0.9990000128746033,1.0,3.0,1.0,0.0,0.9990000128746033,,
2026-03-26T21:45:12,comparison_condition_crp_feedforward_20260326_213610,crp_feedforward,2,2,21838114,1761311798,crp,feedforward,10,0.018789835452735423,0.1126766378918197,0.9769,1.0,3.0,1.0,0.0,0.9990000128746033,1.0,3.0,1.0,0.0,0.9990000128746033,,
2026-03-26T21:45:27,comparison_condition_crp_feedforward_20260326_213610,crp_feedforward,2,2,21838114,1761311798,crp,feedforward,11,0.018029384279996157,0.10960960489474236,0.9754,1.0,3.0,1.0,0.0,0.9990000128746033,1.0,3.0,1.0,0.0,0.9990000128746033,,
2026-03-26T21:45:43,comparison_condition_crp_feedforward_20260326_213610,crp_feedforward,2,2,21838114,1761311798,crp,feedforward,12,0.016438994972854854,0.10848820033930243,0.9762,1.0,3.0,1.0,0.0,0.9990000128746033,1.0,3.0,1.0,0.0,0.9990000128746033,,
2026-03-26T21:45:59,comparison_condition_crp_feedforward_20260326_213610,crp_feedforward,2,2,21838114,1761311798,crp,feedforward,13,0.012629477994404734,0.1277300621856004,0.9734,1.0,3.0,1.0,0.0,0.9990000128746033,1.0,3.0,1.0,0.0,0.9990000128746033,,
2026-03-26T21:46:14,comparison_condition_crp_feedforward_20260326_213610,crp_feedforward,2,2,21838114,1761311798,crp,feedforward,14,0.015611438196972012,0.12146203552298247,0.9753,1.0,3.0,1.0,0.0,0.9990000128746033,1.0,3.0,1.0,0.0,0.9990000128746033,,
2026-03-26T21:46:30,comparison_condition_crp_feedforward_20260326_213610,crp_feedforward,2,2,21838114,1761311798,crp,feedforward,15,0.010421842676773667,0.12791419237852097,0.9756,1.0,3.0,1.0,0.0,0.9990000128746033,1.0,3.0,1.0,0.0,0.9990000128746033,,
2026-03-26T21:46:45,comparison_condition_crp_feedforward_20260326_213610,crp_feedforward,2,2,21838114,1761311798,crp,feedforward,16,0.015530509828142821,0.12440289900600911,0.9754,1.0,3.0,1.0,0.0,0.9990000128746033,1.0,3.0,1.0,0.0,0.9990000128746033,,
2026-03-26T21:47:00,comparison_condition_crp_feedforward_20260326_213610,crp_feedforward,2,2,21838114,1761311798,crp,feedforward,17,0.011086851042360067,0.1320315750423586,0.9766,1.0,3.0,1.0,0.0,0.9990000128746033,1.0,3.0,1.0,0.0,0.9990000128746033,,
2026-03-26T21:47:16,comparison_condition_crp_feedforward_20260326_213610,crp_feedforward,2,2,21838114,1761311798,crp,feedforward,18,0.010965637031998486,0.1226659786041826,0.9767,1.0,3.0,1.0,0.0,0.9990000128746033,1.0,3.0,1.0,0.0,0.9990000128746033,,
2026-03-26T21:47:31,comparison_condition_crp_feedforward_20260326_213610,crp_feedforward,2,2,21838114,1761311798,crp,feedforward,19,0.008040889942804351,0.15967549849133938,0.971,1.0,3.0,1.0,0.0,0.9990000128746033,1.0,3.0,1.0,0.0,0.9990000128746033,,
2026-03-26T21:47:47,comparison_condition_crp_feedforward_20260326_213610,crp_feedforward,2,2,21838114,1761311798,crp,feedforward,20,0.009518357221772895,0.1641651514449506,0.9722,1.0,3.0,1.0,0.0,0.9990000128746033,1.0,3.0,1.0,0.0,0.9990000128746033,,
2026-03-26T21:48:02,comparison_condition_crp_feedforward_20260326_213610,crp_feedforward,2,2,21838114,1761311798,crp,feedforward,21,0.013788884024210274,0.15280093665122985,0.9732,1.0,3.0,1.0,0.0,0.9990000128746033,1.0,3.0,1.0,0.0,0.9990000128746033,,
2026-03-26T21:48:18,comparison_condition_crp_feedforward_20260326_213610,crp_feedforward,2,2,21838114,1761311798,crp,feedforward,22,0.007813022564086131,0.13828150383215398,0.9783,1.0,3.0,1.0,0.0,0.9990000128746033,1.0,3.0,1.0,0.0,0.9990000128746033,,
2026-03-26T21:48:33,comparison_condition_crp_feedforward_20260326_213610,crp_feedforward,2,2,21838114,1761311798,crp,feedforward,23,0.005090118188979104,0.14891591664850712,0.976,1.0,3.0,1.0,0.0,0.9990000128746033,1.0,3.0,1.0,0.0,0.9990000128746033,,
2026-03-26T21:48:49,comparison_condition_crp_feedforward_20260326_213610,crp_feedforward,2,2,21838114,1761311798,crp,feedforward,24,0.012161262605199591,0.1468534560531378,0.9758,1.0,3.0,1.0,0.0,0.9990000128746033,1.0,3.0,1.0,0.0,0.9990000128746033,,
2026-03-26T21:49:04,comparison_condition_crp_feedforward_20260326_213610,crp_feedforward,2,2,21838114,1761311798,crp,feedforward,25,0.012394835654776544,0.14814120618072338,0.9761,1.0,3.0,1.0,0.0,0.9990000128746033,1.0,3.0,1.0,0.0,0.9990000128746033,,
2026-03-26T21:49:24,comparison_condition_crp_feedforward_20260326_213610,crp_feedforward,3,3,1772117478,1724103795,crp,feedforward,1,0.2917211687660217,0.14019477162957192,0.9557,1.0,3.0,1.0,0.0,0.9990000128746033,1.0,3.0,1.0,0.0,0.9990000128746033,,
2026-03-26T21:49:40,comparison_condition_crp_feedforward_20260326_213610,crp_feedforward,3,3,1772117478,1724103795,crp,feedforward,2,0.12089211954116821,0.12477080044746398,0.9602,1.0,3.0,1.0,0.0,0.9990000128746033,1.0,3.0,1.0,0.0,0.9990000128746033,,
2026-03-26T21:49:55,comparison_condition_crp_feedforward_20260326_213610,crp_feedforward,3,3,1772117478,1724103795,crp,feedforward,3,0.0825744092297554,0.10756148935556412,0.9656,1.0,3.0,1.0,0.0,0.9990000128746033,1.0,3.0,1.0,0.0,0.9990000128746033,,
2026-03-26T21:50:11,comparison_condition_crp_feedforward_20260326_213610,crp_feedforward,3,3,1772117478,1724103795,crp,feedforward,4,0.06195709500312805,0.09770974960625171,0.9712,1.0,3.0,1.0,0.0,0.9990000128746033,1.0,3.0,1.0,0.0,0.9990000128746033,,
2026-03-26T21:50:26,comparison_condition_crp_feedforward_20260326_213610,crp_feedforward,3,3,1772117478,1724103795,crp,feedforward,5,0.0496002715420723,0.09660056717991829,0.9697,1.0,3.0,1.0,0.0,0.9990000128746033,1.0,3.0,1.0,0.0,0.9990000128746033,,
2026-03-26T21:50:43,comparison_condition_crp_feedforward_20260326_213610,crp_feedforward,3,3,1772117478,1724103795,crp,feedforward,6,0.037644087334275246,0.08764790698587895,0.9738,1.0,3.0,1.0,0.0,0.9990000128746033,1.0,3.0,1.0,0.0,0.9990000128746033,,
2026-03-26T21:50:58,comparison_condition_crp_feedforward_20260326_213610,crp_feedforward,3,3,1772117478,1724103795,crp,feedforward,7,0.029290943138003348,0.09956356193125247,0.9715,1.0,3.0,1.0,0.0,0.9990000128746033,1.0,3.0,1.0,0.0,0.9990000128746033,,
2026-03-26T21:51:14,comparison_condition_crp_feedforward_20260326_213610,crp_feedforward,3,3,1772117478,1724103795,crp,feedforward,8,0.024949055524766447,0.09786738577373326,0.9737,1.0,3.0,1.0,0.0,0.9990000128746033,1.0,3.0,1.0,0.0,0.9990000128746033,,
2026-03-26T21:51:29,comparison_condition_crp_feedforward_20260326_213610,crp_feedforward,3,3,1772117478,1724103795,crp,feedforward,9,0.023265683031976223,0.10224498765133322,0.9743,1.0,3.0,1.0,0.0,0.9990000128746033,1.0,3.0,1.0,0.0,0.9990000128746033,,
2026-03-26T21:51:45,comparison_condition_crp_feedforward_20260326_213610,crp_feedforward,3,3,1772117478,1724103795,crp,feedforward,10,0.017116565919220447,0.09759784236252309,0.9762,1.0,3.0,1.0,0.0,0.9990000128746033,1.0,3.0,1.0,0.0,0.9990000128746033,,
2026-03-26T21:52:01,comparison_condition_crp_feedforward_20260326_213610,crp_feedforward,3,3,1772117478,1724103795,crp,feedforward,11,0.016057686748951673,0.1109758837223053,0.9732,1.0,3.0,1.0,0.0,0.9990000128746033,1.0,3.0,1.0,0.0,0.9990000128746033,,
2026-03-26T21:52:17,comparison_condition_crp_feedforward_20260326_213610,crp_feedforward,3,3,1772117478,1724103795,crp,feedforward,12,0.015601829453706742,0.12045491256806999,0.972,1.0,3.0,1.0,0.0,0.9990000128746033,1.0,3.0,1.0,0.0,0.9990000128746033,,
2026-03-26T21:52:32,comparison_condition_crp_feedforward_20260326_213610,crp_feedforward,3,3,1772117478,1724103795,crp,feedforward,13,0.018906064502149822,0.13730126617476343,0.97,1.0,3.0,1.0,0.0,0.9990000128746033,1.0,3.0,1.0,0.0,0.9990000128746033,,
2026-03-26T21:52:48,comparison_condition_crp_feedforward_20260326_213610,crp_feedforward,3,3,1772117478,1724103795,crp,feedforward,14,0.015909465673193336,0.10960688000917435,0.9761,1.0,3.0,1.0,0.0,0.9990000128746033,1.0,3.0,1.0,0.0,0.9990000128746033,,
2026-03-26T21:53:03,comparison_condition_crp_feedforward_20260326_213610,crp_feedforward,3,3,1772117478,1724103795,crp,feedforward,15,0.01362090334963519,0.11329807270988822,0.9758,1.0,3.0,1.0,0.0,0.9990000128746033,1.0,3.0,1.0,0.0,0.9990000128746033,,
2026-03-26T21:53:19,comparison_condition_crp_feedforward_20260326_213610,crp_feedforward,3,3,1772117478,1724103795,crp,feedforward,16,0.011414357142075896,0.10747661799639463,0.9766,1.0,3.0,1.0,0.0,0.9990000128746033,1.0,3.0,1.0,0.0,0.9990000128746033,,
2026-03-26T21:53:35,comparison_condition_crp_feedforward_20260326_213610,crp_feedforward,3,3,1772117478,1724103795,crp,feedforward,17,0.009624483548197895,0.10554999584555626,0.9764,1.0,3.0,1.0,0.0,0.9990000128746033,1.0,3.0,1.0,0.0,0.9990000128746033,,
2026-03-26T21:53:50,comparison_condition_crp_feedforward_20260326_213610,crp_feedforward,3,3,1772117478,1724103795,crp,feedforward,18,0.008517579894494266,0.13667871981025673,0.9747,1.0,3.0,1.0,0.0,0.9990000128746033,1.0,3.0,1.0,0.0,0.9990000128746033,,
2026-03-26T21:54:06,comparison_condition_crp_feedforward_20260326_213610,crp_feedforward,3,3,1772117478,1724103795,crp,feedforward,19,0.016881813965989277,0.13321558219267754,0.974,1.0,3.0,1.0,0.0,0.9990000128746033,1.0,3.0,1.0,0.0,0.9990000128746033,,
2026-03-26T21:54:21,comparison_condition_crp_feedforward_20260326_213610,crp_feedforward,3,3,1772117478,1724103795,crp,feedforward,20,0.01013480124506168,0.13625654066605494,0.9752,1.0,3.0,1.0,0.0,0.9990000128746033,1.0,3.0,1.0,0.0,0.9990000128746033,,
2026-03-26T21:54:37,comparison_condition_crp_feedforward_20260326_213610,crp_feedforward,3,3,1772117478,1724103795,crp,feedforward,21,0.008883442295603453,0.13031993746922818,0.9754,1.0,3.0,1.0,0.0,0.9990000128746033,1.0,3.0,1.0,0.0,0.9990000128746033,,
2026-03-26T21:54:53,comparison_condition_crp_feedforward_20260326_213610,crp_feedforward,3,3,1772117478,1724103795,crp,feedforward,22,0.006144724983843043,0.1286904647435993,0.9767,1.0,3.0,1.0,0.0,0.9990000128746033,1.0,3.0,1.0,0.0,0.9990000128746033,,
2026-03-26T21:55:08,comparison_condition_crp_feedforward_20260326_213610,crp_feedforward,3,3,1772117478,1724103795,crp,feedforward,23,0.011607019312712364,0.12656213849508205,0.9763,1.0,3.0,1.0,0.0,0.9990000128746033,1.0,3.0,1.0,0.0,0.9990000128746033,,
2026-03-26T21:55:24,comparison_condition_crp_feedforward_20260326_213610,crp_feedforward,3,3,1772117478,1724103795,crp,feedforward,24,0.013377348345909267,0.1641045089535415,0.9747,1.0,3.0,1.0,0.0,0.9990000128746033,1.0,3.0,1.0,0.0,0.9990000128746033,,
2026-03-26T21:55:40,comparison_condition_crp_feedforward_20260326_213610,crp_feedforward,3,3,1772117478,1724103795,crp,feedforward,25,0.009439344731676392,0.13475233767811443,0.9759,1.0,3.0,1.0,0.0,0.9990000128746033,1.0,3.0,1.0,0.0,0.9990000128746033,,
2026-03-26T21:56:00,comparison_condition_crp_feedforward_20260326_213610,crp_feedforward,4,4,641324193,1836395613,crp,feedforward,1,0.28652105954647067,0.14932844018936156,0.9546,1.0,3.0,1.0,0.0,0.9990000128746033,1.0,3.0,1.0,0.0,0.9990000128746033,,
2026-03-26T21:56:16,comparison_condition_crp_feedforward_20260326_213610,crp_feedforward,4,4,641324193,1836395613,crp,feedforward,2,0.11631553267478943,0.12042341021299362,0.9647,1.0,3.0,1.0,0.0,0.9990000128746033,1.0,3.0,1.0,0.0,0.9990000128746033,,
2026-03-26T21:56:31,comparison_condition_crp_feedforward_20260326_213610,crp_feedforward,4,4,641324193,1836395613,crp,feedforward,3,0.0786644362950325,0.10769176037311554,0.967,1.0,3.0,1.0,0.0,0.9990000128746033,1.0,3.0,1.0,0.0,0.9990000128746033,,
2026-03-26T21:56:47,comparison_condition_crp_feedforward_20260326_213610,crp_feedforward,4,4,641324193,1836395613,crp,feedforward,4,0.05838511303901672,0.09305139387845993,0.9727,1.0,3.0,1.0,0.0,0.9990000128746033,1.0,3.0,1.0,0.0,0.9990000128746033,,
2026-03-26T21:57:02,comparison_condition_crp_feedforward_20260326_213610,crp_feedforward,4,4,641324193,1836395613,crp,feedforward,5,0.0485934566795826,0.09338642953634262,0.9727,1.0,3.0,1.0,0.0,0.9990000128746033,1.0,3.0,1.0,0.0,0.9990000128746033,,
2026-03-26T21:57:18,comparison_condition_crp_feedforward_20260326_213610,crp_feedforward,4,4,641324193,1836395613,crp,feedforward,6,0.03776203879892826,0.10561542370319367,0.9719,1.0,3.0,1.0,0.0,0.9990000128746033,1.0,3.0,1.0,0.0,0.9990000128746033,,
2026-03-26T21:57:34,comparison_condition_crp_feedforward_20260326_213610,crp_feedforward,4,4,641324193,1836395613,crp,feedforward,7,0.029165745834708212,0.09523296759724617,0.9727,1.0,3.0,1.0,0.0,0.9990000128746033,1.0,3.0,1.0,0.0,0.9990000128746033,,
2026-03-26T21:57:49,comparison_condition_crp_feedforward_20260326_213610,crp_feedforward,4,4,641324193,1836395613,crp,feedforward,8,0.02428627432346344,0.10730191192626953,0.9712,1.0,3.0,1.0,0.0,0.9990000128746033,1.0,3.0,1.0,0.0,0.9990000128746033,,
2026-03-26T21:58:05,comparison_condition_crp_feedforward_20260326_213610,crp_feedforward,4,4,641324193,1836395613,crp,feedforward,9,0.02198169973909855,0.10649312608242036,0.9728,1.0,3.0,1.0,0.0,0.9990000128746033,1.0,3.0,1.0,0.0,0.9990000128746033,,
2026-03-26T21:58:20,comparison_condition_crp_feedforward_20260326_213610,crp_feedforward,4,4,641324193,1836395613,crp,feedforward,10,0.01817864117756486,0.10520731427073479,0.9756,1.0,3.0,1.0,0.0,0.9990000128746033,1.0,3.0,1.0,0.0,0.9990000128746033,,
2026-03-26T21:58:36,comparison_condition_crp_feedforward_20260326_213610,crp_feedforward,4,4,641324193,1836395613,crp,feedforward,11,0.015077021772116422,0.11688697332143784,0.9738,1.0,3.0,1.0,0.0,0.9990000128746033,1.0,3.0,1.0,0.0,0.9990000128746033,,
2026-03-26T21:58:51,comparison_condition_crp_feedforward_20260326_213610,crp_feedforward,4,4,641324193,1836395613,crp,feedforward,12,0.02034355694413185,0.1312147556900978,0.9704,1.0,3.0,1.0,0.0,0.9990000128746033,1.0,3.0,1.0,0.0,0.9990000128746033,,
2026-03-26T21:59:07,comparison_condition_crp_feedforward_20260326_213610,crp_feedforward,4,4,641324193,1836395613,crp,feedforward,13,0.016458911291733384,0.11775584518313408,0.9745,1.0,3.0,1.0,0.0,0.9990000128746033,1.0,3.0,1.0,0.0,0.9990000128746033,,
2026-03-26T21:59:22,comparison_condition_crp_feedforward_20260326_213610,crp_feedforward,4,4,641324193,1836395613,crp,feedforward,14,0.009255791475921869,0.12136585525870323,0.9757,1.0,3.0,1.0,0.0,0.9990000128746033,1.0,3.0,1.0,0.0,0.9990000128746033,,
2026-03-26T21:59:38,comparison_condition_crp_feedforward_20260326_213610,crp_feedforward,4,4,641324193,1836395613,crp,feedforward,15,0.0162315581285581,0.13070517290234565,0.973,1.0,3.0,1.0,0.0,0.9990000128746033,1.0,3.0,1.0,0.0,0.9990000128746033,,
2026-03-26T21:59:54,comparison_condition_crp_feedforward_20260326_213610,crp_feedforward,4,4,641324193,1836395613,crp,feedforward,16,0.01431205521568656,0.13070346333682537,0.9737,1.0,3.0,1.0,0.0,0.9990000128746033,1.0,3.0,1.0,0.0,0.9990000128746033,,
2026-03-26T22:00:09,comparison_condition_crp_feedforward_20260326_213610,crp_feedforward,4,4,641324193,1836395613,crp,feedforward,17,0.012302918591760099,0.1339093129992485,0.9743,1.0,3.0,1.0,0.0,0.9990000128746033,1.0,3.0,1.0,0.0,0.9990000128746033,,
2026-03-26T22:00:25,comparison_condition_crp_feedforward_20260326_213610,crp_feedforward,4,4,641324193,1836395613,crp,feedforward,18,0.014903156553804874,0.12877406778484582,0.9764,1.0,3.0,1.0,0.0,0.9990000128746033,1.0,3.0,1.0,0.0,0.9990000128746033,,
2026-03-26T22:00:41,comparison_condition_crp_feedforward_20260326_213610,crp_feedforward,4,4,641324193,1836395613,crp,feedforward,19,0.009176793298157864,0.13454904208779336,0.9761,1.0,3.0,1.0,0.0,0.9990000128746033,1.0,3.0,1.0,0.0,0.9990000128746033,,
2026-03-26T22:00:56,comparison_condition_crp_feedforward_20260326_213610,crp_feedforward,4,4,641324193,1836395613,crp,feedforward,20,0.007501390766035765,0.14778541905879974,0.9733,1.0,3.0,1.0,0.0,0.9990000128746033,1.0,3.0,1.0,0.0,0.9990000128746033,,
2026-03-26T22:01:12,comparison_condition_crp_feedforward_20260326_213610,crp_feedforward,4,4,641324193,1836395613,crp,feedforward,21,0.005641762889146339,0.15937641094475985,0.975,1.0,3.0,1.0,0.0,0.9990000128746033,1.0,3.0,1.0,0.0,0.9990000128746033,,
2026-03-26T22:01:27,comparison_condition_crp_feedforward_20260326_213610,crp_feedforward,4,4,641324193,1836395613,crp,feedforward,22,0.025162039444595576,0.16293166652470828,0.9719,1.0,3.0,1.0,0.0,0.9990000128746033,1.0,3.0,1.0,0.0,0.9990000128746033,,
2026-03-26T22:01:43,comparison_condition_crp_feedforward_20260326_213610,crp_feedforward,4,4,641324193,1836395613,crp,feedforward,23,0.007002671346948482,0.12992421223521233,0.9773,1.0,3.0,1.0,0.0,0.9990000128746033,1.0,3.0,1.0,0.0,0.9990000128746033,,
2026-03-26T22:01:59,comparison_condition_crp_feedforward_20260326_213610,crp_feedforward,4,4,641324193,1836395613,crp,feedforward,24,0.0041325307838991285,0.13172163666039705,0.9778,1.0,3.0,1.0,0.0,0.9990000128746033,1.0,3.0,1.0,0.0,0.9990000128746033,,
2026-03-26T22:02:14,comparison_condition_crp_feedforward_20260326_213610,crp_feedforward,4,4,641324193,1836395613,crp,feedforward,25,0.0027416556151839905,0.13963380594579503,0.9767,1.0,3.0,1.0,0.0,0.9990000128746033,1.0,3.0,1.0,0.0,0.9990000128746033,,
2026-03-26T22:02:34,comparison_condition_crp_feedforward_20260326_213610,crp_feedforward,5,5,791158067,2000992392,crp,feedforward,1,0.29190979711055753,0.15889450507164002,0.9555,1.0,3.0,1.0,0.0,0.9990000128746033,1.0,3.0,1.0,0.0,0.9990000128746033,,
2026-03-26T22:02:50,comparison_condition_crp_feedforward_20260326_213610,crp_feedforward,5,5,791158067,2000992392,crp,feedforward,2,0.12035084790229797,0.12206109714508057,0.9637,1.0,3.0,1.0,0.0,0.9990000128746033,1.0,3.0,1.0,0.0,0.9990000128746033,,
2026-03-26T22:03:06,comparison_condition_crp_feedforward_20260326_213610,crp_feedforward,5,5,791158067,2000992392,crp,feedforward,3,0.08093646679878234,0.1081187587082386,0.9672,1.0,3.0,1.0,0.0,0.9990000128746033,1.0,3.0,1.0,0.0,0.9990000128746033,,
2026-03-26T22:03:22,comparison_condition_crp_feedforward_20260326_213610,crp_feedforward,5,5,791158067,2000992392,crp,feedforward,4,0.0618935592675209,0.10528776105344295,0.9674,1.0,3.0,1.0,0.0,0.9990000128746033,1.0,3.0,1.0,0.0,0.9990000128746033,,
2026-03-26T22:03:37,comparison_condition_crp_feedforward_20260326_213610,crp_feedforward,5,5,791158067,2000992392,crp,feedforward,5,0.04854351669430733,0.09359957991614938,0.9723,1.0,3.0,1.0,0.0,0.9990000128746033,1.0,3.0,1.0,0.0,0.9990000128746033,,
2026-03-26T22:03:53,comparison_condition_crp_feedforward_20260326_213610,crp_feedforward,5,5,791158067,2000992392,crp,feedforward,6,0.036917771678566934,0.0854551809847355,0.9757,1.0,3.0,1.0,0.0,0.9990000128746033,1.0,3.0,1.0,0.0,0.9990000128746033,,
2026-03-26T22:04:09,comparison_condition_crp_feedforward_20260326_213610,crp_feedforward,5,5,791158067,2000992392,crp,feedforward,7,0.02844025064483285,0.09079965568706393,0.9742,1.0,3.0,1.0,0.0,0.9990000128746033,1.0,3.0,1.0,0.0,0.9990000128746033,,
2026-03-26T22:04:24,comparison_condition_crp_feedforward_20260326_213610,crp_feedforward,5,5,791158067,2000992392,crp,feedforward,8,0.02420502988666296,0.08985101727843285,0.976,1.0,3.0,1.0,0.0,0.9990000128746033,1.0,3.0,1.0,0.0,0.9990000128746033,,
2026-03-26T22:04:40,comparison_condition_crp_feedforward_20260326_213610,crp_feedforward,5,5,791158067,2000992392,crp,feedforward,9,0.022922638360336423,0.0912937879096251,0.9753,1.0,3.0,1.0,0.0,0.9990000128746033,1.0,3.0,1.0,0.0,0.9990000128746033,,
2026-03-26T22:04:56,comparison_condition_crp_feedforward_20260326_213610,crp_feedforward,5,5,791158067,2000992392,crp,feedforward,10,0.020042838002592326,0.10933014039993286,0.9727,1.0,3.0,1.0,0.0,0.9990000128746033,1.0,3.0,1.0,0.0,0.9990000128746033,,
2026-03-26T22:05:11,comparison_condition_crp_feedforward_20260326_213610,crp_feedforward,5,5,791158067,2000992392,crp,feedforward,11,0.020634973830729722,0.09428522147182375,0.9758,1.0,3.0,1.0,0.0,0.9990000128746033,1.0,3.0,1.0,0.0,0.9990000128746033,,
2026-03-26T22:05:27,comparison_condition_crp_feedforward_20260326_213610,crp_feedforward,5,5,791158067,2000992392,crp,feedforward,12,0.017789803310632707,0.09598353846904356,0.9763,1.0,3.0,1.0,0.0,0.9990000128746033,1.0,3.0,1.0,0.0,0.9990000128746033,,
2026-03-26T22:05:43,comparison_condition_crp_feedforward_20260326_213610,crp_feedforward,5,5,791158067,2000992392,crp,feedforward,13,0.013950040960712359,0.09506237034115475,0.9773,1.0,3.0,1.0,0.0,0.9990000128746033,1.0,3.0,1.0,0.0,0.9990000128746033,,
2026-03-26T22:05:59,comparison_condition_crp_feedforward_20260326_213610,crp_feedforward,5,5,791158067,2000992392,crp,feedforward,14,0.011917124421242625,0.10286013752411818,0.9767,1.0,3.0,1.0,0.0,0.9990000128746033,1.0,3.0,1.0,0.0,0.9990000128746033,,
2026-03-26T22:06:14,comparison_condition_crp_feedforward_20260326_213610,crp_feedforward,5,5,791158067,2000992392,crp,feedforward,15,0.012473330054618419,0.10822956391519402,0.9768,1.0,3.0,1.0,0.0,0.9990000128746033,1.0,3.0,1.0,0.0,0.9990000128746033,,
2026-03-26T22:06:30,comparison_condition_crp_feedforward_20260326_213610,crp_feedforward,5,5,791158067,2000992392,crp,feedforward,16,0.008335892778001727,0.1211453508688137,0.9745,1.0,3.0,1.0,0.0,0.9990000128746033,1.0,3.0,1.0,0.0,0.9990000128746033,,
2026-03-26T22:06:46,comparison_condition_crp_feedforward_20260326_213610,crp_feedforward,5,5,791158067,2000992392,crp,feedforward,17,0.018883407590948045,0.11274308995555621,0.9768,1.0,3.0,1.0,0.0,0.9990000128746033,1.0,3.0,1.0,0.0,0.9990000128746033,,
2026-03-26T22:07:02,comparison_condition_crp_feedforward_20260326_213610,crp_feedforward,5,5,791158067,2000992392,crp,feedforward,18,0.011363165747951716,0.14215827687634155,0.9727,1.0,3.0,1.0,0.0,0.9990000128746033,1.0,3.0,1.0,0.0,0.9990000128746033,,
2026-03-26T22:07:18,comparison_condition_crp_feedforward_20260326_213610,crp_feedforward,5,5,791158067,2000992392,crp,feedforward,19,0.010752569185830653,0.1214736399599351,0.9755,1.0,3.0,1.0,0.0,0.9990000128746033,1.0,3.0,1.0,0.0,0.9990000128746033,,
2026-03-26T22:07:33,comparison_condition_crp_feedforward_20260326_213610,crp_feedforward,5,5,791158067,2000992392,crp,feedforward,20,0.008858038064399734,0.11976979212416482,0.9766,1.0,3.0,1.0,0.0,0.9990000128746033,1.0,3.0,1.0,0.0,0.9990000128746033,,
2026-03-26T22:07:49,comparison_condition_crp_feedforward_20260326_213610,crp_feedforward,5,5,791158067,2000992392,crp,feedforward,21,0.00933066878799349,0.12813892372279662,0.9759,1.0,3.0,1.0,0.0,0.9990000128746033,1.0,3.0,1.0,0.0,0.9990000128746033,,
2026-03-26T22:08:04,comparison_condition_crp_feedforward_20260326_213610,crp_feedforward,5,5,791158067,2000992392,crp,feedforward,22,0.01379526289619971,0.12677880784440787,0.9739,1.0,3.0,1.0,0.0,0.9990000128746033,1.0,3.0,1.0,0.0,0.9990000128746033,,
2026-03-26T22:08:20,comparison_condition_crp_feedforward_20260326_213610,crp_feedforward,5,5,791158067,2000992392,crp,feedforward,23,0.0064194643828878175,0.107138902750524,0.9807,1.0,3.0,1.0,0.0,0.9990000128746033,1.0,3.0,1.0,0.0,0.9990000128746033,,
2026-03-26T22:08:36,comparison_condition_crp_feedforward_20260326_213610,crp_feedforward,5,5,791158067,2000992392,crp,feedforward,24,0.003684735341225751,0.1170416309141554,0.9788,1.0,3.0,1.0,0.0,0.9990000128746033,1.0,3.0,1.0,0.0,0.9990000128746033,,
2026-03-26T22:08:51,comparison_condition_crp_feedforward_20260326_213610,crp_feedforward,5,5,791158067,2000992392,crp,feedforward,25,0.00763055724510923,0.16491364090366697,0.9707,1.0,3.0,1.0,0.0,0.9990000128746033,1.0,3.0,1.0,0.0,0.9990000128746033,,
2026-03-26T22:09:11,comparison_condition_crp_feedforward_20260326_213610,crp_feedforward,6,6,415884586,580346373,crp,feedforward,1,0.28251358997821807,0.157502721118927,0.9529,1.0,3.0,1.0,0.0,0.9990000128746033,1.0,3.0,1.0,0.0,0.9990000128746033,,
2026-03-26T22:09:27,comparison_condition_crp_feedforward_20260326_213610,crp_feedforward,6,6,415884586,580346373,crp,feedforward,2,0.11747984868049621,0.11263205242156983,0.9662,1.0,3.0,1.0,0.0,0.9990000128746033,1.0,3.0,1.0,0.0,0.9990000128746033,,
2026-03-26T22:09:42,comparison_condition_crp_feedforward_20260326_213610,crp_feedforward,6,6,415884586,580346373,crp,feedforward,3,0.07918378127574921,0.09832749927043914,0.97,1.0,3.0,1.0,0.0,0.9990000128746033,1.0,3.0,1.0,0.0,0.9990000128746033,,
2026-03-26T22:09:58,comparison_condition_crp_feedforward_20260326_213610,crp_feedforward,6,6,415884586,580346373,crp,feedforward,4,0.06020453668355942,0.10152482392787933,0.97,1.0,3.0,1.0,0.0,0.9990000128746033,1.0,3.0,1.0,0.0,0.9990000128746033,,
2026-03-26T22:10:14,comparison_condition_crp_feedforward_20260326_213610,crp_feedforward,6,6,415884586,580346373,crp,feedforward,5,0.04519802160739899,0.09217572284936905,0.9715,1.0,3.0,1.0,0.0,0.9990000128746033,1.0,3.0,1.0,0.0,0.9990000128746033,,
2026-03-26T22:10:29,comparison_condition_crp_feedforward_20260326_213610,crp_feedforward,6,6,415884586,580346373,crp,feedforward,6,0.03562757924497127,0.0898668076634407,0.9753,1.0,3.0,1.0,0.0,0.9990000128746033,1.0,3.0,1.0,0.0,0.9990000128746033,,
2026-03-26T22:10:46,comparison_condition_crp_feedforward_20260326_213610,crp_feedforward,6,6,415884586,580346373,crp,feedforward,7,0.028160931402444838,0.10378702005147934,0.9718,1.0,3.0,1.0,0.0,0.9990000128746033,1.0,3.0,1.0,0.0,0.9990000128746033,,
2026-03-26T22:11:01,comparison_condition_crp_feedforward_20260326_213610,crp_feedforward,6,6,415884586,580346373,crp,feedforward,8,0.025415724988877772,0.09909447173476219,0.9744,1.0,3.0,1.0,0.0,0.9990000128746033,1.0,3.0,1.0,0.0,0.9990000128746033,,
2026-03-26T22:11:17,comparison_condition_crp_feedforward_20260326_213610,crp_feedforward,6,6,415884586,580346373,crp,feedforward,9,0.02049434584915638,0.10140111385583878,0.9747,1.0,3.0,1.0,0.0,0.9990000128746033,1.0,3.0,1.0,0.0,0.9990000128746033,,
2026-03-26T22:11:32,comparison_condition_crp_feedforward_20260326_213610,crp_feedforward,6,6,415884586,580346373,crp,feedforward,10,0.019662620346546172,0.11316440193653107,0.9714,1.0,3.0,1.0,0.0,0.9990000128746033,1.0,3.0,1.0,0.0,0.9990000128746033,,
2026-03-26T22:11:48,comparison_condition_crp_feedforward_20260326_213610,crp_feedforward,6,6,415884586,580346373,crp,feedforward,11,0.017223976197838782,0.10253426194190979,0.9753,1.0,3.0,1.0,0.0,0.9990000128746033,1.0,3.0,1.0,0.0,0.9990000128746033,,
2026-03-26T22:12:03,comparison_condition_crp_feedforward_20260326_213610,crp_feedforward,6,6,415884586,580346373,crp,feedforward,12,0.01636822088159621,0.11636479063332081,0.9748,1.0,3.0,1.0,0.0,0.9990000128746033,1.0,3.0,1.0,0.0,0.9990000128746033,,
2026-03-26T22:12:19,comparison_condition_crp_feedforward_20260326_213610,crp_feedforward,6,6,415884586,580346373,crp,feedforward,13,0.01542178573280573,0.1144905080139637,0.9747,1.0,3.0,1.0,0.0,0.9990000128746033,1.0,3.0,1.0,0.0,0.9990000128746033,,
2026-03-26T22:12:35,comparison_condition_crp_feedforward_20260326_213610,crp_feedforward,6,6,415884586,580346373,crp,feedforward,14,0.012418094000816345,0.12297069030702114,0.9738,1.0,3.0,1.0,0.0,0.9990000128746033,1.0,3.0,1.0,0.0,0.9990000128746033,,
2026-03-26T22:12:51,comparison_condition_crp_feedforward_20260326_213610,crp_feedforward,6,6,415884586,580346373,crp,feedforward,15,0.011264183706827462,0.1463017699956894,0.9714,1.0,3.0,1.0,0.0,0.9990000128746033,1.0,3.0,1.0,0.0,0.9990000128746033,,
2026-03-26T22:13:06,comparison_condition_crp_feedforward_20260326_213610,crp_feedforward,6,6,415884586,580346373,crp,feedforward,16,0.015227393324822187,0.12260472701191902,0.9734,1.0,3.0,1.0,0.0,0.9990000128746033,1.0,3.0,1.0,0.0,0.9990000128746033,,
2026-03-26T22:13:22,comparison_condition_crp_feedforward_20260326_213610,crp_feedforward,6,6,415884586,580346373,crp,feedforward,17,0.010899918567538261,0.12794664804451167,0.9761,1.0,3.0,1.0,0.0,0.9990000128746033,1.0,3.0,1.0,0.0,0.9990000128746033,,
2026-03-26T22:13:37,comparison_condition_crp_feedforward_20260326_213610,crp_feedforward,6,6,415884586,580346373,crp,feedforward,18,0.011860457380451262,0.15397528103291988,0.9724,1.0,3.0,1.0,0.0,0.9990000128746033,1.0,3.0,1.0,0.0,0.9990000128746033,,
2026-03-26T22:13:53,comparison_condition_crp_feedforward_20260326_213610,crp_feedforward,6,6,415884586,580346373,crp,feedforward,19,0.013149934452697635,0.13304708844572305,0.9764,1.0,3.0,1.0,0.0,0.9990000128746033,1.0,3.0,1.0,0.0,0.9990000128746033,,
2026-03-26T22:14:09,comparison_condition_crp_feedforward_20260326_213610,crp_feedforward,6,6,415884586,580346373,crp,feedforward,20,0.008443710481803864,0.13742532444000244,0.9753,1.0,3.0,1.0,0.0,0.9990000128746033,1.0,3.0,1.0,0.0,0.9990000128746033,,
2026-03-26T22:14:25,comparison_condition_crp_feedforward_20260326_213610,crp_feedforward,6,6,415884586,580346373,crp,feedforward,21,0.011697636811323464,0.13894489105045796,0.9729,1.0,3.0,1.0,0.0,0.9990000128746033,1.0,3.0,1.0,0.0,0.9990000128746033,,
2026-03-26T22:14:40,comparison_condition_crp_feedforward_20260326_213610,crp_feedforward,6,6,415884586,580346373,crp,feedforward,22,0.010788146592956037,0.1364049437701702,0.9759,1.0,3.0,1.0,0.0,0.9990000128746033,1.0,3.0,1.0,0.0,0.9990000128746033,,
2026-03-26T22:14:56,comparison_condition_crp_feedforward_20260326_213610,crp_feedforward,6,6,415884586,580346373,crp,feedforward,23,0.004324897194940131,0.13504530851840973,0.9766,1.0,3.0,1.0,0.0,0.9990000128746033,1.0,3.0,1.0,0.0,0.9990000128746033,,
2026-03-26T22:15:12,comparison_condition_crp_feedforward_20260326_213610,crp_feedforward,6,6,415884586,580346373,crp,feedforward,24,0.006369402346584247,0.15907742331922053,0.9734,1.0,3.0,1.0,0.0,0.9990000128746033,1.0,3.0,1.0,0.0,0.9990000128746033,,
2026-03-26T22:15:27,comparison_condition_crp_feedforward_20260326_213610,crp_feedforward,6,6,415884586,580346373,crp,feedforward,25,0.015203103535231202,0.16014639793038368,0.9744,1.0,3.0,1.0,0.0,0.9990000128746033,1.0,3.0,1.0,0.0,0.9990000128746033,,
2026-03-26T22:15:47,comparison_condition_crp_feedforward_20260326_213610,crp_feedforward,7,7,1215493282,936793384,crp,feedforward,1,0.291879890832901,0.16387694668769837,0.951,1.0,3.0,1.0,0.0,0.9990000128746033,1.0,3.0,1.0,0.0,0.9990000128746033,,
2026-03-26T22:16:03,comparison_condition_crp_feedforward_20260326_213610,crp_feedforward,7,7,1215493282,936793384,crp,feedforward,2,0.11990595824241639,0.12196054152846336,0.9646,1.0,3.0,1.0,0.0,0.9990000128746033,1.0,3.0,1.0,0.0,0.9990000128746033,,
2026-03-26T22:16:18,comparison_condition_crp_feedforward_20260326_213610,crp_feedforward,7,7,1215493282,936793384,crp,feedforward,3,0.08213031008481979,0.10563122966811062,0.9686,1.0,3.0,1.0,0.0,0.9990000128746033,1.0,3.0,1.0,0.0,0.9990000128746033,,
2026-03-26T22:16:34,comparison_condition_crp_feedforward_20260326_213610,crp_feedforward,7,7,1215493282,936793384,crp,feedforward,4,0.05932590783834457,0.10537608810663224,0.9689,1.0,3.0,1.0,0.0,0.9990000128746033,1.0,3.0,1.0,0.0,0.9990000128746033,,
2026-03-26T22:16:50,comparison_condition_crp_feedforward_20260326_213610,crp_feedforward,7,7,1215493282,936793384,crp,feedforward,5,0.0469342394888401,0.10442769061028957,0.9709,1.0,3.0,1.0,0.0,0.9990000128746033,1.0,3.0,1.0,0.0,0.9990000128746033,,
2026-03-26T22:17:06,comparison_condition_crp_feedforward_20260326_213610,crp_feedforward,7,7,1215493282,936793384,crp,feedforward,6,0.03472442982673645,0.09631480065397918,0.9735,1.0,3.0,1.0,0.0,0.9990000128746033,1.0,3.0,1.0,0.0,0.9990000128746033,,
2026-03-26T22:17:22,comparison_condition_crp_feedforward_20260326_213610,crp_feedforward,7,7,1215493282,936793384,crp,feedforward,7,0.03005038883835077,0.10561293161511422,0.9718,1.0,3.0,1.0,0.0,0.9990000128746033,1.0,3.0,1.0,0.0,0.9990000128746033,,
2026-03-26T22:17:37,comparison_condition_crp_feedforward_20260326_213610,crp_feedforward,7,7,1215493282,936793384,crp,feedforward,8,0.026539628225117923,0.10755143930371851,0.9723,1.0,3.0,1.0,0.0,0.9990000128746033,1.0,3.0,1.0,0.0,0.9990000128746033,,
2026-03-26T22:17:53,comparison_condition_crp_feedforward_20260326_213610,crp_feedforward,7,7,1215493282,936793384,crp,feedforward,9,0.020058595247864724,0.10472339562922717,0.9745,1.0,3.0,1.0,0.0,0.9990000128746033,1.0,3.0,1.0,0.0,0.9990000128746033,,
2026-03-26T22:18:09,comparison_condition_crp_feedforward_20260326_213610,crp_feedforward,7,7,1215493282,936793384,crp,feedforward,10,0.019018966238200666,0.11478068410796113,0.9737,1.0,3.0,1.0,0.0,0.9990000128746033,1.0,3.0,1.0,0.0,0.9990000128746033,,
2026-03-26T22:18:25,comparison_condition_crp_feedforward_20260326_213610,crp_feedforward,7,7,1215493282,936793384,crp,feedforward,11,0.017466197854951022,0.11507398558226414,0.9754,1.0,3.0,1.0,0.0,0.9990000128746033,1.0,3.0,1.0,0.0,0.9990000128746033,,
2026-03-26T22:18:41,comparison_condition_crp_feedforward_20260326_213610,crp_feedforward,7,7,1215493282,936793384,crp,feedforward,12,0.016543683577477934,0.11506498457565904,0.9747,1.0,3.0,1.0,0.0,0.9990000128746033,1.0,3.0,1.0,0.0,0.9990000128746033,,
2026-03-26T22:18:56,comparison_condition_crp_feedforward_20260326_213610,crp_feedforward,7,7,1215493282,936793384,crp,feedforward,13,0.016135008486891166,0.1299087142340839,0.9748,1.0,3.0,1.0,0.0,0.9990000128746033,1.0,3.0,1.0,0.0,0.9990000128746033,,
2026-03-26T22:19:12,comparison_condition_crp_feedforward_20260326_213610,crp_feedforward,7,7,1215493282,936793384,crp,feedforward,14,0.013084078134447336,0.11914052283177153,0.9773,1.0,3.0,1.0,0.0,0.9990000128746033,1.0,3.0,1.0,0.0,0.9990000128746033,,
2026-03-26T22:19:28,comparison_condition_crp_feedforward_20260326_213610,crp_feedforward,7,7,1215493282,936793384,crp,feedforward,15,0.012736044435948134,0.13124376634508372,0.9744,1.0,3.0,1.0,0.0,0.9990000128746033,1.0,3.0,1.0,0.0,0.9990000128746033,,
2026-03-26T22:19:43,comparison_condition_crp_feedforward_20260326_213610,crp_feedforward,7,7,1215493282,936793384,crp,feedforward,16,0.015082144467122853,0.12528245927440002,0.9748,1.0,3.0,1.0,0.0,0.9990000128746033,1.0,3.0,1.0,0.0,0.9990000128746033,,
2026-03-26T22:19:59,comparison_condition_crp_feedforward_20260326_213610,crp_feedforward,7,7,1215493282,936793384,crp,feedforward,17,0.011518106887415051,0.1207971196154831,0.9775,1.0,3.0,1.0,0.0,0.9990000128746033,1.0,3.0,1.0,0.0,0.9990000128746033,,
2026-03-26T22:20:15,comparison_condition_crp_feedforward_20260326_213610,crp_feedforward,7,7,1215493282,936793384,crp,feedforward,18,0.00697059916684404,0.12729466437194498,0.9795,1.0,3.0,1.0,0.0,0.9990000128746033,1.0,3.0,1.0,0.0,0.9990000128746033,,
2026-03-26T22:20:30,comparison_condition_crp_feedforward_20260326_213610,crp_feedforward,7,7,1215493282,936793384,crp,feedforward,19,0.0122873247589916,0.1297708065618761,0.9788,1.0,3.0,1.0,0.0,0.9990000128746033,1.0,3.0,1.0,0.0,0.9990000128746033,,
2026-03-26T22:20:46,comparison_condition_crp_feedforward_20260326_213610,crp_feedforward,7,7,1215493282,936793384,crp,feedforward,20,0.01654535445123911,0.13392613700014772,0.9766,1.0,3.0,1.0,0.0,0.9990000128746033,1.0,3.0,1.0,0.0,0.9990000128746033,,
2026-03-26T22:21:01,comparison_condition_crp_feedforward_20260326_213610,crp_feedforward,7,7,1215493282,936793384,crp,feedforward,21,0.006431993107488379,0.1272572015958256,0.978,1.0,3.0,1.0,0.0,0.9990000128746033,1.0,3.0,1.0,0.0,0.9990000128746033,,
2026-03-26T22:21:17,comparison_condition_crp_feedforward_20260326_213610,crp_feedforward,7,7,1215493282,936793384,crp,feedforward,22,0.007592379012550227,0.1506938132558018,0.9738,1.0,3.0,1.0,0.0,0.9990000128746033,1.0,3.0,1.0,0.0,0.9990000128746033,,
2026-03-26T22:21:33,comparison_condition_crp_feedforward_20260326_213610,crp_feedforward,7,7,1215493282,936793384,crp,feedforward,23,0.011555360923241824,0.13627578325903741,0.9781,1.0,3.0,1.0,0.0,0.9990000128746033,1.0,3.0,1.0,0.0,0.9990000128746033,,
2026-03-26T22:21:49,comparison_condition_crp_feedforward_20260326_213610,crp_feedforward,7,7,1215493282,936793384,crp,feedforward,24,0.008312395628141239,0.15966562678109622,0.9737,1.0,3.0,1.0,0.0,0.9990000128746033,1.0,3.0,1.0,0.0,0.9990000128746033,,
2026-03-26T22:22:04,comparison_condition_crp_feedforward_20260326_213610,crp_feedforward,7,7,1215493282,936793384,crp,feedforward,25,0.01159003413015511,0.13220929512734292,0.9771,1.0,3.0,1.0,0.0,0.9990000128746033,1.0,3.0,1.0,0.0,0.9990000128746033,,
2026-03-26T22:22:24,comparison_condition_crp_feedforward_20260326_213610,crp_feedforward,8,8,347221957,801148508,crp,feedforward,1,0.2903400149202347,0.149258598279953,0.9556,1.0,3.0,1.0,0.0,0.9990000128746033,1.0,3.0,1.0,0.0,0.9990000128746033,,
2026-03-26T22:22:40,comparison_condition_crp_feedforward_20260326_213610,crp_feedforward,8,8,347221957,801148508,crp,feedforward,2,0.11723869374752045,0.11956307451725007,0.9617,1.0,3.0,1.0,0.0,0.9990000128746033,1.0,3.0,1.0,0.0,0.9990000128746033,,
2026-03-26T22:22:56,comparison_condition_crp_feedforward_20260326_213610,crp_feedforward,8,8,347221957,801148508,crp,feedforward,3,0.08126257405728102,0.10415391308367253,0.9673,1.0,3.0,1.0,0.0,0.9990000128746033,1.0,3.0,1.0,0.0,0.9990000128746033,,
2026-03-26T22:23:12,comparison_condition_crp_feedforward_20260326_213610,crp_feedforward,8,8,347221957,801148508,crp,feedforward,4,0.06067498830676079,0.09808103813529015,0.9694,1.0,3.0,1.0,0.0,0.9990000128746033,1.0,3.0,1.0,0.0,0.9990000128746033,,
2026-03-26T22:23:28,comparison_condition_crp_feedforward_20260326_213610,crp_feedforward,8,8,347221957,801148508,crp,feedforward,5,0.04560585071146488,0.09499450597763061,0.9702,1.0,3.0,1.0,0.0,0.9990000128746033,1.0,3.0,1.0,0.0,0.9990000128746033,,
2026-03-26T22:23:43,comparison_condition_crp_feedforward_20260326_213610,crp_feedforward,8,8,347221957,801148508,crp,feedforward,6,0.03772588216423988,0.09333660232424736,0.971,1.0,3.0,1.0,0.0,0.9990000128746033,1.0,3.0,1.0,0.0,0.9990000128746033,,
2026-03-26T22:23:59,comparison_condition_crp_feedforward_20260326_213610,crp_feedforward,8,8,347221957,801148508,crp,feedforward,7,0.028296041466891766,0.0860372363179922,0.9754,1.0,3.0,1.0,0.0,0.9990000128746033,1.0,3.0,1.0,0.0,0.9990000128746033,,
2026-03-26T22:24:15,comparison_condition_crp_feedforward_20260326_213610,crp_feedforward,8,8,347221957,801148508,crp,feedforward,8,0.02396849023103714,0.09119895175211132,0.974,1.0,3.0,1.0,0.0,0.9990000128746033,1.0,3.0,1.0,0.0,0.9990000128746033,,
2026-03-26T22:24:30,comparison_condition_crp_feedforward_20260326_213610,crp_feedforward,8,8,347221957,801148508,crp,feedforward,9,0.02007399309530854,0.09164713865816593,0.9752,1.0,3.0,1.0,0.0,0.9990000128746033,1.0,3.0,1.0,0.0,0.9990000128746033,,
2026-03-26T22:24:46,comparison_condition_crp_feedforward_20260326_213610,crp_feedforward,8,8,347221957,801148508,crp,feedforward,10,0.01716705692961812,0.09598086178917438,0.9737,1.0,3.0,1.0,0.0,0.9990000128746033,1.0,3.0,1.0,0.0,0.9990000128746033,,
2026-03-26T22:25:02,comparison_condition_crp_feedforward_20260326_213610,crp_feedforward,8,8,347221957,801148508,crp,feedforward,11,0.018741161474883555,0.09579755962640048,0.9764,1.0,3.0,1.0,0.0,0.9990000128746033,1.0,3.0,1.0,0.0,0.9990000128746033,,
2026-03-26T22:25:18,comparison_condition_crp_feedforward_20260326_213610,crp_feedforward,8,8,347221957,801148508,crp,feedforward,12,0.019254275699704886,0.09368380699977279,0.9764,1.0,3.0,1.0,0.0,0.9990000128746033,1.0,3.0,1.0,0.0,0.9990000128746033,,
2026-03-26T22:25:33,comparison_condition_crp_feedforward_20260326_213610,crp_feedforward,8,8,347221957,801148508,crp,feedforward,13,0.01753965367935598,0.12370946188587695,0.9713,1.0,3.0,1.0,0.0,0.9990000128746033,1.0,3.0,1.0,0.0,0.9990000128746033,,
2026-03-26T22:25:49,comparison_condition_crp_feedforward_20260326_213610,crp_feedforward,8,8,347221957,801148508,crp,feedforward,14,0.014145250992663205,0.09822190075516701,0.9765,1.0,3.0,1.0,0.0,0.9990000128746033,1.0,3.0,1.0,0.0,0.9990000128746033,,
2026-03-26T22:26:04,comparison_condition_crp_feedforward_20260326_213610,crp_feedforward,8,8,347221957,801148508,crp,feedforward,15,0.009314756275024264,0.11133100235909224,0.9754,1.0,3.0,1.0,0.0,0.9990000128746033,1.0,3.0,1.0,0.0,0.9990000128746033,,
2026-03-26T22:26:20,comparison_condition_crp_feedforward_20260326_213610,crp_feedforward,8,8,347221957,801148508,crp,feedforward,16,0.013761471611820161,0.11558335195155814,0.9747,1.0,3.0,1.0,0.0,0.9990000128746033,1.0,3.0,1.0,0.0,0.9990000128746033,,
2026-03-26T22:26:36,comparison_condition_crp_feedforward_20260326_213610,crp_feedforward,8,8,347221957,801148508,crp,feedforward,17,0.012609077449534089,0.11434060629840241,0.9757,1.0,3.0,1.0,0.0,0.9990000128746033,1.0,3.0,1.0,0.0,0.9990000128746033,,
2026-03-26T22:26:51,comparison_condition_crp_feedforward_20260326_213610,crp_feedforward,8,8,347221957,801148508,crp,feedforward,18,0.012268085771072655,0.11768053244659678,0.976,1.0,3.0,1.0,0.0,0.9990000128746033,1.0,3.0,1.0,0.0,0.9990000128746033,,
2026-03-26T22:27:07,comparison_condition_crp_feedforward_20260326_213610,crp_feedforward,8,8,347221957,801148508,crp,feedforward,19,0.009072360980529338,0.1191472601417452,0.9746,1.0,3.0,1.0,0.0,0.9990000128746033,1.0,3.0,1.0,0.0,0.9990000128746033,,
2026-03-26T22:27:23,comparison_condition_crp_feedforward_20260326_213610,crp_feedforward,8,8,347221957,801148508,crp,feedforward,20,0.012137971620978788,0.12829821624904872,0.9738,1.0,3.0,1.0,0.0,0.9990000128746033,1.0,3.0,1.0,0.0,0.9990000128746033,,
2026-03-26T22:27:39,comparison_condition_crp_feedforward_20260326_213610,crp_feedforward,8,8,347221957,801148508,crp,feedforward,21,0.01363102400395088,0.1155310106344521,0.9769,1.0,3.0,1.0,0.0,0.9990000128746033,1.0,3.0,1.0,0.0,0.9990000128746033,,
2026-03-26T22:27:55,comparison_condition_crp_feedforward_20260326_213610,crp_feedforward,8,8,347221957,801148508,crp,feedforward,22,0.009564627263741568,0.11738706108033657,0.9762,1.0,3.0,1.0,0.0,0.9990000128746033,1.0,3.0,1.0,0.0,0.9990000128746033,,
2026-03-26T22:28:11,comparison_condition_crp_feedforward_20260326_213610,crp_feedforward,8,8,347221957,801148508,crp,feedforward,23,0.007187701058639214,0.11898243132606148,0.9772,1.0,3.0,1.0,0.0,0.9990000128746033,1.0,3.0,1.0,0.0,0.9990000128746033,,
2026-03-26T22:28:26,comparison_condition_crp_feedforward_20260326_213610,crp_feedforward,8,8,347221957,801148508,crp,feedforward,24,0.00726561899380642,0.16153248077028073,0.9715,1.0,3.0,1.0,0.0,0.9990000128746033,1.0,3.0,1.0,0.0,0.9990000128746033,,
2026-03-26T22:28:42,comparison_condition_crp_feedforward_20260326_213610,crp_feedforward,8,8,347221957,801148508,crp,feedforward,25,0.01335326764327474,0.14109547184362456,0.9742,1.0,3.0,1.0,0.0,0.9990000128746033,1.0,3.0,1.0,0.0,0.9990000128746033,,
2026-03-26T22:29:02,comparison_condition_crp_feedforward_20260326_213610,crp_feedforward,9,9,266861098,1877275096,crp,feedforward,1,0.29102830775260924,0.14516751891374588,0.9558,1.0,3.0,1.0,0.0,0.9990000128746033,1.0,3.0,1.0,0.0,0.9990000128746033,,
2026-03-26T22:29:19,comparison_condition_crp_feedforward_20260326_213610,crp_feedforward,9,9,266861098,1877275096,crp,feedforward,2,0.12105251750946044,0.11951083533763886,0.9632,1.0,3.0,1.0,0.0,0.9990000128746033,1.0,3.0,1.0,0.0,0.9990000128746033,,
2026-03-26T22:29:34,comparison_condition_crp_feedforward_20260326_213610,crp_feedforward,9,9,266861098,1877275096,crp,feedforward,3,0.08458903878688813,0.11061603562831879,0.9665,1.0,3.0,1.0,0.0,0.9990000128746033,1.0,3.0,1.0,0.0,0.9990000128746033,,
2026-03-26T22:29:50,comparison_condition_crp_feedforward_20260326_213610,crp_feedforward,9,9,266861098,1877275096,crp,feedforward,4,0.06137129423618316,0.09569863765910268,0.9715,1.0,3.0,1.0,0.0,0.9990000128746033,1.0,3.0,1.0,0.0,0.9990000128746033,,
2026-03-26T22:30:06,comparison_condition_crp_feedforward_20260326_213610,crp_feedforward,9,9,266861098,1877275096,crp,feedforward,5,0.049550687273144725,0.08420192658901214,0.9755,1.0,3.0,1.0,0.0,0.9990000128746033,1.0,3.0,1.0,0.0,0.9990000128746033,,
2026-03-26T22:30:21,comparison_condition_crp_feedforward_20260326_213610,crp_feedforward,9,9,266861098,1877275096,crp,feedforward,6,0.040481411028504374,0.084653887540102,0.9771,1.0,3.0,1.0,0.0,0.9990000128746033,1.0,3.0,1.0,0.0,0.9990000128746033,,
2026-03-26T22:30:37,comparison_condition_crp_feedforward_20260326_213610,crp_feedforward,9,9,266861098,1877275096,crp,feedforward,7,0.02959918200790882,0.0973226504266262,0.9725,1.0,3.0,1.0,0.0,0.9990000128746033,1.0,3.0,1.0,0.0,0.9990000128746033,,
2026-03-26T22:30:53,comparison_condition_crp_feedforward_20260326_213610,crp_feedforward,9,9,266861098,1877275096,crp,feedforward,8,0.024940197354853155,0.09298471710085869,0.9749,1.0,3.0,1.0,0.0,0.9990000128746033,1.0,3.0,1.0,0.0,0.9990000128746033,,
2026-03-26T22:31:09,comparison_condition_crp_feedforward_20260326_213610,crp_feedforward,9,9,266861098,1877275096,crp,feedforward,9,0.02092125730752945,0.09794918065182864,0.9766,1.0,3.0,1.0,0.0,0.9990000128746033,1.0,3.0,1.0,0.0,0.9990000128746033,,
2026-03-26T22:31:24,comparison_condition_crp_feedforward_20260326_213610,crp_feedforward,9,9,266861098,1877275096,crp,feedforward,10,0.021464035672992467,0.10699536522030831,0.9737,1.0,3.0,1.0,0.0,0.9990000128746033,1.0,3.0,1.0,0.0,0.9990000128746033,,
2026-03-26T22:31:40,comparison_condition_crp_feedforward_20260326_213610,crp_feedforward,9,9,266861098,1877275096,crp,feedforward,11,0.01616375560261309,0.10025647150576114,0.9777,1.0,3.0,1.0,0.0,0.9990000128746033,1.0,3.0,1.0,0.0,0.9990000128746033,,
2026-03-26T22:31:56,comparison_condition_crp_feedforward_20260326_213610,crp_feedforward,9,9,266861098,1877275096,crp,feedforward,12,0.01517340710401535,0.10149240536242723,0.9779,1.0,3.0,1.0,0.0,0.9990000128746033,1.0,3.0,1.0,0.0,0.9990000128746033,,
2026-03-26T22:32:12,comparison_condition_crp_feedforward_20260326_213610,crp_feedforward,9,9,266861098,1877275096,crp,feedforward,13,0.015235784060582519,0.11974361666608602,0.9764,1.0,3.0,1.0,0.0,0.9990000128746033,1.0,3.0,1.0,0.0,0.9990000128746033,,
2026-03-26T22:32:27,comparison_condition_crp_feedforward_20260326_213610,crp_feedforward,9,9,266861098,1877275096,crp,feedforward,14,0.016748144416064023,0.12069914602190256,0.9745,1.0,3.0,1.0,0.0,0.9990000128746033,1.0,3.0,1.0,0.0,0.9990000128746033,,
2026-03-26T22:32:43,comparison_condition_crp_feedforward_20260326_213610,crp_feedforward,9,9,266861098,1877275096,crp,feedforward,15,0.013596104730293155,0.12566669015735388,0.9769,1.0,3.0,1.0,0.0,0.9990000128746033,1.0,3.0,1.0,0.0,0.9990000128746033,,
2026-03-26T22:32:59,comparison_condition_crp_feedforward_20260326_213610,crp_feedforward,9,9,266861098,1877275096,crp,feedforward,16,0.007512350226417184,0.14708023661421613,0.9712,1.0,3.0,1.0,0.0,0.9990000128746033,1.0,3.0,1.0,0.0,0.9990000128746033,,
2026-03-26T22:33:15,comparison_condition_crp_feedforward_20260326_213610,crp_feedforward,9,9,266861098,1877275096,crp,feedforward,17,0.01555510944286827,0.13864809783147647,0.9725,1.0,3.0,1.0,0.0,0.9990000128746033,1.0,3.0,1.0,0.0,0.9990000128746033,,
2026-03-26T22:33:31,comparison_condition_crp_feedforward_20260326_213610,crp_feedforward,9,9,266861098,1877275096,crp,feedforward,18,0.00920281809626147,0.12758265201932517,0.9778,1.0,3.0,1.0,0.0,0.9990000128746033,1.0,3.0,1.0,0.0,0.9990000128746033,,
2026-03-26T22:33:47,comparison_condition_crp_feedforward_20260326_213610,crp_feedforward,9,9,266861098,1877275096,crp,feedforward,19,0.00847680054797791,0.13409482538932935,0.9766,1.0,3.0,1.0,0.0,0.9990000128746033,1.0,3.0,1.0,0.0,0.9990000128746033,,
2026-03-26T22:34:02,comparison_condition_crp_feedforward_20260326_213610,crp_feedforward,9,9,266861098,1877275096,crp,feedforward,20,0.017774843659624458,0.12421057010786608,0.9786,1.0,3.0,1.0,0.0,0.9990000128746033,1.0,3.0,1.0,0.0,0.9990000128746033,,
2026-03-26T22:34:18,comparison_condition_crp_feedforward_20260326_213610,crp_feedforward,9,9,266861098,1877275096,crp,feedforward,21,0.010274223326882348,0.1323059460104152,0.9758,1.0,3.0,1.0,0.0,0.9990000128746033,1.0,3.0,1.0,0.0,0.9990000128746033,,
2026-03-26T22:34:34,comparison_condition_crp_feedforward_20260326_213610,crp_feedforward,9,9,266861098,1877275096,crp,feedforward,22,0.008374176767861936,0.1317897907503415,0.9793,1.0,3.0,1.0,0.0,0.9990000128746033,1.0,3.0,1.0,0.0,0.9990000128746033,,
2026-03-26T22:34:49,comparison_condition_crp_feedforward_20260326_213610,crp_feedforward,9,9,266861098,1877275096,crp,feedforward,23,0.007913329876232892,0.195693809086876,0.9701,1.0,3.0,1.0,0.0,0.9990000128746033,1.0,3.0,1.0,0.0,0.9990000128746033,,
2026-03-26T22:35:05,comparison_condition_crp_feedforward_20260326_213610,crp_feedforward,9,9,266861098,1877275096,crp,feedforward,24,0.010880444755977952,0.1465977683700621,0.9776,1.0,3.0,1.0,0.0,0.9990000128746033,1.0,3.0,1.0,0.0,0.9990000128746033,,
2026-03-26T22:35:20,comparison_condition_crp_feedforward_20260326_213610,crp_feedforward,9,9,266861098,1877275096,crp,feedforward,25,0.00866792754307855,0.13479145217556507,0.9784,1.0,3.0,1.0,0.0,0.9990000128746033,1.0,3.0,1.0,0.0,0.9990000128746033,,
2026-03-26T22:35:41,comparison_condition_crp_feedforward_20260326_213610,crp_feedforward,10,10,929723557,560686510,crp,feedforward,1,0.27711573315143584,0.15189167258739472,0.956,1.0,3.0,1.0,0.0,0.9990000128746033,1.0,3.0,1.0,0.0,0.9990000128746033,,
2026-03-26T22:35:56,comparison_condition_crp_feedforward_20260326_213610,crp_feedforward,10,10,929723557,560686510,crp,feedforward,2,0.11830553078174591,0.1202846935749054,0.9653,1.0,3.0,1.0,0.0,0.9990000128746033,1.0,3.0,1.0,0.0,0.9990000128746033,,
2026-03-26T22:36:12,comparison_condition_crp_feedforward_20260326_213610,crp_feedforward,10,10,929723557,560686510,crp,feedforward,3,0.0828515345132351,0.1155431671768427,0.9652,1.0,3.0,1.0,0.0,0.9990000128746033,1.0,3.0,1.0,0.0,0.9990000128746033,,
2026-03-26T22:36:28,comparison_condition_crp_feedforward_20260326_213610,crp_feedforward,10,10,929723557,560686510,crp,feedforward,4,0.060473431766033175,0.11532333443462849,0.9689,1.0,3.0,1.0,0.0,0.9990000128746033,1.0,3.0,1.0,0.0,0.9990000128746033,,
2026-03-26T22:36:43,comparison_condition_crp_feedforward_20260326_213610,crp_feedforward,10,10,929723557,560686510,crp,feedforward,5,0.04870259799957275,0.10859406485557556,0.9714,1.0,3.0,1.0,0.0,0.9990000128746033,1.0,3.0,1.0,0.0,0.9990000128746033,,
2026-03-26T22:37:00,comparison_condition_crp_feedforward_20260326_213610,crp_feedforward,10,10,929723557,560686510,crp,feedforward,6,0.0358470015668869,0.1091222614467144,0.9704,1.0,3.0,1.0,0.0,0.9990000128746033,1.0,3.0,1.0,0.0,0.9990000128746033,,
2026-03-26T22:37:15,comparison_condition_crp_feedforward_20260326_213610,crp_feedforward,10,10,929723557,560686510,crp,feedforward,7,0.02989166583150625,0.10932036787420511,0.9742,1.0,3.0,1.0,0.0,0.9990000128746033,1.0,3.0,1.0,0.0,0.9990000128746033,,
2026-03-26T22:37:31,comparison_condition_crp_feedforward_20260326_213610,crp_feedforward,10,10,929723557,560686510,crp,feedforward,8,0.025616726694703103,0.09923463116884232,0.9754,1.0,3.0,1.0,0.0,0.9990000128746033,1.0,3.0,1.0,0.0,0.9990000128746033,,
2026-03-26T22:37:46,comparison_condition_crp_feedforward_20260326_213610,crp_feedforward,10,10,929723557,560686510,crp,feedforward,9,0.023556115594506263,0.13147814944982528,0.9701,1.0,3.0,1.0,0.0,0.9990000128746033,1.0,3.0,1.0,0.0,0.9990000128746033,,
2026-03-26T22:38:02,comparison_condition_crp_feedforward_20260326_213610,crp_feedforward,10,10,929723557,560686510,crp,feedforward,10,0.017069380647838115,0.1124500319480896,0.9754,1.0,3.0,1.0,0.0,0.9990000128746033,1.0,3.0,1.0,0.0,0.9990000128746033,,
2026-03-26T22:38:18,comparison_condition_crp_feedforward_20260326_213610,crp_feedforward,10,10,929723557,560686510,crp,feedforward,11,0.013857769610211254,0.10918392342031003,0.9756,1.0,3.0,1.0,0.0,0.9990000128746033,1.0,3.0,1.0,0.0,0.9990000128746033,,
2026-03-26T22:38:34,comparison_condition_crp_feedforward_20260326_213610,crp_feedforward,10,10,929723557,560686510,crp,feedforward,12,0.018276530583351852,0.12883107014894485,0.9712,1.0,3.0,1.0,0.0,0.9990000128746033,1.0,3.0,1.0,0.0,0.9990000128746033,,
2026-03-26T22:38:49,comparison_condition_crp_feedforward_20260326_213610,crp_feedforward,10,10,929723557,560686510,crp,feedforward,13,0.018138894832218064,0.1257223666984588,0.976,1.0,3.0,1.0,0.0,0.9990000128746033,1.0,3.0,1.0,0.0,0.9990000128746033,,
2026-03-26T22:39:05,comparison_condition_crp_feedforward_20260326_213610,crp_feedforward,10,10,929723557,560686510,crp,feedforward,14,0.012006271491497755,0.12194105374217033,0.9768,1.0,3.0,1.0,0.0,0.9990000128746033,1.0,3.0,1.0,0.0,0.9990000128746033,,
2026-03-26T22:39:20,comparison_condition_crp_feedforward_20260326_213610,crp_feedforward,10,10,929723557,560686510,crp,feedforward,15,0.012704012005664409,0.12166908665597438,0.9774,1.0,3.0,1.0,0.0,0.9990000128746033,1.0,3.0,1.0,0.0,0.9990000128746033,,
2026-03-26T22:39:36,comparison_condition_crp_feedforward_20260326_213610,crp_feedforward,10,10,929723557,560686510,crp,feedforward,16,0.017005775873698295,0.16436523065567016,0.9686,1.0,3.0,1.0,0.0,0.9990000128746033,1.0,3.0,1.0,0.0,0.9990000128746033,,
2026-03-26T22:39:51,comparison_condition_crp_feedforward_20260326_213610,crp_feedforward,10,10,929723557,560686510,crp,feedforward,17,0.011713802383057774,0.1288106313586235,0.9751,1.0,3.0,1.0,0.0,0.9990000128746033,1.0,3.0,1.0,0.0,0.9990000128746033,,
2026-03-26T22:40:07,comparison_condition_crp_feedforward_20260326_213610,crp_feedforward,10,10,929723557,560686510,crp,feedforward,18,0.00878710226966068,0.1347477202296257,0.9761,1.0,3.0,1.0,0.0,0.9990000128746033,1.0,3.0,1.0,0.0,0.9990000128746033,,
2026-03-26T22:40:23,comparison_condition_crp_feedforward_20260326_213610,crp_feedforward,10,10,929723557,560686510,crp,feedforward,19,0.005770153636010363,0.13926889362335204,0.9759,1.0,3.0,1.0,0.0,0.9990000128746033,1.0,3.0,1.0,0.0,0.9990000128746033,,
2026-03-26T22:40:39,comparison_condition_crp_feedforward_20260326_213610,crp_feedforward,10,10,929723557,560686510,crp,feedforward,20,0.012676822913801298,0.14077909099459648,0.975,1.0,3.0,1.0,0.0,0.9990000128746033,1.0,3.0,1.0,0.0,0.9990000128746033,,
2026-03-26T22:40:54,comparison_condition_crp_feedforward_20260326_213610,crp_feedforward,10,10,929723557,560686510,crp,feedforward,21,0.013146887489650398,0.1530080928519368,0.9747,1.0,3.0,1.0,0.0,0.9990000128746033,1.0,3.0,1.0,0.0,0.9990000128746033,,
2026-03-26T22:41:10,comparison_condition_crp_feedforward_20260326_213610,crp_feedforward,10,10,929723557,560686510,crp,feedforward,22,0.009294092000462115,0.154656510733068,0.974,1.0,3.0,1.0,0.0,0.9990000128746033,1.0,3.0,1.0,0.0,0.9990000128746033,,
2026-03-26T22:41:25,comparison_condition_crp_feedforward_20260326_213610,crp_feedforward,10,10,929723557,560686510,crp,feedforward,23,0.007584088953591418,0.15511098955273628,0.9754,1.0,3.0,1.0,0.0,0.9990000128746033,1.0,3.0,1.0,0.0,0.9990000128746033,,
2026-03-26T22:41:41,comparison_condition_crp_feedforward_20260326_213610,crp_feedforward,10,10,929723557,560686510,crp,feedforward,24,0.008258027077289298,0.18068929497003555,0.9722,1.0,3.0,1.0,0.0,0.9990000128746033,1.0,3.0,1.0,0.0,0.9990000128746033,,
2026-03-26T22:41:57,comparison_condition_crp_feedforward_20260326_213610,crp_feedforward,10,10,929723557,560686510,crp,feedforward,25,0.011126652785334736,0.16872687228918076,0.9737,1.0,3.0,1.0,0.0,0.9990000128746033,1.0,3.0,1.0,0.0,0.9990000128746033,,
2026-03-26T22:42:17,comparison_condition_crp_feedforward_20260326_213610,crp_feedforward,11,11,1207054354,1346933383,crp,feedforward,1,0.30051291947603226,0.15762460018396376,0.9508,1.0,3.0,1.0,0.0,0.9990000128746033,1.0,3.0,1.0,0.0,0.9990000128746033,,
2026-03-26T22:42:33,comparison_condition_crp_feedforward_20260326_213610,crp_feedforward,11,11,1207054354,1346933383,crp,feedforward,2,0.11935040602684022,0.12299670006036759,0.9612,1.0,3.0,1.0,0.0,0.9990000128746033,1.0,3.0,1.0,0.0,0.9990000128746033,,
2026-03-26T22:42:49,comparison_condition_crp_feedforward_20260326_213610,crp_feedforward,11,11,1207054354,1346933383,crp,feedforward,3,0.08250813929796219,0.10221494054198266,0.968,1.0,3.0,1.0,0.0,0.9990000128746033,1.0,3.0,1.0,0.0,0.9990000128746033,,
2026-03-26T22:43:04,comparison_condition_crp_feedforward_20260326_213610,crp_feedforward,11,11,1207054354,1346933383,crp,feedforward,4,0.06114307500123978,0.09824706166982651,0.9689,1.0,3.0,1.0,0.0,0.9990000128746033,1.0,3.0,1.0,0.0,0.9990000128746033,,
2026-03-26T22:43:20,comparison_condition_crp_feedforward_20260326_213610,crp_feedforward,11,11,1207054354,1346933383,crp,feedforward,5,0.04696487627148628,0.09779272471666337,0.9711,1.0,3.0,1.0,0.0,0.9990000128746033,1.0,3.0,1.0,0.0,0.9990000128746033,,
2026-03-26T22:43:36,comparison_condition_crp_feedforward_20260326_213610,crp_feedforward,11,11,1207054354,1346933383,crp,feedforward,6,0.036916316077113154,0.09618205452561379,0.972,1.0,3.0,1.0,0.0,0.9990000128746033,1.0,3.0,1.0,0.0,0.9990000128746033,,
2026-03-26T22:43:52,comparison_condition_crp_feedforward_20260326_213610,crp_feedforward,11,11,1207054354,1346933383,crp,feedforward,7,0.02991315773010254,0.08429591098614037,0.9772,1.0,3.0,1.0,0.0,0.9990000128746033,1.0,3.0,1.0,0.0,0.9990000128746033,,
2026-03-26T22:44:08,comparison_condition_crp_feedforward_20260326_213610,crp_feedforward,11,11,1207054354,1346933383,crp,feedforward,8,0.021008581108152867,0.09706912843286991,0.9753,1.0,3.0,1.0,0.0,0.9990000128746033,1.0,3.0,1.0,0.0,0.9990000128746033,,
2026-03-26T22:44:23,comparison_condition_crp_feedforward_20260326_213610,crp_feedforward,11,11,1207054354,1346933383,crp,feedforward,9,0.019289668167978526,0.09656732825320213,0.9748,1.0,3.0,1.0,0.0,0.9990000128746033,1.0,3.0,1.0,0.0,0.9990000128746033,,
2026-03-26T22:44:39,comparison_condition_crp_feedforward_20260326_213610,crp_feedforward,11,11,1207054354,1346933383,crp,feedforward,10,0.0171210049264133,0.09524428595304489,0.9774,1.0,3.0,1.0,0.0,0.9990000128746033,1.0,3.0,1.0,0.0,0.9990000128746033,,
2026-03-26T22:44:54,comparison_condition_crp_feedforward_20260326_213610,crp_feedforward,11,11,1207054354,1346933383,crp,feedforward,11,0.022098060011267663,0.129534673688747,0.9671,1.0,3.0,1.0,0.0,0.9990000128746033,1.0,3.0,1.0,0.0,0.9990000128746033,,
2026-03-26T22:45:10,comparison_condition_crp_feedforward_20260326_213610,crp_feedforward,11,11,1207054354,1346933383,crp,feedforward,12,0.016058910492099822,0.1055320651119575,0.9757,1.0,3.0,1.0,0.0,0.9990000128746033,1.0,3.0,1.0,0.0,0.9990000128746033,,
2026-03-26T22:45:26,comparison_condition_crp_feedforward_20260326_213610,crp_feedforward,11,11,1207054354,1346933383,crp,feedforward,13,0.011660365031063557,0.10250105440444313,0.9775,1.0,3.0,1.0,0.0,0.9990000128746033,1.0,3.0,1.0,0.0,0.9990000128746033,,
2026-03-26T22:45:41,comparison_condition_crp_feedforward_20260326_213610,crp_feedforward,11,11,1207054354,1346933383,crp,feedforward,14,0.014326370910778641,0.10778001788649708,0.9776,1.0,3.0,1.0,0.0,0.9990000128746033,1.0,3.0,1.0,0.0,0.9990000128746033,,
2026-03-26T22:45:57,comparison_condition_crp_feedforward_20260326_213610,crp_feedforward,11,11,1207054354,1346933383,crp,feedforward,15,0.012670054463520646,0.11361194111406803,0.9782,1.0,3.0,1.0,0.0,0.9990000128746033,1.0,3.0,1.0,0.0,0.9990000128746033,,
2026-03-26T22:46:12,comparison_condition_crp_feedforward_20260326_213610,crp_feedforward,11,11,1207054354,1346933383,crp,feedforward,16,0.011705814624279737,0.1280953585639596,0.9751,1.0,3.0,1.0,0.0,0.9990000128746033,1.0,3.0,1.0,0.0,0.9990000128746033,,
2026-03-26T22:46:28,comparison_condition_crp_feedforward_20260326_213610,crp_feedforward,11,11,1207054354,1346933383,crp,feedforward,17,0.017034252596087755,0.1103865938551724,0.9777,1.0,3.0,1.0,0.0,0.9990000128746033,1.0,3.0,1.0,0.0,0.9990000128746033,,
2026-03-26T22:46:44,comparison_condition_crp_feedforward_20260326_213610,crp_feedforward,11,11,1207054354,1346933383,crp,feedforward,18,0.009601491263825446,0.10131908051269128,0.9798,1.0,3.0,1.0,0.0,0.9990000128746033,1.0,3.0,1.0,0.0,0.9990000128746033,,
2026-03-26T22:46:59,comparison_condition_crp_feedforward_20260326_213610,crp_feedforward,11,11,1207054354,1346933383,crp,feedforward,19,0.009033078368110582,0.11912679137680679,0.9779,1.0,3.0,1.0,0.0,0.9990000128746033,1.0,3.0,1.0,0.0,0.9990000128746033,,
2026-03-26T22:47:16,comparison_condition_crp_feedforward_20260326_213610,crp_feedforward,11,11,1207054354,1346933383,crp,feedforward,20,0.010255338762365281,0.1144550833273679,0.9786,1.0,3.0,1.0,0.0,0.9990000128746033,1.0,3.0,1.0,0.0,0.9990000128746033,,
2026-03-26T22:47:31,comparison_condition_crp_feedforward_20260326_213610,crp_feedforward,11,11,1207054354,1346933383,crp,feedforward,21,0.007693312066406943,0.132704675807897,0.9764,1.0,3.0,1.0,0.0,0.9990000128746033,1.0,3.0,1.0,0.0,0.9990000128746033,,
2026-03-26T22:47:47,comparison_condition_crp_feedforward_20260326_213610,crp_feedforward,11,11,1207054354,1346933383,crp,feedforward,22,0.008057476152218879,0.14442845122185535,0.9762,1.0,3.0,1.0,0.0,0.9990000128746033,1.0,3.0,1.0,0.0,0.9990000128746033,,
2026-03-26T22:48:03,comparison_condition_crp_feedforward_20260326_213610,crp_feedforward,11,11,1207054354,1346933383,crp,feedforward,23,0.01125470807729289,0.12772065500020982,0.9777,1.0,3.0,1.0,0.0,0.9990000128746033,1.0,3.0,1.0,0.0,0.9990000128746033,,
2026-03-26T22:48:19,comparison_condition_crp_feedforward_20260326_213610,crp_feedforward,11,11,1207054354,1346933383,crp,feedforward,24,0.009568899061079137,0.13987387140840293,0.9761,1.0,3.0,1.0,0.0,0.9990000128746033,1.0,3.0,1.0,0.0,0.9990000128746033,,
2026-03-26T22:48:34,comparison_condition_crp_feedforward_20260326_213610,crp_feedforward,11,11,1207054354,1346933383,crp,feedforward,25,0.011106725518172607,0.1363531646188698,0.9764,1.0,3.0,1.0,0.0,0.9990000128746033,1.0,3.0,1.0,0.0,0.9990000128746033,,
2026-03-26T22:48:54,comparison_condition_crp_feedforward_20260326_213610,crp_feedforward,12,12,374399940,1313764614,crp,feedforward,1,0.28834732530117035,0.160713287062943,0.9537,1.0,3.0,1.0,0.0,0.9990000128746033,1.0,3.0,1.0,0.0,0.9990000128746033,,
2026-03-26T22:49:10,comparison_condition_crp_feedforward_20260326_213610,crp_feedforward,12,12,374399940,1313764614,crp,feedforward,2,0.11993118372917175,0.12111777259483933,0.9628,1.0,3.0,1.0,0.0,0.9990000128746033,1.0,3.0,1.0,0.0,0.9990000128746033,,
2026-03-26T22:49:26,comparison_condition_crp_feedforward_20260326_213610,crp_feedforward,12,12,374399940,1313764614,crp,feedforward,3,0.08232395255088806,0.10833940061610192,0.9672,1.0,3.0,1.0,0.0,0.9990000128746033,1.0,3.0,1.0,0.0,0.9990000128746033,,
2026-03-26T22:49:41,comparison_condition_crp_feedforward_20260326_213610,crp_feedforward,12,12,374399940,1313764614,crp,feedforward,4,0.06141756896972656,0.11107754120416939,0.9663,1.0,3.0,1.0,0.0,0.9990000128746033,1.0,3.0,1.0,0.0,0.9990000128746033,,
2026-03-26T22:49:57,comparison_condition_crp_feedforward_20260326_213610,crp_feedforward,12,12,374399940,1313764614,crp,feedforward,5,0.04805983672618866,0.09873522773627191,0.9707,1.0,3.0,1.0,0.0,0.9990000128746033,1.0,3.0,1.0,0.0,0.9990000128746033,,
2026-03-26T22:50:12,comparison_condition_crp_feedforward_20260326_213610,crp_feedforward,12,12,374399940,1313764614,crp,feedforward,6,0.03494122250676155,0.1045697889813222,0.9705,1.0,3.0,1.0,0.0,0.9990000128746033,1.0,3.0,1.0,0.0,0.9990000128746033,,
2026-03-26T22:50:28,comparison_condition_crp_feedforward_20260326_213610,crp_feedforward,12,12,374399940,1313764614,crp,feedforward,7,0.030851973326802253,0.09756266741096042,0.9746,1.0,3.0,1.0,0.0,0.9990000128746033,1.0,3.0,1.0,0.0,0.9990000128746033,,
2026-03-26T22:50:44,comparison_condition_crp_feedforward_20260326_213610,crp_feedforward,12,12,374399940,1313764614,crp,feedforward,8,0.024148850802332162,0.10258094487087802,0.9759,1.0,3.0,1.0,0.0,0.9990000128746033,1.0,3.0,1.0,0.0,0.9990000128746033,,
2026-03-26T22:51:00,comparison_condition_crp_feedforward_20260326_213610,crp_feedforward,12,12,374399940,1313764614,crp,feedforward,9,0.020405764634907245,0.11152665562219918,0.9711,1.0,3.0,1.0,0.0,0.9990000128746033,1.0,3.0,1.0,0.0,0.9990000128746033,,
2026-03-26T22:51:15,comparison_condition_crp_feedforward_20260326_213610,crp_feedforward,12,12,374399940,1313764614,crp,feedforward,10,0.017281501876562834,0.1346207076143124,0.9694,1.0,3.0,1.0,0.0,0.9990000128746033,1.0,3.0,1.0,0.0,0.9990000128746033,,
2026-03-26T22:51:31,comparison_condition_crp_feedforward_20260326_213610,crp_feedforward,12,12,374399940,1313764614,crp,feedforward,11,0.018227605946958065,0.11822538398215547,0.9735,1.0,3.0,1.0,0.0,0.9990000128746033,1.0,3.0,1.0,0.0,0.9990000128746033,,
2026-03-26T22:51:47,comparison_condition_crp_feedforward_20260326_213610,crp_feedforward,12,12,374399940,1313764614,crp,feedforward,12,0.019149925914406778,0.12135888763981056,0.9745,1.0,3.0,1.0,0.0,0.9990000128746033,1.0,3.0,1.0,0.0,0.9990000128746033,,
2026-03-26T22:52:03,comparison_condition_crp_feedforward_20260326_213610,crp_feedforward,12,12,374399940,1313764614,crp,feedforward,13,0.015349429194033147,0.10713229952803813,0.9773,1.0,3.0,1.0,0.0,0.9990000128746033,1.0,3.0,1.0,0.0,0.9990000128746033,,
2026-03-26T22:52:18,comparison_condition_crp_feedforward_20260326_213610,crp_feedforward,12,12,374399940,1313764614,crp,feedforward,14,0.013469398668035865,0.13503560136556625,0.9724,1.0,3.0,1.0,0.0,0.9990000128746033,1.0,3.0,1.0,0.0,0.9990000128746033,,
2026-03-26T22:52:34,comparison_condition_crp_feedforward_20260326_213610,crp_feedforward,12,12,374399940,1313764614,crp,feedforward,15,0.015153919723667204,0.12633241496536649,0.9728,1.0,3.0,1.0,0.0,0.9990000128746033,1.0,3.0,1.0,0.0,0.9990000128746033,,
2026-03-26T22:52:50,comparison_condition_crp_feedforward_20260326_213610,crp_feedforward,12,12,374399940,1313764614,crp,feedforward,16,0.012711993835808243,0.13500070661144564,0.9727,1.0,3.0,1.0,0.0,0.9990000128746033,1.0,3.0,1.0,0.0,0.9990000128746033,,
2026-03-26T22:53:05,comparison_condition_crp_feedforward_20260326_213610,crp_feedforward,12,12,374399940,1313764614,crp,feedforward,17,0.010569911490920932,0.13938761401454977,0.9718,1.0,3.0,1.0,0.0,0.9990000128746033,1.0,3.0,1.0,0.0,0.9990000128746033,,
2026-03-26T22:53:21,comparison_condition_crp_feedforward_20260326_213610,crp_feedforward,12,12,374399940,1313764614,crp,feedforward,18,0.013155852060057222,0.13375900234337895,0.9729,1.0,3.0,1.0,0.0,0.9990000128746033,1.0,3.0,1.0,0.0,0.9990000128746033,,
2026-03-26T22:53:36,comparison_condition_crp_feedforward_20260326_213610,crp_feedforward,12,12,374399940,1313764614,crp,feedforward,19,0.007818108873926102,0.14065204238481582,0.9751,1.0,3.0,1.0,0.0,0.9990000128746033,1.0,3.0,1.0,0.0,0.9990000128746033,,
2026-03-26T22:53:52,comparison_condition_crp_feedforward_20260326_213610,crp_feedforward,12,12,374399940,1313764614,crp,feedforward,20,0.0102926658436656,0.14018676051197781,0.977,1.0,3.0,1.0,0.0,0.9990000128746033,1.0,3.0,1.0,0.0,0.9990000128746033,,
2026-03-26T22:54:08,comparison_condition_crp_feedforward_20260326_213610,crp_feedforward,12,12,374399940,1313764614,crp,feedforward,21,0.014541087898630648,0.1513181440529879,0.9753,1.0,3.0,1.0,0.0,0.9990000128746033,1.0,3.0,1.0,0.0,0.9990000128746033,,
2026-03-26T22:54:24,comparison_condition_crp_feedforward_20260326_213610,crp_feedforward,12,12,374399940,1313764614,crp,feedforward,22,0.012279266608171165,0.14045872295498815,0.9748,1.0,3.0,1.0,0.0,0.9990000128746033,1.0,3.0,1.0,0.0,0.9990000128746033,,
2026-03-26T22:54:40,comparison_condition_crp_feedforward_20260326_213610,crp_feedforward,12,12,374399940,1313764614,crp,feedforward,23,0.007158143903361633,0.14618737884579897,0.9752,1.0,3.0,1.0,0.0,0.9990000128746033,1.0,3.0,1.0,0.0,0.9990000128746033,,
2026-03-26T22:54:56,comparison_condition_crp_feedforward_20260326_213610,crp_feedforward,12,12,374399940,1313764614,crp,feedforward,24,0.005733887138250284,0.15817756532672791,0.9723,1.0,3.0,1.0,0.0,0.9990000128746033,1.0,3.0,1.0,0.0,0.9990000128746033,,
2026-03-26T22:55:11,comparison_condition_crp_feedforward_20260326_213610,crp_feedforward,12,12,374399940,1313764614,crp,feedforward,25,0.007401165821098257,0.1729458291813731,0.9731,1.0,3.0,1.0,0.0,0.9990000128746033,1.0,3.0,1.0,0.0,0.9990000128746033,,
2026-03-26T22:55:31,comparison_condition_crp_feedforward_20260326_213610,crp_feedforward,13,13,1188033244,401169362,crp,feedforward,1,0.2932016741466522,0.1614534601330757,0.9501,1.0,3.0,1.0,0.0,0.9990000128746033,1.0,3.0,1.0,0.0,0.9990000128746033,,
2026-03-26T22:55:47,comparison_condition_crp_feedforward_20260326_213610,crp_feedforward,13,13,1188033244,401169362,crp,feedforward,2,0.11697628113269806,0.12086260320544243,0.9633,1.0,3.0,1.0,0.0,0.9990000128746033,1.0,3.0,1.0,0.0,0.9990000128746033,,
2026-03-26T22:56:03,comparison_condition_crp_feedforward_20260326_213610,crp_feedforward,13,13,1188033244,401169362,crp,feedforward,3,0.08108352207899093,0.1009294314622879,0.9698,1.0,3.0,1.0,0.0,0.9990000128746033,1.0,3.0,1.0,0.0,0.9990000128746033,,
2026-03-26T22:56:19,comparison_condition_crp_feedforward_20260326_213610,crp_feedforward,13,13,1188033244,401169362,crp,feedforward,4,0.05989771627187729,0.10188395086824895,0.9698,1.0,3.0,1.0,0.0,0.9990000128746033,1.0,3.0,1.0,0.0,0.9990000128746033,,
2026-03-26T22:56:34,comparison_condition_crp_feedforward_20260326_213610,crp_feedforward,13,13,1188033244,401169362,crp,feedforward,5,0.0478964429295063,0.09800803872644902,0.9711,1.0,3.0,1.0,0.0,0.9990000128746033,1.0,3.0,1.0,0.0,0.9990000128746033,,
2026-03-26T22:56:50,comparison_condition_crp_feedforward_20260326_213610,crp_feedforward,13,13,1188033244,401169362,crp,feedforward,6,0.03550311929345131,0.09050538604855538,0.9757,1.0,3.0,1.0,0.0,0.9990000128746033,1.0,3.0,1.0,0.0,0.9990000128746033,,
2026-03-26T22:57:06,comparison_condition_crp_feedforward_20260326_213610,crp_feedforward,13,13,1188033244,401169362,crp,feedforward,7,0.029294983940124513,0.09963780678212643,0.9746,1.0,3.0,1.0,0.0,0.9990000128746033,1.0,3.0,1.0,0.0,0.9990000128746033,,
2026-03-26T22:57:22,comparison_condition_crp_feedforward_20260326_213610,crp_feedforward,13,13,1188033244,401169362,crp,feedforward,8,0.024073229797184466,0.0979069721005857,0.975,1.0,3.0,1.0,0.0,0.9990000128746033,1.0,3.0,1.0,0.0,0.9990000128746033,,
2026-03-26T22:57:37,comparison_condition_crp_feedforward_20260326_213610,crp_feedforward,13,13,1188033244,401169362,crp,feedforward,9,0.022355611267983914,0.11156561737656594,0.9724,1.0,3.0,1.0,0.0,0.9990000128746033,1.0,3.0,1.0,0.0,0.9990000128746033,,
2026-03-26T22:57:53,comparison_condition_crp_feedforward_20260326_213610,crp_feedforward,13,13,1188033244,401169362,crp,feedforward,10,0.019195234296247362,0.11528097211718559,0.973,1.0,3.0,1.0,0.0,0.9990000128746033,1.0,3.0,1.0,0.0,0.9990000128746033,,
2026-03-26T22:58:09,comparison_condition_crp_feedforward_20260326_213610,crp_feedforward,13,13,1188033244,401169362,crp,feedforward,11,0.015320523874908686,0.12234004712104797,0.9725,1.0,3.0,1.0,0.0,0.9990000128746033,1.0,3.0,1.0,0.0,0.9990000128746033,,
2026-03-26T22:58:25,comparison_condition_crp_feedforward_20260326_213610,crp_feedforward,13,13,1188033244,401169362,crp,feedforward,12,0.017222674476206304,0.12389591838419438,0.9723,1.0,3.0,1.0,0.0,0.9990000128746033,1.0,3.0,1.0,0.0,0.9990000128746033,,
2026-03-26T22:58:41,comparison_condition_crp_feedforward_20260326_213610,crp_feedforward,13,13,1188033244,401169362,crp,feedforward,13,0.013659848405532539,0.11981021172865294,0.9742,1.0,3.0,1.0,0.0,0.9990000128746033,1.0,3.0,1.0,0.0,0.9990000128746033,,
2026-03-26T22:58:56,comparison_condition_crp_feedforward_20260326_213610,crp_feedforward,13,13,1188033244,401169362,crp,feedforward,14,0.01412868447329849,0.12299432549476623,0.9732,1.0,3.0,1.0,0.0,0.9990000128746033,1.0,3.0,1.0,0.0,0.9990000128746033,,
2026-03-26T22:59:12,comparison_condition_crp_feedforward_20260326_213610,crp_feedforward,13,13,1188033244,401169362,crp,feedforward,15,0.013261014026738703,0.10726389515399933,0.9788,1.0,3.0,1.0,0.0,0.9990000128746033,1.0,3.0,1.0,0.0,0.9990000128746033,,
2026-03-26T22:59:28,comparison_condition_crp_feedforward_20260326_213610,crp_feedforward,13,13,1188033244,401169362,crp,feedforward,16,0.016644823875054716,0.12232407329417765,0.9743,1.0,3.0,1.0,0.0,0.9990000128746033,1.0,3.0,1.0,0.0,0.9990000128746033,,
2026-03-26T22:59:43,comparison_condition_crp_feedforward_20260326_213610,crp_feedforward,13,13,1188033244,401169362,crp,feedforward,17,0.011627598091308028,0.12814313764497637,0.9741,1.0,3.0,1.0,0.0,0.9990000128746033,1.0,3.0,1.0,0.0,0.9990000128746033,,
2026-03-26T22:59:59,comparison_condition_crp_feedforward_20260326_213610,crp_feedforward,13,13,1188033244,401169362,crp,feedforward,18,0.010263835539370774,0.11532786724092439,0.9772,1.0,3.0,1.0,0.0,0.9990000128746033,1.0,3.0,1.0,0.0,0.9990000128746033,,
2026-03-26T23:00:14,comparison_condition_crp_feedforward_20260326_213610,crp_feedforward,13,13,1188033244,401169362,crp,feedforward,19,0.010705726652834565,0.13093756834864617,0.9744,1.0,3.0,1.0,0.0,0.9990000128746033,1.0,3.0,1.0,0.0,0.9990000128746033,,
2026-03-26T23:00:30,comparison_condition_crp_feedforward_20260326_213610,crp_feedforward,13,13,1188033244,401169362,crp,feedforward,20,0.007927335820887237,0.1378904297620058,0.9735,1.0,3.0,1.0,0.0,0.9990000128746033,1.0,3.0,1.0,0.0,0.9990000128746033,,
2026-03-26T23:00:46,comparison_condition_crp_feedforward_20260326_213610,crp_feedforward,13,13,1188033244,401169362,crp,feedforward,21,0.014376890245545655,0.1339256281375885,0.9749,1.0,3.0,1.0,0.0,0.9990000128746033,1.0,3.0,1.0,0.0,0.9990000128746033,,
2026-03-26T23:01:01,comparison_condition_crp_feedforward_20260326_213610,crp_feedforward,13,13,1188033244,401169362,crp,feedforward,22,0.012619143737275153,0.13921526520103217,0.9732,1.0,3.0,1.0,0.0,0.9990000128746033,1.0,3.0,1.0,0.0,0.9990000128746033,,
2026-03-26T23:01:17,comparison_condition_crp_feedforward_20260326_213610,crp_feedforward,13,13,1188033244,401169362,crp,feedforward,23,0.006662969986530952,0.1184370757104829,0.978,1.0,3.0,1.0,0.0,0.9990000128746033,1.0,3.0,1.0,0.0,0.9990000128746033,,
2026-03-26T23:01:33,comparison_condition_crp_feedforward_20260326_213610,crp_feedforward,13,13,1188033244,401169362,crp,feedforward,24,0.002403278889236972,0.12538417024984955,0.9805,1.0,3.0,1.0,0.0,0.9990000128746033,1.0,3.0,1.0,0.0,0.9990000128746033,,
2026-03-26T23:01:49,comparison_condition_crp_feedforward_20260326_213610,crp_feedforward,13,13,1188033244,401169362,crp,feedforward,25,0.005618754578549415,0.15825074804443867,0.9739,1.0,3.0,1.0,0.0,0.9990000128746033,1.0,3.0,1.0,0.0,0.9990000128746033,,
2026-03-26T23:02:09,comparison_condition_crp_feedforward_20260326_213610,crp_feedforward,14,14,762144912,1585161917,crp,feedforward,1,0.2892853659439087,0.1494749698162079,0.9561,1.0,3.0,1.0,0.0,0.9990000128746033,1.0,3.0,1.0,0.0,0.9990000128746033,,
2026-03-26T23:02:24,comparison_condition_crp_feedforward_20260326_213610,crp_feedforward,14,14,762144912,1585161917,crp,feedforward,2,0.11821168227910996,0.11430455948114396,0.966,1.0,3.0,1.0,0.0,0.9990000128746033,1.0,3.0,1.0,0.0,0.9990000128746033,,
2026-03-26T23:02:40,comparison_condition_crp_feedforward_20260326_213610,crp_feedforward,14,14,762144912,1585161917,crp,feedforward,3,0.08181784984052182,0.10208713929653168,0.9682,1.0,3.0,1.0,0.0,0.9990000128746033,1.0,3.0,1.0,0.0,0.9990000128746033,,
2026-03-26T23:02:56,comparison_condition_crp_feedforward_20260326_213610,crp_feedforward,14,14,762144912,1585161917,crp,feedforward,4,0.06028406172990799,0.09627427209615708,0.9706,1.0,3.0,1.0,0.0,0.9990000128746033,1.0,3.0,1.0,0.0,0.9990000128746033,,
2026-03-26T23:03:12,comparison_condition_crp_feedforward_20260326_213610,crp_feedforward,14,14,762144912,1585161917,crp,feedforward,5,0.044175865173339844,0.09200562361478805,0.9733,1.0,3.0,1.0,0.0,0.9990000128746033,1.0,3.0,1.0,0.0,0.9990000128746033,,
2026-03-26T23:03:27,comparison_condition_crp_feedforward_20260326_213610,crp_feedforward,14,14,762144912,1585161917,crp,feedforward,6,0.03545213135063648,0.09684216619729996,0.9727,1.0,3.0,1.0,0.0,0.9990000128746033,1.0,3.0,1.0,0.0,0.9990000128746033,,
2026-03-26T23:03:43,comparison_condition_crp_feedforward_20260326_213610,crp_feedforward,14,14,762144912,1585161917,crp,feedforward,7,0.03136323348850012,0.1114318327665329,0.9699,1.0,3.0,1.0,0.0,0.9990000128746033,1.0,3.0,1.0,0.0,0.9990000128746033,,
2026-03-26T23:03:59,comparison_condition_crp_feedforward_20260326_213610,crp_feedforward,14,14,762144912,1585161917,crp,feedforward,8,0.026782552404999733,0.09342092677056789,0.9744,1.0,3.0,1.0,0.0,0.9990000128746033,1.0,3.0,1.0,0.0,0.9990000128746033,,
2026-03-26T23:04:15,comparison_condition_crp_feedforward_20260326_213610,crp_feedforward,14,14,762144912,1585161917,crp,feedforward,9,0.02073488489627838,0.09230930814743042,0.9771,1.0,3.0,1.0,0.0,0.9990000128746033,1.0,3.0,1.0,0.0,0.9990000128746033,,
2026-03-26T23:04:30,comparison_condition_crp_feedforward_20260326_213610,crp_feedforward,14,14,762144912,1585161917,crp,feedforward,10,0.015972162330299616,0.09371412237882615,0.9769,1.0,3.0,1.0,0.0,0.9990000128746033,1.0,3.0,1.0,0.0,0.9990000128746033,,
2026-03-26T23:04:46,comparison_condition_crp_feedforward_20260326_213610,crp_feedforward,14,14,762144912,1585161917,crp,feedforward,11,0.016543540708571672,0.1173543709397316,0.9711,1.0,3.0,1.0,0.0,0.9990000128746033,1.0,3.0,1.0,0.0,0.9990000128746033,,
2026-03-26T23:05:01,comparison_condition_crp_feedforward_20260326_213610,crp_feedforward,14,14,762144912,1585161917,crp,feedforward,12,0.01722208096534014,0.09715910511612892,0.9774,1.0,3.0,1.0,0.0,0.9990000128746033,1.0,3.0,1.0,0.0,0.9990000128746033,,
2026-03-26T23:05:18,comparison_condition_crp_feedforward_20260326_213610,crp_feedforward,14,14,762144912,1585161917,crp,feedforward,13,0.01126077865978703,0.1028179906412959,0.9768,1.0,3.0,1.0,0.0,0.9990000128746033,1.0,3.0,1.0,0.0,0.9990000128746033,,
2026-03-26T23:05:33,comparison_condition_crp_feedforward_20260326_213610,crp_feedforward,14,14,762144912,1585161917,crp,feedforward,14,0.01384976578757167,0.10857465960681438,0.9745,1.0,3.0,1.0,0.0,0.9990000128746033,1.0,3.0,1.0,0.0,0.9990000128746033,,
2026-03-26T23:05:49,comparison_condition_crp_feedforward_20260326_213610,crp_feedforward,14,14,762144912,1585161917,crp,feedforward,15,0.012243507818840444,0.11744780188798905,0.9751,1.0,3.0,1.0,0.0,0.9990000128746033,1.0,3.0,1.0,0.0,0.9990000128746033,,
2026-03-26T23:06:04,comparison_condition_crp_feedforward_20260326_213610,crp_feedforward,14,14,762144912,1585161917,crp,feedforward,16,0.014508650044947863,0.12709639510512352,0.9744,1.0,3.0,1.0,0.0,0.9990000128746033,1.0,3.0,1.0,0.0,0.9990000128746033,,
2026-03-26T23:06:20,comparison_condition_crp_feedforward_20260326_213610,crp_feedforward,14,14,762144912,1585161917,crp,feedforward,17,0.011893440740387886,0.11373346643447876,0.9764,1.0,3.0,1.0,0.0,0.9990000128746033,1.0,3.0,1.0,0.0,0.9990000128746033,,
2026-03-26T23:06:35,comparison_condition_crp_feedforward_20260326_213610,crp_feedforward,14,14,762144912,1585161917,crp,feedforward,18,0.006841140436623245,0.12768695548772813,0.9766,1.0,3.0,1.0,0.0,0.9990000128746033,1.0,3.0,1.0,0.0,0.9990000128746033,,
2026-03-26T23:06:51,comparison_condition_crp_feedforward_20260326_213610,crp_feedforward,14,14,762144912,1585161917,crp,feedforward,19,0.009625378934377805,0.11721072881110013,0.9771,1.0,3.0,1.0,0.0,0.9990000128746033,1.0,3.0,1.0,0.0,0.9990000128746033,,
2026-03-26T23:07:07,comparison_condition_crp_feedforward_20260326_213610,crp_feedforward,14,14,762144912,1585161917,crp,feedforward,20,0.01325296554395929,0.14573343933820723,0.9724,1.0,3.0,1.0,0.0,0.9990000128746033,1.0,3.0,1.0,0.0,0.9990000128746033,,
2026-03-26T23:07:23,comparison_condition_crp_feedforward_20260326_213610,crp_feedforward,14,14,762144912,1585161917,crp,feedforward,21,0.013382662095120177,0.13662537331581115,0.9755,1.0,3.0,1.0,0.0,0.9990000128746033,1.0,3.0,1.0,0.0,0.9990000128746033,,
2026-03-26T23:07:39,comparison_condition_crp_feedforward_20260326_213610,crp_feedforward,14,14,762144912,1585161917,crp,feedforward,22,0.010551603829918604,0.113145985654369,0.9779,1.0,3.0,1.0,0.0,0.9990000128746033,1.0,3.0,1.0,0.0,0.9990000128746033,,
2026-03-26T23:07:55,comparison_condition_crp_feedforward_20260326_213610,crp_feedforward,14,14,762144912,1585161917,crp,feedforward,23,0.005099330527484417,0.11434572006445379,0.9798,1.0,3.0,1.0,0.0,0.9990000128746033,1.0,3.0,1.0,0.0,0.9990000128746033,,
2026-03-26T23:08:11,comparison_condition_crp_feedforward_20260326_213610,crp_feedforward,14,14,762144912,1585161917,crp,feedforward,24,0.005107559790494852,0.11877464672923088,0.9793,1.0,3.0,1.0,0.0,0.9990000128746033,1.0,3.0,1.0,0.0,0.9990000128746033,,
2026-03-26T23:08:26,comparison_condition_crp_feedforward_20260326_213610,crp_feedforward,14,14,762144912,1585161917,crp,feedforward,25,0.012354121322897264,0.16694980326890946,0.9711,1.0,3.0,1.0,0.0,0.9990000128746033,1.0,3.0,1.0,0.0,0.9990000128746033,,
2026-03-26T23:08:47,comparison_condition_crp_feedforward_20260326_213610,crp_feedforward,15,15,2057428455,1573825650,crp,feedforward,1,0.29473681292057036,0.1622291489481926,0.9484,1.0,3.0,1.0,0.0,0.9990000128746033,1.0,3.0,1.0,0.0,0.9990000128746033,,
2026-03-26T23:09:03,comparison_condition_crp_feedforward_20260326_213610,crp_feedforward,15,15,2057428455,1573825650,crp,feedforward,2,0.12044878591060638,0.13122598128020763,0.958,1.0,3.0,1.0,0.0,0.9990000128746033,1.0,3.0,1.0,0.0,0.9990000128746033,,
2026-03-26T23:09:18,comparison_condition_crp_feedforward_20260326_213610,crp_feedforward,15,15,2057428455,1573825650,crp,feedforward,3,0.08096352723360062,0.11335827199816703,0.9627,1.0,3.0,1.0,0.0,0.9990000128746033,1.0,3.0,1.0,0.0,0.9990000128746033,,
2026-03-26T23:09:34,comparison_condition_crp_feedforward_20260326_213610,crp_feedforward,15,15,2057428455,1573825650,crp,feedforward,4,0.0595177729177475,0.10326052390486001,0.9698,1.0,3.0,1.0,0.0,0.9990000128746033,1.0,3.0,1.0,0.0,0.9990000128746033,,
2026-03-26T23:09:50,comparison_condition_crp_feedforward_20260326_213610,crp_feedforward,15,15,2057428455,1573825650,crp,feedforward,5,0.04748788317322731,0.08594019082188606,0.9738,1.0,3.0,1.0,0.0,0.9990000128746033,1.0,3.0,1.0,0.0,0.9990000128746033,,
2026-03-26T23:10:05,comparison_condition_crp_feedforward_20260326_213610,crp_feedforward,15,15,2057428455,1573825650,crp,feedforward,6,0.039149307527542115,0.08029311201199889,0.976,1.0,3.0,1.0,0.0,0.9990000128746033,1.0,3.0,1.0,0.0,0.9990000128746033,,
2026-03-26T23:10:21,comparison_condition_crp_feedforward_20260326_213610,crp_feedforward,15,15,2057428455,1573825650,crp,feedforward,7,0.030343613706827165,0.08865811241567134,0.9733,1.0,3.0,1.0,0.0,0.9990000128746033,1.0,3.0,1.0,0.0,0.9990000128746033,,
2026-03-26T23:10:37,comparison_condition_crp_feedforward_20260326_213610,crp_feedforward,15,15,2057428455,1573825650,crp,feedforward,8,0.022576794231534004,0.08312886007046327,0.9768,1.0,3.0,1.0,0.0,0.9990000128746033,1.0,3.0,1.0,0.0,0.9990000128746033,,
2026-03-26T23:10:53,comparison_condition_crp_feedforward_20260326_213610,crp_feedforward,15,15,2057428455,1573825650,crp,feedforward,9,0.020775731395483017,0.0859134342905134,0.9755,1.0,3.0,1.0,0.0,0.9990000128746033,1.0,3.0,1.0,0.0,0.9990000128746033,,
2026-03-26T23:11:09,comparison_condition_crp_feedforward_20260326_213610,crp_feedforward,15,15,2057428455,1573825650,crp,feedforward,10,0.02038105600386858,0.09470008928831666,0.9751,1.0,3.0,1.0,0.0,0.9990000128746033,1.0,3.0,1.0,0.0,0.9990000128746033,,
2026-03-26T23:11:24,comparison_condition_crp_feedforward_20260326_213610,crp_feedforward,15,15,2057428455,1573825650,crp,feedforward,11,0.01834735660031438,0.10369057017304004,0.9736,1.0,3.0,1.0,0.0,0.9990000128746033,1.0,3.0,1.0,0.0,0.9990000128746033,,
2026-03-26T23:11:40,comparison_condition_crp_feedforward_20260326_213610,crp_feedforward,15,15,2057428455,1573825650,crp,feedforward,12,0.016294491958469152,0.09746944710530807,0.9756,1.0,3.0,1.0,0.0,0.9990000128746033,1.0,3.0,1.0,0.0,0.9990000128746033,,
2026-03-26T23:11:56,comparison_condition_crp_feedforward_20260326_213610,crp_feedforward,15,15,2057428455,1573825650,crp,feedforward,13,0.014680539276972413,0.11846811077346793,0.973,1.0,3.0,1.0,0.0,0.9990000128746033,1.0,3.0,1.0,0.0,0.9990000128746033,,
2026-03-26T23:12:12,comparison_condition_crp_feedforward_20260326_213610,crp_feedforward,15,15,2057428455,1573825650,crp,feedforward,14,0.015087039371207357,0.10575385754727176,0.9757,1.0,3.0,1.0,0.0,0.9990000128746033,1.0,3.0,1.0,0.0,0.9990000128746033,,
2026-03-26T23:12:27,comparison_condition_crp_feedforward_20260326_213610,crp_feedforward,15,15,2057428455,1573825650,crp,feedforward,15,0.012175426554866135,0.09631782309936825,0.9791,1.0,3.0,1.0,0.0,0.9990000128746033,1.0,3.0,1.0,0.0,0.9990000128746033,,
2026-03-26T23:12:43,comparison_condition_crp_feedforward_20260326_213610,crp_feedforward,15,15,2057428455,1573825650,crp,feedforward,16,0.010157076354902237,0.12955655679525807,0.9734,1.0,3.0,1.0,0.0,0.9990000128746033,1.0,3.0,1.0,0.0,0.9990000128746033,,
2026-03-26T23:12:59,comparison_condition_crp_feedforward_20260326_213610,crp_feedforward,15,15,2057428455,1573825650,crp,feedforward,17,0.012135074928347022,0.11475708429585212,0.9743,1.0,3.0,1.0,0.0,0.9990000128746033,1.0,3.0,1.0,0.0,0.9990000128746033,,
2026-03-26T23:13:15,comparison_condition_crp_feedforward_20260326_213610,crp_feedforward,15,15,2057428455,1573825650,crp,feedforward,18,0.013832454637233168,0.11401539699733257,0.9753,1.0,3.0,1.0,0.0,0.9990000128746033,1.0,3.0,1.0,0.0,0.9990000128746033,,
2026-03-26T23:13:30,comparison_condition_crp_feedforward_20260326_213610,crp_feedforward,15,15,2057428455,1573825650,crp,feedforward,19,0.009185808551292866,0.1453821551141562,0.9713,1.0,3.0,1.0,0.0,0.9990000128746033,1.0,3.0,1.0,0.0,0.9990000128746033,,
2026-03-26T23:13:46,comparison_condition_crp_feedforward_20260326_213610,crp_feedforward,15,15,2057428455,1573825650,crp,feedforward,20,0.012157387333307415,0.12709604386538267,0.9748,1.0,3.0,1.0,0.0,0.9990000128746033,1.0,3.0,1.0,0.0,0.9990000128746033,,
2026-03-26T23:14:02,comparison_condition_crp_feedforward_20260326_213610,crp_feedforward,15,15,2057428455,1573825650,crp,feedforward,21,0.009905751806441694,0.11382953957745995,0.9776,1.0,3.0,1.0,0.0,0.9990000128746033,1.0,3.0,1.0,0.0,0.9990000128746033,,
2026-03-26T23:14:18,comparison_condition_crp_feedforward_20260326_213610,crp_feedforward,15,15,2057428455,1573825650,crp,feedforward,22,0.006729301571012474,0.1399391153933888,0.9735,1.0,3.0,1.0,0.0,0.9990000128746033,1.0,3.0,1.0,0.0,0.9990000128746033,,
2026-03-26T23:14:33,comparison_condition_crp_feedforward_20260326_213610,crp_feedforward,15,15,2057428455,1573825650,crp,feedforward,23,0.009355769698880613,0.1290113579183817,0.9758,1.0,3.0,1.0,0.0,0.9990000128746033,1.0,3.0,1.0,0.0,0.9990000128746033,,
2026-03-26T23:14:49,comparison_condition_crp_feedforward_20260326_213610,crp_feedforward,15,15,2057428455,1573825650,crp,feedforward,24,0.012110132190659642,0.1480238474339247,0.9701,1.0,3.0,1.0,0.0,0.9990000128746033,1.0,3.0,1.0,0.0,0.9990000128746033,,
2026-03-26T23:15:04,comparison_condition_crp_feedforward_20260326_213610,crp_feedforward,15,15,2057428455,1573825650,crp,feedforward,25,0.010119189401566982,0.13323089500057686,0.9758,1.0,3.0,1.0,0.0,0.9990000128746033,1.0,3.0,1.0,0.0,0.9990000128746033,,
2026-03-26T23:15:24,comparison_condition_crp_feedforward_20260326_213610,crp_feedforward,16,16,196052585,1140405623,crp,feedforward,1,0.30490003311157227,0.14238628615736962,0.9567,1.0,3.0,1.0,0.0,0.9990000128746033,1.0,3.0,1.0,0.0,0.9990000128746033,,
2026-03-26T23:15:40,comparison_condition_crp_feedforward_20260326_213610,crp_feedforward,16,16,196052585,1140405623,crp,feedforward,2,0.11972632190227508,0.11176688248515129,0.9648,1.0,3.0,1.0,0.0,0.9990000128746033,1.0,3.0,1.0,0.0,0.9990000128746033,,
2026-03-26T23:15:56,comparison_condition_crp_feedforward_20260326_213610,crp_feedforward,16,16,196052585,1140405623,crp,feedforward,3,0.08332558034360409,0.08984354298561811,0.9715,1.0,3.0,1.0,0.0,0.9990000128746033,1.0,3.0,1.0,0.0,0.9990000128746033,,
2026-03-26T23:16:12,comparison_condition_crp_feedforward_20260326_213610,crp_feedforward,16,16,196052585,1140405623,crp,feedforward,4,0.05863920679330826,0.08797958649080247,0.9729,1.0,3.0,1.0,0.0,0.9990000128746033,1.0,3.0,1.0,0.0,0.9990000128746033,,
2026-03-26T23:16:27,comparison_condition_crp_feedforward_20260326_213610,crp_feedforward,16,16,196052585,1140405623,crp,feedforward,5,0.04529383253693581,0.08313133972720244,0.9742,1.0,3.0,1.0,0.0,0.9990000128746033,1.0,3.0,1.0,0.0,0.9990000128746033,,
2026-03-26T23:16:43,comparison_condition_crp_feedforward_20260326_213610,crp_feedforward,16,16,196052585,1140405623,crp,feedforward,6,0.03668520802199841,0.09377393388026393,0.9726,1.0,3.0,1.0,0.0,0.9990000128746033,1.0,3.0,1.0,0.0,0.9990000128746033,,
2026-03-26T23:16:59,comparison_condition_crp_feedforward_20260326_213610,crp_feedforward,16,16,196052585,1140405623,crp,feedforward,7,0.03093349144510925,0.08515034771966748,0.9765,1.0,3.0,1.0,0.0,0.9990000128746033,1.0,3.0,1.0,0.0,0.9990000128746033,,
2026-03-26T23:17:15,comparison_condition_crp_feedforward_20260326_213610,crp_feedforward,16,16,196052585,1140405623,crp,feedforward,8,0.027182652648091315,0.07915296085776062,0.9774,1.0,3.0,1.0,0.0,0.9990000128746033,1.0,3.0,1.0,0.0,0.9990000128746033,,
2026-03-26T23:17:30,comparison_condition_crp_feedforward_20260326_213610,crp_feedforward,16,16,196052585,1140405623,crp,feedforward,9,0.02172011492550373,0.10921736079722177,0.9717,1.0,3.0,1.0,0.0,0.9990000128746033,1.0,3.0,1.0,0.0,0.9990000128746033,,
2026-03-26T23:17:46,comparison_condition_crp_feedforward_20260326_213610,crp_feedforward,16,16,196052585,1140405623,crp,feedforward,10,0.01699724946886301,0.10112000521719455,0.9742,1.0,3.0,1.0,0.0,0.9990000128746033,1.0,3.0,1.0,0.0,0.9990000128746033,,
2026-03-26T23:18:02,comparison_condition_crp_feedforward_20260326_213610,crp_feedforward,16,16,196052585,1140405623,crp,feedforward,11,0.017547762752324343,0.11713837224976159,0.9725,1.0,3.0,1.0,0.0,0.9990000128746033,1.0,3.0,1.0,0.0,0.9990000128746033,,
2026-03-26T23:18:18,comparison_condition_crp_feedforward_20260326_213610,crp_feedforward,16,16,196052585,1140405623,crp,feedforward,12,0.01885231441423297,0.10563718775282323,0.9745,1.0,3.0,1.0,0.0,0.9990000128746033,1.0,3.0,1.0,0.0,0.9990000128746033,,
2026-03-26T23:18:33,comparison_condition_crp_feedforward_20260326_213610,crp_feedforward,16,16,196052585,1140405623,crp,feedforward,13,0.013897038710527122,0.10933991392850731,0.972,1.0,3.0,1.0,0.0,0.9990000128746033,1.0,3.0,1.0,0.0,0.9990000128746033,,
2026-03-26T23:18:49,comparison_condition_crp_feedforward_20260326_213610,crp_feedforward,16,16,196052585,1140405623,crp,feedforward,14,0.014489278438352049,0.10638356603831635,0.9759,1.0,3.0,1.0,0.0,0.9990000128746033,1.0,3.0,1.0,0.0,0.9990000128746033,,
2026-03-26T23:19:05,comparison_condition_crp_feedforward_20260326_213610,crp_feedforward,16,16,196052585,1140405623,crp,feedforward,15,0.011012200237959624,0.10962654380463063,0.9758,1.0,3.0,1.0,0.0,0.9990000128746033,1.0,3.0,1.0,0.0,0.9990000128746033,,
2026-03-26T23:19:20,comparison_condition_crp_feedforward_20260326_213610,crp_feedforward,16,16,196052585,1140405623,crp,feedforward,16,0.015243050819206983,0.11698801985374739,0.9737,1.0,3.0,1.0,0.0,0.9990000128746033,1.0,3.0,1.0,0.0,0.9990000128746033,,
2026-03-26T23:19:37,comparison_condition_crp_feedforward_20260326_213610,crp_feedforward,16,16,196052585,1140405623,crp,feedforward,17,0.012702955618165434,0.11764100240466978,0.9761,1.0,3.0,1.0,0.0,0.9990000128746033,1.0,3.0,1.0,0.0,0.9990000128746033,,
2026-03-26T23:19:52,comparison_condition_crp_feedforward_20260326_213610,crp_feedforward,16,16,196052585,1140405623,crp,feedforward,18,0.00667671830448322,0.11093564518690073,0.9761,1.0,3.0,1.0,0.0,0.9990000128746033,1.0,3.0,1.0,0.0,0.9990000128746033,,
2026-03-26T23:20:08,comparison_condition_crp_feedforward_20260326_213610,crp_feedforward,16,16,196052585,1140405623,crp,feedforward,19,0.013189000255689025,0.1628636975995425,0.9692,1.0,3.0,1.0,0.0,0.9990000128746033,1.0,3.0,1.0,0.0,0.9990000128746033,,
2026-03-26T23:20:23,comparison_condition_crp_feedforward_20260326_213610,crp_feedforward,16,16,196052585,1140405623,crp,feedforward,20,0.010858068236522377,0.10879888942032703,0.9791,1.0,3.0,1.0,0.0,0.9990000128746033,1.0,3.0,1.0,0.0,0.9990000128746033,,
2026-03-26T23:20:39,comparison_condition_crp_feedforward_20260326_213610,crp_feedforward,16,16,196052585,1140405623,crp,feedforward,21,0.007782320095216856,0.12250064298808129,0.9757,1.0,3.0,1.0,0.0,0.9990000128746033,1.0,3.0,1.0,0.0,0.9990000128746033,,
2026-03-26T23:20:55,comparison_condition_crp_feedforward_20260326_213610,crp_feedforward,16,16,196052585,1140405623,crp,feedforward,22,0.011209041973436251,0.13074796866178484,0.9743,1.0,3.0,1.0,0.0,0.9990000128746033,1.0,3.0,1.0,0.0,0.9990000128746033,,
2026-03-26T23:21:11,comparison_condition_crp_feedforward_20260326_213610,crp_feedforward,16,16,196052585,1140405623,crp,feedforward,23,0.01421667843864765,0.12172998275431018,0.9772,1.0,3.0,1.0,0.0,0.9990000128746033,1.0,3.0,1.0,0.0,0.9990000128746033,,
2026-03-26T23:21:26,comparison_condition_crp_feedforward_20260326_213610,crp_feedforward,16,16,196052585,1140405623,crp,feedforward,24,0.0108365060489811,0.11909783489703941,0.9773,1.0,3.0,1.0,0.0,0.9990000128746033,1.0,3.0,1.0,0.0,0.9990000128746033,,
2026-03-26T23:21:42,comparison_condition_crp_feedforward_20260326_213610,crp_feedforward,16,16,196052585,1140405623,crp,feedforward,25,0.00477097858550027,0.11291284322142542,0.9798,1.0,3.0,1.0,0.0,0.9990000128746033,1.0,3.0,1.0,0.0,0.9990000128746033,,
2026-03-26T23:22:02,comparison_condition_crp_feedforward_20260326_213610,crp_feedforward,17,17,2101613385,1579239073,crp,feedforward,1,0.29510428620815277,0.15276277561932802,0.9538,1.0,3.0,1.0,0.0,0.9990000128746033,1.0,3.0,1.0,0.0,0.9990000128746033,,
2026-03-26T23:22:18,comparison_condition_crp_feedforward_20260326_213610,crp_feedforward,17,17,2101613385,1579239073,crp,feedforward,2,0.11782802934288979,0.11450831823348999,0.963,1.0,3.0,1.0,0.0,0.9990000128746033,1.0,3.0,1.0,0.0,0.9990000128746033,,
2026-03-26T23:22:33,comparison_condition_crp_feedforward_20260326_213610,crp_feedforward,17,17,2101613385,1579239073,crp,feedforward,3,0.08225279330253601,0.10420658363029361,0.967,1.0,3.0,1.0,0.0,0.9990000128746033,1.0,3.0,1.0,0.0,0.9990000128746033,,
2026-03-26T23:22:49,comparison_condition_crp_feedforward_20260326_213610,crp_feedforward,17,17,2101613385,1579239073,crp,feedforward,4,0.06174350596308708,0.08757124649435281,0.9726,1.0,3.0,1.0,0.0,0.9990000128746033,1.0,3.0,1.0,0.0,0.9990000128746033,,
2026-03-26T23:23:04,comparison_condition_crp_feedforward_20260326_213610,crp_feedforward,17,17,2101613385,1579239073,crp,feedforward,5,0.04736628353834152,0.08669469965100289,0.9729,1.0,3.0,1.0,0.0,0.9990000128746033,1.0,3.0,1.0,0.0,0.9990000128746033,,
2026-03-26T23:23:20,comparison_condition_crp_feedforward_20260326_213610,crp_feedforward,17,17,2101613385,1579239073,crp,feedforward,6,0.036666780767440794,0.09845415450632572,0.9701,1.0,3.0,1.0,0.0,0.9990000128746033,1.0,3.0,1.0,0.0,0.9990000128746033,,
2026-03-26T23:23:35,comparison_condition_crp_feedforward_20260326_213610,crp_feedforward,17,17,2101613385,1579239073,crp,feedforward,7,0.028005076367259026,0.09642963012577965,0.9722,1.0,3.0,1.0,0.0,0.9990000128746033,1.0,3.0,1.0,0.0,0.9990000128746033,,
2026-03-26T23:23:52,comparison_condition_crp_feedforward_20260326_213610,crp_feedforward,17,17,2101613385,1579239073,crp,feedforward,8,0.023073908541798593,0.10558298050547019,0.9709,1.0,3.0,1.0,0.0,0.9990000128746033,1.0,3.0,1.0,0.0,0.9990000128746033,,
2026-03-26T23:24:07,comparison_condition_crp_feedforward_20260326_213610,crp_feedforward,17,17,2101613385,1579239073,crp,feedforward,9,0.024457670990526675,0.09753800024888479,0.9748,1.0,3.0,1.0,0.0,0.9990000128746033,1.0,3.0,1.0,0.0,0.9990000128746033,,
2026-03-26T23:24:23,comparison_condition_crp_feedforward_20260326_213610,crp_feedforward,17,17,2101613385,1579239073,crp,feedforward,10,0.016872333196699618,0.11291703231502324,0.9711,1.0,3.0,1.0,0.0,0.9990000128746033,1.0,3.0,1.0,0.0,0.9990000128746033,,
2026-03-26T23:24:38,comparison_condition_crp_feedforward_20260326_213610,crp_feedforward,17,17,2101613385,1579239073,crp,feedforward,11,0.01937975750118494,0.10323868236280978,0.9736,1.0,3.0,1.0,0.0,0.9990000128746033,1.0,3.0,1.0,0.0,0.9990000128746033,,
2026-03-26T23:24:54,comparison_condition_crp_feedforward_20260326_213610,crp_feedforward,17,17,2101613385,1579239073,crp,feedforward,12,0.01755203519821167,0.1000443172827363,0.9761,1.0,3.0,1.0,0.0,0.9990000128746033,1.0,3.0,1.0,0.0,0.9990000128746033,,
2026-03-26T23:25:09,comparison_condition_crp_feedforward_20260326_213610,crp_feedforward,17,17,2101613385,1579239073,crp,feedforward,13,0.01034486433967948,0.11585786598655395,0.9723,1.0,3.0,1.0,0.0,0.9990000128746033,1.0,3.0,1.0,0.0,0.9990000128746033,,
2026-03-26T23:25:25,comparison_condition_crp_feedforward_20260326_213610,crp_feedforward,17,17,2101613385,1579239073,crp,feedforward,14,0.01842619743589312,0.11331586768478155,0.9756,1.0,3.0,1.0,0.0,0.9990000128746033,1.0,3.0,1.0,0.0,0.9990000128746033,,
2026-03-26T23:25:41,comparison_condition_crp_feedforward_20260326_213610,crp_feedforward,17,17,2101613385,1579239073,crp,feedforward,15,0.013329823023825883,0.10858579840483144,0.9763,1.0,3.0,1.0,0.0,0.9990000128746033,1.0,3.0,1.0,0.0,0.9990000128746033,,
2026-03-26T23:25:57,comparison_condition_crp_feedforward_20260326_213610,crp_feedforward,17,17,2101613385,1579239073,crp,feedforward,16,0.01067680068410933,0.11482442551320418,0.9754,1.0,3.0,1.0,0.0,0.9990000128746033,1.0,3.0,1.0,0.0,0.9990000128746033,,
2026-03-26T23:26:13,comparison_condition_crp_feedforward_20260326_213610,crp_feedforward,17,17,2101613385,1579239073,crp,feedforward,17,0.010159730506427586,0.11448316256699691,0.9766,1.0,3.0,1.0,0.0,0.9990000128746033,1.0,3.0,1.0,0.0,0.9990000128746033,,
2026-03-26T23:26:28,comparison_condition_crp_feedforward_20260326_213610,crp_feedforward,17,17,2101613385,1579239073,crp,feedforward,18,0.008317848935658113,0.1111572009123709,0.978,1.0,3.0,1.0,0.0,0.9990000128746033,1.0,3.0,1.0,0.0,0.9990000128746033,,
2026-03-26T23:26:44,comparison_condition_crp_feedforward_20260326_213610,crp_feedforward,17,17,2101613385,1579239073,crp,feedforward,19,0.011650281076570972,0.14787646699829637,0.9735,1.0,3.0,1.0,0.0,0.9990000128746033,1.0,3.0,1.0,0.0,0.9990000128746033,,
2026-03-26T23:26:59,comparison_condition_crp_feedforward_20260326_213610,crp_feedforward,17,17,2101613385,1579239073,crp,feedforward,20,0.015524056942760944,0.12231053392588884,0.9763,1.0,3.0,1.0,0.0,0.9990000128746033,1.0,3.0,1.0,0.0,0.9990000128746033,,
2026-03-26T23:27:15,comparison_condition_crp_feedforward_20260326_213610,crp_feedforward,17,17,2101613385,1579239073,crp,feedforward,21,0.01281255011383444,0.14492217391984305,0.974,1.0,3.0,1.0,0.0,0.9990000128746033,1.0,3.0,1.0,0.0,0.9990000128746033,,
2026-03-26T23:27:31,comparison_condition_crp_feedforward_20260326_213610,crp_feedforward,17,17,2101613385,1579239073,crp,feedforward,22,0.007669536158549599,0.13114547775089358,0.9761,1.0,3.0,1.0,0.0,0.9990000128746033,1.0,3.0,1.0,0.0,0.9990000128746033,,
2026-03-26T23:27:47,comparison_condition_crp_feedforward_20260326_213610,crp_feedforward,17,17,2101613385,1579239073,crp,feedforward,23,0.007057616678094491,0.14151978479003519,0.975,1.0,3.0,1.0,0.0,0.9990000128746033,1.0,3.0,1.0,0.0,0.9990000128746033,,
2026-03-26T23:28:02,comparison_condition_crp_feedforward_20260326_213610,crp_feedforward,17,17,2101613385,1579239073,crp,feedforward,24,0.006733517617392354,0.1352110525280231,0.9775,1.0,3.0,1.0,0.0,0.9990000128746033,1.0,3.0,1.0,0.0,0.9990000128746033,,
2026-03-26T23:28:19,comparison_condition_crp_feedforward_20260326_213610,crp_feedforward,17,17,2101613385,1579239073,crp,feedforward,25,0.008820788066042588,0.16001560754729435,0.9717,1.0,3.0,1.0,0.0,0.9990000128746033,1.0,3.0,1.0,0.0,0.9990000128746033,,
2026-03-26T23:28:39,comparison_condition_crp_feedforward_20260326_213610,crp_feedforward,18,18,885019663,1256390092,crp,feedforward,1,0.2937920450115204,0.1646760612487793,0.9495,1.0,3.0,1.0,0.0,0.9990000128746033,1.0,3.0,1.0,0.0,0.9990000128746033,,
2026-03-26T23:28:55,comparison_condition_crp_feedforward_20260326_213610,crp_feedforward,18,18,885019663,1256390092,crp,feedforward,2,0.12000495069026947,0.10892894849777221,0.967,1.0,3.0,1.0,0.0,0.9990000128746033,1.0,3.0,1.0,0.0,0.9990000128746033,,
2026-03-26T23:29:10,comparison_condition_crp_feedforward_20260326_213610,crp_feedforward,18,18,885019663,1256390092,crp,feedforward,3,0.0827099330496788,0.10083551559448242,0.968,1.0,3.0,1.0,0.0,0.9990000128746033,1.0,3.0,1.0,0.0,0.9990000128746033,,
2026-03-26T23:29:26,comparison_condition_crp_feedforward_20260326_213610,crp_feedforward,18,18,885019663,1256390092,crp,feedforward,4,0.06211219991922379,0.09078829876184463,0.9721,1.0,3.0,1.0,0.0,0.9990000128746033,1.0,3.0,1.0,0.0,0.9990000128746033,,
2026-03-26T23:29:42,comparison_condition_crp_feedforward_20260326_213610,crp_feedforward,18,18,885019663,1256390092,crp,feedforward,5,0.048353326060771945,0.10626363872289657,0.9685,1.0,3.0,1.0,0.0,0.9990000128746033,1.0,3.0,1.0,0.0,0.9990000128746033,,
2026-03-26T23:29:57,comparison_condition_crp_feedforward_20260326_213610,crp_feedforward,18,18,885019663,1256390092,crp,feedforward,6,0.03676781192302704,0.0912089583158493,0.9751,1.0,3.0,1.0,0.0,0.9990000128746033,1.0,3.0,1.0,0.0,0.9990000128746033,,
2026-03-26T23:30:14,comparison_condition_crp_feedforward_20260326_213610,crp_feedforward,18,18,885019663,1256390092,crp,feedforward,7,0.02932839905411005,0.09104821331501008,0.9738,1.0,3.0,1.0,0.0,0.9990000128746033,1.0,3.0,1.0,0.0,0.9990000128746033,,
2026-03-26T23:30:29,comparison_condition_crp_feedforward_20260326_213610,crp_feedforward,18,18,885019663,1256390092,crp,feedforward,8,0.023929969826340675,0.09260668325722217,0.9748,1.0,3.0,1.0,0.0,0.9990000128746033,1.0,3.0,1.0,0.0,0.9990000128746033,,
2026-03-26T23:30:45,comparison_condition_crp_feedforward_20260326_213610,crp_feedforward,18,18,885019663,1256390092,crp,feedforward,9,0.020182819052934647,0.09442296181321144,0.9744,1.0,3.0,1.0,0.0,0.9990000128746033,1.0,3.0,1.0,0.0,0.9990000128746033,,
2026-03-26T23:31:00,comparison_condition_crp_feedforward_20260326_213610,crp_feedforward,18,18,885019663,1256390092,crp,feedforward,10,0.019501245825439693,0.11240264285802841,0.9736,1.0,3.0,1.0,0.0,0.9990000128746033,1.0,3.0,1.0,0.0,0.9990000128746033,,
2026-03-26T23:31:16,comparison_condition_crp_feedforward_20260326_213610,crp_feedforward,18,18,885019663,1256390092,crp,feedforward,11,0.021845641129296274,0.10946084598898888,0.9745,1.0,3.0,1.0,0.0,0.9990000128746033,1.0,3.0,1.0,0.0,0.9990000128746033,,
2026-03-26T23:31:31,comparison_condition_crp_feedforward_20260326_213610,crp_feedforward,18,18,885019663,1256390092,crp,feedforward,12,0.015245259960889816,0.09604384891539812,0.9766,1.0,3.0,1.0,0.0,0.9990000128746033,1.0,3.0,1.0,0.0,0.9990000128746033,,
2026-03-26T23:31:47,comparison_condition_crp_feedforward_20260326_213610,crp_feedforward,18,18,885019663,1256390092,crp,feedforward,13,0.016698379724919797,0.11088791241049767,0.9752,1.0,3.0,1.0,0.0,0.9990000128746033,1.0,3.0,1.0,0.0,0.9990000128746033,,
2026-03-26T23:32:03,comparison_condition_crp_feedforward_20260326_213610,crp_feedforward,18,18,885019663,1256390092,crp,feedforward,14,0.013611610542200506,0.10315024386644363,0.9784,1.0,3.0,1.0,0.0,0.9990000128746033,1.0,3.0,1.0,0.0,0.9990000128746033,,
2026-03-26T23:32:19,comparison_condition_crp_feedforward_20260326_213610,crp_feedforward,18,18,885019663,1256390092,crp,feedforward,15,0.013430593230091036,0.11772907607257366,0.9769,1.0,3.0,1.0,0.0,0.9990000128746033,1.0,3.0,1.0,0.0,0.9990000128746033,,
2026-03-26T23:32:34,comparison_condition_crp_feedforward_20260326_213610,crp_feedforward,18,18,885019663,1256390092,crp,feedforward,16,0.010104239939451217,0.10381612811237574,0.9802,1.0,3.0,1.0,0.0,0.9990000128746033,1.0,3.0,1.0,0.0,0.9990000128746033,,
2026-03-26T23:32:50,comparison_condition_crp_feedforward_20260326_213610,crp_feedforward,18,18,885019663,1256390092,crp,feedforward,17,0.011324503481164575,0.11676270645856858,0.978,1.0,3.0,1.0,0.0,0.9990000128746033,1.0,3.0,1.0,0.0,0.9990000128746033,,
2026-03-26T23:33:07,comparison_condition_crp_feedforward_20260326_213610,crp_feedforward,18,18,885019663,1256390092,crp,feedforward,18,0.01186214596439153,0.1306914695560932,0.9766,1.0,3.0,1.0,0.0,0.9990000128746033,1.0,3.0,1.0,0.0,0.9990000128746033,,
2026-03-26T23:33:22,comparison_condition_crp_feedforward_20260326_213610,crp_feedforward,18,18,885019663,1256390092,crp,feedforward,19,0.011346037210086361,0.12025420367754996,0.9747,1.0,3.0,1.0,0.0,0.9990000128746033,1.0,3.0,1.0,0.0,0.9990000128746033,,
2026-03-26T23:33:38,comparison_condition_crp_feedforward_20260326_213610,crp_feedforward,18,18,885019663,1256390092,crp,feedforward,20,0.011338418064117431,0.1259476411845535,0.9755,1.0,3.0,1.0,0.0,0.9990000128746033,1.0,3.0,1.0,0.0,0.9990000128746033,,
2026-03-26T23:33:54,comparison_condition_crp_feedforward_20260326_213610,crp_feedforward,18,18,885019663,1256390092,crp,feedforward,21,0.010553865018691868,0.1146636256273836,0.9779,1.0,3.0,1.0,0.0,0.9990000128746033,1.0,3.0,1.0,0.0,0.9990000128746033,,
2026-03-26T23:34:10,comparison_condition_crp_feedforward_20260326_213610,crp_feedforward,18,18,885019663,1256390092,crp,feedforward,22,0.010760953502904158,0.14433886491432785,0.9753,1.0,3.0,1.0,0.0,0.9990000128746033,1.0,3.0,1.0,0.0,0.9990000128746033,,
2026-03-26T23:34:25,comparison_condition_crp_feedforward_20260326_213610,crp_feedforward,18,18,885019663,1256390092,crp,feedforward,23,0.00659847787625622,0.12115129143893719,0.9795,1.0,3.0,1.0,0.0,0.9990000128746033,1.0,3.0,1.0,0.0,0.9990000128746033,,
2026-03-26T23:34:41,comparison_condition_crp_feedforward_20260326_213610,crp_feedforward,18,18,885019663,1256390092,crp,feedforward,24,0.005590926557639614,0.11869536599796265,0.9794,1.0,3.0,1.0,0.0,0.9990000128746033,1.0,3.0,1.0,0.0,0.9990000128746033,,
2026-03-26T23:34:57,comparison_condition_crp_feedforward_20260326_213610,crp_feedforward,18,18,885019663,1256390092,crp,feedforward,25,0.01366719576374162,0.1211342396531254,0.9801,1.0,3.0,1.0,0.0,0.9990000128746033,1.0,3.0,1.0,0.0,0.9990000128746033,,
2026-03-26T23:35:17,comparison_condition_crp_feedforward_20260326_213610,crp_feedforward,19,19,1082192973,357712575,crp,feedforward,1,0.2936152447319031,0.15833790740966797,0.954,1.0,3.0,1.0,0.0,0.9990000128746033,1.0,3.0,1.0,0.0,0.9990000128746033,,
2026-03-26T23:35:32,comparison_condition_crp_feedforward_20260326_213610,crp_feedforward,19,19,1082192973,357712575,crp,feedforward,2,0.1179221479177475,0.11232920797765256,0.9655,1.0,3.0,1.0,0.0,0.9990000128746033,1.0,3.0,1.0,0.0,0.9990000128746033,,
2026-03-26T23:35:48,comparison_condition_crp_feedforward_20260326_213610,crp_feedforward,19,19,1082192973,357712575,crp,feedforward,3,0.07962971511363984,0.11979472986459733,0.9645,1.0,3.0,1.0,0.0,0.9990000128746033,1.0,3.0,1.0,0.0,0.9990000128746033,,
2026-03-26T23:36:04,comparison_condition_crp_feedforward_20260326_213610,crp_feedforward,19,19,1082192973,357712575,crp,feedforward,4,0.060969554563760756,0.09637207850143313,0.9705,1.0,3.0,1.0,0.0,0.9990000128746033,1.0,3.0,1.0,0.0,0.9990000128746033,,
2026-03-26T23:36:19,comparison_condition_crp_feedforward_20260326_213610,crp_feedforward,19,19,1082192973,357712575,crp,feedforward,5,0.04638339463233948,0.09597853260412813,0.9736,1.0,3.0,1.0,0.0,0.9990000128746033,1.0,3.0,1.0,0.0,0.9990000128746033,,
2026-03-26T23:36:35,comparison_condition_crp_feedforward_20260326_213610,crp_feedforward,19,19,1082192973,357712575,crp,feedforward,6,0.037098078529834745,0.1006168199121952,0.9744,1.0,3.0,1.0,0.0,0.9990000128746033,1.0,3.0,1.0,0.0,0.9990000128746033,,
2026-03-26T23:36:51,comparison_condition_crp_feedforward_20260326_213610,crp_feedforward,19,19,1082192973,357712575,crp,feedforward,7,0.02973032945036888,0.08793210442177951,0.977,1.0,3.0,1.0,0.0,0.9990000128746033,1.0,3.0,1.0,0.0,0.9990000128746033,,
2026-03-26T23:37:06,comparison_condition_crp_feedforward_20260326_213610,crp_feedforward,19,19,1082192973,357712575,crp,feedforward,8,0.023944850279092787,0.105115348911006,0.9729,1.0,3.0,1.0,0.0,0.9990000128746033,1.0,3.0,1.0,0.0,0.9990000128746033,,
2026-03-26T23:37:22,comparison_condition_crp_feedforward_20260326_213610,crp_feedforward,19,19,1082192973,357712575,crp,feedforward,9,0.02021470969170332,0.10391389519907535,0.9739,1.0,3.0,1.0,0.0,0.9990000128746033,1.0,3.0,1.0,0.0,0.9990000128746033,,
2026-03-26T23:37:39,comparison_condition_crp_feedforward_20260326_213610,crp_feedforward,19,19,1082192973,357712575,crp,feedforward,10,0.01981676860317588,0.11121121555268765,0.9753,1.0,3.0,1.0,0.0,0.9990000128746033,1.0,3.0,1.0,0.0,0.9990000128746033,,
2026-03-26T23:37:54,comparison_condition_crp_feedforward_20260326_213610,crp_feedforward,19,19,1082192973,357712575,crp,feedforward,11,0.01954519704312086,0.1117262798935175,0.9739,1.0,3.0,1.0,0.0,0.9990000128746033,1.0,3.0,1.0,0.0,0.9990000128746033,,
2026-03-26T23:38:10,comparison_condition_crp_feedforward_20260326_213610,crp_feedforward,19,19,1082192973,357712575,crp,feedforward,12,0.016244760707616806,0.12296545661091804,0.9726,1.0,3.0,1.0,0.0,0.9990000128746033,1.0,3.0,1.0,0.0,0.9990000128746033,,
2026-03-26T23:38:25,comparison_condition_crp_feedforward_20260326_213610,crp_feedforward,19,19,1082192973,357712575,crp,feedforward,13,0.014641482381746174,0.11803154988046735,0.974,1.0,3.0,1.0,0.0,0.9990000128746033,1.0,3.0,1.0,0.0,0.9990000128746033,,
2026-03-26T23:38:41,comparison_condition_crp_feedforward_20260326_213610,crp_feedforward,19,19,1082192973,357712575,crp,feedforward,14,0.013301234619878232,0.1201152163464576,0.9744,1.0,3.0,1.0,0.0,0.9990000128746033,1.0,3.0,1.0,0.0,0.9990000128746033,,
2026-03-26T23:38:57,comparison_condition_crp_feedforward_20260326_213610,crp_feedforward,19,19,1082192973,357712575,crp,feedforward,15,0.011011144944019616,0.12549770508371294,0.9751,1.0,3.0,1.0,0.0,0.9990000128746033,1.0,3.0,1.0,0.0,0.9990000128746033,,
2026-03-26T23:39:13,comparison_condition_crp_feedforward_20260326_213610,crp_feedforward,19,19,1082192973,357712575,crp,feedforward,16,0.012111413088645787,0.12001983800907619,0.9759,1.0,3.0,1.0,0.0,0.9990000128746033,1.0,3.0,1.0,0.0,0.9990000128746033,,
2026-03-26T23:39:28,comparison_condition_crp_feedforward_20260326_213610,crp_feedforward,19,19,1082192973,357712575,crp,feedforward,17,0.01024072741355747,0.15035545940762968,0.971,1.0,3.0,1.0,0.0,0.9990000128746033,1.0,3.0,1.0,0.0,0.9990000128746033,,
2026-03-26T23:39:44,comparison_condition_crp_feedforward_20260326_213610,crp_feedforward,19,19,1082192973,357712575,crp,feedforward,18,0.011936593400239944,0.11823733173459186,0.9785,1.0,3.0,1.0,0.0,0.9990000128746033,1.0,3.0,1.0,0.0,0.9990000128746033,,
2026-03-26T23:40:00,comparison_condition_crp_feedforward_20260326_213610,crp_feedforward,19,19,1082192973,357712575,crp,feedforward,19,0.010374567451393231,0.12987206651512534,0.9763,1.0,3.0,1.0,0.0,0.9990000128746033,1.0,3.0,1.0,0.0,0.9990000128746033,,
2026-03-26T23:40:16,comparison_condition_crp_feedforward_20260326_213610,crp_feedforward,19,19,1082192973,357712575,crp,feedforward,20,0.007754801776017993,0.13857872938048094,0.9766,1.0,3.0,1.0,0.0,0.9990000128746033,1.0,3.0,1.0,0.0,0.9990000128746033,,
2026-03-26T23:40:31,comparison_condition_crp_feedforward_20260326_213610,crp_feedforward,19,19,1082192973,357712575,crp,feedforward,21,0.01171443741406314,0.14226627692921903,0.9764,1.0,3.0,1.0,0.0,0.9990000128746033,1.0,3.0,1.0,0.0,0.9990000128746033,,
2026-03-26T23:40:48,comparison_condition_crp_feedforward_20260326_213610,crp_feedforward,19,19,1082192973,357712575,crp,feedforward,22,0.01084997663538903,0.14166509678512812,0.9776,1.0,3.0,1.0,0.0,0.9990000128746033,1.0,3.0,1.0,0.0,0.9990000128746033,,
2026-03-26T23:41:03,comparison_condition_crp_feedforward_20260326_213610,crp_feedforward,19,19,1082192973,357712575,crp,feedforward,23,0.004597850179374218,0.1348229570542462,0.9777,1.0,3.0,1.0,0.0,0.9990000128746033,1.0,3.0,1.0,0.0,0.9990000128746033,,
2026-03-26T23:41:19,comparison_condition_crp_feedforward_20260326_213610,crp_feedforward,19,19,1082192973,357712575,crp,feedforward,24,0.01227790971104987,0.14294943967451618,0.9757,1.0,3.0,1.0,0.0,0.9990000128746033,1.0,3.0,1.0,0.0,0.9990000128746033,,
2026-03-26T23:41:34,comparison_condition_crp_feedforward_20260326_213610,crp_feedforward,19,19,1082192973,357712575,crp,feedforward,25,0.011814227047860622,0.13072982580512763,0.9774,1.0,3.0,1.0,0.0,0.9990000128746033,1.0,3.0,1.0,0.0,0.9990000128746033,,
2026-03-26T23:41:55,comparison_condition_crp_feedforward_20260326_213610,crp_feedforward,20,20,318141474,441767840,crp,feedforward,1,0.3006353870415688,0.1518163188934326,0.9545,1.0,3.0,1.0,0.0,0.9990000128746033,1.0,3.0,1.0,0.0,0.9990000128746033,,
2026-03-26T23:42:10,comparison_condition_crp_feedforward_20260326_213610,crp_feedforward,20,20,318141474,441767840,crp,feedforward,2,0.12159496147155761,0.10327050286233425,0.9674,1.0,3.0,1.0,0.0,0.9990000128746033,1.0,3.0,1.0,0.0,0.9990000128746033,,
2026-03-26T23:42:26,comparison_condition_crp_feedforward_20260326_213610,crp_feedforward,20,20,318141474,441767840,crp,feedforward,3,0.08492883497714997,0.08950121567994355,0.9721,1.0,3.0,1.0,0.0,0.9990000128746033,1.0,3.0,1.0,0.0,0.9990000128746033,,
2026-03-26T23:42:42,comparison_condition_crp_feedforward_20260326_213610,crp_feedforward,20,20,318141474,441767840,crp,feedforward,4,0.06161646980524063,0.08374047296643257,0.9741,1.0,3.0,1.0,0.0,0.9990000128746033,1.0,3.0,1.0,0.0,0.9990000128746033,,
2026-03-26T23:42:58,comparison_condition_crp_feedforward_20260326_213610,crp_feedforward,20,20,318141474,441767840,crp,feedforward,5,0.048478977607488635,0.07876143116354942,0.9747,1.0,3.0,1.0,0.0,0.9990000128746033,1.0,3.0,1.0,0.0,0.9990000128746033,,
2026-03-26T23:43:13,comparison_condition_crp_feedforward_20260326_213610,crp_feedforward,20,20,318141474,441767840,crp,feedforward,6,0.03871484018921852,0.08720980749875307,0.974,1.0,3.0,1.0,0.0,0.9990000128746033,1.0,3.0,1.0,0.0,0.9990000128746033,,
2026-03-26T23:43:29,comparison_condition_crp_feedforward_20260326_213610,crp_feedforward,20,20,318141474,441767840,crp,feedforward,7,0.03068797794431448,0.09030969476848841,0.974,1.0,3.0,1.0,0.0,0.9990000128746033,1.0,3.0,1.0,0.0,0.9990000128746033,,
2026-03-26T23:43:45,comparison_condition_crp_feedforward_20260326_213610,crp_feedforward,20,20,318141474,441767840,crp,feedforward,8,0.025677557897716762,0.08167089569829404,0.9743,1.0,3.0,1.0,0.0,0.9990000128746033,1.0,3.0,1.0,0.0,0.9990000128746033,,
2026-03-26T23:44:00,comparison_condition_crp_feedforward_20260326_213610,crp_feedforward,20,20,318141474,441767840,crp,feedforward,9,0.02273768014281988,0.0846673631362617,0.9762,1.0,3.0,1.0,0.0,0.9990000128746033,1.0,3.0,1.0,0.0,0.9990000128746033,,
2026-03-26T23:44:16,comparison_condition_crp_feedforward_20260326_213610,crp_feedforward,20,20,318141474,441767840,crp,feedforward,10,0.018055972492173313,0.08166654053875246,0.979,1.0,3.0,1.0,0.0,0.9990000128746033,1.0,3.0,1.0,0.0,0.9990000128746033,,
2026-03-26T23:44:31,comparison_condition_crp_feedforward_20260326_213610,crp_feedforward,20,20,318141474,441767840,crp,feedforward,11,0.015421895567253232,0.10280163598507643,0.9752,1.0,3.0,1.0,0.0,0.9990000128746033,1.0,3.0,1.0,0.0,0.9990000128746033,,
2026-03-26T23:44:47,comparison_condition_crp_feedforward_20260326_213610,crp_feedforward,20,20,318141474,441767840,crp,feedforward,12,0.0156557035408169,0.10754265571422875,0.9737,1.0,3.0,1.0,0.0,0.9990000128746033,1.0,3.0,1.0,0.0,0.9990000128746033,,
2026-03-26T23:45:03,comparison_condition_crp_feedforward_20260326_213610,crp_feedforward,20,20,318141474,441767840,crp,feedforward,13,0.017413992200493812,0.10032743963971734,0.9765,1.0,3.0,1.0,0.0,0.9990000128746033,1.0,3.0,1.0,0.0,0.9990000128746033,,
2026-03-26T23:45:18,comparison_condition_crp_feedforward_20260326_213610,crp_feedforward,20,20,318141474,441767840,crp,feedforward,14,0.013636071982756256,0.10250209380201995,0.9777,1.0,3.0,1.0,0.0,0.9990000128746033,1.0,3.0,1.0,0.0,0.9990000128746033,,
2026-03-26T23:45:34,comparison_condition_crp_feedforward_20260326_213610,crp_feedforward,20,20,318141474,441767840,crp,feedforward,15,0.010325243917722255,0.10512769141420722,0.9758,1.0,3.0,1.0,0.0,0.9990000128746033,1.0,3.0,1.0,0.0,0.9990000128746033,,
2026-03-26T23:45:50,comparison_condition_crp_feedforward_20260326_213610,crp_feedforward,20,20,318141474,441767840,crp,feedforward,16,0.012894131790399551,0.10833092461526393,0.9763,1.0,3.0,1.0,0.0,0.9990000128746033,1.0,3.0,1.0,0.0,0.9990000128746033,,
2026-03-26T23:46:05,comparison_condition_crp_feedforward_20260326_213610,crp_feedforward,20,20,318141474,441767840,crp,feedforward,17,0.011553737405128777,0.11949576125591993,0.9735,1.0,3.0,1.0,0.0,0.9990000128746033,1.0,3.0,1.0,0.0,0.9990000128746033,,
2026-03-26T23:46:21,comparison_condition_crp_feedforward_20260326_213610,crp_feedforward,20,20,318141474,441767840,crp,feedforward,18,0.015524717261875048,0.1196167258128873,0.9742,1.0,3.0,1.0,0.0,0.9990000128746033,1.0,3.0,1.0,0.0,0.9990000128746033,,
2026-03-26T23:46:37,comparison_condition_crp_feedforward_20260326_213610,crp_feedforward,20,20,318141474,441767840,crp,feedforward,19,0.01519205977759324,0.10305299012997421,0.978,1.0,3.0,1.0,0.0,0.9990000128746033,1.0,3.0,1.0,0.0,0.9990000128746033,,
2026-03-26T23:46:52,comparison_condition_crp_feedforward_20260326_213610,crp_feedforward,20,20,318141474,441767840,crp,feedforward,20,0.006458223228128627,0.11094141623228788,0.9758,1.0,3.0,1.0,0.0,0.9990000128746033,1.0,3.0,1.0,0.0,0.9990000128746033,,
2026-03-26T23:47:08,comparison_condition_crp_feedforward_20260326_213610,crp_feedforward,20,20,318141474,441767840,crp,feedforward,21,0.004809907896425575,0.12380753003393766,0.9759,1.0,3.0,1.0,0.0,0.9990000128746033,1.0,3.0,1.0,0.0,0.9990000128746033,,
2026-03-26T23:47:24,comparison_condition_crp_feedforward_20260326_213610,crp_feedforward,20,20,318141474,441767840,crp,feedforward,22,0.01523113885305822,0.12464643878806382,0.9758,1.0,3.0,1.0,0.0,0.9990000128746033,1.0,3.0,1.0,0.0,0.9990000128746033,,
2026-03-26T23:47:39,comparison_condition_crp_feedforward_20260326_213610,crp_feedforward,20,20,318141474,441767840,crp,feedforward,23,0.01361166959208902,0.11593194707501679,0.9793,1.0,3.0,1.0,0.0,0.9990000128746033,1.0,3.0,1.0,0.0,0.9990000128746033,,
2026-03-26T23:47:55,comparison_condition_crp_feedforward_20260326_213610,crp_feedforward,20,20,318141474,441767840,crp,feedforward,24,0.004444171642921865,0.10004083424825222,0.9803,1.0,3.0,1.0,0.0,0.9990000128746033,1.0,3.0,1.0,0.0,0.9990000128746033,,
2026-03-26T23:48:11,comparison_condition_crp_feedforward_20260326_213610,crp_feedforward,20,20,318141474,441767840,crp,feedforward,25,0.004338595114797354,0.11430825433409773,0.979,1.0,3.0,1.0,0.0,0.9990000128746033,1.0,3.0,1.0,0.0,0.9990000128746033,,
2026-03-26T23:48:31,comparison_condition_crp_feedforward_20260326_213610,crp_feedforward,21,21,1543970182,167164485,crp,feedforward,1,0.2847471880292892,0.14859892330169677,0.9572,1.0,3.0,1.0,0.0,0.9990000128746033,1.0,3.0,1.0,0.0,0.9990000128746033,,
2026-03-26T23:48:46,comparison_condition_crp_feedforward_20260326_213610,crp_feedforward,21,21,1543970182,167164485,crp,feedforward,2,0.1184611929821968,0.11182478196620942,0.9661,1.0,3.0,1.0,0.0,0.9990000128746033,1.0,3.0,1.0,0.0,0.9990000128746033,,
2026-03-26T23:49:02,comparison_condition_crp_feedforward_20260326_213610,crp_feedforward,21,21,1543970182,167164485,crp,feedforward,3,0.0799632115662098,0.1113567733824253,0.9659,1.0,3.0,1.0,0.0,0.9990000128746033,1.0,3.0,1.0,0.0,0.9990000128746033,,
2026-03-26T23:49:18,comparison_condition_crp_feedforward_20260326_213610,crp_feedforward,21,21,1543970182,167164485,crp,feedforward,4,0.060670659846067426,0.10233520575761795,0.969,1.0,3.0,1.0,0.0,0.9990000128746033,1.0,3.0,1.0,0.0,0.9990000128746033,,
2026-03-26T23:49:33,comparison_condition_crp_feedforward_20260326_213610,crp_feedforward,21,21,1543970182,167164485,crp,feedforward,5,0.04591191963195801,0.09341551423072815,0.9739,1.0,3.0,1.0,0.0,0.9990000128746033,1.0,3.0,1.0,0.0,0.9990000128746033,,
2026-03-26T23:49:49,comparison_condition_crp_feedforward_20260326_213610,crp_feedforward,21,21,1543970182,167164485,crp,feedforward,6,0.03625702319741249,0.09605283808708191,0.9732,1.0,3.0,1.0,0.0,0.9990000128746033,1.0,3.0,1.0,0.0,0.9990000128746033,,
2026-03-26T23:50:05,comparison_condition_crp_feedforward_20260326_213610,crp_feedforward,21,21,1543970182,167164485,crp,feedforward,7,0.030357334097623825,0.08703403913974762,0.975,1.0,3.0,1.0,0.0,0.9990000128746033,1.0,3.0,1.0,0.0,0.9990000128746033,,
2026-03-26T23:50:21,comparison_condition_crp_feedforward_20260326_213610,crp_feedforward,21,21,1543970182,167164485,crp,feedforward,8,0.025391554616987704,0.09763450075313448,0.9725,1.0,3.0,1.0,0.0,0.9990000128746033,1.0,3.0,1.0,0.0,0.9990000128746033,,
2026-03-26T23:50:37,comparison_condition_crp_feedforward_20260326_213610,crp_feedforward,21,21,1543970182,167164485,crp,feedforward,9,0.02090986131966114,0.09535973742231726,0.9763,1.0,3.0,1.0,0.0,0.9990000128746033,1.0,3.0,1.0,0.0,0.9990000128746033,,
2026-03-26T23:50:53,comparison_condition_crp_feedforward_20260326_213610,crp_feedforward,21,21,1543970182,167164485,crp,feedforward,10,0.020585341756343842,0.09370294495522975,0.9757,1.0,3.0,1.0,0.0,0.9990000128746033,1.0,3.0,1.0,0.0,0.9990000128746033,,
2026-03-26T23:51:08,comparison_condition_crp_feedforward_20260326_213610,crp_feedforward,21,21,1543970182,167164485,crp,feedforward,11,0.01693903100967407,0.1070092921346426,0.9754,1.0,3.0,1.0,0.0,0.9990000128746033,1.0,3.0,1.0,0.0,0.9990000128746033,,
2026-03-26T23:51:24,comparison_condition_crp_feedforward_20260326_213610,crp_feedforward,21,21,1543970182,167164485,crp,feedforward,12,0.01991774354994297,0.1034231149315834,0.9754,1.0,3.0,1.0,0.0,0.9990000128746033,1.0,3.0,1.0,0.0,0.9990000128746033,,
2026-03-26T23:51:39,comparison_condition_crp_feedforward_20260326_213610,crp_feedforward,21,21,1543970182,167164485,crp,feedforward,13,0.012486113133952021,0.11285287182331086,0.9741,1.0,3.0,1.0,0.0,0.9990000128746033,1.0,3.0,1.0,0.0,0.9990000128746033,,
2026-03-26T23:51:55,comparison_condition_crp_feedforward_20260326_213610,crp_feedforward,21,21,1543970182,167164485,crp,feedforward,14,0.013244620407372712,0.11574006291329861,0.975,1.0,3.0,1.0,0.0,0.9990000128746033,1.0,3.0,1.0,0.0,0.9990000128746033,,
2026-03-26T23:52:11,comparison_condition_crp_feedforward_20260326_213610,crp_feedforward,21,21,1543970182,167164485,crp,feedforward,15,0.01296830511469394,0.10908181426376104,0.9767,1.0,3.0,1.0,0.0,0.9990000128746033,1.0,3.0,1.0,0.0,0.9990000128746033,,
2026-03-26T23:52:27,comparison_condition_crp_feedforward_20260326_213610,crp_feedforward,21,21,1543970182,167164485,crp,feedforward,16,0.013836546131521464,0.1270023994922638,0.9721,1.0,3.0,1.0,0.0,0.9990000128746033,1.0,3.0,1.0,0.0,0.9990000128746033,,
2026-03-26T23:52:43,comparison_condition_crp_feedforward_20260326_213610,crp_feedforward,21,21,1543970182,167164485,crp,feedforward,17,0.014383520641941577,0.11623733337990706,0.9773,1.0,3.0,1.0,0.0,0.9990000128746033,1.0,3.0,1.0,0.0,0.9990000128746033,,
2026-03-26T23:52:58,comparison_condition_crp_feedforward_20260326_213610,crp_feedforward,21,21,1543970182,167164485,crp,feedforward,18,0.011128183953464032,0.11073218037541956,0.9776,1.0,3.0,1.0,0.0,0.9990000128746033,1.0,3.0,1.0,0.0,0.9990000128746033,,
2026-03-26T23:53:14,comparison_condition_crp_feedforward_20260326_213610,crp_feedforward,21,21,1543970182,167164485,crp,feedforward,19,0.00788845599355176,0.11239467426352202,0.9772,1.0,3.0,1.0,0.0,0.9990000128746033,1.0,3.0,1.0,0.0,0.9990000128746033,,
2026-03-26T23:53:30,comparison_condition_crp_feedforward_20260326_213610,crp_feedforward,21,21,1543970182,167164485,crp,feedforward,20,0.008408401940381154,0.12536478745937346,0.9777,1.0,3.0,1.0,0.0,0.9990000128746033,1.0,3.0,1.0,0.0,0.9990000128746033,,
2026-03-26T23:53:46,comparison_condition_crp_feedforward_20260326_213610,crp_feedforward,21,21,1543970182,167164485,crp,feedforward,21,0.009362138537168503,0.13434224817629437,0.9759,1.0,3.0,1.0,0.0,0.9990000128746033,1.0,3.0,1.0,0.0,0.9990000128746033,,
2026-03-26T23:54:02,comparison_condition_crp_feedforward_20260326_213610,crp_feedforward,21,21,1543970182,167164485,crp,feedforward,22,0.014641086843893864,0.15054861639561132,0.9727,1.0,3.0,1.0,0.0,0.9990000128746033,1.0,3.0,1.0,0.0,0.9990000128746033,,
2026-03-26T23:54:17,comparison_condition_crp_feedforward_20260326_213610,crp_feedforward,21,21,1543970182,167164485,crp,feedforward,23,0.010966938362484798,0.12758008412526686,0.9762,1.0,3.0,1.0,0.0,0.9990000128746033,1.0,3.0,1.0,0.0,0.9990000128746033,,
2026-03-26T23:54:33,comparison_condition_crp_feedforward_20260326_213610,crp_feedforward,21,21,1543970182,167164485,crp,feedforward,24,0.005752966936966405,0.14164238230026094,0.9773,1.0,3.0,1.0,0.0,0.9990000128746033,1.0,3.0,1.0,0.0,0.9990000128746033,,
2026-03-26T23:54:48,comparison_condition_crp_feedforward_20260326_213610,crp_feedforward,21,21,1543970182,167164485,crp,feedforward,25,0.009451093526631593,0.13749231901764325,0.9758,1.0,3.0,1.0,0.0,0.9990000128746033,1.0,3.0,1.0,0.0,0.9990000128746033,,
2026-03-26T23:55:09,comparison_condition_crp_feedforward_20260326_213610,crp_feedforward,22,22,407960426,1797594736,crp,feedforward,1,0.289552765455246,0.1492432096719742,0.9565,1.0,3.0,1.0,0.0,0.9990000128746033,1.0,3.0,1.0,0.0,0.9990000128746033,,
2026-03-26T23:55:25,comparison_condition_crp_feedforward_20260326_213610,crp_feedforward,22,22,407960426,1797594736,crp,feedforward,2,0.11965187563896179,0.12472278232574463,0.9616,1.0,3.0,1.0,0.0,0.9990000128746033,1.0,3.0,1.0,0.0,0.9990000128746033,,
2026-03-26T23:55:40,comparison_condition_crp_feedforward_20260326_213610,crp_feedforward,22,22,407960426,1797594736,crp,feedforward,3,0.08382284889936448,0.09444095275402069,0.9709,1.0,3.0,1.0,0.0,0.9990000128746033,1.0,3.0,1.0,0.0,0.9990000128746033,,
2026-03-26T23:55:56,comparison_condition_crp_feedforward_20260326_213610,crp_feedforward,22,22,407960426,1797594736,crp,feedforward,4,0.06025206141233444,0.09591240531206131,0.9708,1.0,3.0,1.0,0.0,0.9990000128746033,1.0,3.0,1.0,0.0,0.9990000128746033,,
2026-03-26T23:56:11,comparison_condition_crp_feedforward_20260326_213610,crp_feedforward,22,22,407960426,1797594736,crp,feedforward,5,0.04587758331388235,0.09283145945668221,0.9728,1.0,3.0,1.0,0.0,0.9990000128746033,1.0,3.0,1.0,0.0,0.9990000128746033,,
2026-03-26T23:56:27,comparison_condition_crp_feedforward_20260326_213610,crp_feedforward,22,22,407960426,1797594736,crp,feedforward,6,0.03755217324912548,0.09219239897429943,0.9717,1.0,3.0,1.0,0.0,0.9990000128746033,1.0,3.0,1.0,0.0,0.9990000128746033,,
2026-03-26T23:56:43,comparison_condition_crp_feedforward_20260326_213610,crp_feedforward,22,22,407960426,1797594736,crp,feedforward,7,0.03249709286093712,0.09480494048520922,0.9722,1.0,3.0,1.0,0.0,0.9990000128746033,1.0,3.0,1.0,0.0,0.9990000128746033,,
2026-03-26T23:56:59,comparison_condition_crp_feedforward_20260326_213610,crp_feedforward,22,22,407960426,1797594736,crp,feedforward,8,0.025341127547621727,0.09190114593729377,0.9751,1.0,3.0,1.0,0.0,0.9990000128746033,1.0,3.0,1.0,0.0,0.9990000128746033,,
2026-03-26T23:57:15,comparison_condition_crp_feedforward_20260326_213610,crp_feedforward,22,22,407960426,1797594736,crp,feedforward,9,0.019745651270151137,0.09023355634212493,0.9744,1.0,3.0,1.0,0.0,0.9990000128746033,1.0,3.0,1.0,0.0,0.9990000128746033,,
2026-03-26T23:57:30,comparison_condition_crp_feedforward_20260326_213610,crp_feedforward,22,22,407960426,1797594736,crp,feedforward,10,0.017477293313741683,0.09380512916147708,0.9757,1.0,3.0,1.0,0.0,0.9990000128746033,1.0,3.0,1.0,0.0,0.9990000128746033,,
2026-03-26T23:57:46,comparison_condition_crp_feedforward_20260326_213610,crp_feedforward,22,22,407960426,1797594736,crp,feedforward,11,0.019509447858780622,0.10984335851669312,0.9734,1.0,3.0,1.0,0.0,0.9990000128746033,1.0,3.0,1.0,0.0,0.9990000128746033,,
2026-03-26T23:58:02,comparison_condition_crp_feedforward_20260326_213610,crp_feedforward,22,22,407960426,1797594736,crp,feedforward,12,0.019092175911068918,0.0944738270368427,0.9759,1.0,3.0,1.0,0.0,0.9990000128746033,1.0,3.0,1.0,0.0,0.9990000128746033,,
2026-03-26T23:58:18,comparison_condition_crp_feedforward_20260326_213610,crp_feedforward,22,22,407960426,1797594736,crp,feedforward,13,0.015380231820866466,0.10536185280382633,0.9763,1.0,3.0,1.0,0.0,0.9990000128746033,1.0,3.0,1.0,0.0,0.9990000128746033,,
2026-03-26T23:58:34,comparison_condition_crp_feedforward_20260326_213610,crp_feedforward,22,22,407960426,1797594736,crp,feedforward,14,0.011399529057890177,0.11673993673808873,0.9749,1.0,3.0,1.0,0.0,0.9990000128746033,1.0,3.0,1.0,0.0,0.9990000128746033,,
2026-03-26T23:58:50,comparison_condition_crp_feedforward_20260326_213610,crp_feedforward,22,22,407960426,1797594736,crp,feedforward,15,0.016997636025846006,0.10535450929403305,0.9757,1.0,3.0,1.0,0.0,0.9990000128746033,1.0,3.0,1.0,0.0,0.9990000128746033,,
2026-03-26T23:59:05,comparison_condition_crp_feedforward_20260326_213610,crp_feedforward,22,22,407960426,1797594736,crp,feedforward,16,0.012205695570409299,0.1049156927883625,0.9771,1.0,3.0,1.0,0.0,0.9990000128746033,1.0,3.0,1.0,0.0,0.9990000128746033,,
2026-03-26T23:59:21,comparison_condition_crp_feedforward_20260326_213610,crp_feedforward,22,22,407960426,1797594736,crp,feedforward,17,0.010038357055522501,0.10873834705650806,0.9771,1.0,3.0,1.0,0.0,0.9990000128746033,1.0,3.0,1.0,0.0,0.9990000128746033,,
2026-03-26T23:59:36,comparison_condition_crp_feedforward_20260326_213610,crp_feedforward,22,22,407960426,1797594736,crp,feedforward,18,0.007980222740853206,0.12517968101575971,0.973,1.0,3.0,1.0,0.0,0.9990000128746033,1.0,3.0,1.0,0.0,0.9990000128746033,,
2026-03-26T23:59:52,comparison_condition_crp_feedforward_20260326_213610,crp_feedforward,22,22,407960426,1797594736,crp,feedforward,19,0.013400402355380356,0.12257749381661415,0.9745,1.0,3.0,1.0,0.0,0.9990000128746033,1.0,3.0,1.0,0.0,0.9990000128746033,,
2026-03-27T00:00:08,comparison_condition_crp_feedforward_20260326_213610,crp_feedforward,22,22,407960426,1797594736,crp,feedforward,20,0.01228678782692179,0.11914698832631111,0.9775,1.0,3.0,1.0,0.0,0.9990000128746033,1.0,3.0,1.0,0.0,0.9990000128746033,,
2026-03-27T00:00:24,comparison_condition_crp_feedforward_20260326_213610,crp_feedforward,22,22,407960426,1797594736,crp,feedforward,21,0.012800169007442892,0.1269347473204136,0.9751,1.0,3.0,1.0,0.0,0.9990000128746033,1.0,3.0,1.0,0.0,0.9990000128746033,,
2026-03-27T00:00:39,comparison_condition_crp_feedforward_20260326_213610,crp_feedforward,22,22,407960426,1797594736,crp,feedforward,22,0.00883351644939743,0.12433519558124244,0.9772,1.0,3.0,1.0,0.0,0.9990000128746033,1.0,3.0,1.0,0.0,0.9990000128746033,,
2026-03-27T00:00:55,comparison_condition_crp_feedforward_20260326_213610,crp_feedforward,22,22,407960426,1797594736,crp,feedforward,23,0.009717655306882225,0.1300927282214165,0.9772,1.0,3.0,1.0,0.0,0.9990000128746033,1.0,3.0,1.0,0.0,0.9990000128746033,,
2026-03-27T00:01:11,comparison_condition_crp_feedforward_20260326_213610,crp_feedforward,22,22,407960426,1797594736,crp,feedforward,24,0.008886965422923677,0.13666246738433838,0.9761,1.0,3.0,1.0,0.0,0.9990000128746033,1.0,3.0,1.0,0.0,0.9990000128746033,,
2026-03-27T00:01:29,comparison_condition_crp_feedforward_20260326_213610,crp_feedforward,22,22,407960426,1797594736,crp,feedforward,25,0.011943982491772621,0.12522506177425385,0.9767,1.0,3.0,1.0,0.0,0.9990000128746033,1.0,3.0,1.0,0.0,0.9990000128746033,,
2026-03-27T00:01:52,comparison_condition_crp_feedforward_20260326_213610,crp_feedforward,23,23,733495427,691573102,crp,feedforward,1,0.2952222893667221,0.15570437677800655,0.9542,1.0,3.0,1.0,0.0,0.9990000128746033,1.0,3.0,1.0,0.0,0.9990000128746033,,
2026-03-27T00:02:10,comparison_condition_crp_feedforward_20260326_213610,crp_feedforward,23,23,733495427,691573102,crp,feedforward,2,0.11796496107459069,0.11210822071433067,0.9618,1.0,3.0,1.0,0.0,0.9990000128746033,1.0,3.0,1.0,0.0,0.9990000128746033,,
2026-03-27T00:02:27,comparison_condition_crp_feedforward_20260326_213610,crp_feedforward,23,23,733495427,691573102,crp,feedforward,3,0.08146075691759587,0.09603019008995034,0.9679,1.0,3.0,1.0,0.0,0.9990000128746033,1.0,3.0,1.0,0.0,0.9990000128746033,,
2026-03-27T00:02:46,comparison_condition_crp_feedforward_20260326_213610,crp_feedforward,23,23,733495427,691573102,crp,feedforward,4,0.05936996372103691,0.08562754648430274,0.9708,1.0,3.0,1.0,0.0,0.9990000128746033,1.0,3.0,1.0,0.0,0.9990000128746033,,
2026-03-27T00:03:15,comparison_condition_crp_feedforward_20260326_213610,crp_feedforward,23,23,733495427,691573102,crp,feedforward,5,0.04572287676036358,0.09060588398454711,0.9725,1.0,3.0,1.0,0.0,0.9990000128746033,1.0,3.0,1.0,0.0,0.9990000128746033,,
2026-03-27T00:03:35,comparison_condition_crp_feedforward_20260326_213610,crp_feedforward,23,23,733495427,691573102,crp,feedforward,6,0.03545486296713352,0.0866634097980801,0.9739,1.0,3.0,1.0,0.0,0.9990000128746033,1.0,3.0,1.0,0.0,0.9990000128746033,,
2026-03-27T00:03:54,comparison_condition_crp_feedforward_20260326_213610,crp_feedforward,23,23,733495427,691573102,crp,feedforward,7,0.02778311889350414,0.08309818502493435,0.9744,1.0,3.0,1.0,0.0,0.9990000128746033,1.0,3.0,1.0,0.0,0.9990000128746033,,
2026-03-27T00:04:14,comparison_condition_crp_feedforward_20260326_213610,crp_feedforward,23,23,733495427,691573102,crp,feedforward,8,0.024820273625701664,0.09507550025656819,0.9731,1.0,3.0,1.0,0.0,0.9990000128746033,1.0,3.0,1.0,0.0,0.9990000128746033,,
2026-03-27T00:04:33,comparison_condition_crp_feedforward_20260326_213610,crp_feedforward,23,23,733495427,691573102,crp,feedforward,9,0.020049681359827518,0.10163819864010439,0.9721,1.0,3.0,1.0,0.0,0.9990000128746033,1.0,3.0,1.0,0.0,0.9990000128746033,,
2026-03-27T00:04:50,comparison_condition_crp_feedforward_20260326_213610,crp_feedforward,23,23,733495427,691573102,crp,feedforward,10,0.023239514588862656,0.10217145250010945,0.9727,1.0,3.0,1.0,0.0,0.9990000128746033,1.0,3.0,1.0,0.0,0.9990000128746033,,
2026-03-27T00:05:09,comparison_condition_crp_feedforward_20260326_213610,crp_feedforward,23,23,733495427,691573102,crp,feedforward,11,0.015148040164895356,0.09750198383891184,0.9756,1.0,3.0,1.0,0.0,0.9990000128746033,1.0,3.0,1.0,0.0,0.9990000128746033,,
2026-03-27T00:05:30,comparison_condition_crp_feedforward_20260326_213610,crp_feedforward,23,23,733495427,691573102,crp,feedforward,12,0.011786043260321021,0.10516607114517829,0.9747,1.0,3.0,1.0,0.0,0.9990000128746033,1.0,3.0,1.0,0.0,0.9990000128746033,,
2026-03-27T00:05:49,comparison_condition_crp_feedforward_20260326_213610,crp_feedforward,23,23,733495427,691573102,crp,feedforward,13,0.018574583434909583,0.12516381208500535,0.9701,1.0,3.0,1.0,0.0,0.9990000128746033,1.0,3.0,1.0,0.0,0.9990000128746033,,
2026-03-27T00:06:09,comparison_condition_crp_feedforward_20260326_213610,crp_feedforward,23,23,733495427,691573102,crp,feedforward,14,0.013276026737168432,0.10437699186789869,0.9743,1.0,3.0,1.0,0.0,0.9990000128746033,1.0,3.0,1.0,0.0,0.9990000128746033,,
2026-03-27T00:06:28,comparison_condition_crp_feedforward_20260326_213610,crp_feedforward,23,23,733495427,691573102,crp,feedforward,15,0.010988713095225394,0.12212087792061212,0.9728,1.0,3.0,1.0,0.0,0.9990000128746033,1.0,3.0,1.0,0.0,0.9990000128746033,,
2026-03-27T00:06:48,comparison_condition_crp_feedforward_20260326_213610,crp_feedforward,23,23,733495427,691573102,crp,feedforward,16,0.014058207647874951,0.12139834678851184,0.9719,1.0,3.0,1.0,0.0,0.9990000128746033,1.0,3.0,1.0,0.0,0.9990000128746033,,
2026-03-27T00:07:08,comparison_condition_crp_feedforward_20260326_213610,crp_feedforward,23,23,733495427,691573102,crp,feedforward,17,0.011737914102505893,0.09442407049796529,0.9788,1.0,3.0,1.0,0.0,0.9990000128746033,1.0,3.0,1.0,0.0,0.9990000128746033,,
2026-03-27T00:07:27,comparison_condition_crp_feedforward_20260326_213610,crp_feedforward,23,23,733495427,691573102,crp,feedforward,18,0.008891276751961559,0.12908218029737428,0.9735,1.0,3.0,1.0,0.0,0.9990000128746033,1.0,3.0,1.0,0.0,0.9990000128746033,,
2026-03-27T00:07:47,comparison_condition_crp_feedforward_20260326_213610,crp_feedforward,23,23,733495427,691573102,crp,feedforward,19,0.014982341162003577,0.12601411179899333,0.9732,1.0,3.0,1.0,0.0,0.9990000128746033,1.0,3.0,1.0,0.0,0.9990000128746033,,
2026-03-27T00:08:04,comparison_condition_crp_feedforward_20260326_213610,crp_feedforward,23,23,733495427,691573102,crp,feedforward,20,0.011522222749590874,0.10487528377268318,0.9777,1.0,3.0,1.0,0.0,0.9990000128746033,1.0,3.0,1.0,0.0,0.9990000128746033,,
2026-03-27T00:08:22,comparison_condition_crp_feedforward_20260326_213610,crp_feedforward,23,23,733495427,691573102,crp,feedforward,21,0.007649674946498126,0.11242822294009966,0.9776,1.0,3.0,1.0,0.0,0.9990000128746033,1.0,3.0,1.0,0.0,0.9990000128746033,,
2026-03-27T00:08:41,comparison_condition_crp_feedforward_20260326_213610,crp_feedforward,23,23,733495427,691573102,crp,feedforward,22,0.007401171308774501,0.12201273620066641,0.9756,1.0,3.0,1.0,0.0,0.9990000128746033,1.0,3.0,1.0,0.0,0.9990000128746033,,
2026-03-27T00:08:59,comparison_condition_crp_feedforward_20260326_213610,crp_feedforward,23,23,733495427,691573102,crp,feedforward,23,0.011677947868010961,0.11892510839341994,0.9765,1.0,3.0,1.0,0.0,0.9990000128746033,1.0,3.0,1.0,0.0,0.9990000128746033,,
2026-03-27T00:09:18,comparison_condition_crp_feedforward_20260326_213610,crp_feedforward,23,23,733495427,691573102,crp,feedforward,24,0.008306278578224592,0.15108357142507947,0.9739,1.0,3.0,1.0,0.0,0.9990000128746033,1.0,3.0,1.0,0.0,0.9990000128746033,,
2026-03-27T00:09:37,comparison_condition_crp_feedforward_20260326_213610,crp_feedforward,23,23,733495427,691573102,crp,feedforward,25,0.013228174510803074,0.13501047370061278,0.9752,1.0,3.0,1.0,0.0,0.9990000128746033,1.0,3.0,1.0,0.0,0.9990000128746033,,
2026-03-27T00:10:00,comparison_condition_crp_feedforward_20260326_213610,crp_feedforward,24,24,50511425,985348261,crp,feedforward,1,0.29013503635406496,0.1447057959854603,0.9582,1.0,3.0,1.0,0.0,0.9990000128746033,1.0,3.0,1.0,0.0,0.9990000128746033,,
2026-03-27T00:10:18,comparison_condition_crp_feedforward_20260326_213610,crp_feedforward,24,24,50511425,985348261,crp,feedforward,2,0.12202911573410034,0.11644422508478165,0.9654,1.0,3.0,1.0,0.0,0.9990000128746033,1.0,3.0,1.0,0.0,0.9990000128746033,,
2026-03-27T00:10:36,comparison_condition_crp_feedforward_20260326_213610,crp_feedforward,24,24,50511425,985348261,crp,feedforward,3,0.08115943621754647,0.10362192302346229,0.97,1.0,3.0,1.0,0.0,0.9990000128746033,1.0,3.0,1.0,0.0,0.9990000128746033,,
2026-03-27T00:10:54,comparison_condition_crp_feedforward_20260326_213610,crp_feedforward,24,24,50511425,985348261,crp,feedforward,4,0.06079664953947067,0.0963713907122612,0.971,1.0,3.0,1.0,0.0,0.9990000128746033,1.0,3.0,1.0,0.0,0.9990000128746033,,
2026-03-27T00:11:12,comparison_condition_crp_feedforward_20260326_213610,crp_feedforward,24,24,50511425,985348261,crp,feedforward,5,0.04606911731660366,0.09122099496126175,0.975,1.0,3.0,1.0,0.0,0.9990000128746033,1.0,3.0,1.0,0.0,0.9990000128746033,,
2026-03-27T00:11:30,comparison_condition_crp_feedforward_20260326_213610,crp_feedforward,24,24,50511425,985348261,crp,feedforward,6,0.036298749150037765,0.10347785821072757,0.9707,1.0,3.0,1.0,0.0,0.9990000128746033,1.0,3.0,1.0,0.0,0.9990000128746033,,
2026-03-27T00:11:48,comparison_condition_crp_feedforward_20260326_213610,crp_feedforward,24,24,50511425,985348261,crp,feedforward,7,0.03243155196428299,0.0929851720660925,0.9758,1.0,3.0,1.0,0.0,0.9990000128746033,1.0,3.0,1.0,0.0,0.9990000128746033,,
2026-03-27T00:12:07,comparison_condition_crp_feedforward_20260326_213610,crp_feedforward,24,24,50511425,985348261,crp,feedforward,8,0.021943281034827233,0.10222437553405762,0.9733,1.0,3.0,1.0,0.0,0.9990000128746033,1.0,3.0,1.0,0.0,0.9990000128746033,,
2026-03-27T00:12:26,comparison_condition_crp_feedforward_20260326_213610,crp_feedforward,24,24,50511425,985348261,crp,feedforward,9,0.02128543640062213,0.11582782266139983,0.9736,1.0,3.0,1.0,0.0,0.9990000128746033,1.0,3.0,1.0,0.0,0.9990000128746033,,
2026-03-27T00:12:45,comparison_condition_crp_feedforward_20260326_213610,crp_feedforward,24,24,50511425,985348261,crp,feedforward,10,0.020737611041516064,0.10173090797364712,0.9768,1.0,3.0,1.0,0.0,0.9990000128746033,1.0,3.0,1.0,0.0,0.9990000128746033,,
2026-03-27T00:13:04,comparison_condition_crp_feedforward_20260326_213610,crp_feedforward,24,24,50511425,985348261,crp,feedforward,11,0.01486388367459178,0.11519850528240204,0.972,1.0,3.0,1.0,0.0,0.9990000128746033,1.0,3.0,1.0,0.0,0.9990000128746033,,
2026-03-27T00:13:22,comparison_condition_crp_feedforward_20260326_213610,crp_feedforward,24,24,50511425,985348261,crp,feedforward,12,0.015566919273510576,0.11445661703944206,0.9737,1.0,3.0,1.0,0.0,0.9990000128746033,1.0,3.0,1.0,0.0,0.9990000128746033,,
2026-03-27T00:13:40,comparison_condition_crp_feedforward_20260326_213610,crp_feedforward,24,24,50511425,985348261,crp,feedforward,13,0.017556694352179766,0.12360551082389429,0.9745,1.0,3.0,1.0,0.0,0.9990000128746033,1.0,3.0,1.0,0.0,0.9990000128746033,,
2026-03-27T00:13:59,comparison_condition_crp_feedforward_20260326_213610,crp_feedforward,24,24,50511425,985348261,crp,feedforward,14,0.013410567599982024,0.11509275156185031,0.9764,1.0,3.0,1.0,0.0,0.9990000128746033,1.0,3.0,1.0,0.0,0.9990000128746033,,
2026-03-27T00:14:18,comparison_condition_crp_feedforward_20260326_213610,crp_feedforward,24,24,50511425,985348261,crp,feedforward,15,0.01419784613020718,0.1176061963558197,0.9744,1.0,3.0,1.0,0.0,0.9990000128746033,1.0,3.0,1.0,0.0,0.9990000128746033,,
2026-03-27T00:14:36,comparison_condition_crp_feedforward_20260326_213610,crp_feedforward,24,24,50511425,985348261,crp,feedforward,16,0.01169676412731409,0.11521506235003472,0.9759,1.0,3.0,1.0,0.0,0.9990000128746033,1.0,3.0,1.0,0.0,0.9990000128746033,,
2026-03-27T00:14:54,comparison_condition_crp_feedforward_20260326_213610,crp_feedforward,24,24,50511425,985348261,crp,feedforward,17,0.009956989327650517,0.1326128698653076,0.9753,1.0,3.0,1.0,0.0,0.9990000128746033,1.0,3.0,1.0,0.0,0.9990000128746033,,
2026-03-27T00:15:11,comparison_condition_crp_feedforward_20260326_213610,crp_feedforward,24,24,50511425,985348261,crp,feedforward,18,0.00977617667330429,0.1386315727270674,0.9725,1.0,3.0,1.0,0.0,0.9990000128746033,1.0,3.0,1.0,0.0,0.9990000128746033,,
2026-03-27T00:15:29,comparison_condition_crp_feedforward_20260326_213610,crp_feedforward,24,24,50511425,985348261,crp,feedforward,19,0.010948658040203153,0.13221955788508058,0.975,1.0,3.0,1.0,0.0,0.9990000128746033,1.0,3.0,1.0,0.0,0.9990000128746033,,
2026-03-27T00:15:47,comparison_condition_crp_feedforward_20260326_213610,crp_feedforward,24,24,50511425,985348261,crp,feedforward,20,0.014128848824929445,0.14491614840864203,0.9749,1.0,3.0,1.0,0.0,0.9990000128746033,1.0,3.0,1.0,0.0,0.9990000128746033,,
2026-03-27T00:16:04,comparison_condition_crp_feedforward_20260326_213610,crp_feedforward,24,24,50511425,985348261,crp,feedforward,21,0.007618762281117961,0.13220314838662744,0.9783,1.0,3.0,1.0,0.0,0.9990000128746033,1.0,3.0,1.0,0.0,0.9990000128746033,,
2026-03-27T00:16:21,comparison_condition_crp_feedforward_20260326_213610,crp_feedforward,24,24,50511425,985348261,crp,feedforward,22,0.015377927863923833,0.13344312281054443,0.9758,1.0,3.0,1.0,0.0,0.9990000128746033,1.0,3.0,1.0,0.0,0.9990000128746033,,
2026-03-27T00:16:39,comparison_condition_crp_feedforward_20260326_213610,crp_feedforward,24,24,50511425,985348261,crp,feedforward,23,0.008728511405000463,0.13446125188041477,0.9751,1.0,3.0,1.0,0.0,0.9990000128746033,1.0,3.0,1.0,0.0,0.9990000128746033,,
2026-03-27T00:16:58,comparison_condition_crp_feedforward_20260326_213610,crp_feedforward,24,24,50511425,985348261,crp,feedforward,24,0.005710460998304188,0.13210785263366998,0.9784,1.0,3.0,1.0,0.0,0.9990000128746033,1.0,3.0,1.0,0.0,0.9990000128746033,,
2026-03-27T00:17:15,comparison_condition_crp_feedforward_20260326_213610,crp_feedforward,24,24,50511425,985348261,crp,feedforward,25,0.010782563004379627,0.14033390713530244,0.9769,1.0,3.0,1.0,0.0,0.9990000128746033,1.0,3.0,1.0,0.0,0.9990000128746033,,
2026-03-27T00:17:37,comparison_condition_crp_feedforward_20260326_213610,crp_feedforward,25,25,729108864,57702956,crp,feedforward,1,0.28670014630317686,0.14986006960868836,0.9534,1.0,3.0,1.0,0.0,0.9990000128746033,1.0,3.0,1.0,0.0,0.9990000128746033,,
2026-03-27T00:17:54,comparison_condition_crp_feedforward_20260326_213610,crp_feedforward,25,25,729108864,57702956,crp,feedforward,2,0.12062922680854797,0.12774041647911072,0.9612,1.0,3.0,1.0,0.0,0.9990000128746033,1.0,3.0,1.0,0.0,0.9990000128746033,,
2026-03-27T00:18:12,comparison_condition_crp_feedforward_20260326_213610,crp_feedforward,25,25,729108864,57702956,crp,feedforward,3,0.08455490314006806,0.10359132947921752,0.967,1.0,3.0,1.0,0.0,0.9990000128746033,1.0,3.0,1.0,0.0,0.9990000128746033,,
2026-03-27T00:18:29,comparison_condition_crp_feedforward_20260326_213610,crp_feedforward,25,25,729108864,57702956,crp,feedforward,4,0.06244156562209129,0.0969510240316391,0.971,1.0,3.0,1.0,0.0,0.9990000128746033,1.0,3.0,1.0,0.0,0.9990000128746033,,
2026-03-27T00:18:47,comparison_condition_crp_feedforward_20260326_213610,crp_feedforward,25,25,729108864,57702956,crp,feedforward,5,0.04827785734772682,0.08950957102775574,0.9722,1.0,3.0,1.0,0.0,0.9990000128746033,1.0,3.0,1.0,0.0,0.9990000128746033,,
2026-03-27T00:19:04,comparison_condition_crp_feedforward_20260326_213610,crp_feedforward,25,25,729108864,57702956,crp,feedforward,6,0.037988243135809896,0.0946870297074318,0.9724,1.0,3.0,1.0,0.0,0.9990000128746033,1.0,3.0,1.0,0.0,0.9990000128746033,,
2026-03-27T00:19:21,comparison_condition_crp_feedforward_20260326_213610,crp_feedforward,25,25,729108864,57702956,crp,feedforward,7,0.031070346040576697,0.08385063327252865,0.9759,1.0,3.0,1.0,0.0,0.9990000128746033,1.0,3.0,1.0,0.0,0.9990000128746033,,
2026-03-27T00:19:39,comparison_condition_crp_feedforward_20260326_213610,crp_feedforward,25,25,729108864,57702956,crp,feedforward,8,0.025910551521778107,0.0947326736330986,0.9752,1.0,3.0,1.0,0.0,0.9990000128746033,1.0,3.0,1.0,0.0,0.9990000128746033,,
2026-03-27T00:19:56,comparison_condition_crp_feedforward_20260326_213610,crp_feedforward,25,25,729108864,57702956,crp,feedforward,9,0.02318415069818497,0.09942163094878197,0.9743,1.0,3.0,1.0,0.0,0.9990000128746033,1.0,3.0,1.0,0.0,0.9990000128746033,,
2026-03-27T00:20:16,comparison_condition_crp_feedforward_20260326_213610,crp_feedforward,25,25,729108864,57702956,crp,feedforward,10,0.019183800811618565,0.09517624486088752,0.9769,1.0,3.0,1.0,0.0,0.9990000128746033,1.0,3.0,1.0,0.0,0.9990000128746033,,
2026-03-27T00:20:34,comparison_condition_crp_feedforward_20260326_213610,crp_feedforward,25,25,729108864,57702956,crp,feedforward,11,0.01622475233834237,0.09584884442090988,0.9763,1.0,3.0,1.0,0.0,0.9990000128746033,1.0,3.0,1.0,0.0,0.9990000128746033,,
2026-03-27T00:20:52,comparison_condition_crp_feedforward_20260326_213610,crp_feedforward,25,25,729108864,57702956,crp,feedforward,12,0.017125894047170877,0.1008601328521967,0.9768,1.0,3.0,1.0,0.0,0.9990000128746033,1.0,3.0,1.0,0.0,0.9990000128746033,,
2026-03-27T00:21:10,comparison_condition_crp_feedforward_20260326_213610,crp_feedforward,25,25,729108864,57702956,crp,feedforward,13,0.013525358524471521,0.10678234904110431,0.9768,1.0,3.0,1.0,0.0,0.9990000128746033,1.0,3.0,1.0,0.0,0.9990000128746033,,
2026-03-27T00:21:29,comparison_condition_crp_feedforward_20260326_213610,crp_feedforward,25,25,729108864,57702956,crp,feedforward,14,0.017031194878593087,0.14281589905023576,0.9704,1.0,3.0,1.0,0.0,0.9990000128746033,1.0,3.0,1.0,0.0,0.9990000128746033,,
2026-03-27T00:21:47,comparison_condition_crp_feedforward_20260326_213610,crp_feedforward,25,25,729108864,57702956,crp,feedforward,15,0.014020392738161608,0.10887366982996463,0.976,1.0,3.0,1.0,0.0,0.9990000128746033,1.0,3.0,1.0,0.0,0.9990000128746033,,
2026-03-27T00:22:05,comparison_condition_crp_feedforward_20260326_213610,crp_feedforward,25,25,729108864,57702956,crp,feedforward,16,0.011846918653119355,0.11735180679708719,0.9781,1.0,3.0,1.0,0.0,0.9990000128746033,1.0,3.0,1.0,0.0,0.9990000128746033,,
2026-03-27T00:22:24,comparison_condition_crp_feedforward_20260326_213610,crp_feedforward,25,25,729108864,57702956,crp,feedforward,17,0.014641898867972195,0.126304042750597,0.9723,1.0,3.0,1.0,0.0,0.9990000128746033,1.0,3.0,1.0,0.0,0.9990000128746033,,
2026-03-27T00:22:43,comparison_condition_crp_feedforward_20260326_213610,crp_feedforward,25,25,729108864,57702956,crp,feedforward,18,0.011755558843854815,0.11690400204062462,0.9764,1.0,3.0,1.0,0.0,0.9990000128746033,1.0,3.0,1.0,0.0,0.9990000128746033,,
2026-03-27T00:23:01,comparison_condition_crp_feedforward_20260326_213610,crp_feedforward,25,25,729108864,57702956,crp,feedforward,19,0.009027003180393949,0.11910037584006786,0.9763,1.0,3.0,1.0,0.0,0.9990000128746033,1.0,3.0,1.0,0.0,0.9990000128746033,,
2026-03-27T00:23:20,comparison_condition_crp_feedforward_20260326_213610,crp_feedforward,25,25,729108864,57702956,crp,feedforward,20,0.008634625157844276,0.12777167040407658,0.976,1.0,3.0,1.0,0.0,0.9990000128746033,1.0,3.0,1.0,0.0,0.9990000128746033,,
2026-03-27T00:23:38,comparison_condition_crp_feedforward_20260326_213610,crp_feedforward,25,25,729108864,57702956,crp,feedforward,21,0.012940280896406621,0.12233381811976433,0.9777,1.0,3.0,1.0,0.0,0.9990000128746033,1.0,3.0,1.0,0.0,0.9990000128746033,,
2026-03-27T00:23:56,comparison_condition_crp_feedforward_20260326_213610,crp_feedforward,25,25,729108864,57702956,crp,feedforward,22,0.01268117900078185,0.1262186807911843,0.977,1.0,3.0,1.0,0.0,0.9990000128746033,1.0,3.0,1.0,0.0,0.9990000128746033,,
2026-03-27T00:24:14,comparison_condition_crp_feedforward_20260326_213610,crp_feedforward,25,25,729108864,57702956,crp,feedforward,23,0.008831554168639705,0.13768738089501859,0.9755,1.0,3.0,1.0,0.0,0.9990000128746033,1.0,3.0,1.0,0.0,0.9990000128746033,,
2026-03-27T00:24:32,comparison_condition_crp_feedforward_20260326_213610,crp_feedforward,25,25,729108864,57702956,crp,feedforward,24,0.006834402197403252,0.12974034752473235,0.9765,1.0,3.0,1.0,0.0,0.9990000128746033,1.0,3.0,1.0,0.0,0.9990000128746033,,
2026-03-27T00:24:50,comparison_condition_crp_feedforward_20260326_213610,crp_feedforward,25,25,729108864,57702956,crp,feedforward,25,0.010496569331218489,0.1381817908875644,0.9765,1.0,3.0,1.0,0.0,0.9990000128746033,1.0,3.0,1.0,0.0,0.9990000128746033,,
