timestamp,experiment_id,condition_id,run_index,trial_index,run_seed,mask_seed,model_id,schematic,epoch,train_loss,val_loss,val_acc,train_cert_rate,train_tau_mean,train_recurrent_scale_mean,train_recurrent_shrink_rate,train_rho_mean,val_cert_rate,val_tau_mean,val_recurrent_scale_mean,val_recurrent_shrink_rate,val_rho_mean,k_total_target,hh_density_target
2026-03-26T00:27:19,comparison_condition_crp_random_sparse_20260326_002658,crp_random_sparse,1,1,894684355,1573429661,crp,random_density,1,0.26304542744636533,0.1440431103348732,0.9561,0.9999,5.62738,0.09603264384791065,1.0,0.9990000128746033,1.0,5.3821,0.09270778298377991,1.0,0.9990000128746033,,0.5
2026-03-26T00:27:39,comparison_condition_crp_random_sparse_20260326_002658,crp_random_sparse,1,1,894684355,1573429661,crp,random_density,2,0.10836010997772216,0.11280219013690948,0.9664,0.99994,5.60076,0.0950387584431397,1.0,0.9990000128746033,1.0,5.4914,0.08991942554712296,1.0,0.9990000128746033,,0.5
2026-03-26T00:28:02,comparison_condition_crp_random_sparse_20260326_002658,crp_random_sparse,1,1,894684355,1573429661,crp,random_density,3,0.07173153358221054,0.0954115676164627,0.9702,0.99994,5.74864,0.09248200034165321,1.0,0.9990000128746033,1.0,5.7496,0.08926371484994888,1.0,0.9990000128746033,,0.5
2026-03-26T00:28:25,comparison_condition_crp_random_sparse_20260326_002658,crp_random_sparse,1,1,894684355,1573429661,crp,random_density,4,0.05246704361200333,0.09236385695934296,0.9721,0.99998,5.86494,0.09049743175735254,1.0,0.9990000128746033,1.0,5.8904,0.08752639591693878,1.0,0.9990000128746033,,0.5
2026-03-26T00:28:47,comparison_condition_crp_random_sparse_20260326_002658,crp_random_sparse,1,1,894684355,1573429661,crp,random_density,5,0.037306913716197015,0.10825048841834069,0.9671,0.99998,5.9324,0.08838600897804245,1.0,0.9990000128746033,1.0,5.935,0.08513251692056656,1.0,0.9990000128746033,,0.5
2026-03-26T00:29:07,comparison_condition_crp_random_sparse_20260326_002658,crp_random_sparse,1,1,894684355,1573429661,crp,random_density,6,0.03130988621234894,0.08871669445484877,0.9725,0.99996,5.95444,0.08599089383316771,1.0,0.9990000128746033,1.0,5.9608,0.08403052389621735,1.0,0.9990000128746033,,0.5
2026-03-26T00:29:28,comparison_condition_crp_random_sparse_20260326_002658,crp_random_sparse,1,1,894684355,1573429661,crp,random_density,7,0.02092382520854473,0.0831512020111084,0.975,1.0,5.99894,0.08407677887269603,1.0,0.9990000128746033,1.0,6.0421,0.081972636282444,1.0,0.9990000128746033,,0.5
2026-03-26T00:29:49,comparison_condition_crp_random_sparse_20260326_002658,crp_random_sparse,1,1,894684355,1573429661,crp,random_density,8,0.017658846595138313,0.08978748430013657,0.9754,1.0,6.03868,0.08233497537615354,1.0,0.9990000128746033,1.0,6.0427,0.08056305348873138,1.0,0.9990000128746033,,0.5
2026-03-26T00:30:10,comparison_condition_crp_random_sparse_20260326_002658,crp_random_sparse,1,1,894684355,1573429661,crp,random_density,9,0.015766331563442947,0.08608895344734192,0.974,1.0,6.06074,0.08037349490253516,1.0,0.9990000128746033,1.0,6.073,0.0785244032740593,1.0,0.9990000128746033,,0.5
2026-03-26T00:30:32,comparison_condition_crp_random_sparse_20260326_002658,crp_random_sparse,1,1,894684355,1573429661,crp,random_density,10,0.013797937616556883,0.0897169304728508,0.9747,1.0,6.0814,0.0783766782687753,1.0,0.9990000128746033,1.0,6.0968,0.07697411626577377,1.0,0.9990000128746033,,0.5
2026-03-26T00:30:54,comparison_condition_crp_random_sparse_20260326_002658,crp_random_sparse,1,1,894684355,1573429661,crp,random_density,11,0.013275236252620816,0.1044386472735554,0.9723,1.0,6.10624,0.07667683038260321,1.0,0.9990000128746033,0.9999,6.1575,0.07493723183870316,1.0,0.9990000128746033,,0.5
2026-03-26T00:31:17,comparison_condition_crp_random_sparse_20260326_002658,crp_random_sparse,1,1,894684355,1573429661,crp,random_density,12,0.014874176357910038,0.09898689612522721,0.9754,1.0,6.1212,0.07494932112029142,1.0,0.9990000128746033,1.0,6.1117,0.07276957482099533,1.0,0.9990000128746033,,0.5
2026-03-26T00:31:40,comparison_condition_crp_random_sparse_20260326_002658,crp_random_sparse,1,1,894684355,1573429661,crp,random_density,13,0.012042060133218764,0.10398477570861578,0.9738,1.0,6.1265,0.07349380822209141,1.0,0.9990000128746033,1.0,6.1445,0.0724884495139122,1.0,0.9990000128746033,,0.5
2026-03-26T00:32:00,comparison_condition_crp_random_sparse_20260326_002658,crp_random_sparse,1,1,894684355,1573429661,crp,random_density,14,0.009616170411035418,0.0860676933825016,0.9783,1.0,6.1322,0.07275087312054451,1.0,0.9990000128746033,1.0,6.1374,0.07191844284534454,1.0,0.9990000128746033,,0.5
2026-03-26T00:32:23,comparison_condition_crp_random_sparse_20260326_002658,crp_random_sparse,1,1,894684355,1573429661,crp,random_density,15,0.005127963589355349,0.1006867174744606,0.9757,0.99998,6.14678,0.07194333836017057,1.0,0.9990000128746033,1.0,6.1676,0.07021541893482208,1.0,0.9990000128746033,,0.5
2026-03-26T00:32:46,comparison_condition_crp_random_sparse_20260326_002658,crp_random_sparse,1,1,894684355,1573429661,crp,random_density,16,0.015295342493392526,0.10796837639808655,0.9753,0.99998,6.11416,0.06938715397244524,1.0,0.9990000128746033,1.0,6.0418,0.06615029275417328,1.0,0.9990000128746033,,0.5
2026-03-26T00:33:08,comparison_condition_crp_random_sparse_20260326_002658,crp_random_sparse,1,1,894684355,1573429661,crp,random_density,17,0.008249349200672005,0.10712138848733158,0.9768,1.0,6.12406,0.06909149494546149,1.0,0.9990000128746033,1.0,6.1775,0.06792166084051132,1.0,0.9990000128746033,,0.5
2026-03-26T00:33:31,comparison_condition_crp_random_sparse_20260326_002658,crp_random_sparse,1,1,894684355,1573429661,crp,random_density,18,0.0068833953882753846,0.10807082653241232,0.9775,1.0,6.14892,0.06828662655923677,1.0,0.9990000128746033,1.0,6.1579,0.06703822314739227,1.0,0.9990000128746033,,0.5
2026-03-26T00:33:54,comparison_condition_crp_random_sparse_20260326_002658,crp_random_sparse,1,1,894684355,1573429661,crp,random_density,19,0.0101997209809348,0.11910465330481529,0.9757,1.0,6.13074,0.06682038774042179,1.0,0.9990000128746033,1.0,6.1119,0.06567440181970596,1.0,0.9990000128746033,,0.5
2026-03-26T00:34:17,comparison_condition_crp_random_sparse_20260326_002658,crp_random_sparse,1,1,894684355,1573429661,crp,random_density,20,0.0062810126434266565,0.10774270015880466,0.9779,1.0,6.13012,0.06621730085605246,1.0,0.9990000128746033,1.0,6.1373,0.06521626561880112,1.0,0.9990000128746033,,0.5
2026-03-26T00:34:38,comparison_condition_crp_random_sparse_20260326_002658,crp_random_sparse,1,1,894684355,1573429661,crp,random_density,21,0.0069423008013609795,0.10060941759645939,0.9782,1.0,6.1259,0.06541259293361089,1.0,0.9990000128746033,1.0,6.1222,0.06444353610277176,1.0,0.9990000128746033,,0.5
2026-03-26T00:35:01,comparison_condition_crp_random_sparse_20260326_002658,crp_random_sparse,1,1,894684355,1573429661,crp,random_density,22,0.005577335588885471,0.11746716376841068,0.9756,1.0,6.13478,0.06488212245657012,1.0,0.9990000128746033,1.0,6.1916,0.06396717578172684,1.0,0.9990000128746033,,0.5
2026-03-26T00:35:25,comparison_condition_crp_random_sparse_20260326_002658,crp_random_sparse,1,1,894684355,1573429661,crp,random_density,23,0.008627243808982894,0.11755719801713713,0.9756,1.0,6.1119,0.06379840738328217,1.0,0.9990000128746033,1.0,6.1225,0.06273534148931503,1.0,0.9990000128746033,,0.5
2026-03-26T00:35:50,comparison_condition_crp_random_sparse_20260326_002658,crp_random_sparse,1,1,894684355,1573429661,crp,random_density,24,0.00903367832493037,0.10418537843897939,0.9789,1.0,6.09616,0.06238786484617406,1.0,0.9990000128746033,1.0,6.1049,0.061289701610803604,1.0,0.9990000128746033,,0.5
2026-03-26T00:36:14,comparison_condition_crp_random_sparse_20260326_002658,crp_random_sparse,1,1,894684355,1573429661,crp,random_density,25,0.009108168273628689,0.1134374343931675,0.9786,0.99998,6.09986,0.06132830793747816,1.0,0.9990000128746033,1.0,6.091,0.0606706440448761,1.0,0.9990000128746033,,0.5
2026-03-26T00:36:46,comparison_condition_crp_random_sparse_20260326_002658,crp_random_sparse,2,2,21838114,1761311798,crp,random_density,1,0.25863893193006515,0.15504714269638062,0.9558,0.99988,5.61052,0.0953200427277009,1.0,0.9990000128746033,0.9998,5.3924,0.08990418165922165,1.0,0.9990000128746033,,0.5
2026-03-26T00:37:10,comparison_condition_crp_random_sparse_20260326_002658,crp_random_sparse,2,2,21838114,1761311798,crp,random_density,2,0.10748704675912857,0.11159624762535095,0.9662,0.99992,5.58082,0.094184439448292,1.0,0.9990000128746033,1.0,5.6261,0.09068696945905685,1.0,0.9990000128746033,,0.5
2026-03-26T00:37:33,comparison_condition_crp_random_sparse_20260326_002658,crp_random_sparse,2,2,21838114,1761311798,crp,random_density,3,0.07037656929969788,0.09994173191487789,0.9695,0.9999,5.78872,0.09221679471490328,1.0,0.9990000128746033,1.0,5.8175,0.08969523012638092,1.0,0.9990000128746033,,0.5
2026-03-26T00:37:55,comparison_condition_crp_random_sparse_20260326_002658,crp_random_sparse,2,2,21838114,1761311798,crp,random_density,4,0.052465241231918334,0.09787460929155349,0.9717,0.99998,5.88926,0.09026652227734666,1.0,0.9990000128746033,1.0,5.893,0.08771909028291702,1.0,0.9990000128746033,,0.5
2026-03-26T00:38:16,comparison_condition_crp_random_sparse_20260326_002658,crp_random_sparse,2,2,21838114,1761311798,crp,random_density,5,0.037572346403598786,0.0905619407042861,0.9734,0.99992,5.93116,0.08752246812710067,1.0,0.9990000128746033,1.0,5.9554,0.0853596031665802,1.0,0.9990000128746033,,0.5
2026-03-26T00:38:40,comparison_condition_crp_random_sparse_20260326_002658,crp_random_sparse,2,2,21838114,1761311798,crp,random_density,6,0.030475281347334383,0.08891480199098586,0.9744,1.0,5.9763,0.08535360508715101,1.0,0.9990000128746033,0.9999,5.9971,0.0829169899225235,1.0,0.9990000128746033,,0.5
2026-03-26T00:39:03,comparison_condition_crp_random_sparse_20260326_002658,crp_random_sparse,2,2,21838114,1761311798,crp,random_density,7,0.02226378280758858,0.09686389154046773,0.9736,1.0,6.01422,0.08338286697178546,1.0,0.9990000128746033,0.9999,6.0233,0.08179674297571182,1.0,0.9990000128746033,,0.5
2026-03-26T00:39:24,comparison_condition_crp_random_sparse_20260326_002658,crp_random_sparse,2,2,21838114,1761311798,crp,random_density,8,0.01951384442999959,0.09145354402437807,0.9762,1.0,6.04284,0.0813228398980692,1.0,0.9990000128746033,0.9999,6.0816,0.07973752915859222,1.0,0.9990000128746033,,0.5
2026-03-26T00:39:46,comparison_condition_crp_random_sparse_20260326_002658,crp_random_sparse,2,2,21838114,1761311798,crp,random_density,9,0.017178094455599785,0.09649668540768325,0.9744,1.0,6.08488,0.07950111328031095,1.0,0.9990000128746033,0.9999,6.0859,0.07732592523097992,1.0,0.9990000128746033,,0.5
2026-03-26T00:40:09,comparison_condition_crp_random_sparse_20260326_002658,crp_random_sparse,2,2,21838114,1761311798,crp,random_density,10,0.015131635449528695,0.09825639579058625,0.9772,1.0,6.09892,0.07767990820319451,1.0,0.9990000128746033,1.0,6.1234,0.0763135477900505,1.0,0.9990000128746033,,0.5
2026-03-26T00:40:33,comparison_condition_crp_random_sparse_20260326_002658,crp_random_sparse,2,2,21838114,1761311798,crp,random_density,11,0.013380971820056438,0.11379289870671928,0.9736,1.0,6.09936,0.07602927058249179,1.0,0.9990000128746033,1.0,6.1345,0.07482663542032242,1.0,0.9990000128746033,,0.5
2026-03-26T00:40:55,comparison_condition_crp_random_sparse_20260326_002658,crp_random_sparse,2,2,21838114,1761311798,crp,random_density,12,0.014243003230988979,0.10350844861268997,0.9761,1.0,6.10766,0.0741592610393034,1.0,0.9990000128746033,0.9999,6.1286,0.07248597592115402,1.0,0.9990000128746033,,0.5
2026-03-26T00:41:16,comparison_condition_crp_random_sparse_20260326_002658,crp_random_sparse,2,2,21838114,1761311798,crp,random_density,13,0.01295475379407406,0.11691774951145052,0.9744,1.0,6.13842,0.07290627856922272,1.0,0.9990000128746033,0.9999,6.0836,0.07088270783424377,1.0,0.9990000128746033,,0.5
2026-03-26T00:41:37,comparison_condition_crp_random_sparse_20260326_002658,crp_random_sparse,2,2,21838114,1761311798,crp,random_density,14,0.01363277217041701,0.09562535763923079,0.9783,1.0,6.10412,0.07121445976026222,1.0,0.9990000128746033,1.0,6.1172,0.0699344351887703,1.0,0.9990000128746033,,0.5
2026-03-26T00:42:02,comparison_condition_crp_random_sparse_20260326_002658,crp_random_sparse,2,2,21838114,1761311798,crp,random_density,15,0.006140547196082771,0.11199619951695204,0.9774,1.0,6.12524,0.07066920058577872,1.0,0.9990000128746033,1.0,6.1248,0.06977618485689163,1.0,0.9990000128746033,,0.5
2026-03-26T00:42:26,comparison_condition_crp_random_sparse_20260326_002658,crp_random_sparse,2,2,21838114,1761311798,crp,random_density,16,0.00943271543264389,0.12509473376539537,0.9746,0.99996,6.12994,0.06936705907058838,1.0,0.9990000128746033,1.0,6.1211,0.06809493899345398,1.0,0.9990000128746033,,0.5
2026-03-26T00:42:47,comparison_condition_crp_random_sparse_20260326_002658,crp_random_sparse,2,2,21838114,1761311798,crp,random_density,17,0.008206554543115198,0.12652672358779238,0.9747,1.0,6.14112,0.06860023754103409,1.0,0.9990000128746033,1.0,6.1315,0.06731138378381729,1.0,0.9990000128746033,,0.5
2026-03-26T00:43:08,comparison_condition_crp_random_sparse_20260326_002658,crp_random_sparse,2,2,21838114,1761311798,crp,random_density,18,0.00643786064421758,0.11393106551798991,0.9768,1.0,6.1133,0.06756035448111536,1.0,0.9990000128746033,0.9999,6.1683,0.06688637286424637,1.0,0.9990000128746033,,0.5
2026-03-26T00:43:29,comparison_condition_crp_random_sparse_20260326_002658,crp_random_sparse,2,2,21838114,1761311798,crp,random_density,19,0.005718917857366614,0.12695929915234447,0.9749,1.0,6.12648,0.0667361610800104,1.0,0.9990000128746033,0.9999,6.2169,0.06569153815507889,1.0,0.9990000128746033,,0.5
2026-03-26T00:43:51,comparison_condition_crp_random_sparse_20260326_002658,crp_random_sparse,2,2,21838114,1761311798,crp,random_density,20,0.013524560773503036,0.1382936861038208,0.9741,1.0,6.12122,0.06496928674180794,1.0,0.9990000128746033,1.0,6.1537,0.0631353110074997,1.0,0.9990000128746033,,0.5
2026-03-26T00:44:12,comparison_condition_crp_random_sparse_20260326_002658,crp_random_sparse,2,2,21838114,1761311798,crp,random_density,21,0.012626131079923362,0.12928372207265348,0.977,1.0,6.10736,0.06362817225896794,1.0,0.9990000128746033,1.0,6.1039,0.062462326139211655,1.0,0.9990000128746033,,0.5
2026-03-26T00:44:33,comparison_condition_crp_random_sparse_20260326_002658,crp_random_sparse,2,2,21838114,1761311798,crp,random_density,22,0.005744204030388501,0.1502361041193828,0.9741,1.0,6.1148,0.06374614678151772,1.0,0.9990000128746033,1.0,6.1876,0.06266137957572937,1.0,0.9990000128746033,,0.5
2026-03-26T00:44:57,comparison_condition_crp_random_sparse_20260326_002658,crp_random_sparse,2,2,21838114,1761311798,crp,random_density,23,0.00877709361391142,0.12994605691657635,0.978,1.0,6.10974,0.06285142453620805,1.0,0.9990000128746033,0.9998,6.1008,0.062138792127370834,1.0,0.9990000128746033,,0.5
2026-03-26T00:45:20,comparison_condition_crp_random_sparse_20260326_002658,crp_random_sparse,2,2,21838114,1761311798,crp,random_density,24,0.005716707165664994,0.12939527989625932,0.9774,1.0,6.07132,0.06224744306767688,1.0,0.9990000128746033,1.0,6.0883,0.061459992080926895,1.0,0.9990000128746033,,0.5
2026-03-26T00:45:42,comparison_condition_crp_random_sparse_20260326_002658,crp_random_sparse,2,2,21838114,1761311798,crp,random_density,25,0.008796818214636296,0.13614998330920935,0.978,0.99998,6.10854,0.061601379119298035,1.0,0.9990000128746033,1.0,6.1673,0.06108199805021286,1.0,0.9990000128746033,,0.5
2026-03-26T00:46:12,comparison_condition_crp_random_sparse_20260326_002658,crp_random_sparse,3,3,1772117478,1724103795,crp,random_density,1,0.27007866973876954,0.14782118701934815,0.9528,0.9998,5.72456,0.09592944764725082,1.0,0.9990000128746033,0.9999,5.4561,0.09198911488056183,1.0,0.9990000128746033,,0.5
2026-03-26T00:46:36,comparison_condition_crp_random_sparse_20260326_002658,crp_random_sparse,3,3,1772117478,1724103795,crp,random_density,2,0.11080577526807785,0.13025432006120682,0.9588,0.99996,5.66654,0.09516789400211685,1.0,0.9990000128746033,0.9998,5.6569,0.09237993508577347,1.0,0.9990000128746033,,0.5
2026-03-26T00:47:02,comparison_condition_crp_random_sparse_20260326_002658,crp_random_sparse,3,3,1772117478,1724103795,crp,random_density,3,0.07374052053451538,0.08676221947073937,0.9725,0.99994,5.75922,0.09272790016115778,1.0,0.9990000128746033,1.0,5.7306,0.08968957513570786,1.0,0.9990000128746033,,0.5
2026-03-26T00:47:26,comparison_condition_crp_random_sparse_20260326_002658,crp_random_sparse,3,3,1772117478,1724103795,crp,random_density,4,0.05190708221435547,0.08990427169501782,0.9718,1.0,5.85564,0.09071029865604532,1.0,0.9990000128746033,1.0,5.837,0.0885271281003952,1.0,0.9990000128746033,,0.5
2026-03-26T00:47:51,comparison_condition_crp_random_sparse_20260326_002658,crp_random_sparse,3,3,1772117478,1724103795,crp,random_density,5,0.03948749185442924,0.09432548831105232,0.9715,0.99998,5.91848,0.08909158212373323,1.0,0.9990000128746033,1.0,5.9572,0.08698547631502151,1.0,0.9990000128746033,,0.5
2026-03-26T00:48:15,comparison_condition_crp_random_sparse_20260326_002658,crp_random_sparse,3,3,1772117478,1724103795,crp,random_density,6,0.028951805720329286,0.09237275596559048,0.9724,1.0,5.94894,0.08631838193101346,1.0,0.9990000128746033,1.0,5.9717,0.08461375534534454,1.0,0.9990000128746033,,0.5
2026-03-26T00:48:41,comparison_condition_crp_random_sparse_20260326_002658,crp_random_sparse,3,3,1772117478,1724103795,crp,random_density,7,0.02243107063293457,0.09138344685286283,0.9744,0.99998,5.98082,0.08412170737905575,1.0,0.9990000128746033,1.0,5.9644,0.08089809864759445,1.0,0.9990000128746033,,0.5
2026-03-26T00:49:10,comparison_condition_crp_random_sparse_20260326_002658,crp_random_sparse,3,3,1772117478,1724103795,crp,random_density,8,0.019240555848777294,0.08267995135337114,0.9769,1.0,6.00542,0.08260549256182692,1.0,0.9990000128746033,1.0,6.0033,0.08090006560087204,1.0,0.9990000128746033,,0.5
2026-03-26T00:49:33,comparison_condition_crp_random_sparse_20260326_002658,crp_random_sparse,3,3,1772117478,1724103795,crp,random_density,9,0.0171777273465693,0.08629420175785199,0.9783,0.99998,6.03426,0.0800734767523568,1.0,0.9990000128746033,1.0,5.9836,0.0765845775604248,1.0,0.9990000128746033,,0.5
2026-03-26T00:49:54,comparison_condition_crp_random_sparse_20260326_002658,crp_random_sparse,3,3,1772117478,1724103795,crp,random_density,10,0.01368747653156519,0.08918804234284908,0.9766,1.0,6.06676,0.07926689433243574,1.0,0.9990000128746033,1.0,6.076,0.07740598917007446,1.0,0.9990000128746033,,0.5
2026-03-26T00:50:17,comparison_condition_crp_random_sparse_20260326_002658,crp_random_sparse,3,3,1772117478,1724103795,crp,random_density,11,0.014258379854559898,0.09548517211452126,0.9762,1.0,6.07442,0.07719750740491521,1.0,0.9990000128746033,1.0,6.0721,0.07561341673135757,1.0,0.9990000128746033,,0.5
2026-03-26T00:50:41,comparison_condition_crp_random_sparse_20260326_002658,crp_random_sparse,3,3,1772117478,1724103795,crp,random_density,12,0.010388639664789662,0.10281658041477203,0.9749,1.0,6.10528,0.07626309087666709,1.0,0.9990000128746033,1.0,6.1137,0.0745435431599617,1.0,0.9990000128746033,,0.5
2026-03-26T00:51:05,comparison_condition_crp_random_sparse_20260326_002658,crp_random_sparse,3,3,1772117478,1724103795,crp,random_density,13,0.013332716567367316,0.1561660852909088,0.9653,1.0,6.12318,0.07463508941557097,1.0,0.9990000128746033,0.9999,6.1483,0.07291196286678314,1.0,0.9990000128746033,,0.5
2026-03-26T00:51:27,comparison_condition_crp_random_sparse_20260326_002658,crp_random_sparse,3,3,1772117478,1724103795,crp,random_density,14,0.014844015232175588,0.0967773282526061,0.9774,1.0,6.08232,0.07157786712622094,1.0,0.9990000128746033,1.0,6.0901,0.0707499086856842,1.0,0.9990000128746033,,0.5
2026-03-26T00:51:49,comparison_condition_crp_random_sparse_20260326_002658,crp_random_sparse,3,3,1772117478,1724103795,crp,random_density,15,0.00885271419338882,0.1001032565638423,0.9765,1.0,6.12046,0.07143634635850292,1.0,0.9990000128746033,1.0,6.1258,0.07015737891197205,1.0,0.9990000128746033,,0.5
2026-03-26T00:52:14,comparison_condition_crp_random_sparse_20260326_002658,crp_random_sparse,3,3,1772117478,1724103795,crp,random_density,16,0.008039792180266231,0.11387998744696379,0.9755,1.0,6.15848,0.07106292339237145,1.0,0.9990000128746033,1.0,6.176,0.06977083534002304,1.0,0.9990000128746033,,0.5
2026-03-26T00:52:36,comparison_condition_crp_random_sparse_20260326_002658,crp_random_sparse,3,3,1772117478,1724103795,crp,random_density,17,0.006225136452130973,0.10882773307345342,0.9783,1.0,6.155,0.06993515034923163,1.0,0.9990000128746033,0.9999,6.1958,0.06930284947156906,1.0,0.9990000128746033,,0.5
2026-03-26T00:52:57,comparison_condition_crp_random_sparse_20260326_002658,crp_random_sparse,3,3,1772117478,1724103795,crp,random_density,18,0.009982572625540196,0.09714510921332985,0.9795,1.0,6.17014,0.06871556831747674,1.0,0.9990000128746033,1.0,6.1545,0.06729380786418915,1.0,0.9990000128746033,,0.5
2026-03-26T00:53:21,comparison_condition_crp_random_sparse_20260326_002658,crp_random_sparse,3,3,1772117478,1724103795,crp,random_density,19,0.006951034028474241,0.13104380178230932,0.9745,1.0,6.1921,0.0677040390803686,1.0,0.9990000128746033,1.0,6.1653,0.06598350405693054,1.0,0.9990000128746033,,0.5
2026-03-26T00:53:43,comparison_condition_crp_random_sparse_20260326_002658,crp_random_sparse,3,3,1772117478,1724103795,crp,random_density,20,0.013840923271104694,0.13136126515567303,0.9717,0.99998,6.13984,0.06587967764386131,1.0,0.9990000128746033,0.9999,6.1798,0.06521838158369064,1.0,0.9990000128746033,,0.5
2026-03-26T00:54:07,comparison_condition_crp_random_sparse_20260326_002658,crp_random_sparse,3,3,1772117478,1724103795,crp,random_density,21,0.007417746436581947,0.1271296162635088,0.9754,1.0,6.13966,0.0653118747274589,1.0,0.9990000128746033,1.0,6.0967,0.06340967118740082,1.0,0.9990000128746033,,0.5
2026-03-26T00:54:32,comparison_condition_crp_random_sparse_20260326_002658,crp_random_sparse,3,3,1772117478,1724103795,crp,random_density,22,0.004122697360268794,0.10592141877878457,0.9805,1.0,6.14122,0.06481394916772842,1.0,0.9990000128746033,1.0,6.1744,0.06434717029333115,1.0,0.9990000128746033,,0.5
2026-03-26T00:54:54,comparison_condition_crp_random_sparse_20260326_002658,crp_random_sparse,3,3,1772117478,1724103795,crp,random_density,23,0.001852249010654632,0.11656319527598098,0.9801,1.0,6.21186,0.06533904124022749,1.0,0.9990000128746033,1.0,6.2403,0.06484027951955795,1.0,0.9990000128746033,,0.5
2026-03-26T00:55:17,comparison_condition_crp_random_sparse_20260326_002658,crp_random_sparse,3,3,1772117478,1724103795,crp,random_density,24,0.005744958884215448,0.13638305325362599,0.976,1.0,6.16918,0.06388822704782267,1.0,0.9990000128746033,1.0,6.1379,0.06255272030830383,1.0,0.9990000128746033,,0.5
2026-03-26T00:55:39,comparison_condition_crp_random_sparse_20260326_002658,crp_random_sparse,3,3,1772117478,1724103795,crp,random_density,25,0.016673977237243672,0.14383403220981708,0.9754,0.99998,6.1329,0.0622220934485383,1.0,0.9990000128746033,1.0,6.0887,0.060752373188734055,1.0,0.9990000128746033,,0.5
2026-03-26T00:56:10,comparison_condition_crp_random_sparse_20260326_002658,crp_random_sparse,4,4,641324193,1836395613,crp,random_density,1,0.26505032013893126,0.15050269265174865,0.9564,0.9998,5.70192,0.09585117628735959,1.0,0.9990000128746033,1.0,5.5184,0.09343749284744263,1.0,0.9990000128746033,,0.5
2026-03-26T00:56:35,comparison_condition_crp_random_sparse_20260326_002658,crp_random_sparse,4,4,641324193,1836395613,crp,random_density,2,0.10772985785007477,0.1206459734916687,0.9659,0.99992,5.6898,0.09517676320374774,1.0,0.9990000128746033,0.9998,5.6836,0.09104876965284348,1.0,0.9990000128746033,,0.5
2026-03-26T00:57:00,comparison_condition_crp_random_sparse_20260326_002658,crp_random_sparse,4,4,641324193,1836395613,crp,random_density,3,0.07289965181350708,0.10291644582748413,0.9707,0.99998,5.81608,0.09260152045951779,1.0,0.9990000128746033,0.9999,5.7915,0.08978144824504852,1.0,0.9990000128746033,,0.5
2026-03-26T00:57:23,comparison_condition_crp_random_sparse_20260326_002658,crp_random_sparse,4,4,641324193,1836395613,crp,random_density,4,0.051780008965730664,0.0868731812119484,0.976,0.99998,5.8788,0.0908564517603201,1.0,0.9990000128746033,1.0,5.8618,0.08761139214038849,1.0,0.9990000128746033,,0.5
2026-03-26T00:57:49,comparison_condition_crp_random_sparse_20260326_002658,crp_random_sparse,4,4,641324193,1836395613,crp,random_density,5,0.038711357984542845,0.0973961175262928,0.973,1.0,5.93204,0.08861350843592374,1.0,0.9990000128746033,0.9998,5.9321,0.08472241461277008,1.0,0.9990000128746033,,0.5
2026-03-26T00:58:11,comparison_condition_crp_random_sparse_20260326_002658,crp_random_sparse,4,4,641324193,1836395613,crp,random_density,6,0.031786908485889435,0.10966928193569184,0.9699,0.99996,5.97368,0.0872277951873172,1.0,0.9990000128746033,1.0,5.9856,0.08515752106904984,1.0,0.9990000128746033,,0.5
2026-03-26T00:58:33,comparison_condition_crp_random_sparse_20260326_002658,crp_random_sparse,4,4,641324193,1836395613,crp,random_density,7,0.023813367627859114,0.09485185327529908,0.9744,1.0,5.99808,0.08494413783178305,1.0,0.9990000128746033,1.0,6.0251,0.08340742439031601,1.0,0.9990000128746033,,0.5
2026-03-26T00:58:56,comparison_condition_crp_random_sparse_20260326_002658,crp_random_sparse,4,4,641324193,1836395613,crp,random_density,8,0.01940317397072911,0.08798855580091476,0.9777,0.99998,6.0381,0.08324242169823488,1.0,0.9990000128746033,1.0,6.036,0.08149293065071106,1.0,0.9990000128746033,,0.5
2026-03-26T00:59:21,comparison_condition_crp_random_sparse_20260326_002658,crp_random_sparse,4,4,641324193,1836395613,crp,random_density,9,0.018578855124861002,0.09677948904037476,0.9763,1.0,6.04914,0.08128671325228708,1.0,0.9990000128746033,1.0,6.0485,0.07874827086925507,1.0,0.9990000128746033,,0.5
2026-03-26T00:59:42,comparison_condition_crp_random_sparse_20260326_002658,crp_random_sparse,4,4,641324193,1836395613,crp,random_density,10,0.01467657279253006,0.10308523187339307,0.9741,0.99994,6.0749,0.0794214747293526,1.0,0.9990000128746033,1.0,6.0349,0.07643631845712662,1.0,0.9990000128746033,,0.5
2026-03-26T01:00:03,comparison_condition_crp_random_sparse_20260326_002658,crp_random_sparse,4,4,641324193,1836395613,crp,random_density,11,0.010356286481916905,0.1078492163002491,0.9753,1.0,6.09648,0.07828287086675843,1.0,0.9990000128746033,1.0,6.1107,0.07682673633098602,1.0,0.9990000128746033,,0.5
2026-03-26T01:00:28,comparison_condition_crp_random_sparse_20260326_002658,crp_random_sparse,4,4,641324193,1836395613,crp,random_density,12,0.010307031317017972,0.10657734051346779,0.9777,0.99998,6.13734,0.07677368977871697,1.0,0.9990000128746033,1.0,6.1736,0.07552944123744965,1.0,0.9990000128746033,,0.5
2026-03-26T01:00:49,comparison_condition_crp_random_sparse_20260326_002658,crp_random_sparse,4,4,641324193,1836395613,crp,random_density,13,0.016586306816488504,0.11561987725496292,0.974,0.99998,6.15474,0.07502388009025007,1.0,0.9990000128746033,1.0,6.1555,0.07301517575979233,1.0,0.9990000128746033,,0.5
2026-03-26T01:01:12,comparison_condition_crp_random_sparse_20260326_002658,crp_random_sparse,4,4,641324193,1836395613,crp,random_density,14,0.013119664125218988,0.11058575669825077,0.9763,0.99998,6.13148,0.07300683516827995,1.0,0.9990000128746033,1.0,6.1082,0.07119106501340866,1.0,0.9990000128746033,,0.5
2026-03-26T01:01:38,comparison_condition_crp_random_sparse_20260326_002658,crp_random_sparse,4,4,641324193,1836395613,crp,random_density,15,0.009397491697743536,0.11830200414657593,0.9772,0.99998,6.14796,0.0720537521726335,1.0,0.9990000128746033,1.0,6.1715,0.07144901901483536,1.0,0.9990000128746033,,0.5
2026-03-26T01:02:04,comparison_condition_crp_random_sparse_20260326_002658,crp_random_sparse,4,4,641324193,1836395613,crp,random_density,16,0.009163159185908735,0.12061692216396332,0.9759,1.0,6.13944,0.07095248913368606,1.0,0.9990000128746033,1.0,6.1892,0.06998363882303238,1.0,0.9990000128746033,,0.5
2026-03-26T01:02:25,comparison_condition_crp_random_sparse_20260326_002658,crp_random_sparse,4,4,641324193,1836395613,crp,random_density,17,0.007444505017884076,0.11959114912673831,0.9783,1.0,6.17414,0.0701886533623766,1.0,0.9990000128746033,0.9999,6.1645,0.06873240321874619,1.0,0.9990000128746033,,0.5
2026-03-26T01:02:46,comparison_condition_crp_random_sparse_20260326_002658,crp_random_sparse,4,4,641324193,1836395613,crp,random_density,18,0.012135079556312413,0.1070234800234437,0.9794,1.0,6.15472,0.06895496395161695,1.0,0.9990000128746033,1.0,6.1219,0.067299485206604,1.0,0.9990000128746033,,0.5
2026-03-26T01:03:10,comparison_condition_crp_random_sparse_20260326_002658,crp_random_sparse,4,4,641324193,1836395613,crp,random_density,19,0.00836417022947222,0.12316397160943597,0.9768,1.0,6.12398,0.0674680680646311,1.0,0.9990000128746033,1.0,6.1629,0.0666515901684761,1.0,0.9990000128746033,,0.5
2026-03-26T01:03:33,comparison_condition_crp_random_sparse_20260326_002658,crp_random_sparse,4,4,641324193,1836395613,crp,random_density,20,0.005778852427247912,0.12618766376674176,0.976,0.99998,6.16038,0.06729079361843027,1.0,0.9990000128746033,1.0,6.1629,0.06622951477766037,1.0,0.9990000128746033,,0.5
2026-03-26T01:03:57,comparison_condition_crp_random_sparse_20260326_002658,crp_random_sparse,4,4,641324193,1836395613,crp,random_density,21,0.004631036849720403,0.13062897345125676,0.978,0.99996,6.17128,0.06656714023836434,1.0,0.9990000128746033,1.0,6.2057,0.06587456911802292,1.0,0.9990000128746033,,0.5
2026-03-26T01:04:19,comparison_condition_crp_random_sparse_20260326_002658,crp_random_sparse,4,4,641324193,1836395613,crp,random_density,22,0.0114043920059409,0.14300519123002886,0.9744,1.0,6.14686,0.06509385404684355,1.0,0.9990000128746033,1.0,6.1194,0.06319405883550644,1.0,0.9990000128746033,,0.5
2026-03-26T01:04:47,comparison_condition_crp_random_sparse_20260326_002658,crp_random_sparse,4,4,641324193,1836395613,crp,random_density,23,0.011333924313769676,0.12079753799821483,0.9785,1.0,6.10158,0.06410960828328072,1.0,0.9990000128746033,1.0,6.1201,0.06271082907915115,1.0,0.9990000128746033,,0.5
2026-03-26T01:05:12,comparison_condition_crp_random_sparse_20260326_002658,crp_random_sparse,4,4,641324193,1836395613,crp,random_density,24,0.005592078314987012,0.12162991719506681,0.9795,1.0,6.12914,0.06377442034385393,1.0,0.9990000128746033,1.0,6.1565,0.0632031187415123,1.0,0.9990000128746033,,0.5
2026-03-26T01:05:36,comparison_condition_crp_random_sparse_20260326_002658,crp_random_sparse,4,4,641324193,1836395613,crp,random_density,25,0.0022098238779651,0.11828284915089607,0.9798,1.0,6.14516,0.06402338008441584,1.0,0.9990000128746033,0.9999,6.1839,0.06370275467634201,1.0,0.9990000128746033,,0.5
2026-03-26T01:06:07,comparison_condition_crp_random_sparse_20260326_002658,crp_random_sparse,5,5,791158067,2000992392,crp,random_density,1,0.264010250415802,0.14932383489608764,0.9571,0.99984,5.72264,0.09587222886512346,1.0,0.9990000128746033,0.9999,5.4486,0.09174205362796783,1.0,0.9990000128746033,,0.5
2026-03-26T01:06:32,comparison_condition_crp_random_sparse_20260326_002658,crp_random_sparse,5,5,791158067,2000992392,crp,random_density,2,0.10805631485462189,0.12454064540863037,0.9615,0.99996,5.73402,0.0947981964787254,1.0,0.9990000128746033,0.9999,5.6471,0.09114573150873184,1.0,0.9990000128746033,,0.5
2026-03-26T01:06:57,comparison_condition_crp_random_sparse_20260326_002658,crp_random_sparse,5,5,791158067,2000992392,crp,random_density,3,0.07134645783662796,0.10560632782131434,0.9667,0.99998,5.83248,0.09225440143471789,1.0,0.9990000128746033,1.0,5.8117,0.08794721215963364,1.0,0.9990000128746033,,0.5
2026-03-26T01:07:21,comparison_condition_crp_random_sparse_20260326_002658,crp_random_sparse,5,5,791158067,2000992392,crp,random_density,4,0.051696811262369156,0.0933313674107194,0.9713,1.0,5.9364,0.09085467541614152,1.0,0.9990000128746033,1.0,5.9347,0.08833903819322586,1.0,0.9990000128746033,,0.5
2026-03-26T01:07:46,comparison_condition_crp_random_sparse_20260326_002658,crp_random_sparse,5,5,791158067,2000992392,crp,random_density,5,0.04023446511387825,0.08718549277670681,0.9746,0.99996,5.96818,0.08837954962954801,1.0,0.9990000128746033,1.0,5.9546,0.08592505753040314,1.0,0.9990000128746033,,0.5
2026-03-26T01:08:10,comparison_condition_crp_random_sparse_20260326_002658,crp_random_sparse,5,5,791158067,2000992392,crp,random_density,6,0.028861361971497537,0.08650649024695158,0.9757,0.99998,5.99682,0.08629404073176176,1.0,0.9990000128746033,1.0,6.0188,0.08455825597047806,1.0,0.9990000128746033,,0.5
2026-03-26T01:08:34,comparison_condition_crp_random_sparse_20260326_002658,crp_random_sparse,5,5,791158067,2000992392,crp,random_density,7,0.023918351433724165,0.0868110760781914,0.9757,0.99998,6.03708,0.08461895796572766,1.0,0.9990000128746033,1.0,6.0394,0.0830889493227005,1.0,0.9990000128746033,,0.5
2026-03-26T01:08:59,comparison_condition_crp_random_sparse_20260326_002658,crp_random_sparse,5,5,791158067,2000992392,crp,random_density,8,0.01881961296454072,0.08486228483328596,0.9767,0.99996,6.05888,0.08278718623130218,1.0,0.9990000128746033,1.0,6.0601,0.08008275181055069,1.0,0.9990000128746033,,0.5
2026-03-26T01:09:23,comparison_condition_crp_random_sparse_20260326_002658,crp_random_sparse,5,5,791158067,2000992392,crp,random_density,9,0.016154729011654854,0.09178102076798678,0.9758,1.0,6.08946,0.08115219000888907,1.0,0.9990000128746033,0.9999,6.0603,0.079312764108181,1.0,0.9990000128746033,,0.5
2026-03-26T01:09:47,comparison_condition_crp_random_sparse_20260326_002658,crp_random_sparse,5,5,791158067,2000992392,crp,random_density,10,0.013736960717737674,0.10620671006459743,0.9745,1.0,6.10762,0.07931339818879467,1.0,0.9990000128746033,1.0,6.0988,0.07760390639305115,1.0,0.9990000128746033,,0.5
2026-03-26T01:10:11,comparison_condition_crp_random_sparse_20260326_002658,crp_random_sparse,5,5,791158067,2000992392,crp,random_density,11,0.01451893606081605,0.09535639602988959,0.9744,0.99998,6.12382,0.07743690185763343,1.0,0.9990000128746033,1.0,6.1125,0.07572467625141144,1.0,0.9990000128746033,,0.5
2026-03-26T01:10:35,comparison_condition_crp_random_sparse_20260326_002658,crp_random_sparse,5,5,791158067,2000992392,crp,random_density,12,0.013953521567583085,0.0869766631282866,0.9786,0.99998,6.12352,0.07594039935208953,1.0,0.9990000128746033,1.0,6.124,0.07438839226961136,1.0,0.9990000128746033,,0.5
2026-03-26T01:10:59,comparison_condition_crp_random_sparse_20260326_002658,crp_random_sparse,5,5,791158067,2000992392,crp,random_density,13,0.007131490703895688,0.08913587518520653,0.9799,1.0,6.16454,0.07505465872452387,1.0,0.9990000128746033,1.0,6.2081,0.07424239069223404,1.0,0.9990000128746033,,0.5
2026-03-26T01:11:23,comparison_condition_crp_random_sparse_20260326_002658,crp_random_sparse,5,5,791158067,2000992392,crp,random_density,14,0.008018397384248675,0.11512073733713478,0.9762,1.0,6.2172,0.07413810247655415,1.0,0.9990000128746033,1.0,6.217,0.07301302999258041,1.0,0.9990000128746033,,0.5
2026-03-26T01:11:46,comparison_condition_crp_random_sparse_20260326_002658,crp_random_sparse,5,5,791158067,2000992392,crp,random_density,15,0.014842458122745157,0.10425043898262083,0.9778,1.0,6.16766,0.07160432924471243,1.0,0.9990000128746033,1.0,6.1078,0.06893672794103622,1.0,0.9990000128746033,,0.5
2026-03-26T01:12:10,comparison_condition_crp_random_sparse_20260326_002658,crp_random_sparse,5,5,791158067,2000992392,crp,random_density,16,0.012337168418318034,0.10773684764625505,0.9775,1.0,6.1622,0.07037389571861842,1.0,0.9990000128746033,1.0,6.154,0.06886984407901764,1.0,0.9990000128746033,,0.5
2026-03-26T01:12:34,comparison_condition_crp_random_sparse_20260326_002658,crp_random_sparse,5,5,791158067,2000992392,crp,random_density,17,0.00692721493396908,0.10463819407727569,0.9776,1.0,6.1796,0.06956310105293304,1.0,0.9990000128746033,1.0,6.1974,0.06851387023925781,1.0,0.9990000128746033,,0.5
2026-03-26T01:12:58,comparison_condition_crp_random_sparse_20260326_002658,crp_random_sparse,5,5,791158067,2000992392,crp,random_density,18,0.004775416920874268,0.10955981525890529,0.9777,1.0,6.2082,0.06899346712300235,1.0,0.9990000128746033,1.0,6.2066,0.0677943155169487,1.0,0.9990000128746033,,0.5
2026-03-26T01:13:22,comparison_condition_crp_random_sparse_20260326_002658,crp_random_sparse,5,5,791158067,2000992392,crp,random_density,19,0.00879324630619958,0.12585281052113279,0.9755,1.0,6.22554,0.06842385503032324,1.0,0.9990000128746033,1.0,6.2361,0.06675650179386139,1.0,0.9990000128746033,,0.5
2026-03-26T01:13:46,comparison_condition_crp_random_sparse_20260326_002658,crp_random_sparse,5,5,791158067,2000992392,crp,random_density,20,0.010560819579865783,0.11460738442894071,0.9768,1.0,6.18558,0.06576057134763054,1.0,0.9990000128746033,1.0,6.1654,0.06455515325069427,1.0,0.9990000128746033,,0.5
2026-03-26T01:14:09,comparison_condition_crp_random_sparse_20260326_002658,crp_random_sparse,5,5,791158067,2000992392,crp,random_density,21,0.011464236135724932,0.11333029605695047,0.9761,0.99998,6.21198,0.06587014398763856,1.0,0.9990000128746033,1.0,6.2017,0.06432395428419113,1.0,0.9990000128746033,,0.5
2026-03-26T01:14:33,comparison_condition_crp_random_sparse_20260326_002658,crp_random_sparse,5,5,791158067,2000992392,crp,random_density,22,0.007166732174456119,0.12619303881824018,0.9753,1.0,6.17124,0.06502094317961227,1.0,0.9990000128746033,1.0,6.2431,0.06432793289422989,1.0,0.9990000128746033,,0.5
2026-03-26T01:14:57,comparison_condition_crp_random_sparse_20260326_002658,crp_random_sparse,5,5,791158067,2000992392,crp,random_density,23,0.004425603293327149,0.11633611288457178,0.978,1.0,6.20184,0.0641971668585792,1.0,0.9990000128746033,1.0,6.2358,0.06354014575481415,1.0,0.9990000128746033,,0.5
2026-03-26T01:15:20,comparison_condition_crp_random_sparse_20260326_002658,crp_random_sparse,5,5,791158067,2000992392,crp,random_density,24,0.0029197543171345024,0.113333106254437,0.9794,1.0,6.22962,0.06429402558776119,1.0,0.9990000128746033,1.0,6.2687,0.06380385160446167,1.0,0.9990000128746033,,0.5
2026-03-26T01:15:49,comparison_condition_crp_random_sparse_20260326_002658,crp_random_sparse,5,5,791158067,2000992392,crp,random_density,25,0.009383995019984432,0.11836183806061745,0.979,1.0,6.1951,0.06275259408995014,1.0,0.9990000128746033,1.0,6.1725,0.06152575463056564,1.0,0.9990000128746033,,0.5
2026-03-26T01:16:19,comparison_condition_crp_random_sparse_20260326_002658,crp_random_sparse,6,6,415884586,580346373,crp,random_density,1,0.26217164124250414,0.1537747344017029,0.9554,0.99982,5.68278,0.0957666139316071,1.0,0.9990000128746033,1.0,5.4252,0.09156730026006699,1.0,0.9990000128746033,,0.5
2026-03-26T01:16:43,comparison_condition_crp_random_sparse_20260326_002658,crp_random_sparse,6,6,415884586,580346373,crp,random_density,2,0.11106821718692779,0.11269505672454834,0.9666,0.99994,5.63848,0.09446406055746785,1.0,0.9990000128746033,1.0,5.5492,0.09120862185955048,1.0,0.9990000128746033,,0.5
2026-03-26T01:17:07,comparison_condition_crp_random_sparse_20260326_002658,crp_random_sparse,6,6,415884586,580346373,crp,random_density,3,0.07508063485980034,0.09977700772285461,0.9707,0.99998,5.78092,0.09258844127969058,1.0,0.9990000128746033,0.9999,5.7318,0.088854119181633,1.0,0.9990000128746033,,0.5
2026-03-26T01:17:30,comparison_condition_crp_random_sparse_20260326_002658,crp_random_sparse,6,6,415884586,580346373,crp,random_density,4,0.05434120770573616,0.09382999885082245,0.9733,0.99998,5.88858,0.0906416268833458,1.0,0.9990000128746033,0.9999,5.8757,0.08777128905057907,1.0,0.9990000128746033,,0.5
2026-03-26T01:17:54,comparison_condition_crp_random_sparse_20260326_002658,crp_random_sparse,6,6,415884586,580346373,crp,random_density,5,0.038239995554089544,0.09291223191022872,0.9727,0.99994,5.95904,0.08899952101585505,1.0,0.9990000128746033,1.0,5.9603,0.08679407835006714,1.0,0.9990000128746033,,0.5
2026-03-26T01:18:18,comparison_condition_crp_random_sparse_20260326_002658,crp_random_sparse,6,6,415884586,580346373,crp,random_density,6,0.02983888647854328,0.09292914998531342,0.9742,0.99998,5.99556,0.08673496628203965,1.0,0.9990000128746033,1.0,6.0063,0.08378857374191284,1.0,0.9990000128746033,,0.5
2026-03-26T01:18:42,comparison_condition_crp_random_sparse_20260326_002658,crp_random_sparse,6,6,415884586,580346373,crp,random_density,7,0.02270027188837528,0.09825518572330474,0.9746,0.99998,6.01824,0.08433125570149677,1.0,0.9990000128746033,1.0,6.0247,0.08154416084289551,1.0,0.9990000128746033,,0.5
2026-03-26T01:19:05,comparison_condition_crp_random_sparse_20260326_002658,crp_random_sparse,6,6,415884586,580346373,crp,random_density,8,0.020008625444173814,0.09221402611732483,0.9769,1.0,6.04508,0.08291857399980125,1.0,0.9990000128746033,1.0,6.0898,0.08158452063798904,1.0,0.9990000128746033,,0.5
2026-03-26T01:19:29,comparison_condition_crp_random_sparse_20260326_002658,crp_random_sparse,6,6,415884586,580346373,crp,random_density,9,0.016698473515212534,0.08947718971967697,0.979,1.0,6.0701,0.08066158789350554,1.0,0.9990000128746033,0.9999,6.0908,0.07883884757757187,1.0,0.9990000128746033,,0.5
2026-03-26T01:19:53,comparison_condition_crp_random_sparse_20260326_002658,crp_random_sparse,6,6,415884586,580346373,crp,random_density,10,0.0170055732499063,0.09953313578367233,0.9776,1.0,6.09522,0.07899879124920692,1.0,0.9990000128746033,0.9998,6.0829,0.07720711082220078,1.0,0.9990000128746033,,0.5
2026-03-26T01:20:17,comparison_condition_crp_random_sparse_20260326_002658,crp_random_sparse,6,6,415884586,580346373,crp,random_density,11,0.012743668199852108,0.10304763737022876,0.9761,0.99998,6.1172,0.07766167444112661,1.0,0.9990000128746033,1.0,6.1044,0.07638569176197052,1.0,0.9990000128746033,,0.5
2026-03-26T01:20:40,comparison_condition_crp_random_sparse_20260326_002658,crp_random_sparse,6,6,415884586,580346373,crp,random_density,12,0.012960350820571185,0.11475829525589942,0.9747,1.0,6.12442,0.07619342770036834,1.0,0.9990000128746033,1.0,6.1157,0.07458383589982986,1.0,0.9990000128746033,,0.5
2026-03-26T01:21:04,comparison_condition_crp_random_sparse_20260326_002658,crp_random_sparse,6,6,415884586,580346373,crp,random_density,13,0.011186181796826422,0.11061737563610077,0.9764,0.99996,6.12502,0.07477759998625197,1.0,0.9990000128746033,1.0,6.151,0.07330174744129181,1.0,0.9990000128746033,,0.5
2026-03-26T01:21:28,comparison_condition_crp_random_sparse_20260326_002658,crp_random_sparse,6,6,415884586,580346373,crp,random_density,14,0.010997909049317241,0.10577089775800705,0.9784,0.99998,6.13264,0.07319857942326294,1.0,0.9990000128746033,1.0,6.1505,0.07255149632692337,1.0,0.9990000128746033,,0.5
2026-03-26T01:21:52,comparison_condition_crp_random_sparse_20260326_002658,crp_random_sparse,6,6,415884586,580346373,crp,random_density,15,0.008495709442719818,0.11278655611872673,0.9776,0.99998,6.14136,0.07181277812060798,1.0,0.9990000128746033,1.0,6.1374,0.07053177803754807,1.0,0.9990000128746033,,0.5
2026-03-26T01:22:16,comparison_condition_crp_random_sparse_20260326_002658,crp_random_sparse,6,6,415884586,580346373,crp,random_density,16,0.010312714295759797,0.11215682406276464,0.9769,1.0,6.1461,0.07002660597834136,1.0,0.9990000128746033,0.9999,6.2009,0.06983698904514313,1.0,0.9990000128746033,,0.5
2026-03-26T01:22:40,comparison_condition_crp_random_sparse_20260326_002658,crp_random_sparse,6,6,415884586,580346373,crp,random_density,17,0.008272176849014358,0.1083493037045002,0.9786,0.99998,6.15782,0.06943047544001923,1.0,0.9990000128746033,1.0,6.1488,0.06776773184537888,1.0,0.9990000128746033,,0.5
2026-03-26T01:23:04,comparison_condition_crp_random_sparse_20260326_002658,crp_random_sparse,6,6,415884586,580346373,crp,random_density,18,0.012697292131837458,0.12475943303182721,0.9765,0.99998,6.15448,0.06872082648374846,1.0,0.9990000128746033,0.9999,6.1258,0.06751690804958344,1.0,0.9990000128746033,,0.5
2026-03-26T01:23:27,comparison_condition_crp_random_sparse_20260326_002658,crp_random_sparse,6,6,415884586,580346373,crp,random_density,19,0.008048794632814825,0.14878420897722244,0.9737,1.0,6.1242,0.06721692383670441,1.0,0.9990000128746033,1.0,6.1792,0.0662388876080513,1.0,0.9990000128746033,,0.5
2026-03-26T01:23:51,comparison_condition_crp_random_sparse_20260326_002658,crp_random_sparse,6,6,415884586,580346373,crp,random_density,20,0.008086258234791458,0.1298806333988905,0.9773,1.0,6.14868,0.06656586359757596,1.0,0.9990000128746033,1.0,6.151,0.06538624316453934,1.0,0.9990000128746033,,0.5
2026-03-26T01:24:16,comparison_condition_crp_random_sparse_20260326_002658,crp_random_sparse,6,6,415884586,580346373,crp,random_density,21,0.006518753594607115,0.11838113574087619,0.9793,1.0,6.13532,0.06572204982609395,1.0,0.9990000128746033,1.0,6.1613,0.06479310989379883,1.0,0.9990000128746033,,0.5
2026-03-26T01:24:43,comparison_condition_crp_random_sparse_20260326_002658,crp_random_sparse,6,6,415884586,580346373,crp,random_density,22,0.006023462230516597,0.13966300361454487,0.9755,1.0,6.14832,0.06500825558400825,1.0,0.9990000128746033,1.0,6.1129,0.06413168460130692,1.0,0.9990000128746033,,0.5
2026-03-26T01:25:11,comparison_condition_crp_random_sparse_20260326_002658,crp_random_sparse,6,6,415884586,580346373,crp,random_density,23,0.009175965983178467,0.13446496176421643,0.977,1.0,6.12718,0.06375322502363673,1.0,0.9990000128746033,1.0,6.11,0.06208188086748123,1.0,0.9990000128746033,,0.5
2026-03-26T01:25:35,comparison_condition_crp_random_sparse_20260326_002658,crp_random_sparse,6,6,415884586,580346373,crp,random_density,24,0.00514792725501582,0.14435637026801706,0.9764,0.99998,6.14906,0.06377478486017497,1.0,0.9990000128746033,1.0,6.1644,0.06229562312364578,1.0,0.9990000128746033,,0.5
2026-03-26T01:25:59,comparison_condition_crp_random_sparse_20260326_002658,crp_random_sparse,6,6,415884586,580346373,crp,random_density,25,0.006292420322948601,0.137130786049366,0.9766,1.0,6.1363,0.06282046454413162,1.0,0.9990000128746033,1.0,6.1055,0.061844754964113235,1.0,0.9990000128746033,,0.5
2026-03-26T01:26:29,comparison_condition_crp_random_sparse_20260326_002658,crp_random_sparse,7,7,1215493282,936793384,crp,random_density,1,0.2770972534370422,0.16670663202404976,0.9502,0.99986,5.57324,0.09454004093051871,1.0,0.9990000128746033,0.9999,5.4167,0.09177408367395401,1.0,0.9990000128746033,,0.5
2026-03-26T01:26:54,comparison_condition_crp_random_sparse_20260326_002658,crp_random_sparse,7,7,1215493282,936793384,crp,random_density,2,0.11041816533088684,0.12530035312473775,0.9607,0.99992,5.60942,0.09525026379110259,1.0,0.9990000128746033,1.0,5.5965,0.09196662902832031,1.0,0.9990000128746033,,0.5
2026-03-26T01:27:18,comparison_condition_crp_random_sparse_20260326_002658,crp_random_sparse,7,7,1215493282,936793384,crp,random_density,3,0.07242036192178726,0.10642285386919975,0.9684,0.99992,5.77358,0.09318193600839361,1.0,0.9990000128746033,1.0,5.7887,0.09029652178287506,1.0,0.9990000128746033,,0.5
2026-03-26T01:27:42,comparison_condition_crp_random_sparse_20260326_002658,crp_random_sparse,7,7,1215493282,936793384,crp,random_density,4,0.052386631470918654,0.10000545496046544,0.9708,1.0,5.87538,0.09124378924784453,1.0,0.9990000128746033,1.0,5.8804,0.08875133097171783,1.0,0.9990000128746033,,0.5
2026-03-26T01:28:07,comparison_condition_crp_random_sparse_20260326_002658,crp_random_sparse,7,7,1215493282,936793384,crp,random_density,5,0.03858982104063034,0.10344041659533977,0.9723,1.0,5.90886,0.08872143179178238,1.0,0.9990000128746033,0.9999,5.9314,0.0851871520280838,1.0,0.9990000128746033,,0.5
2026-03-26T01:28:30,comparison_condition_crp_random_sparse_20260326_002658,crp_random_sparse,7,7,1215493282,936793384,crp,random_density,6,0.030330411415100098,0.10456129595562816,0.9712,0.99998,5.96592,0.08671048575121423,1.0,0.9990000128746033,0.9999,6.0004,0.08514778316020966,1.0,0.9990000128746033,,0.5
2026-03-26T01:28:55,comparison_condition_crp_random_sparse_20260326_002658,crp_random_sparse,7,7,1215493282,936793384,crp,random_density,7,0.022378461380302906,0.09802810732796788,0.9743,0.99998,6.00808,0.08499720180049881,1.0,0.9990000128746033,1.0,6.0163,0.08303698897361755,1.0,0.9990000128746033,,0.5
2026-03-26T01:29:18,comparison_condition_crp_random_sparse_20260326_002658,crp_random_sparse,7,7,1215493282,936793384,crp,random_density,8,0.018714305199086668,0.11249509749040007,0.9733,0.99998,6.05412,0.08316015383547834,1.0,0.9990000128746033,1.0,6.0556,0.08114835619926453,1.0,0.9990000128746033,,0.5
2026-03-26T01:29:42,comparison_condition_crp_random_sparse_20260326_002658,crp_random_sparse,7,7,1215493282,936793384,crp,random_density,9,0.017287315083444117,0.11685122249647975,0.9716,1.0,6.08348,0.08081882405082894,1.0,0.9990000128746033,1.0,6.0743,0.07770363241434097,1.0,0.9990000128746033,,0.5
2026-03-26T01:30:06,comparison_condition_crp_random_sparse_20260326_002658,crp_random_sparse,7,7,1215493282,936793384,crp,random_density,10,0.01381644791468978,0.10900893656760455,0.9722,1.0,6.11106,0.07914059388134485,1.0,0.9990000128746033,1.0,6.1283,0.0779147818684578,1.0,0.9990000128746033,,0.5
2026-03-26T01:30:31,comparison_condition_crp_random_sparse_20260326_002658,crp_random_sparse,7,7,1215493282,936793384,crp,random_density,11,0.011899039964675904,0.11484403401762247,0.9721,1.0,6.15664,0.07815062258478321,1.0,0.9990000128746033,1.0,6.1583,0.07622552663087845,1.0,0.9990000128746033,,0.5
2026-03-26T01:30:55,comparison_condition_crp_random_sparse_20260326_002658,crp_random_sparse,7,7,1215493282,936793384,crp,random_density,12,0.01088031112022698,0.12336669951044023,0.9734,1.0,6.17974,0.07668087179855922,1.0,0.9990000128746033,1.0,6.1936,0.07502621412277222,1.0,0.9990000128746033,,0.5
2026-03-26T01:31:20,comparison_condition_crp_random_sparse_20260326_002658,crp_random_sparse,7,7,1215493282,936793384,crp,random_density,13,0.015951825451552867,0.1311038961723447,0.9732,0.99998,6.15228,0.0741955943386573,1.0,0.9990000128746033,0.9999,6.1829,0.07268151640892029,1.0,0.9990000128746033,,0.5
2026-03-26T01:31:44,comparison_condition_crp_random_sparse_20260326_002658,crp_random_sparse,7,7,1215493282,936793384,crp,random_density,14,0.010382865572422743,0.10869371537510306,0.9776,1.0,6.19496,0.07297368635378225,1.0,0.9990000128746033,1.0,6.1924,0.07152868062257767,1.0,0.9990000128746033,,0.5
2026-03-26T01:32:08,comparison_condition_crp_random_sparse_20260326_002658,crp_random_sparse,7,7,1215493282,936793384,crp,random_density,15,0.006591679704673588,0.11939461690229364,0.9764,1.0,6.207,0.07255447735948026,1.0,0.9990000128746033,1.0,6.226,0.07137608528137207,1.0,0.9990000128746033,,0.5
2026-03-26T01:32:32,comparison_condition_crp_random_sparse_20260326_002658,crp_random_sparse,7,7,1215493282,936793384,crp,random_density,16,0.008009461605250836,0.12018445829451084,0.9758,1.0,6.21828,0.0712399507879906,1.0,0.9990000128746033,1.0,6.2023,0.06961657851934433,1.0,0.9990000128746033,,0.5
2026-03-26T01:32:56,comparison_condition_crp_random_sparse_20260326_002658,crp_random_sparse,7,7,1215493282,936793384,crp,random_density,17,0.013564973193742336,0.1336242409246159,0.974,1.0,6.21396,0.06993623746706702,1.0,0.9990000128746033,1.0,6.1591,0.06871776282787323,1.0,0.9990000128746033,,0.5
2026-03-26T01:33:21,comparison_condition_crp_random_sparse_20260326_002658,crp_random_sparse,7,7,1215493282,936793384,crp,random_density,18,0.013313508973270655,0.138386842392385,0.9767,1.0,6.1765,0.06836019098148931,1.0,0.9990000128746033,1.0,6.1792,0.06701546162366867,1.0,0.9990000128746033,,0.5
2026-03-26T01:33:45,comparison_condition_crp_random_sparse_20260326_002658,crp_random_sparse,7,7,1215493282,936793384,crp,random_density,19,0.006724974288875237,0.14085737942955456,0.9734,0.99998,6.18554,0.06748247179000275,1.0,0.9990000128746033,1.0,6.209,0.06633494794368744,1.0,0.9990000128746033,,0.5
2026-03-26T01:34:10,comparison_condition_crp_random_sparse_20260326_002658,crp_random_sparse,7,7,1215493282,936793384,crp,random_density,20,0.0030184084657020865,0.12615437722366768,0.9774,1.0,6.22612,0.06774291329447875,1.0,0.9990000128746033,1.0,6.238,0.067151740193367,1.0,0.9990000128746033,,0.5
2026-03-26T01:34:34,comparison_condition_crp_random_sparse_20260326_002658,crp_random_sparse,7,7,1215493282,936793384,crp,random_density,21,0.010731551245590672,0.14727582676410675,0.9712,0.99998,6.1998,0.06677529398742539,1.0,0.9990000128746033,1.0,6.1616,0.06537813693284988,1.0,0.9990000128746033,,0.5
2026-03-26T01:34:59,comparison_condition_crp_random_sparse_20260326_002658,crp_random_sparse,7,7,1215493282,936793384,crp,random_density,22,0.007854814070817083,0.13271408525433218,0.977,1.0,6.13556,0.06549551995361552,1.0,0.9990000128746033,1.0,6.1839,0.06472402065992355,1.0,0.9990000128746033,,0.5
2026-03-26T01:35:23,comparison_condition_crp_random_sparse_20260326_002658,crp_random_sparse,7,7,1215493282,936793384,crp,random_density,23,0.005591362946387381,0.14813906014226377,0.9746,1.0,6.17194,0.06560550664391969,1.0,0.9990000128746033,1.0,6.1736,0.0648314580321312,1.0,0.9990000128746033,,0.5
2026-03-26T01:35:48,comparison_condition_crp_random_sparse_20260326_002658,crp_random_sparse,7,7,1215493282,936793384,crp,random_density,24,0.010069380285814404,0.15734165959563107,0.9744,1.0,6.12948,0.06360172879551072,1.0,0.9990000128746033,1.0,6.175,0.0625319555401802,1.0,0.9990000128746033,,0.5
2026-03-26T01:36:12,comparison_condition_crp_random_sparse_20260326_002658,crp_random_sparse,7,7,1215493282,936793384,crp,random_density,25,0.005691279420685023,0.12398984157983213,0.9797,1.0,6.17328,0.06308722608458356,1.0,0.9990000128746033,0.9999,6.1538,0.0618077889084816,1.0,0.9990000128746033,,0.5
2026-03-26T01:36:43,comparison_condition_crp_random_sparse_20260326_002658,crp_random_sparse,8,8,347221957,801148508,crp,random_density,1,0.2665824246549606,0.1532670848250389,0.9522,0.99988,5.80696,0.09706690179569946,1.0,0.9990000128746033,0.9997,5.5675,0.09402648359537125,1.0,0.9990000128746033,,0.5
2026-03-26T01:37:07,comparison_condition_crp_random_sparse_20260326_002658,crp_random_sparse,8,8,347221957,801148508,crp,random_density,2,0.11166159013509751,0.1224916827082634,0.9595,0.99996,5.70668,0.09552592866103668,1.0,0.9990000128746033,0.9999,5.6802,0.0914783626794815,1.0,0.9990000128746033,,0.5
2026-03-26T01:37:31,comparison_condition_crp_random_sparse_20260326_002658,crp_random_sparse,8,8,347221957,801148508,crp,random_density,3,0.07442150215148925,0.10640108998939395,0.9666,0.99994,5.83266,0.09401491640702538,1.0,0.9990000128746033,1.0,5.8426,0.09140988439321518,1.0,0.9990000128746033,,0.5
2026-03-26T01:37:55,comparison_condition_crp_random_sparse_20260326_002658,crp_random_sparse,8,8,347221957,801148508,crp,random_density,4,0.05457934670686722,0.08577872251048684,0.9732,0.99996,5.92034,0.09163543524797005,1.0,0.9990000128746033,1.0,5.942,0.08904851973056793,1.0,0.9990000128746033,,0.5
2026-03-26T01:38:20,comparison_condition_crp_random_sparse_20260326_002658,crp_random_sparse,8,8,347221957,801148508,crp,random_density,5,0.039330481423735617,0.07434558344632387,0.9763,0.99994,5.98254,0.08919379641028012,1.0,0.9990000128746033,0.9998,5.9879,0.08658558875322342,1.0,0.9990000128746033,,0.5
2026-03-26T01:38:44,comparison_condition_crp_random_sparse_20260326_002658,crp_random_sparse,8,8,347221957,801148508,crp,random_density,6,0.029325865573883055,0.08627945606186986,0.9744,0.99998,6.01328,0.08740871927469893,1.0,0.9990000128746033,1.0,6.0146,0.08549198508262634,1.0,0.9990000128746033,,0.5
2026-03-26T01:39:08,comparison_condition_crp_random_sparse_20260326_002658,crp_random_sparse,8,8,347221957,801148508,crp,random_density,7,0.02263651552081108,0.0805150066293776,0.9758,1.0,6.0369,0.08521806583989916,1.0,0.9990000128746033,0.9999,6.0626,0.08377255499362946,1.0,0.9990000128746033,,0.5
2026-03-26T01:39:33,comparison_condition_crp_random_sparse_20260326_002658,crp_random_sparse,8,8,347221957,801148508,crp,random_density,8,0.01832426740050316,0.08066652612313628,0.9754,1.0,6.06608,0.08337610954290156,1.0,0.9990000128746033,1.0,6.078,0.08143800497055054,1.0,0.9990000128746033,,0.5
2026-03-26T01:39:57,comparison_condition_crp_random_sparse_20260326_002658,crp_random_sparse,8,8,347221957,801148508,crp,random_density,9,0.018108460421562195,0.08903090149760247,0.9753,1.0,6.09464,0.08120613388926781,1.0,0.9990000128746033,1.0,6.0888,0.07901804894208908,1.0,0.9990000128746033,,0.5
2026-03-26T01:40:22,comparison_condition_crp_random_sparse_20260326_002658,crp_random_sparse,8,8,347221957,801148508,crp,random_density,10,0.01693392996221781,0.09371896426342428,0.9746,1.0,6.09038,0.07936752976282783,1.0,0.9990000128746033,1.0,6.1039,0.0774981677532196,1.0,0.9990000128746033,,0.5
2026-03-26T01:40:47,comparison_condition_crp_random_sparse_20260326_002658,crp_random_sparse,8,8,347221957,801148508,crp,random_density,11,0.014570332354307174,0.0962311470091343,0.9745,0.99998,6.09556,0.0775310149240067,1.0,0.9990000128746033,0.9999,6.1234,0.076471246778965,1.0,0.9990000128746033,,0.5
2026-03-26T01:41:11,comparison_condition_crp_random_sparse_20260326_002658,crp_random_sparse,8,8,347221957,801148508,crp,random_density,12,0.013075800408571958,0.09262761857062578,0.977,1.0,6.1242,0.07630658643248746,1.0,0.9990000128746033,1.0,6.1473,0.07467104494571686,1.0,0.9990000128746033,,0.5
2026-03-26T01:41:36,comparison_condition_crp_random_sparse_20260326_002658,crp_random_sparse,8,8,347221957,801148508,crp,random_density,13,0.010069665980935097,0.09321952327726175,0.9758,1.0,6.13964,0.07475460678948771,1.0,0.9990000128746033,1.0,6.1573,0.07376682013273239,1.0,0.9990000128746033,,0.5
2026-03-26T01:42:01,comparison_condition_crp_random_sparse_20260326_002658,crp_random_sparse,8,8,347221957,801148508,crp,random_density,14,0.009653756180927158,0.09421570984981954,0.9788,1.0,6.14468,0.07302600776066866,1.0,0.9990000128746033,1.0,6.1544,0.07215958833694458,1.0,0.9990000128746033,,0.5
2026-03-26T01:42:25,comparison_condition_crp_random_sparse_20260326_002658,crp_random_sparse,8,8,347221957,801148508,crp,random_density,15,0.0121604482383281,0.0971822301402688,0.9768,0.99998,6.14372,0.07181714490399031,1.0,0.9990000128746033,1.0,6.1375,0.07003366202116013,1.0,0.9990000128746033,,0.5
2026-03-26T01:42:49,comparison_condition_crp_random_sparse_20260326_002658,crp_random_sparse,8,8,347221957,801148508,crp,random_density,16,0.010005451560020447,0.10503480500727892,0.9767,1.0,6.1512,0.07100673063712962,1.0,0.9990000128746033,1.0,6.1904,0.07003694027662277,1.0,0.9990000128746033,,0.5
2026-03-26T01:43:14,comparison_condition_crp_random_sparse_20260326_002658,crp_random_sparse,8,8,347221957,801148508,crp,random_density,17,0.01078454847689718,0.103980789394147,0.9763,0.99998,6.15008,0.06928974338580886,1.0,0.9990000128746033,0.9999,6.1276,0.06836948543787003,1.0,0.9990000128746033,,0.5
2026-03-26T01:43:37,comparison_condition_crp_random_sparse_20260326_002658,crp_random_sparse,8,8,347221957,801148508,crp,random_density,18,0.006444148772954941,0.11212788802350405,0.975,1.0,6.14498,0.068925960899314,1.0,0.9990000128746033,1.0,6.1954,0.06817778944969177,1.0,0.9990000128746033,,0.5
2026-03-26T01:44:02,comparison_condition_crp_random_sparse_20260326_002658,crp_random_sparse,8,8,347221957,801148508,crp,random_density,19,0.008991568100340665,0.10581591410785914,0.9768,1.0,6.17882,0.06801351150283423,1.0,0.9990000128746033,1.0,6.1712,0.0666550025343895,1.0,0.9990000128746033,,0.5
2026-03-26T01:44:27,comparison_condition_crp_random_sparse_20260326_002658,crp_random_sparse,8,8,347221957,801148508,crp,random_density,20,0.01265510683150962,0.11786410818472505,0.9771,1.0,6.14776,0.06674836040534021,1.0,0.9990000128746033,1.0,6.0987,0.06522847712039948,1.0,0.9990000128746033,,0.5
2026-03-26T01:44:51,comparison_condition_crp_random_sparse_20260326_002658,crp_random_sparse,8,8,347221957,801148508,crp,random_density,21,0.006213563377186656,0.09954342857934534,0.9788,1.0,6.13858,0.06598158051138339,1.0,0.9990000128746033,1.0,6.1291,0.06463827937841415,1.0,0.9990000128746033,,0.5
2026-03-26T01:45:15,comparison_condition_crp_random_sparse_20260326_002658,crp_random_sparse,8,8,347221957,801148508,crp,random_density,22,0.002657085001664236,0.10673263340741396,0.9795,1.0,6.15444,0.06590708289914729,1.0,0.9990000128746033,1.0,6.1788,0.06531351804733276,1.0,0.9990000128746033,,0.5
2026-03-26T01:45:38,comparison_condition_crp_random_sparse_20260326_002658,crp_random_sparse,8,8,347221957,801148508,crp,random_density,23,0.01157146906958893,0.13490303133074194,0.975,1.0,6.1477,0.06479600165277491,1.0,0.9990000128746033,1.0,6.1005,0.06294593214988708,1.0,0.9990000128746033,,0.5
2026-03-26T01:46:03,comparison_condition_crp_random_sparse_20260326_002658,crp_random_sparse,8,8,347221957,801148508,crp,random_density,24,0.008753557739732788,0.12186772192791104,0.9754,1.0,6.11928,0.06357232191602287,1.0,0.9990000128746033,1.0,6.1001,0.062477633357048035,1.0,0.9990000128746033,,0.5
2026-03-26T01:46:27,comparison_condition_crp_random_sparse_20260326_002658,crp_random_sparse,8,8,347221957,801148508,crp,random_density,25,0.004825850824605441,0.11635530033484101,0.9778,1.0,6.0953,0.06299140141405107,1.0,0.9990000128746033,1.0,6.1268,0.06205970421433449,1.0,0.9990000128746033,,0.5
2026-03-26T01:46:57,comparison_condition_crp_random_sparse_20260326_002658,crp_random_sparse,9,9,266861098,1877275096,crp,random_density,1,0.26902482552051543,0.14157009490132333,0.9587,0.99982,5.64854,0.0952894198124671,1.0,0.9990000128746033,0.9999,5.4569,0.09160774201154709,1.0,0.9990000128746033,,0.5
2026-03-26T01:47:22,comparison_condition_crp_random_sparse_20260326_002658,crp_random_sparse,9,9,266861098,1877275096,crp,random_density,2,0.11454415079116821,0.11343135666847229,0.9655,0.99998,5.67334,0.09462885813944785,1.0,0.9990000128746033,0.9999,5.6656,0.09169410169124603,1.0,0.9990000128746033,,0.5
2026-03-26T01:47:46,comparison_condition_crp_random_sparse_20260326_002658,crp_random_sparse,9,9,266861098,1877275096,crp,random_density,3,0.07519939912676811,0.09840971868187189,0.9718,0.99996,5.84998,0.09299463630103699,1.0,0.9990000128746033,1.0,5.8399,0.09005407989025116,1.0,0.9990000128746033,,0.5
2026-03-26T01:48:11,comparison_condition_crp_random_sparse_20260326_002658,crp_random_sparse,9,9,266861098,1877275096,crp,random_density,4,0.055399338055849075,0.08443293499834835,0.9762,0.99998,5.93794,0.09054630672763986,1.0,0.9990000128746033,1.0,5.9428,0.08762373775243759,1.0,0.9990000128746033,,0.5
2026-03-26T01:48:35,comparison_condition_crp_random_sparse_20260326_002658,crp_random_sparse,9,9,266861098,1877275096,crp,random_density,5,0.0415700101351738,0.07834894207715988,0.9788,0.99994,6.00146,0.08919986508920065,1.0,0.9990000128746033,1.0,6.0037,0.0871092900633812,1.0,0.9990000128746033,,0.5
2026-03-26T01:48:59,comparison_condition_crp_random_sparse_20260326_002658,crp_random_sparse,9,9,266861098,1877275096,crp,random_density,6,0.03027297781765461,0.08040856528431177,0.9777,0.99998,6.0213,0.0858260162003205,1.0,0.9990000128746033,1.0,6.0361,0.0835152268409729,1.0,0.9990000128746033,,0.5
2026-03-26T01:49:23,comparison_condition_crp_random_sparse_20260326_002658,crp_random_sparse,9,9,266861098,1877275096,crp,random_density,7,0.025003279470801353,0.08439476667642594,0.977,1.0,6.0673,0.08462980096145055,1.0,0.9990000128746033,1.0,6.0691,0.08226161450147629,1.0,0.9990000128746033,,0.5
2026-03-26T01:49:47,comparison_condition_crp_random_sparse_20260326_002658,crp_random_sparse,9,9,266861098,1877275096,crp,random_density,8,0.019629319433271886,0.08532171413600445,0.9762,0.99998,6.09886,0.08285641380588112,1.0,0.9990000128746033,1.0,6.1611,0.08114679902791977,1.0,0.9990000128746033,,0.5
2026-03-26T01:50:12,comparison_condition_crp_random_sparse_20260326_002658,crp_random_sparse,9,9,266861098,1877275096,crp,random_density,9,0.017560866141468286,0.08714164280891419,0.9781,0.99998,6.14006,0.08087012406124179,1.0,0.9990000128746033,1.0,6.1466,0.07899042218923569,1.0,0.9990000128746033,,0.5
2026-03-26T01:50:37,comparison_condition_crp_random_sparse_20260326_002658,crp_random_sparse,9,9,266861098,1877275096,crp,random_density,10,0.016700932404100893,0.09863634490445257,0.9777,0.99998,6.15272,0.07925090422410794,1.0,0.9990000128746033,0.9999,6.1424,0.07697715610265732,1.0,0.9990000128746033,,0.5
2026-03-26T01:51:02,comparison_condition_crp_random_sparse_20260326_002658,crp_random_sparse,9,9,266861098,1877275096,crp,random_density,11,0.015211187886483967,0.08452310354039073,0.9797,0.99998,6.15792,0.07738950850484926,1.0,0.9990000128746033,1.0,6.1836,0.07626821100711823,1.0,0.9990000128746033,,0.5
2026-03-26T01:51:26,comparison_condition_crp_random_sparse_20260326_002658,crp_random_sparse,9,9,266861098,1877275096,crp,random_density,12,0.008375477303564548,0.10006073691244237,0.9761,1.0,6.21562,0.07630355804777511,1.0,0.9990000128746033,1.0,6.2434,0.07467944175004959,1.0,0.9990000128746033,,0.5
2026-03-26T01:51:50,comparison_condition_crp_random_sparse_20260326_002658,crp_random_sparse,9,9,266861098,1877275096,crp,random_density,13,0.011771390045359731,0.09638593109804205,0.9782,1.0,6.19586,0.07393391904852274,1.0,0.9990000128746033,1.0,6.2365,0.07250688970088959,1.0,0.9990000128746033,,0.5
2026-03-26T01:52:15,comparison_condition_crp_random_sparse_20260326_002658,crp_random_sparse,9,9,266861098,1877275096,crp,random_density,14,0.011904369236752392,0.1026622966947034,0.977,1.0,6.23542,0.07351371659266065,1.0,0.9990000128746033,1.0,6.1856,0.07195346802473068,1.0,0.9990000128746033,,0.5
2026-03-26T01:52:40,comparison_condition_crp_random_sparse_20260326_002658,crp_random_sparse,9,9,266861098,1877275096,crp,random_density,15,0.011429100980982184,0.09997156124236062,0.9787,1.0,6.20596,0.07097273480023264,1.0,0.9990000128746033,1.0,6.2233,0.0698920264840126,1.0,0.9990000128746033,,0.5
2026-03-26T01:53:06,comparison_condition_crp_random_sparse_20260326_002658,crp_random_sparse,9,9,266861098,1877275096,crp,random_density,16,0.008981864027641714,0.11090465948558413,0.9778,0.99998,6.25404,0.07093367996194479,1.0,0.9990000128746033,1.0,6.2828,0.0698714628815651,1.0,0.9990000128746033,,0.5
2026-03-26T01:53:29,comparison_condition_crp_random_sparse_20260326_002658,crp_random_sparse,9,9,266861098,1877275096,crp,random_density,17,0.010818959027417004,0.10584864430184825,0.9795,1.0,6.26142,0.06977265358657178,1.0,0.9990000128746033,1.0,6.257,0.06819082051515579,1.0,0.9990000128746033,,0.5
2026-03-26T01:53:54,comparison_condition_crp_random_sparse_20260326_002658,crp_random_sparse,9,9,266861098,1877275096,crp,random_density,18,0.010454976420244202,0.09910226812697948,0.9799,0.99998,6.25516,0.06850125783544672,1.0,0.9990000128746033,1.0,6.2067,0.06633036583662033,1.0,0.9990000128746033,,0.5
2026-03-26T01:54:19,comparison_condition_crp_random_sparse_20260326_002658,crp_random_sparse,9,9,266861098,1877275096,crp,random_density,19,0.005544207528177649,0.10696704210196621,0.9806,1.0,6.26354,0.06806687067460526,1.0,0.9990000128746033,1.0,6.2184,0.06553827226161957,1.0,0.9990000128746033,,0.5
2026-03-26T01:54:43,comparison_condition_crp_random_sparse_20260326_002658,crp_random_sparse,9,9,266861098,1877275096,crp,random_density,20,0.007004598310198635,0.12236929877400399,0.978,1.0,6.26794,0.06680527327539366,1.0,0.9990000128746033,1.0,6.3197,0.06584452092647552,1.0,0.9990000128746033,,0.5
2026-03-26T01:55:08,comparison_condition_crp_random_sparse_20260326_002658,crp_random_sparse,9,9,266861098,1877275096,crp,random_density,21,0.010403933984804898,0.11360244044918799,0.9806,0.99996,6.24938,0.06567452634539446,1.0,0.9990000128746033,1.0,6.2137,0.0641113817691803,1.0,0.9990000128746033,,0.5
2026-03-26T01:55:32,comparison_condition_crp_random_sparse_20260326_002658,crp_random_sparse,9,9,266861098,1877275096,crp,random_density,22,0.007509761520586908,0.122289158868097,0.9786,1.0,6.25878,0.0648506203156603,1.0,0.9990000128746033,1.0,6.2752,0.06391765922307968,1.0,0.9990000128746033,,0.5
2026-03-26T01:55:57,comparison_condition_crp_random_sparse_20260326_002658,crp_random_sparse,9,9,266861098,1877275096,crp,random_density,23,0.007977810551440343,0.11190578763112426,0.9803,0.99998,6.2605,0.06410340063483513,1.0,0.9990000128746033,0.9999,6.3023,0.06344152987003326,1.0,0.9990000128746033,,0.5
2026-03-26T01:56:21,comparison_condition_crp_random_sparse_20260326_002658,crp_random_sparse,9,9,266861098,1877275096,crp,random_density,24,0.007697956831105985,0.1102988398041809,0.9813,1.0,6.2476,0.06292896684440201,1.0,0.9990000128746033,0.9999,6.2857,0.0624115876853466,1.0,0.9990000128746033,,0.5
2026-03-26T01:56:45,comparison_condition_crp_random_sparse_20260326_002658,crp_random_sparse,9,9,266861098,1877275096,crp,random_density,25,0.0015225066593498923,0.1080075678399764,0.9825,1.0,6.29978,0.0636344300130444,1.0,0.9990000128746033,0.9999,6.3327,0.06321107596158981,1.0,0.9990000128746033,,0.5
2026-03-26T01:57:16,comparison_condition_crp_random_sparse_20260326_002658,crp_random_sparse,10,10,929723557,560686510,crp,random_density,1,0.27247014397621155,0.14863664047718048,0.9562,0.99986,5.60114,0.09660165585444101,1.0,0.9990000128746033,1.0,5.3864,0.09153837710618973,1.0,0.9990000128746033,,0.5
2026-03-26T01:57:39,comparison_condition_crp_random_sparse_20260326_002658,crp_random_sparse,10,10,929723557,560686510,crp,random_density,2,0.10960180515050888,0.11135082651376724,0.9674,0.99988,5.624,0.09483774156902758,1.0,0.9990000128746033,0.9999,5.6092,0.09025708585977554,1.0,0.9990000128746033,,0.5
2026-03-26T01:58:05,comparison_condition_crp_random_sparse_20260326_002658,crp_random_sparse,10,10,929723557,560686510,crp,random_density,3,0.07229836659431457,0.09900453921854496,0.9719,0.99994,5.81082,0.09276901755262823,1.0,0.9990000128746033,0.9999,5.7728,0.08944860100746155,1.0,0.9990000128746033,,0.5
2026-03-26T01:58:28,comparison_condition_crp_random_sparse_20260326_002658,crp_random_sparse,10,10,929723557,560686510,crp,random_density,4,0.049423480410575864,0.09540466449707746,0.9725,0.99996,5.92764,0.09069782024835382,1.0,0.9990000128746033,1.0,5.9461,0.08819021284580231,1.0,0.9990000128746033,,0.5
2026-03-26T01:58:53,comparison_condition_crp_random_sparse_20260326_002658,crp_random_sparse,10,10,929723557,560686510,crp,random_density,5,0.038600105521678925,0.09108777992725373,0.9747,1.0,5.98616,0.08783654346490455,1.0,0.9990000128746033,1.0,6.0339,0.08499939739704132,1.0,0.9990000128746033,,0.5
2026-03-26T01:59:17,comparison_condition_crp_random_sparse_20260326_002658,crp_random_sparse,10,10,929723557,560686510,crp,random_density,6,0.030315581004619598,0.08368061407357455,0.9768,1.0,6.02666,0.0861944261642978,1.0,0.9990000128746033,0.9999,6.0446,0.08372749388217926,1.0,0.9990000128746033,,0.5
2026-03-26T01:59:41,comparison_condition_crp_random_sparse_20260326_002658,crp_random_sparse,10,10,929723557,560686510,crp,random_density,7,0.021018857511878014,0.09829230650290847,0.9767,1.0,6.0766,0.08379104222787921,1.0,0.9990000128746033,1.0,6.0821,0.0819610059261322,1.0,0.9990000128746033,,0.5
2026-03-26T02:00:05,comparison_condition_crp_random_sparse_20260326_002658,crp_random_sparse,10,10,929723557,560686510,crp,random_density,8,0.017790033653974534,0.09067363547086715,0.9754,1.0,6.1102,0.0819741830115428,1.0,0.9990000128746033,1.0,6.1223,0.07988356798887253,1.0,0.9990000128746033,,0.5
2026-03-26T02:00:30,comparison_condition_crp_random_sparse_20260326_002658,crp_random_sparse,10,10,929723557,560686510,crp,random_density,9,0.01662875967979431,0.09555564295351505,0.9769,1.0,6.1394,0.07994334226297906,1.0,0.9990000128746033,0.9999,6.1292,0.07783111929893494,1.0,0.9990000128746033,,0.5
2026-03-26T02:00:54,comparison_condition_crp_random_sparse_20260326_002658,crp_random_sparse,10,10,929723557,560686510,crp,random_density,10,0.01442463174983859,0.0985573910087347,0.9769,0.99996,6.16526,0.0782187875274502,1.0,0.9990000128746033,1.0,6.2494,0.07723501324653625,1.0,0.9990000128746033,,0.5
2026-03-26T02:01:20,comparison_condition_crp_random_sparse_20260326_002658,crp_random_sparse,10,10,929723557,560686510,crp,random_density,11,0.012134285093732178,0.09563149446547031,0.9776,1.0,6.21888,0.07703179385884644,1.0,0.9990000128746033,1.0,6.223,0.07503054291009903,1.0,0.9990000128746033,,0.5
2026-03-26T02:01:45,comparison_condition_crp_random_sparse_20260326_002658,crp_random_sparse,10,10,929723557,560686510,crp,random_density,12,0.01135535707294941,0.10726118694394828,0.9763,1.0,6.23056,0.07510518450337603,1.0,0.9990000128746033,1.0,6.238,0.07320550084114075,1.0,0.9990000128746033,,0.5
2026-03-26T02:02:09,comparison_condition_crp_random_sparse_20260326_002658,crp_random_sparse,10,10,929723557,560686510,crp,random_density,13,0.013299235694520175,0.11615593869732693,0.9758,1.0,6.23088,0.0736597732967123,1.0,0.9990000128746033,0.9999,6.2456,0.07193145155906677,1.0,0.9990000128746033,,0.5
2026-03-26T02:02:33,comparison_condition_crp_random_sparse_20260326_002658,crp_random_sparse,10,10,929723557,560686510,crp,random_density,14,0.01051841840095818,0.11582052987068892,0.974,1.0,6.23772,0.07223009182821455,1.0,0.9990000128746033,0.9999,6.2654,0.07078946381807327,1.0,0.9990000128746033,,0.5
2026-03-26T02:02:58,comparison_condition_crp_random_sparse_20260326_002658,crp_random_sparse,10,10,929723557,560686510,crp,random_density,15,0.010572236581295729,0.11849349614977836,0.9763,1.0,6.2291,0.07054616108803494,1.0,0.9990000128746033,1.0,6.2362,0.06931334733963013,1.0,0.9990000128746033,,0.5
2026-03-26T02:03:22,comparison_condition_crp_random_sparse_20260326_002658,crp_random_sparse,10,10,929723557,560686510,crp,random_density,16,0.010611112168207764,0.1301967539191246,0.9752,1.0,6.21536,0.06919685331985469,1.0,0.9990000128746033,0.9999,6.1963,0.06798692792654037,1.0,0.9990000128746033,,0.5
2026-03-26T02:03:47,comparison_condition_crp_random_sparse_20260326_002658,crp_random_sparse,10,10,929723557,560686510,crp,random_density,17,0.009726074230782688,0.12044999212091789,0.9761,1.0,6.22262,0.0685954773631852,1.0,0.9990000128746033,1.0,6.2514,0.06751788407564163,1.0,0.9990000128746033,,0.5
2026-03-26T02:04:11,comparison_condition_crp_random_sparse_20260326_002658,crp_random_sparse,10,10,929723557,560686510,crp,random_density,18,0.004699732783157378,0.13208505446114577,0.9758,0.99998,6.24046,0.0679786909762246,1.0,0.9990000128746033,1.0,6.2649,0.06712640076875687,1.0,0.9990000128746033,,0.5
2026-03-26T02:04:35,comparison_condition_crp_random_sparse_20260326_002658,crp_random_sparse,10,10,929723557,560686510,crp,random_density,19,0.008306653846912086,0.13819806071072818,0.9754,1.0,6.2324,0.06626843417163396,1.0,0.9990000128746033,1.0,6.1951,0.06432845443487167,1.0,0.9990000128746033,,0.5
2026-03-26T02:04:59,comparison_condition_crp_random_sparse_20260326_002658,crp_random_sparse,10,10,929723557,560686510,crp,random_density,20,0.011497789293900133,0.13857457000911236,0.9754,0.99998,6.18536,0.06481517923762427,1.0,0.9990000128746033,1.0,6.1859,0.06300904601812363,1.0,0.9990000128746033,,0.5
2026-03-26T02:05:24,comparison_condition_crp_random_sparse_20260326_002658,crp_random_sparse,10,10,929723557,560686510,crp,random_density,21,0.007326542556621134,0.13197155222892762,0.976,1.0,6.2164,0.06412240504608739,1.0,0.9990000128746033,1.0,6.2269,0.06243598833680153,1.0,0.9990000128746033,,0.5
2026-03-26T02:05:49,comparison_condition_crp_random_sparse_20260326_002658,crp_random_sparse,10,10,929723557,560686510,crp,random_density,22,0.004350717806760222,0.11688250170528772,0.9795,1.0,6.25252,0.06379336938071434,1.0,0.9990000128746033,1.0,6.2386,0.06304226815700531,1.0,0.9990000128746033,,0.5
2026-03-26T02:06:13,comparison_condition_crp_random_sparse_20260326_002658,crp_random_sparse,10,10,929723557,560686510,crp,random_density,23,0.005681179454971571,0.12095109407114796,0.9799,1.0,6.23092,0.06336155943477245,1.0,0.9990000128746033,1.0,6.2334,0.06185314431786537,1.0,0.9990000128746033,,0.5
2026-03-26T02:06:38,comparison_condition_crp_random_sparse_20260326_002658,crp_random_sparse,10,10,929723557,560686510,crp,random_density,24,0.006410706636186224,0.14873918746858836,0.9744,1.0,6.24996,0.06259582578526128,1.0,0.9990000128746033,1.0,6.2095,0.06069370359182358,1.0,0.9990000128746033,,0.5
2026-03-26T02:07:02,comparison_condition_crp_random_sparse_20260326_002658,crp_random_sparse,10,10,929723557,560686510,crp,random_density,25,0.009185767749701626,0.137677127340436,0.9777,1.0,6.2132,0.06127453459155224,1.0,0.9990000128746033,1.0,6.1938,0.060317058116197586,1.0,0.9990000128746033,,0.5
2026-03-26T02:07:33,comparison_condition_crp_random_sparse_20260326_002658,crp_random_sparse,11,11,1207054354,1346933383,crp,random_density,1,0.26461736721277235,0.14372969463467597,0.957,0.9998,5.71984,0.09626214991292685,1.0,0.9990000128746033,0.9998,5.4743,0.09165424853563309,1.0,0.9990000128746033,,0.5
2026-03-26T02:07:57,comparison_condition_crp_random_sparse_20260326_002658,crp_random_sparse,11,11,1207054354,1346933383,crp,random_density,2,0.10903238279342652,0.10671714542508125,0.9672,0.99996,5.64368,0.09545074521428179,1.0,0.9990000128746033,0.9999,5.5663,0.09160295128822327,1.0,0.9990000128746033,,0.5
2026-03-26T02:08:21,comparison_condition_crp_random_sparse_20260326_002658,crp_random_sparse,11,11,1207054354,1346933383,crp,random_density,3,0.07323757732391357,0.09136113842725754,0.9722,0.99996,5.72136,0.09228305034625256,1.0,0.9990000128746033,0.9996,5.6964,0.08853870630264282,1.0,0.9990000128746033,,0.5
2026-03-26T02:08:45,comparison_condition_crp_random_sparse_20260326_002658,crp_random_sparse,11,11,1207054354,1346933383,crp,random_density,4,0.052112151063680646,0.09743791418075562,0.9688,0.99998,5.8417,0.0904741648517911,1.0,0.9990000128746033,1.0,5.848,0.08820508420467377,1.0,0.9990000128746033,,0.5
2026-03-26T02:09:10,comparison_condition_crp_random_sparse_20260326_002658,crp_random_sparse,11,11,1207054354,1346933383,crp,random_density,5,0.03822870686292648,0.08371883883476257,0.9736,1.0,5.9072,0.08762956252488334,1.0,0.9990000128746033,0.9999,5.9497,0.08600335568189621,1.0,0.9990000128746033,,0.5
2026-03-26T02:09:33,comparison_condition_crp_random_sparse_20260326_002658,crp_random_sparse,11,11,1207054354,1346933383,crp,random_density,6,0.030502919939756394,0.08093811750411987,0.9758,0.99998,5.96298,0.08626909445390067,1.0,0.9990000128746033,1.0,5.9774,0.08378921449184418,1.0,0.9990000128746033,,0.5
2026-03-26T02:09:57,comparison_condition_crp_random_sparse_20260326_002658,crp_random_sparse,11,11,1207054354,1346933383,crp,random_density,7,0.023379513226151467,0.08372170148342847,0.9745,0.99998,5.99876,0.08421761919851498,1.0,0.9990000128746033,1.0,6.0559,0.08227106183767319,1.0,0.9990000128746033,,0.5
2026-03-26T02:10:22,comparison_condition_crp_random_sparse_20260326_002658,crp_random_sparse,11,11,1207054354,1346933383,crp,random_density,8,0.019298922859430315,0.0879179681301117,0.9772,1.0,6.02252,0.082033695486348,1.0,0.9990000128746033,0.9999,6.022,0.0797717496752739,1.0,0.9990000128746033,,0.5
2026-03-26T02:10:46,comparison_condition_crp_random_sparse_20260326_002658,crp_random_sparse,11,11,1207054354,1346933383,crp,random_density,9,0.015280502203255893,0.0860894487708807,0.9781,1.0,6.0529,0.08047458430385346,1.0,0.9990000128746033,1.0,6.0796,0.07887160032987595,1.0,0.9990000128746033,,0.5
2026-03-26T02:11:11,comparison_condition_crp_random_sparse_20260326_002658,crp_random_sparse,11,11,1207054354,1346933383,crp,random_density,10,0.017243553097248076,0.08272103129476309,0.9791,1.0,6.05374,0.07831070442562518,1.0,0.9990000128746033,0.9999,6.0422,0.07614685595035553,1.0,0.9990000128746033,,0.5
2026-03-26T02:11:35,comparison_condition_crp_random_sparse_20260326_002658,crp_random_sparse,11,11,1207054354,1346933383,crp,random_density,11,0.010061493308395147,0.08270307831168175,0.9786,1.0,6.0627,0.07724050213308896,1.0,0.9990000128746033,0.9999,6.0971,0.07595942169427872,1.0,0.9990000128746033,,0.5
2026-03-26T02:12:00,comparison_condition_crp_random_sparse_20260326_002658,crp_random_sparse,11,11,1207054354,1346933383,crp,random_density,12,0.0070385039049386975,0.10342686461210251,0.9741,0.99996,6.1122,0.07647335557910183,1.0,0.9990000128746033,1.0,6.1528,0.07473158836364746,1.0,0.9990000128746033,,0.5
2026-03-26T02:12:24,comparison_condition_crp_random_sparse_20260326_002658,crp_random_sparse,11,11,1207054354,1346933383,crp,random_density,13,0.008811848333626986,0.09456592007377185,0.9765,1.0,6.12942,0.07454412581060854,1.0,0.9990000128746033,0.9999,6.1532,0.07312333583831787,1.0,0.9990000128746033,,0.5
2026-03-26T02:12:49,comparison_condition_crp_random_sparse_20260326_002658,crp_random_sparse,11,11,1207054354,1346933383,crp,random_density,14,0.01665758024148643,0.10032662702724338,0.9755,0.99998,6.10878,0.07262591333569163,1.0,0.9990000128746033,1.0,6.1181,0.07078457623720169,1.0,0.9990000128746033,,0.5
2026-03-26T02:13:13,comparison_condition_crp_random_sparse_20260326_002658,crp_random_sparse,11,11,1207054354,1346933383,crp,random_density,15,0.01887771111689508,0.09351143611576408,0.9783,1.0,6.0994,0.07036818175212196,1.0,0.9990000128746033,1.0,6.09,0.06896476447582245,1.0,0.9990000128746033,,0.5
2026-03-26T02:13:37,comparison_condition_crp_random_sparse_20260326_002658,crp_random_sparse,11,11,1207054354,1346933383,crp,random_density,16,0.008977799605876207,0.0960118920326233,0.9785,0.99996,6.10402,0.07001186434722617,1.0,0.9990000128746033,1.0,6.1242,0.06857455521821976,1.0,0.9990000128746033,,0.5
2026-03-26T02:14:01,comparison_condition_crp_random_sparse_20260326_002658,crp_random_sparse,11,11,1207054354,1346933383,crp,random_density,17,0.006004612564258278,0.0846941778615117,0.9813,1.0,6.1277,0.06923736967241673,1.0,0.9990000128746033,1.0,6.1588,0.06820307672023773,1.0,0.9990000128746033,,0.5
2026-03-26T02:14:25,comparison_condition_crp_random_sparse_20260326_002658,crp_random_sparse,11,11,1207054354,1346933383,crp,random_density,18,0.0047649521880317475,0.09523859192728996,0.9769,1.0,6.13742,0.06864968367168665,1.0,0.9990000128746033,0.9999,6.1653,0.06781075149774551,1.0,0.9990000128746033,,0.5
2026-03-26T02:14:49,comparison_condition_crp_random_sparse_20260326_002658,crp_random_sparse,11,11,1207054354,1346933383,crp,random_density,19,0.008734689940977841,0.12016804639697075,0.9723,1.0,6.12478,0.06760111586440859,1.0,0.9990000128746033,1.0,6.1449,0.06590104848146439,1.0,0.9990000128746033,,0.5
2026-03-26T02:15:14,comparison_condition_crp_random_sparse_20260326_002658,crp_random_sparse,11,11,1207054354,1346933383,crp,random_density,20,0.015178368556480856,0.09592701518237591,0.9798,0.99998,6.0964,0.06604415866191429,1.0,0.9990000128746033,1.0,6.1248,0.0651274099946022,1.0,0.9990000128746033,,0.5
2026-03-26T02:15:39,comparison_condition_crp_random_sparse_20260326_002658,crp_random_sparse,11,11,1207054354,1346933383,crp,random_density,21,0.008169799650777132,0.10592104631066322,0.9764,1.0,6.09512,0.06509289311249848,1.0,0.9990000128746033,1.0,6.0942,0.0641530230641365,1.0,0.9990000128746033,,0.5
2026-03-26T02:16:02,comparison_condition_crp_random_sparse_20260326_002658,crp_random_sparse,11,11,1207054354,1346933383,crp,random_density,22,0.007576904868958518,0.10774716907441616,0.9778,1.0,6.08718,0.0645603349294199,1.0,0.9990000128746033,1.0,6.1066,0.06301254034042358,1.0,0.9990000128746033,,0.5
2026-03-26T02:16:27,comparison_condition_crp_random_sparse_20260326_002658,crp_random_sparse,11,11,1207054354,1346933383,crp,random_density,23,0.002025208784984425,0.09520849959254264,0.982,1.0,6.11368,0.06454957684363856,1.0,0.9990000128746033,1.0,6.1353,0.0637873187661171,1.0,0.9990000128746033,,0.5
2026-03-26T02:16:51,comparison_condition_crp_random_sparse_20260326_002658,crp_random_sparse,11,11,1207054354,1346933383,crp,random_density,24,0.001353080632786732,0.0899380225032568,0.9832,1.0,6.13304,0.06433489587148437,1.0,0.9990000128746033,1.0,6.1586,0.06368670612573624,1.0,0.9990000128746033,,0.5
2026-03-26T02:17:15,comparison_condition_crp_random_sparse_20260326_002658,crp_random_sparse,11,11,1207054354,1346933383,crp,random_density,25,0.0028724264694936575,0.11729378177374601,0.9786,1.0,6.15346,0.064490806168455,1.0,0.9990000128746033,1.0,6.1258,0.06303096562623978,1.0,0.9990000128746033,,0.5
2026-03-26T02:17:45,comparison_condition_crp_random_sparse_20260326_002658,crp_random_sparse,12,12,374399940,1313764614,crp,random_density,1,0.2708089439582825,0.15925344617068768,0.9563,0.99978,5.60844,0.09645687956410601,1.0,0.9990000128746033,1.0,5.3461,0.09089960902929306,1.0,0.9990000128746033,,0.5
2026-03-26T02:18:09,comparison_condition_crp_random_sparse_20260326_002658,crp_random_sparse,12,12,374399940,1313764614,crp,random_density,2,0.10883762830376625,0.11712560742199421,0.9662,0.99994,5.53106,0.09469901164398169,1.0,0.9990000128746033,1.0,5.4875,0.09025204926729202,1.0,0.9990000128746033,,0.5
2026-03-26T02:18:34,comparison_condition_crp_random_sparse_20260326_002658,crp_random_sparse,12,12,374399940,1313764614,crp,random_density,3,0.072253961520195,0.11744069747179747,0.9629,0.99996,5.75206,0.09341640953365189,1.0,0.9990000128746033,1.0,5.7405,0.08988335728645325,1.0,0.9990000128746033,,0.5
2026-03-26T02:18:58,comparison_condition_crp_random_sparse_20260326_002658,crp_random_sparse,12,12,374399940,1313764614,crp,random_density,4,0.05202434463381767,0.09900929797887802,0.9719,1.0,5.87482,0.09100427156519098,1.0,0.9990000128746033,1.0,5.8866,0.08884413540363312,1.0,0.9990000128746033,,0.5
2026-03-26T02:19:23,comparison_condition_crp_random_sparse_20260326_002658,crp_random_sparse,12,12,374399940,1313764614,crp,random_density,5,0.03868261273264885,0.09600832603797317,0.9732,0.99998,5.94486,0.08843530642102136,1.0,0.9990000128746033,1.0,5.9677,0.08564209192991257,1.0,0.9990000128746033,,0.5
2026-03-26T02:19:46,comparison_condition_crp_random_sparse_20260326_002658,crp_random_sparse,12,12,374399940,1313764614,crp,random_density,6,0.027729871461987497,0.09184819250702858,0.9739,0.99996,6.00874,0.0868003687552174,1.0,0.9990000128746033,1.0,6.0024,0.0848027691245079,1.0,0.9990000128746033,,0.5
2026-03-26T02:20:11,comparison_condition_crp_random_sparse_20260326_002658,crp_random_sparse,12,12,374399940,1313764614,crp,random_density,7,0.02311506025969982,0.09638180360568221,0.9749,1.0,6.0349,0.08458752438540348,1.0,0.9990000128746033,1.0,6.0422,0.082727812230587,1.0,0.9990000128746033,,0.5
2026-03-26T02:20:34,comparison_condition_crp_random_sparse_20260326_002658,crp_random_sparse,12,12,374399940,1313764614,crp,random_density,8,0.019339787689447403,0.09730343501787865,0.9743,0.99998,6.06126,0.08262324380828902,1.0,0.9990000128746033,1.0,6.0662,0.08057000488042831,1.0,0.9990000128746033,,0.5
2026-03-26T02:20:59,comparison_condition_crp_random_sparse_20260326_002658,crp_random_sparse,12,12,374399940,1313764614,crp,random_density,9,0.016619913209229707,0.10504581231959165,0.9749,1.0,6.10632,0.08068973843551352,1.0,0.9990000128746033,1.0,6.096,0.0783776193857193,1.0,0.9990000128746033,,0.5
2026-03-26T02:21:23,comparison_condition_crp_random_sparse_20260326_002658,crp_random_sparse,12,12,374399940,1313764614,crp,random_density,10,0.012584974203109741,0.10456433155518025,0.9754,1.0,6.12962,0.07924810575935846,1.0,0.9990000128746033,1.0,6.1303,0.07777225971221924,1.0,0.9990000128746033,,0.5
2026-03-26T02:21:47,comparison_condition_crp_random_sparse_20260326_002658,crp_random_sparse,12,12,374399940,1313764614,crp,random_density,11,0.014333517231419683,0.11391854519083718,0.9751,1.0,6.1447,0.07680506954717514,1.0,0.9990000128746033,1.0,6.1378,0.0747150331735611,1.0,0.9990000128746033,,0.5
2026-03-26T02:22:12,comparison_condition_crp_random_sparse_20260326_002658,crp_random_sparse,12,12,374399940,1313764614,crp,random_density,12,0.01036548016615212,0.11142294604182243,0.9752,1.0,6.16132,0.07536582625887887,1.0,0.9990000128746033,1.0,6.1748,0.07414968311786652,1.0,0.9990000128746033,,0.5
2026-03-26T02:22:36,comparison_condition_crp_random_sparse_20260326_002658,crp_random_sparse,12,12,374399940,1313764614,crp,random_density,13,0.011661131130605936,0.11311316120456395,0.9744,1.0,6.17952,0.07368958400338507,1.0,0.9990000128746033,1.0,6.0866,0.07023908197879791,1.0,0.9990000128746033,,0.5
2026-03-26T02:23:01,comparison_condition_crp_random_sparse_20260326_002658,crp_random_sparse,12,12,374399940,1313764614,crp,random_density,14,0.012048553902730345,0.14320967714900035,0.9709,1.0,6.15568,0.07195833502599346,1.0,0.9990000128746033,1.0,6.1322,0.0705208107829094,1.0,0.9990000128746033,,0.5
2026-03-26T02:23:25,comparison_condition_crp_random_sparse_20260326_002658,crp_random_sparse,12,12,374399940,1313764614,crp,random_density,15,0.015015723514556885,0.12766049229614437,0.9725,0.99996,6.1097,0.07026349412053443,1.0,0.9990000128746033,1.0,6.195,0.06953849643468857,1.0,0.9990000128746033,,0.5
2026-03-26T02:23:50,comparison_condition_crp_random_sparse_20260326_002658,crp_random_sparse,12,12,374399940,1313764614,crp,random_density,16,0.008592403152678162,0.13020318512618542,0.9751,1.0,6.1471,0.07000607842831966,1.0,0.9990000128746033,1.0,6.1637,0.06892508268356323,1.0,0.9990000128746033,,0.5
2026-03-26T02:24:13,comparison_condition_crp_random_sparse_20260326_002658,crp_random_sparse,12,12,374399940,1313764614,crp,random_density,17,0.004373647199589759,0.11960182724584374,0.9773,1.0,6.14388,0.06928637393219086,1.0,0.9990000128746033,1.0,6.1171,0.06779149919748306,1.0,0.9990000128746033,,0.5
2026-03-26T02:24:37,comparison_condition_crp_random_sparse_20260326_002658,crp_random_sparse,12,12,374399940,1313764614,crp,random_density,18,0.0024207264582253992,0.11196853919372661,0.9801,1.0,6.16662,0.0689270803538125,1.0,0.9990000128746033,0.9999,6.1809,0.0677282065153122,1.0,0.9990000128746033,,0.5
2026-03-26T02:25:01,comparison_condition_crp_random_sparse_20260326_002658,crp_random_sparse,12,12,374399940,1313764614,crp,random_density,19,0.004637797203604132,0.1533374063372612,0.9708,1.0,6.1983,0.06849368829327776,1.0,0.9990000128746033,1.0,6.2052,0.06689062714576721,1.0,0.9990000128746033,,0.5
2026-03-26T02:25:26,comparison_condition_crp_random_sparse_20260326_002658,crp_random_sparse,12,12,374399940,1313764614,crp,random_density,20,0.024211946856938303,0.14045502589642853,0.975,0.99998,6.11154,0.06511916895694744,1.0,0.9990000128746033,1.0,6.0442,0.062322210520505905,1.0,0.9990000128746033,,0.5
2026-03-26T02:25:50,comparison_condition_crp_random_sparse_20260326_002658,crp_random_sparse,12,12,374399940,1313764614,crp,random_density,21,0.005786771893650293,0.12486690594999691,0.9777,1.0,6.10644,0.06531278472727217,1.0,0.9990000128746033,1.0,6.1225,0.06464499980211258,1.0,0.9990000128746033,,0.5
2026-03-26T02:26:14,comparison_condition_crp_random_sparse_20260326_002658,crp_random_sparse,12,12,374399940,1313764614,crp,random_density,22,0.0040542101187165825,0.12919295131149702,0.9787,1.0,6.14536,0.06524242047229996,1.0,0.9990000128746033,1.0,6.1767,0.06468427926301956,1.0,0.9990000128746033,,0.5
2026-03-26T02:26:39,comparison_condition_crp_random_sparse_20260326_002658,crp_random_sparse,12,12,374399940,1313764614,crp,random_density,23,0.0021915249047102406,0.13548879678653902,0.9771,1.0,6.15106,0.0648025169663722,1.0,0.9990000128746033,1.0,6.188,0.06392362713813782,1.0,0.9990000128746033,,0.5
2026-03-26T02:27:03,comparison_condition_crp_random_sparse_20260326_002658,crp_random_sparse,12,12,374399940,1313764614,crp,random_density,24,0.01127051224868279,0.16521187758169253,0.9711,1.0,6.12144,0.06268216859158653,1.0,0.9990000128746033,1.0,6.1142,0.06135856732726097,1.0,0.9990000128746033,,0.5
2026-03-26T02:27:28,comparison_condition_crp_random_sparse_20260326_002658,crp_random_sparse,12,12,374399940,1313764614,crp,random_density,25,0.011063568694284185,0.14348781381243134,0.9763,1.0,6.10814,0.061882955348476425,1.0,0.9990000128746033,1.0,6.0709,0.06094909459352493,1.0,0.9990000128746033,,0.5
2026-03-26T02:27:59,comparison_condition_crp_random_sparse_20260326_002658,crp_random_sparse,13,13,1188033244,401169362,crp,random_density,1,0.26434852907180784,0.1557629909515381,0.952,0.99974,5.6936,0.09674733888615122,1.0,0.9990000128746033,0.9999,5.4255,0.09275535494089127,1.0,0.9990000128746033,,0.5
2026-03-26T02:28:22,comparison_condition_crp_random_sparse_20260326_002658,crp_random_sparse,13,13,1188033244,401169362,crp,random_density,2,0.10760927462100983,0.11681411151885987,0.9661,1.0,5.65202,0.09594894753164038,1.0,0.9990000128746033,0.9999,5.605,0.09251974523067474,1.0,0.9990000128746033,,0.5
2026-03-26T02:28:46,comparison_condition_crp_random_sparse_20260326_002658,crp_random_sparse,13,13,1188033244,401169362,crp,random_density,3,0.07108509962677956,0.10167074671983718,0.9702,0.99998,5.75816,0.09339412381810605,1.0,0.9990000128746033,0.9999,5.7595,0.09056952595710754,1.0,0.9990000128746033,,0.5
2026-03-26T02:29:11,comparison_condition_crp_random_sparse_20260326_002658,crp_random_sparse,13,13,1188033244,401169362,crp,random_density,4,0.049709309575557706,0.09438263352364301,0.9734,0.99996,5.84864,0.09160915085726687,1.0,0.9990000128746033,1.0,5.8843,0.08905132114887238,1.0,0.9990000128746033,,0.5
2026-03-26T02:29:36,comparison_condition_crp_random_sparse_20260326_002658,crp_random_sparse,13,13,1188033244,401169362,crp,random_density,5,0.03672762584924698,0.09347532283961774,0.9743,0.99994,5.91262,0.08909416981898916,1.0,0.9990000128746033,0.9999,5.9605,0.08781227469444275,1.0,0.9990000128746033,,0.5
2026-03-26T02:30:00,comparison_condition_crp_random_sparse_20260326_002658,crp_random_sparse,13,13,1188033244,401169362,crp,random_density,6,0.02879632848024368,0.08173882526531816,0.9762,1.0,5.95208,0.08738504872297692,1.0,0.9990000128746033,0.9999,5.9587,0.08517366647720337,1.0,0.9990000128746033,,0.5
2026-03-26T02:30:24,comparison_condition_crp_random_sparse_20260326_002658,crp_random_sparse,13,13,1188033244,401169362,crp,random_density,7,0.02073822940468788,0.0918260635048151,0.9758,1.0,5.99688,0.08538396313519733,1.0,0.9990000128746033,1.0,6.023,0.0835457518696785,1.0,0.9990000128746033,,0.5
2026-03-26T02:30:49,comparison_condition_crp_random_sparse_20260326_002658,crp_random_sparse,13,13,1188033244,401169362,crp,random_density,8,0.01770123072862625,0.10100365571379662,0.9739,1.0,6.02082,0.08360627777588642,1.0,0.9990000128746033,1.0,6.0458,0.08140837401151657,1.0,0.9990000128746033,,0.5
2026-03-26T02:31:13,comparison_condition_crp_random_sparse_20260326_002658,crp_random_sparse,13,13,1188033244,401169362,crp,random_density,9,0.015516716359406709,0.1033083244163543,0.9735,1.0,6.02876,0.08111179673382084,1.0,0.9990000128746033,1.0,6.0457,0.07924362272024155,1.0,0.9990000128746033,,0.5
2026-03-26T02:31:41,comparison_condition_crp_random_sparse_20260326_002658,crp_random_sparse,13,13,1188033244,401169362,crp,random_density,10,0.014283719046786427,0.10646513935625553,0.9758,1.0,6.06056,0.07966621852744266,1.0,0.9990000128746033,1.0,6.0693,0.07785837352275848,1.0,0.9990000128746033,,0.5
2026-03-26T02:32:07,comparison_condition_crp_random_sparse_20260326_002658,crp_random_sparse,13,13,1188033244,401169362,crp,random_density,11,0.01091763704881072,0.10605331622958183,0.9724,0.99998,6.05586,0.0768547990666631,1.0,0.9990000128746033,1.0,6.0897,0.0752539187669754,1.0,0.9990000128746033,,0.5
2026-03-26T02:32:31,comparison_condition_crp_random_sparse_20260326_002658,crp_random_sparse,13,13,1188033244,401169362,crp,random_density,12,0.013292101644799114,0.11204795237407088,0.973,1.0,6.10312,0.0758355199109258,1.0,0.9990000128746033,1.0,6.1387,0.07510628551244736,1.0,0.9990000128746033,,0.5
2026-03-26T02:32:56,comparison_condition_crp_random_sparse_20260326_002658,crp_random_sparse,13,13,1188033244,401169362,crp,random_density,13,0.01385552466224879,0.11337867537590791,0.9747,1.0,6.11214,0.07441349659124603,1.0,0.9990000128746033,1.0,6.1533,0.07312722504138947,1.0,0.9990000128746033,,0.5
2026-03-26T02:33:19,comparison_condition_crp_random_sparse_20260326_002658,crp_random_sparse,13,13,1188033244,401169362,crp,random_density,14,0.011487415958791972,0.11581050274753943,0.9751,1.0,6.13154,0.07350154390649112,1.0,0.9990000128746033,1.0,6.1029,0.07223192602396011,1.0,0.9990000128746033,,0.5
2026-03-26T02:33:44,comparison_condition_crp_random_sparse_20260326_002658,crp_random_sparse,13,13,1188033244,401169362,crp,random_density,15,0.007465087166801095,0.11389580003398005,0.9758,0.99998,6.1181,0.07234985055521016,1.0,0.9990000128746033,1.0,6.118,0.07129830867052078,1.0,0.9990000128746033,,0.5
2026-03-26T02:34:08,comparison_condition_crp_random_sparse_20260326_002658,crp_random_sparse,13,13,1188033244,401169362,crp,random_density,16,0.007391022790353745,0.11919559604334645,0.9765,1.0,6.14852,0.07170681144727771,1.0,0.9990000128746033,1.0,6.1681,0.07041722536087036,1.0,0.9990000128746033,,0.5
2026-03-26T02:34:33,comparison_condition_crp_random_sparse_20260326_002658,crp_random_sparse,13,13,1188033244,401169362,crp,random_density,17,0.008367909899279475,0.12472614832990803,0.975,0.99998,6.12722,0.07003552609544886,1.0,0.9990000128746033,1.0,6.1653,0.06842704117298126,1.0,0.9990000128746033,,0.5
2026-03-26T02:34:58,comparison_condition_crp_random_sparse_20260326_002658,crp_random_sparse,13,13,1188033244,401169362,crp,random_density,18,0.011355621566241607,0.14017657283032314,0.9727,0.99996,6.11206,0.06856694661290444,1.0,0.9990000128746033,1.0,6.0761,0.06660923361778259,1.0,0.9990000128746033,,0.5
2026-03-26T02:35:23,comparison_condition_crp_random_sparse_20260326_002658,crp_random_sparse,13,13,1188033244,401169362,crp,random_density,19,0.009177060531405733,0.1287916741888155,0.9746,0.99998,6.07316,0.06756867735129793,1.0,0.9990000128746033,1.0,6.1278,0.06669287383556366,1.0,0.9990000128746033,,0.5
2026-03-26T02:35:47,comparison_condition_crp_random_sparse_20260326_002658,crp_random_sparse,13,13,1188033244,401169362,crp,random_density,20,0.007767690813988447,0.12281413271538913,0.9761,0.99998,6.1048,0.06704020191488973,1.0,0.9990000128746033,0.9998,6.1095,0.06560986489057541,1.0,0.9990000128746033,,0.5
2026-03-26T02:36:12,comparison_condition_crp_random_sparse_20260326_002658,crp_random_sparse,13,13,1188033244,401169362,crp,random_density,21,0.005623368315948173,0.13138082851152866,0.9746,1.0,6.0897,0.06636739657510576,1.0,0.9990000128746033,1.0,6.1217,0.06592356413602829,1.0,0.9990000128746033,,0.5
2026-03-26T02:36:36,comparison_condition_crp_random_sparse_20260326_002658,crp_random_sparse,13,13,1188033244,401169362,crp,random_density,22,0.007640228468943387,0.12046978407837451,0.9762,1.0,6.0807,0.06499036944583249,1.0,0.9990000128746033,0.9999,6.0705,0.06339730322360992,1.0,0.9990000128746033,,0.5
2026-03-26T02:37:01,comparison_condition_crp_random_sparse_20260326_002658,crp_random_sparse,13,13,1188033244,401169362,crp,random_density,23,0.008424849782809616,0.14194180263569578,0.9749,1.0,6.08476,0.06457063403275921,1.0,0.9990000128746033,1.0,6.0663,0.06374062597751617,1.0,0.9990000128746033,,0.5
2026-03-26T02:37:25,comparison_condition_crp_random_sparse_20260326_002658,crp_random_sparse,13,13,1188033244,401169362,crp,random_density,24,0.007779815019562375,0.12143220705855638,0.9759,1.0,6.06008,0.06307120561180517,1.0,0.9990000128746033,1.0,6.0751,0.06163136288523674,1.0,0.9990000128746033,,0.5
2026-03-26T02:37:50,comparison_condition_crp_random_sparse_20260326_002658,crp_random_sparse,13,13,1188033244,401169362,crp,random_density,25,0.005963493831432425,0.14423527712337672,0.9767,0.99998,6.09352,0.0629889973822762,1.0,0.9990000128746033,1.0,6.1701,0.061718497425317764,1.0,0.9990000128746033,,0.5
2026-03-26T02:38:20,comparison_condition_crp_random_sparse_20260326_002658,crp_random_sparse,14,14,762144912,1585161917,crp,random_density,1,0.26677885245084765,0.14512120511531829,0.9593,0.99986,5.58452,0.09416510149493547,1.0,0.9990000128746033,1.0,5.382,0.08978891372680664,1.0,0.9990000128746033,,0.5
2026-03-26T02:38:44,comparison_condition_crp_random_sparse_20260326_002658,crp_random_sparse,14,14,762144912,1585161917,crp,random_density,2,0.11021236616492272,0.11015511656403541,0.9688,0.99988,5.63672,0.09517872238250645,1.0,0.9990000128746033,1.0,5.5847,0.09040059894323349,1.0,0.9990000128746033,,0.5
2026-03-26T02:39:09,comparison_condition_crp_random_sparse_20260326_002658,crp_random_sparse,14,14,762144912,1585161917,crp,random_density,3,0.07414980742812156,0.09890070502758026,0.9714,0.99998,5.7982,0.0929370160450411,1.0,0.9990000128746033,0.9999,5.7869,0.08918701857328415,1.0,0.9990000128746033,,0.5
2026-03-26T02:39:33,comparison_condition_crp_random_sparse_20260326_002658,crp_random_sparse,14,14,762144912,1585161917,crp,random_density,4,0.052160565506219864,0.0937698624253273,0.9701,0.99996,5.90396,0.09063100906284265,1.0,0.9990000128746033,0.9998,5.9117,0.08729469776153564,1.0,0.9990000128746033,,0.5
2026-03-26T02:39:58,comparison_condition_crp_random_sparse_20260326_002658,crp_random_sparse,14,14,762144912,1585161917,crp,random_density,5,0.038806999406218526,0.08040166157484055,0.9756,0.99998,5.97166,0.08834664914232995,1.0,0.9990000128746033,0.9998,5.9827,0.08619364351034164,1.0,0.9990000128746033,,0.5
2026-03-26T02:40:23,comparison_condition_crp_random_sparse_20260326_002658,crp_random_sparse,14,14,762144912,1585161917,crp,random_density,6,0.028291007671952247,0.0805213411450386,0.9784,0.99994,6.04068,0.0861782588998375,1.0,0.9990000128746033,1.0,6.0438,0.08378557860851288,1.0,0.9990000128746033,,0.5
2026-03-26T02:40:47,comparison_condition_crp_random_sparse_20260326_002658,crp_random_sparse,14,14,762144912,1585161917,crp,random_density,7,0.021474967768490314,0.09114721080064773,0.9746,1.0,6.0952,0.08470698985297356,1.0,0.9990000128746033,1.0,6.0905,0.08282636106014252,1.0,0.9990000128746033,,0.5
2026-03-26T02:41:11,comparison_condition_crp_random_sparse_20260326_002658,crp_random_sparse,14,14,762144912,1585161917,crp,random_density,8,0.018491902974247933,0.08886201734095812,0.9763,0.99998,6.12874,0.08228989854416884,1.0,0.9990000128746033,1.0,6.1598,0.0802823007106781,1.0,0.9990000128746033,,0.5
2026-03-26T02:41:36,comparison_condition_crp_random_sparse_20260326_002658,crp_random_sparse,14,14,762144912,1585161917,crp,random_density,9,0.01791541565090418,0.08015475611686707,0.9781,0.99998,6.16852,0.08062071679040904,1.0,0.9990000128746033,1.0,6.1209,0.0779900997877121,1.0,0.9990000128746033,,0.5
2026-03-26T02:42:01,comparison_condition_crp_random_sparse_20260326_002658,crp_random_sparse,14,14,762144912,1585161917,crp,random_density,10,0.013529029943048955,0.0952060031145811,0.9762,1.0,6.1865,0.07870554083677204,1.0,0.9990000128746033,0.9999,6.2058,0.07716308534145355,1.0,0.9990000128746033,,0.5
2026-03-26T02:42:25,comparison_condition_crp_random_sparse_20260326_002658,crp_random_sparse,14,14,762144912,1585161917,crp,random_density,11,0.011443481187745928,0.08714329724013806,0.9788,0.99998,6.20702,0.07691609099164338,1.0,0.9990000128746033,1.0,6.2714,0.0752086415886879,1.0,0.9990000128746033,,0.5
2026-03-26T02:42:50,comparison_condition_crp_random_sparse_20260326_002658,crp_random_sparse,14,14,762144912,1585161917,crp,random_density,12,0.014136083019971848,0.10972410053014756,0.9738,1.0,6.23016,0.07521209195065681,1.0,0.9990000128746033,1.0,6.2218,0.0730336606502533,1.0,0.9990000128746033,,0.5
2026-03-26T02:43:15,comparison_condition_crp_random_sparse_20260326_002658,crp_random_sparse,14,14,762144912,1585161917,crp,random_density,13,0.01245797150600236,0.09768387488573789,0.9771,1.0,6.23786,0.07349578445524815,1.0,0.9990000128746033,1.0,6.2297,0.0719529315829277,1.0,0.9990000128746033,,0.5
2026-03-26T02:43:39,comparison_condition_crp_random_sparse_20260326_002658,crp_random_sparse,14,14,762144912,1585161917,crp,random_density,14,0.008142239127457141,0.11018922872543335,0.9756,1.0,6.27854,0.07305937761540914,1.0,0.9990000128746033,1.0,6.3301,0.07205139845609665,1.0,0.9990000128746033,,0.5
2026-03-26T02:44:03,comparison_condition_crp_random_sparse_20260326_002658,crp_random_sparse,14,14,762144912,1585161917,crp,random_density,15,0.009989238032028079,0.11785265151560306,0.9741,1.0,6.27454,0.07149453941361068,1.0,0.9990000128746033,1.0,6.2498,0.07053837180137634,1.0,0.9990000128746033,,0.5
2026-03-26T02:44:27,comparison_condition_crp_random_sparse_20260326_002658,crp_random_sparse,14,14,762144912,1585161917,crp,random_density,16,0.012854157985113562,0.10250630392730237,0.9784,1.0,6.2095,0.06919297535934717,1.0,0.9990000128746033,0.9999,6.1955,0.06746704131364822,1.0,0.9990000128746033,,0.5
2026-03-26T02:44:51,comparison_condition_crp_random_sparse_20260326_002658,crp_random_sparse,14,14,762144912,1585161917,crp,random_density,17,0.005872408824395389,0.10015686803758145,0.9788,1.0,6.26164,0.06955193265167343,1.0,0.9990000128746033,1.0,6.282,0.06862165033817291,1.0,0.9990000128746033,,0.5
2026-03-26T02:45:16,comparison_condition_crp_random_sparse_20260326_002658,crp_random_sparse,14,14,762144912,1585161917,crp,random_density,18,0.00895914437226951,0.10704288942962885,0.9765,1.0,6.24196,0.06759369737275726,1.0,0.9990000128746033,1.0,6.215,0.06654716283082962,1.0,0.9990000128746033,,0.5
2026-03-26T02:45:40,comparison_condition_crp_random_sparse_20260326_002658,crp_random_sparse,14,14,762144912,1585161917,crp,random_density,19,0.008489522191882133,0.09742812139466404,0.9796,0.99998,6.24556,0.06713634548361039,1.0,0.9990000128746033,1.0,6.2884,0.06674794852733612,1.0,0.9990000128746033,,0.5
2026-03-26T02:46:05,comparison_condition_crp_random_sparse_20260326_002658,crp_random_sparse,14,14,762144912,1585161917,crp,random_density,20,0.00540066080853343,0.10912117977151647,0.9794,1.0,6.28136,0.06651646384726399,1.0,0.9990000128746033,1.0,6.2883,0.06580247730016708,1.0,0.9990000128746033,,0.5
2026-03-26T02:46:29,comparison_condition_crp_random_sparse_20260326_002658,crp_random_sparse,14,14,762144912,1585161917,crp,random_density,21,0.009479671237329021,0.12333121286518872,0.9777,1.0,6.23514,0.0649009899562582,1.0,0.9990000128746033,1.0,6.2536,0.06370692700147629,1.0,0.9990000128746033,,0.5
2026-03-26T02:46:54,comparison_condition_crp_random_sparse_20260326_002658,crp_random_sparse,14,14,762144912,1585161917,crp,random_density,22,0.012228894975129514,0.12285550760235638,0.9763,1.0,6.2656,0.06429797757769484,1.0,0.9990000128746033,1.0,6.2326,0.06302481889724731,1.0,0.9990000128746033,,0.5
2026-03-26T02:47:18,comparison_condition_crp_random_sparse_20260326_002658,crp_random_sparse,14,14,762144912,1585161917,crp,random_density,23,0.0061511859094165264,0.11226712253745645,0.9797,1.0,6.24316,0.06400999388731349,1.0,0.9990000128746033,0.9999,6.2399,0.06365171819925308,1.0,0.9990000128746033,,0.5
2026-03-26T02:47:42,comparison_condition_crp_random_sparse_20260326_002658,crp_random_sparse,14,14,762144912,1585161917,crp,random_density,24,0.004650232970621437,0.10253673884111922,0.9798,1.0,6.23768,0.06362806748398735,1.0,0.9990000128746033,1.0,6.2608,0.06272337585687637,1.0,0.9990000128746033,,0.5
2026-03-26T02:48:06,comparison_condition_crp_random_sparse_20260326_002658,crp_random_sparse,14,14,762144912,1585161917,crp,random_density,25,0.0018104428094392643,0.11040597723834217,0.9785,1.0,6.26792,0.06357176093113087,1.0,0.9990000128746033,1.0,6.3087,0.06269126385450363,1.0,0.9990000128746033,,0.5
2026-03-26T02:48:37,comparison_condition_crp_random_sparse_20260326_002658,crp_random_sparse,15,15,2057428455,1573825650,crp,random_density,1,0.2696568638753891,0.1478729263305664,0.9535,0.99982,5.74026,0.09603407186315492,1.0,0.9990000128746033,0.9999,5.5615,0.09233392030000687,1.0,0.9990000128746033,,0.5
2026-03-26T02:49:02,comparison_condition_crp_random_sparse_20260326_002658,crp_random_sparse,15,15,2057428455,1573825650,crp,random_density,2,0.11101145381212235,0.11270448012948037,0.9655,1.0,5.73674,0.0948325164825715,1.0,0.9990000128746033,1.0,5.6546,0.08976901322603226,1.0,0.9990000128746033,,0.5
2026-03-26T02:49:26,comparison_condition_crp_random_sparse_20260326_002658,crp_random_sparse,15,15,2057428455,1573825650,crp,random_density,3,0.07532785816192628,0.0944941984012723,0.9695,0.99998,5.85046,0.09321978621546874,1.0,0.9990000128746033,1.0,5.8339,0.09054601937532425,1.0,0.9990000128746033,,0.5
2026-03-26T02:49:50,comparison_condition_crp_random_sparse_20260326_002658,crp_random_sparse,15,15,2057428455,1573825650,crp,random_density,4,0.05311949630379677,0.08781717402823269,0.9737,0.99994,5.9113,0.09089942049721013,1.0,0.9990000128746033,0.9999,5.9198,0.08789410442113876,1.0,0.9990000128746033,,0.5
2026-03-26T02:50:15,comparison_condition_crp_random_sparse_20260326_002658,crp_random_sparse,15,15,2057428455,1573825650,crp,random_density,5,0.040173416174650194,0.07759032261352986,0.977,0.99996,5.97964,0.08853419511900533,1.0,0.9990000128746033,1.0,5.9971,0.08616556227207184,1.0,0.9990000128746033,,0.5
2026-03-26T02:50:40,comparison_condition_crp_random_sparse_20260326_002658,crp_random_sparse,15,15,2057428455,1573825650,crp,random_density,6,0.030037683709859847,0.07716238069459797,0.9775,0.99998,6.01532,0.08603150159349222,1.0,0.9990000128746033,1.0,6.0155,0.08398531377315521,1.0,0.9990000128746033,,0.5
2026-03-26T02:51:04,comparison_condition_crp_random_sparse_20260326_002658,crp_random_sparse,15,15,2057428455,1573825650,crp,random_density,7,0.02519428899616003,0.08464557754620909,0.9747,1.0,6.06486,0.08418718687332499,1.0,0.9990000128746033,0.9999,6.0648,0.08199531584978104,1.0,0.9990000128746033,,0.5
2026-03-26T02:51:28,comparison_condition_crp_random_sparse_20260326_002658,crp_random_sparse,15,15,2057428455,1573825650,crp,random_density,8,0.017829091392606498,0.07714764305847929,0.9784,1.0,6.093,0.08221341277022495,1.0,0.9990000128746033,1.0,6.1198,0.08072681725025177,1.0,0.9990000128746033,,0.5
2026-03-26T02:51:52,comparison_condition_crp_random_sparse_20260326_002658,crp_random_sparse,15,15,2057428455,1573825650,crp,random_density,9,0.01825457801192999,0.08219399816235527,0.9771,0.99994,6.12498,0.08048288190684964,1.0,0.9990000128746033,1.0,6.1421,0.07833009958267212,1.0,0.9990000128746033,,0.5
2026-03-26T02:52:17,comparison_condition_crp_random_sparse_20260326_002658,crp_random_sparse,15,15,2057428455,1573825650,crp,random_density,10,0.012022156200706959,0.07979378509013914,0.9786,0.99998,6.14752,0.07848667684952011,1.0,0.9990000128746033,1.0,6.1678,0.07662534713745117,1.0,0.9990000128746033,,0.5
2026-03-26T02:52:42,comparison_condition_crp_random_sparse_20260326_002658,crp_random_sparse,15,15,2057428455,1573825650,crp,random_density,11,0.013478042810112239,0.08379482224340899,0.9791,1.0,6.15806,0.07632758889509283,1.0,0.9990000128746033,1.0,6.168,0.07481672614812851,1.0,0.9990000128746033,,0.5
2026-03-26T02:53:06,comparison_condition_crp_random_sparse_20260326_002658,crp_random_sparse,15,15,2057428455,1573825650,crp,random_density,12,0.011112206224314868,0.08897137239053846,0.9784,0.99998,6.18312,0.07544089724188266,1.0,0.9990000128746033,1.0,6.1898,0.0738462582230568,1.0,0.9990000128746033,,0.5
2026-03-26T02:53:31,comparison_condition_crp_random_sparse_20260326_002658,crp_random_sparse,15,15,2057428455,1573825650,crp,random_density,13,0.011605901733785867,0.09848781741829589,0.9752,1.0,6.18142,0.07399989058599447,1.0,0.9990000128746033,1.0,6.209,0.0729958564043045,1.0,0.9990000128746033,,0.5
2026-03-26T02:53:55,comparison_condition_crp_random_sparse_20260326_002658,crp_random_sparse,15,15,2057428455,1573825650,crp,random_density,14,0.015548605424165725,0.10714927035545697,0.9734,1.0,6.16906,0.07199074646167437,1.0,0.9990000128746033,1.0,6.2053,0.07078060507774353,1.0,0.9990000128746033,,0.5
2026-03-26T02:54:20,comparison_condition_crp_random_sparse_20260326_002658,crp_random_sparse,15,15,2057428455,1573825650,crp,random_density,15,0.013351649593301117,0.12240629809661768,0.9722,0.99998,6.15532,0.07014065790359321,1.0,0.9990000128746033,1.0,6.1764,0.0686347484588623,1.0,0.9990000128746033,,0.5
2026-03-26T02:54:44,comparison_condition_crp_random_sparse_20260326_002658,crp_random_sparse,15,15,2057428455,1573825650,crp,random_density,16,0.00921848350238055,0.09485372493707109,0.9783,1.0,6.18036,0.06987958757773689,1.0,0.9990000128746033,1.0,6.2151,0.06894969940185547,1.0,0.9990000128746033,,0.5
2026-03-26T02:55:09,comparison_condition_crp_random_sparse_20260326_002658,crp_random_sparse,15,15,2057428455,1573825650,crp,random_density,17,0.008622225953014567,0.11241449495713168,0.9768,1.0,6.18622,0.06862971539158955,1.0,0.9990000128746033,1.0,6.1521,0.06635864078998566,1.0,0.9990000128746033,,0.5
2026-03-26T02:55:33,comparison_condition_crp_random_sparse_20260326_002658,crp_random_sparse,15,15,2057428455,1573825650,crp,random_density,18,0.007779193701604382,0.11087663036130216,0.977,1.0,6.18448,0.06759530408760471,1.0,0.9990000128746033,1.0,6.1826,0.06650102138519287,1.0,0.9990000128746033,,0.5
2026-03-26T02:55:57,comparison_condition_crp_random_sparse_20260326_002658,crp_random_sparse,15,15,2057428455,1573825650,crp,random_density,19,0.005930689287958667,0.1001512190977548,0.9796,1.0,6.18856,0.06714680607971328,1.0,0.9990000128746033,1.0,6.2191,0.06589445471763611,1.0,0.9990000128746033,,0.5
2026-03-26T02:56:21,comparison_condition_crp_random_sparse_20260326_002658,crp_random_sparse,15,15,2057428455,1573825650,crp,random_density,20,0.0042348987746518105,0.1098558755067992,0.977,1.0,6.19456,0.06638649220356856,1.0,0.9990000128746033,1.0,6.239,0.06576074659824371,1.0,0.9990000128746033,,0.5
2026-03-26T02:56:45,comparison_condition_crp_random_sparse_20260326_002658,crp_random_sparse,15,15,2057428455,1573825650,crp,random_density,21,0.010583555981991812,0.1403597840297487,0.9703,1.0,6.17502,0.06505736102685904,1.0,0.9990000128746033,1.0,6.1973,0.06379061192274094,1.0,0.9990000128746033,,0.5
2026-03-26T02:57:10,comparison_condition_crp_random_sparse_20260326_002658,crp_random_sparse,15,15,2057428455,1573825650,crp,random_density,22,0.013078088611615822,0.11648463346723875,0.9776,0.99998,6.17212,0.06409879583303275,1.0,0.9990000128746033,0.9999,6.1816,0.06278374791145325,1.0,0.9990000128746033,,0.5
2026-03-26T02:57:34,comparison_condition_crp_random_sparse_20260326_002658,crp_random_sparse,15,15,2057428455,1573825650,crp,random_density,23,0.007470618123523891,0.10691991415768098,0.9791,1.0,6.17404,0.06334485386110023,1.0,0.9990000128746033,1.0,6.1826,0.06266552954912186,1.0,0.9990000128746033,,0.5
2026-03-26T02:57:59,comparison_condition_crp_random_sparse_20260326_002658,crp_random_sparse,15,15,2057428455,1573825650,crp,random_density,24,0.0041400515810505025,0.11545169657169718,0.9773,1.0,6.16836,0.06293987514227248,1.0,0.9990000128746033,1.0,6.1931,0.06148931011557579,1.0,0.9990000128746033,,0.5
2026-03-26T02:58:23,comparison_condition_crp_random_sparse_20260326_002658,crp_random_sparse,15,15,2057428455,1573825650,crp,random_density,25,0.006230574664152227,0.12615321231483767,0.9757,1.0,6.18694,0.06219472498883067,1.0,0.9990000128746033,1.0,6.1811,0.06136932224035263,1.0,0.9990000128746033,,0.5
2026-03-26T02:58:53,comparison_condition_crp_random_sparse_20260326_002658,crp_random_sparse,16,16,196052585,1140405623,crp,random_density,1,0.27751467294931415,0.14001174286529422,0.9572,0.99976,5.63764,0.09639991751259855,1.0,0.9990000128746033,1.0,5.4026,0.09231558442115784,1.0,0.9990000128746033,,0.5
2026-03-26T02:59:17,comparison_condition_crp_random_sparse_20260326_002658,crp_random_sparse,16,16,196052585,1140405623,crp,random_density,2,0.10947975501537323,0.11104057200700045,0.9642,0.99994,5.63574,0.09532754551952757,1.0,0.9990000128746033,1.0,5.6092,0.09224807471036911,1.0,0.9990000128746033,,0.5
2026-03-26T02:59:42,comparison_condition_crp_random_sparse_20260326_002658,crp_random_sparse,16,16,196052585,1140405623,crp,random_density,3,0.07328104238390923,0.09384331756383181,0.9703,0.99998,5.77596,0.09381532650012189,1.0,0.9990000128746033,1.0,5.8143,0.0906796082854271,1.0,0.9990000128746033,,0.5
2026-03-26T03:00:05,comparison_condition_crp_random_sparse_20260326_002658,crp_random_sparse,16,16,196052585,1140405623,crp,random_density,4,0.053774513937234876,0.0906436297941953,0.9711,0.99994,5.8661,0.09121504298332707,1.0,0.9990000128746033,1.0,5.8338,0.08722874522209167,1.0,0.9990000128746033,,0.5
2026-03-26T03:00:30,comparison_condition_crp_random_sparse_20260326_002658,crp_random_sparse,16,16,196052585,1140405623,crp,random_density,5,0.037750590963363646,0.07812872512903996,0.9754,0.99998,5.93106,0.08932063875295927,1.0,0.9990000128746033,1.0,5.9329,0.08725179731845856,1.0,0.9990000128746033,,0.5
2026-03-26T03:00:54,comparison_condition_crp_random_sparse_20260326_002658,crp_random_sparse,16,16,196052585,1140405623,crp,random_density,6,0.028747565957903863,0.07272233715024777,0.9775,0.99998,5.97156,0.08713520817515795,1.0,0.9990000128746033,1.0,5.9944,0.08530303835868835,1.0,0.9990000128746033,,0.5
2026-03-26T03:01:18,comparison_condition_crp_random_sparse_20260326_002658,crp_random_sparse,16,16,196052585,1140405623,crp,random_density,7,0.024468555646687744,0.07498853233810514,0.9786,1.0,5.99972,0.08495137592791902,1.0,0.9990000128746033,1.0,6.0217,0.08324725180864334,1.0,0.9990000128746033,,0.5
2026-03-26T03:01:43,comparison_condition_crp_random_sparse_20260326_002658,crp_random_sparse,16,16,196052585,1140405623,crp,random_density,8,0.019098132246881724,0.0821164519855054,0.9751,1.0,6.03336,0.08300084380618751,1.0,0.9990000128746033,0.9999,6.068,0.08118724822998047,1.0,0.9990000128746033,,0.5
2026-03-26T03:02:07,comparison_condition_crp_random_sparse_20260326_002658,crp_random_sparse,16,16,196052585,1140405623,crp,random_density,9,0.015824941908717156,0.07609018870468717,0.977,1.0,6.06622,0.0812564159903075,1.0,0.9990000128746033,1.0,6.1004,0.07950399816036224,1.0,0.9990000128746033,,0.5
2026-03-26T03:02:32,comparison_condition_crp_random_sparse_20260326_002658,crp_random_sparse,16,16,196052585,1140405623,crp,random_density,10,0.015280898784399033,0.0804089219203539,0.9784,0.99994,6.09098,0.07910815658776657,1.0,0.9990000128746033,1.0,6.1195,0.07719020545482635,1.0,0.9990000128746033,,0.5
2026-03-26T03:02:57,comparison_condition_crp_random_sparse_20260326_002658,crp_random_sparse,16,16,196052585,1140405623,crp,random_density,11,0.015155964172706008,0.09651774276328506,0.9746,1.0,6.0991,0.07712519809108256,1.0,0.9990000128746033,1.0,6.0896,0.07485231012105942,1.0,0.9990000128746033,,0.5
2026-03-26T03:03:20,comparison_condition_crp_random_sparse_20260326_002658,crp_random_sparse,16,16,196052585,1140405623,crp,random_density,12,0.010912093998268247,0.08832475718110218,0.9778,1.0,6.1416,0.0759864027619057,1.0,0.9990000128746033,1.0,6.1879,0.07477489113807678,1.0,0.9990000128746033,,0.5
2026-03-26T03:03:45,comparison_condition_crp_random_sparse_20260326_002658,crp_random_sparse,16,16,196052585,1140405623,crp,random_density,13,0.00945479552410543,0.08885629338808358,0.9759,1.0,6.18218,0.07496463821824555,1.0,0.9990000128746033,1.0,6.1802,0.07264567166566849,1.0,0.9990000128746033,,0.5
2026-03-26T03:04:10,comparison_condition_crp_random_sparse_20260326_002658,crp_random_sparse,16,16,196052585,1140405623,crp,random_density,14,0.013440317146331072,0.10097671747533604,0.9756,0.99996,6.16948,0.07318450500974265,1.0,0.9990000128746033,1.0,6.1226,0.07154536992311478,1.0,0.9990000128746033,,0.5
2026-03-26T03:04:34,comparison_condition_crp_random_sparse_20260326_002658,crp_random_sparse,16,16,196052585,1140405623,crp,random_density,15,0.012624253330156206,0.10803141582984535,0.974,0.99998,6.14,0.07113730695927539,1.0,0.9990000128746033,1.0,6.1666,0.06945091485977173,1.0,0.9990000128746033,,0.5
2026-03-26T03:05:00,comparison_condition_crp_random_sparse_20260326_002658,crp_random_sparse,16,16,196052585,1140405623,crp,random_density,16,0.008738775654360651,0.09555183620952884,0.9783,1.0,6.13748,0.07028509375384397,1.0,0.9990000128746033,1.0,6.183,0.06977438181638718,1.0,0.9990000128746033,,0.5
2026-03-26T03:05:24,comparison_condition_crp_random_sparse_20260326_002658,crp_random_sparse,16,16,196052585,1140405623,crp,random_density,17,0.004791803552121855,0.0976657091009809,0.978,1.0,6.17288,0.06988032880570273,1.0,0.9990000128746033,1.0,6.2202,0.06936115026473999,1.0,0.9990000128746033,,0.5
2026-03-26T03:05:50,comparison_condition_crp_random_sparse_20260326_002658,crp_random_sparse,16,16,196052585,1140405623,crp,random_density,18,0.010573418879378587,0.12262442260322569,0.9714,1.0,6.15884,0.06859734673481768,1.0,0.9990000128746033,1.0,6.0919,0.06631484627723694,1.0,0.9990000128746033,,0.5
2026-03-26T03:06:15,comparison_condition_crp_random_sparse_20260326_002658,crp_random_sparse,16,16,196052585,1140405623,crp,random_density,19,0.011865725135169923,0.12234913747994579,0.972,1.0,6.10916,0.06671603927222054,1.0,0.9990000128746033,1.0,6.1005,0.0658298209309578,1.0,0.9990000128746033,,0.5
2026-03-26T03:06:39,comparison_condition_crp_random_sparse_20260326_002658,crp_random_sparse,16,16,196052585,1140405623,crp,random_density,20,0.008812175575587899,0.10801769098864315,0.976,1.0,6.14592,0.0662518377461092,1.0,0.9990000128746033,0.9999,6.1107,0.06512235105037689,1.0,0.9990000128746033,,0.5
2026-03-26T03:07:04,comparison_condition_crp_random_sparse_20260326_002658,crp_random_sparse,16,16,196052585,1140405623,crp,random_density,21,0.006463716784291901,0.12179433161434718,0.9765,1.0,6.14028,0.0657452657590132,1.0,0.9990000128746033,0.9998,6.1684,0.06487908959388733,1.0,0.9990000128746033,,0.5
2026-03-26T03:07:28,comparison_condition_crp_random_sparse_20260326_002658,crp_random_sparse,16,16,196052585,1140405623,crp,random_density,22,0.004125718953227624,0.12683851918796427,0.973,1.0,6.10686,0.0648891709725875,1.0,0.9990000128746033,1.0,6.1352,0.06399420648813248,1.0,0.9990000128746033,,0.5
2026-03-26T03:07:54,comparison_condition_crp_random_sparse_20260326_002658,crp_random_sparse,16,16,196052585,1140405623,crp,random_density,23,0.005856637988961301,0.10959051689057142,0.978,1.0,6.10848,0.0641151905402808,1.0,0.9990000128746033,1.0,6.146,0.06356410682201385,1.0,0.9990000128746033,,0.5
2026-03-26T03:08:18,comparison_condition_crp_random_sparse_20260326_002658,crp_random_sparse,16,16,196052585,1140405623,crp,random_density,24,0.006959771882591303,0.14782819174527903,0.9724,1.0,6.13208,0.06315168063811329,1.0,0.9990000128746033,0.9999,6.1559,0.06172918900847435,1.0,0.9990000128746033,,0.5
2026-03-26T03:08:43,comparison_condition_crp_random_sparse_20260326_002658,crp_random_sparse,16,16,196052585,1140405623,crp,random_density,25,0.014075258028190584,0.11573984254412353,0.9772,1.0,6.11334,0.06112220146886223,1.0,0.9990000128746033,1.0,6.1362,0.06042676419019699,1.0,0.9990000128746033,,0.5
2026-03-26T03:09:12,comparison_condition_crp_random_sparse_20260326_002658,crp_random_sparse,17,17,2101613385,1579239073,crp,random_density,1,0.27141625282287596,0.15489979352504016,0.9523,0.99976,5.72614,0.09542750894947125,1.0,0.9990000128746033,0.9999,5.4661,0.09071034938097,1.0,0.9990000128746033,,0.5
2026-03-26T03:09:45,comparison_condition_crp_random_sparse_20260326_002658,crp_random_sparse,17,17,2101613385,1579239073,crp,random_density,2,0.11260528861284257,0.11202903630882502,0.9648,0.99998,5.67446,0.0954405914258469,1.0,0.9990000128746033,1.0,5.693,0.09189791977405548,1.0,0.9990000128746033,,0.5
2026-03-26T03:10:10,comparison_condition_crp_random_sparse_20260326_002658,crp_random_sparse,17,17,2101613385,1579239073,crp,random_density,3,0.07496112919569016,0.10647164573073387,0.9647,0.99998,5.81552,0.09355187052122467,1.0,0.9990000128746033,1.0,5.7894,0.09115281701087952,1.0,0.9990000128746033,,0.5
2026-03-26T03:10:35,comparison_condition_crp_random_sparse_20260326_002658,crp_random_sparse,17,17,2101613385,1579239073,crp,random_density,4,0.05522806723296642,0.08703953523337842,0.9721,0.99998,5.89194,0.0912178553012021,1.0,0.9990000128746033,0.9999,5.9207,0.08856649696826935,1.0,0.9990000128746033,,0.5
2026-03-26T03:11:00,comparison_condition_crp_random_sparse_20260326_002658,crp_random_sparse,17,17,2101613385,1579239073,crp,random_density,5,0.04059996370017529,0.0904885131239891,0.974,0.99994,5.95034,0.08876598609225525,1.0,0.9990000128746033,0.9999,5.9685,0.0868125706911087,1.0,0.9990000128746033,,0.5
2026-03-26T03:11:24,comparison_condition_crp_random_sparse_20260326_002658,crp_random_sparse,17,17,2101613385,1579239073,crp,random_density,6,0.030223721079826356,0.08443380026593804,0.9731,1.0,5.98348,0.08621286593206093,1.0,0.9990000128746033,1.0,6.0033,0.08429847657680511,1.0,0.9990000128746033,,0.5
2026-03-26T03:11:48,comparison_condition_crp_random_sparse_20260326_002658,crp_random_sparse,17,17,2101613385,1579239073,crp,random_density,7,0.02290066623389721,0.0831030131929554,0.9765,0.99994,6.0134,0.08455210057137262,1.0,0.9990000128746033,1.0,6.0007,0.08263525366783142,1.0,0.9990000128746033,,0.5
2026-03-26T03:12:13,comparison_condition_crp_random_sparse_20260326_002658,crp_random_sparse,17,17,2101613385,1579239073,crp,random_density,8,0.018717771115005017,0.08248974010311066,0.9764,0.99996,6.02588,0.08266268647692697,1.0,0.9990000128746033,1.0,6.0464,0.08107519894838333,1.0,0.9990000128746033,,0.5
2026-03-26T03:12:37,comparison_condition_crp_random_sparse_20260326_002658,crp_random_sparse,17,17,2101613385,1579239073,crp,random_density,9,0.017796930832266807,0.09663852655943483,0.9749,1.0,6.0572,0.08081778605728199,1.0,0.9990000128746033,1.0,6.0757,0.07921022921800613,1.0,0.9990000128746033,,0.5
2026-03-26T03:13:01,comparison_condition_crp_random_sparse_20260326_002658,crp_random_sparse,17,17,2101613385,1579239073,crp,random_density,10,0.011651799158453942,0.09556071734761354,0.9743,1.0,6.07996,0.07887155551206121,1.0,0.9990000128746033,1.0,6.1569,0.07790768146514893,1.0,0.9990000128746033,,0.5
2026-03-26T03:13:26,comparison_condition_crp_random_sparse_20260326_002658,crp_random_sparse,17,17,2101613385,1579239073,crp,random_density,11,0.011818155669644476,0.10303054422717542,0.9742,1.0,6.10932,0.07771666399429521,1.0,0.9990000128746033,1.0,6.132,0.07637455314397812,1.0,0.9990000128746033,,0.5
2026-03-26T03:13:50,comparison_condition_crp_random_sparse_20260326_002658,crp_random_sparse,17,17,2101613385,1579239073,crp,random_density,12,0.012286411635875702,0.09768007048482541,0.9755,1.0,6.12702,0.07613427355847395,1.0,0.9990000128746033,0.9999,6.1054,0.07412636280059814,1.0,0.9990000128746033,,0.5
2026-03-26T03:14:15,comparison_condition_crp_random_sparse_20260326_002658,crp_random_sparse,17,17,2101613385,1579239073,crp,random_density,13,0.010402189475148916,0.12445388473570347,0.9711,1.0,6.15352,0.07482927117277594,1.0,0.9990000128746033,1.0,6.1961,0.07309819012880325,1.0,0.9990000128746033,,0.5
2026-03-26T03:14:39,comparison_condition_crp_random_sparse_20260326_002658,crp_random_sparse,17,17,2101613385,1579239073,crp,random_density,14,0.013025128585696221,0.101395576763805,0.9776,1.0,6.13756,0.0726694094631678,1.0,0.9990000128746033,0.9999,6.1597,0.07093962281942368,1.0,0.9990000128746033,,0.5
2026-03-26T03:15:04,comparison_condition_crp_random_sparse_20260326_002658,crp_random_sparse,17,17,2101613385,1579239073,crp,random_density,15,0.010578582284040749,0.10712655362784862,0.9776,1.0,6.14188,0.07145164394393906,1.0,0.9990000128746033,0.9999,6.1158,0.06952998042106628,1.0,0.9990000128746033,,0.5
2026-03-26T03:15:29,comparison_condition_crp_random_sparse_20260326_002658,crp_random_sparse,17,17,2101613385,1579239073,crp,random_density,16,0.00786099702309817,0.11647210959792137,0.9759,1.0,6.1764,0.07088214151389763,1.0,0.9990000128746033,1.0,6.1802,0.0693412646651268,1.0,0.9990000128746033,,0.5
2026-03-26T03:15:54,comparison_condition_crp_random_sparse_20260326_002658,crp_random_sparse,17,17,2101613385,1579239073,crp,random_density,17,0.01105931287959218,0.11696132716461143,0.9763,1.0,6.1966,0.0694582988996335,1.0,0.9990000128746033,1.0,6.1597,0.06786665320396423,1.0,0.9990000128746033,,0.5
2026-03-26T03:16:18,comparison_condition_crp_random_sparse_20260326_002658,crp_random_sparse,17,17,2101613385,1579239073,crp,random_density,18,0.013689225506354123,0.11766773802137467,0.9765,1.0,6.14486,0.06751857229205958,1.0,0.9990000128746033,1.0,6.1312,0.06601368635892868,1.0,0.9990000128746033,,0.5
2026-03-26T03:16:42,comparison_condition_crp_random_sparse_20260326_002658,crp_random_sparse,17,17,2101613385,1579239073,crp,random_density,19,0.007791135822609067,0.11454791487985348,0.9768,1.0,6.16304,0.06709020967831088,1.0,0.9990000128746033,0.9999,6.1532,0.06554552167654037,1.0,0.9990000128746033,,0.5
2026-03-26T03:17:06,comparison_condition_crp_random_sparse_20260326_002658,crp_random_sparse,17,17,2101613385,1579239073,crp,random_density,20,0.0041453467991761864,0.11988272767662721,0.9777,1.0,6.1835,0.06708516822675305,1.0,0.9990000128746033,1.0,6.1772,0.06553185731172562,1.0,0.9990000128746033,,0.5
2026-03-26T03:17:31,comparison_condition_crp_random_sparse_20260326_002658,crp_random_sparse,17,17,2101613385,1579239073,crp,random_density,21,0.0015104542992496863,0.11070635302066385,0.9796,1.0,6.20696,0.06699341781380232,1.0,0.9990000128746033,1.0,6.2392,0.06632285565137863,1.0,0.9990000128746033,,0.5
2026-03-26T03:17:56,comparison_condition_crp_random_sparse_20260326_002658,crp_random_sparse,17,17,2101613385,1579239073,crp,random_density,22,0.012315947092338466,0.12830890246926066,0.9747,1.0,6.17866,0.06510550662151078,1.0,0.9990000128746033,1.0,6.1247,0.063391774892807,1.0,0.9990000128746033,,0.5
2026-03-26T03:18:21,comparison_condition_crp_random_sparse_20260326_002658,crp_random_sparse,17,17,2101613385,1579239073,crp,random_density,23,0.009285979598984122,0.15205805166932987,0.9713,0.99998,6.16266,0.06424999482872541,1.0,0.9990000128746033,0.9999,6.1909,0.06266926229000092,1.0,0.9990000128746033,,0.5
2026-03-26T03:18:46,comparison_condition_crp_random_sparse_20260326_002658,crp_random_sparse,17,17,2101613385,1579239073,crp,random_density,24,0.00944257119273534,0.12925423219005897,0.978,0.99998,6.13786,0.06282272026933672,1.0,0.9990000128746033,1.0,6.128,0.061325978487730026,1.0,0.9990000128746033,,0.5
2026-03-26T03:19:10,comparison_condition_crp_random_sparse_20260326_002658,crp_random_sparse,17,17,2101613385,1579239073,crp,random_density,25,0.006438095657043159,0.1369563207506937,0.976,1.0,6.14836,0.06260841791434667,1.0,0.9990000128746033,1.0,6.1715,0.06169436126947403,1.0,0.9990000128746033,,0.5
2026-03-26T03:19:41,comparison_condition_crp_random_sparse_20260326_002658,crp_random_sparse,18,18,885019663,1256390092,crp,random_density,1,0.27864556607723234,0.16127199864387512,0.9522,0.9999,5.69324,0.09716815400458968,1.0,0.9990000128746033,1.0,5.5543,0.09490039944648743,1.0,0.9990000128746033,,0.5
2026-03-26T03:20:06,comparison_condition_crp_random_sparse_20260326_002658,crp_random_sparse,18,18,885019663,1256390092,crp,random_density,2,0.11496523951530456,0.10378167119026184,0.9706,0.99994,5.6043,0.09597394562057217,1.0,0.9990000128746033,0.9999,5.5834,0.09281333535909653,1.0,0.9990000128746033,,0.5
2026-03-26T03:20:30,comparison_condition_crp_random_sparse_20260326_002658,crp_random_sparse,18,18,885019663,1256390092,crp,random_density,3,0.07408719383478164,0.10612934920787812,0.9656,0.99996,5.74216,0.09374402642554944,1.0,0.9990000128746033,1.0,5.6983,0.09102849662303925,1.0,0.9990000128746033,,0.5
2026-03-26T03:20:55,comparison_condition_crp_random_sparse_20260326_002658,crp_random_sparse,18,18,885019663,1256390092,crp,random_density,4,0.054277805289030076,0.08447225234508514,0.9755,0.99994,5.81174,0.09108922636265035,1.0,0.9990000128746033,1.0,5.8083,0.08735600113868713,1.0,0.9990000128746033,,0.5
2026-03-26T03:21:19,comparison_condition_crp_random_sparse_20260326_002658,crp_random_sparse,18,18,885019663,1256390092,crp,random_density,5,0.03993512695610523,0.09119957377910615,0.9736,0.99992,5.89616,0.08948244499352277,1.0,0.9990000128746033,1.0,5.9155,0.0870046615600586,1.0,0.9990000128746033,,0.5
2026-03-26T03:21:43,comparison_condition_crp_random_sparse_20260326_002658,crp_random_sparse,18,18,885019663,1256390092,crp,random_density,6,0.03161778258860111,0.07906308317184449,0.9779,0.99998,5.93688,0.08735908859449884,1.0,0.9990000128746033,1.0,5.9406,0.08526073396205902,1.0,0.9990000128746033,,0.5
2026-03-26T03:22:07,comparison_condition_crp_random_sparse_20260326_002658,crp_random_sparse,18,18,885019663,1256390092,crp,random_density,7,0.022747724447846413,0.09371953538656234,0.974,1.0,5.95798,0.0849239401271581,1.0,0.9990000128746033,1.0,5.9948,0.08338479697704315,1.0,0.9990000128746033,,0.5
2026-03-26T03:22:32,comparison_condition_crp_random_sparse_20260326_002658,crp_random_sparse,18,18,885019663,1256390092,crp,random_density,8,0.020525851591825486,0.0885202733874321,0.9771,0.99998,5.98916,0.08290285518026108,1.0,0.9990000128746033,1.0,6.0122,0.08092135936021805,1.0,0.9990000128746033,,0.5
2026-03-26T03:22:57,comparison_condition_crp_random_sparse_20260326_002658,crp_random_sparse,18,18,885019663,1256390092,crp,random_density,9,0.016426609081327915,0.08917017315030099,0.9762,0.99998,6.02624,0.08141190707302459,1.0,0.9990000128746033,0.9999,6.0283,0.08011315762996674,1.0,0.9990000128746033,,0.5
2026-03-26T03:23:22,comparison_condition_crp_random_sparse_20260326_002658,crp_random_sparse,18,18,885019663,1256390092,crp,random_density,10,0.01419612784087658,0.08161661029458046,0.9789,1.0,6.04784,0.0794388068758923,1.0,0.9990000128746033,1.0,6.0413,0.0780520886182785,1.0,0.9990000128746033,,0.5
2026-03-26T03:23:46,comparison_condition_crp_random_sparse_20260326_002658,crp_random_sparse,18,18,885019663,1256390092,crp,random_density,11,0.013387217603176833,0.09474337451756,0.9765,1.0,6.05534,0.07769758404825655,1.0,0.9990000128746033,1.0,6.084,0.07618332654237747,1.0,0.9990000128746033,,0.5
2026-03-26T03:24:09,comparison_condition_crp_random_sparse_20260326_002658,crp_random_sparse,18,18,885019663,1256390092,crp,random_density,12,0.012126256268918514,0.08985235123634339,0.9782,0.99998,6.06804,0.07624862922350768,1.0,0.9990000128746033,1.0,6.0493,0.07414418458938599,1.0,0.9990000128746033,,0.5
2026-03-26T03:24:34,comparison_condition_crp_random_sparse_20260326_002658,crp_random_sparse,18,18,885019663,1256390092,crp,random_density,13,0.010741421567574143,0.09511626662313938,0.9782,0.99998,6.084,0.07477574422002753,1.0,0.9990000128746033,1.0,6.115,0.07351262867450714,1.0,0.9990000128746033,,0.5
2026-03-26T03:24:58,comparison_condition_crp_random_sparse_20260326_002658,crp_random_sparse,18,18,885019663,1256390092,crp,random_density,14,0.00808358607204631,0.09538493246138095,0.9779,0.99996,6.10184,0.07322042591660224,1.0,0.9990000128746033,1.0,6.1093,0.07088781148195267,1.0,0.9990000128746033,,0.5
2026-03-26T03:25:23,comparison_condition_crp_random_sparse_20260326_002658,crp_random_sparse,18,18,885019663,1256390092,crp,random_density,15,0.017225668615847827,0.10691832559406757,0.9771,1.0,6.0962,0.07160639210277811,1.0,0.9990000128746033,0.9999,6.0994,0.06979930400848389,1.0,0.9990000128746033,,0.5
2026-03-26T03:25:47,comparison_condition_crp_random_sparse_20260326_002658,crp_random_sparse,18,18,885019663,1256390092,crp,random_density,16,0.011138573119565844,0.09355821363776923,0.9801,0.99996,6.0733,0.06980061477712353,1.0,0.9990000128746033,1.0,6.1228,0.06819067150354385,1.0,0.9990000128746033,,0.5
2026-03-26T03:26:12,comparison_condition_crp_random_sparse_20260326_002658,crp_random_sparse,18,18,885019663,1256390092,crp,random_density,17,0.00609258104454726,0.09849584248661995,0.9782,0.99998,6.11198,0.06968030464999816,1.0,0.9990000128746033,1.0,6.122,0.06885983794927597,1.0,0.9990000128746033,,0.5
2026-03-26T03:26:36,comparison_condition_crp_random_sparse_20260326_002658,crp_random_sparse,18,18,885019663,1256390092,crp,random_density,18,0.003184795072232373,0.09132489151209593,0.9818,1.0,6.10498,0.06919153835005162,1.0,0.9990000128746033,1.0,6.1569,0.06837990880012512,1.0,0.9990000128746033,,0.5
2026-03-26T03:27:02,comparison_condition_crp_random_sparse_20260326_002658,crp_random_sparse,18,18,885019663,1256390092,crp,random_density,19,0.004393529378082604,0.10875640231501311,0.976,1.0,6.12706,0.06850540285448894,1.0,0.9990000128746033,1.0,6.1868,0.06759598851203918,1.0,0.9990000128746033,,0.5
2026-03-26T03:27:26,comparison_condition_crp_random_sparse_20260326_002658,crp_random_sparse,18,18,885019663,1256390092,crp,random_density,20,0.016932028658799825,0.12227125208973885,0.9749,0.99998,6.09666,0.06605223674908318,1.0,0.9990000128746033,1.0,6.0356,0.06451564282178879,1.0,0.9990000128746033,,0.5
2026-03-26T03:27:50,comparison_condition_crp_random_sparse_20260326_002658,crp_random_sparse,18,18,885019663,1256390092,crp,random_density,21,0.010472352875173093,0.10919602459594607,0.9785,1.0,6.0858,0.06556035923149885,1.0,0.9990000128746033,1.0,6.0918,0.06383815407752991,1.0,0.9990000128746033,,0.5
2026-03-26T03:28:14,comparison_condition_crp_random_sparse_20260326_002658,crp_random_sparse,18,18,885019663,1256390092,crp,random_density,22,0.003756349597135559,0.10581533077061177,0.9808,1.0,6.0992,0.06522156568744299,1.0,0.9990000128746033,1.0,6.1439,0.064641572535038,1.0,0.9990000128746033,,0.5
2026-03-26T03:28:39,comparison_condition_crp_random_sparse_20260326_002658,crp_random_sparse,18,18,885019663,1256390092,crp,random_density,23,0.007223871445411351,0.10961478954404592,0.981,1.0,6.10462,0.06411872148666235,1.0,0.9990000128746033,1.0,6.111,0.06314209848642349,1.0,0.9990000128746033,,0.5
2026-03-26T03:29:05,comparison_condition_crp_random_sparse_20260326_002658,crp_random_sparse,18,18,885019663,1256390092,crp,random_density,24,0.007250032067405991,0.11718509185314178,0.9771,1.0,6.10394,0.06310368167317432,1.0,0.9990000128746033,0.9999,6.1536,0.06224839389324188,1.0,0.9990000128746033,,0.5
2026-03-26T03:29:30,comparison_condition_crp_random_sparse_20260326_002658,crp_random_sparse,18,18,885019663,1256390092,crp,random_density,25,0.005899782541734166,0.11583886398803443,0.9793,1.0,6.11878,0.06279546104352493,1.0,0.9990000128746033,1.0,6.1537,0.061777178198099136,1.0,0.9990000128746033,,0.5
2026-03-26T03:30:00,comparison_condition_crp_random_sparse_20260326_002658,crp_random_sparse,19,19,1082192973,357712575,crp,random_density,1,0.26647933595657347,0.14518381247520445,0.9585,0.99986,5.69212,0.09600944190150332,1.0,0.9990000128746033,1.0,5.4523,0.09245172142982483,1.0,0.9990000128746033,,0.5
2026-03-26T03:30:24,comparison_condition_crp_random_sparse_20260326_002658,crp_random_sparse,19,19,1082192973,357712575,crp,random_density,2,0.10963078505039216,0.11382532542347908,0.9652,0.99994,5.70302,0.0954828776057114,1.0,0.9990000128746033,0.9999,5.6971,0.09234779328107834,1.0,0.9990000128746033,,0.5
2026-03-26T03:30:49,comparison_condition_crp_random_sparse_20260326_002658,crp_random_sparse,19,19,1082192973,357712575,crp,random_density,3,0.07176089372396469,0.10819024798870086,0.9687,0.99998,5.83072,0.09355051209554648,1.0,0.9990000128746033,0.9999,5.8025,0.09117570519447327,1.0,0.9990000128746033,,0.5
2026-03-26T03:31:13,comparison_condition_crp_random_sparse_20260326_002658,crp_random_sparse,19,19,1082192973,357712575,crp,random_density,4,0.05084657328724861,0.0964771789908409,0.972,0.99994,5.90304,0.0912482246108677,1.0,0.9990000128746033,1.0,5.9146,0.08864521235227585,1.0,0.9990000128746033,,0.5
2026-03-26T03:31:37,comparison_condition_crp_random_sparse_20260326_002658,crp_random_sparse,19,19,1082192973,357712575,crp,random_density,5,0.03944927427470684,0.0916834286391735,0.9737,1.0,5.93884,0.08881250808915823,1.0,0.9990000128746033,0.9999,5.9629,0.08659768849611282,1.0,0.9990000128746033,,0.5
2026-03-26T03:32:02,comparison_condition_crp_random_sparse_20260326_002658,crp_random_sparse,19,19,1082192973,357712575,crp,random_density,6,0.02889428813576698,0.100454754281044,0.9726,1.0,5.99068,0.08648559111920769,1.0,0.9990000128746033,1.0,5.9955,0.08384346961975098,1.0,0.9990000128746033,,0.5
2026-03-26T03:32:27,comparison_condition_crp_random_sparse_20260326_002658,crp_random_sparse,19,19,1082192973,357712575,crp,random_density,7,0.023890368842184543,0.08689338033981621,0.9769,0.99998,6.03484,0.0841406067961927,1.0,0.9990000128746033,0.9999,6.0623,0.08185109496116638,1.0,0.9990000128746033,,0.5
2026-03-26T03:32:51,comparison_condition_crp_random_sparse_20260326_002658,crp_random_sparse,19,19,1082192973,357712575,crp,random_density,8,0.016837057841718198,0.10212489485517144,0.9732,0.99998,6.0991,0.08234335541191613,1.0,0.9990000128746033,1.0,6.0782,0.07973680645227432,1.0,0.9990000128746033,,0.5
2026-03-26T03:33:16,comparison_condition_crp_random_sparse_20260326_002658,crp_random_sparse,19,19,1082192973,357712575,crp,random_density,9,0.01479386322543025,0.09506832486893982,0.9754,0.99998,6.13248,0.08058123532539743,1.0,0.9990000128746033,0.9999,6.1428,0.07868129760026932,1.0,0.9990000128746033,,0.5
2026-03-26T03:33:41,comparison_condition_crp_random_sparse_20260326_002658,crp_random_sparse,19,19,1082192973,357712575,crp,random_density,10,0.014925791219770909,0.10310993026457727,0.9744,1.0,6.16108,0.07873184515920746,1.0,0.9990000128746033,1.0,6.1572,0.07664525508880615,1.0,0.9990000128746033,,0.5
2026-03-26T03:34:06,comparison_condition_crp_random_sparse_20260326_002658,crp_random_sparse,19,19,1082192973,357712575,crp,random_density,11,0.014798325412869453,0.10901456103920937,0.9758,1.0,6.1857,0.07704285172092945,1.0,0.9990000128746033,1.0,6.2225,0.07562920451164246,1.0,0.9990000128746033,,0.5
2026-03-26T03:34:31,comparison_condition_crp_random_sparse_20260326_002658,crp_random_sparse,19,19,1082192973,357712575,crp,random_density,12,0.012716919700950385,0.11086893817782402,0.9761,1.0,6.21444,0.07541659882154002,1.0,0.9990000128746033,1.0,6.1605,0.07366929948329926,1.0,0.9990000128746033,,0.5
2026-03-26T03:34:56,comparison_condition_crp_random_sparse_20260326_002658,crp_random_sparse,19,19,1082192973,357712575,crp,random_density,13,0.013378561294302344,0.10304102940633893,0.9776,1.0,6.18524,0.07382904810597525,1.0,0.9990000128746033,1.0,6.1808,0.07241906970739365,1.0,0.9990000128746033,,0.5
2026-03-26T03:35:22,comparison_condition_crp_random_sparse_20260326_002658,crp_random_sparse,19,19,1082192973,357712575,crp,random_density,14,0.010568344545811416,0.10415623344480991,0.9762,1.0,6.24518,0.07270152964021849,1.0,0.9990000128746033,1.0,6.2657,0.07108208537101746,1.0,0.9990000128746033,,0.5
2026-03-26T03:35:46,comparison_condition_crp_random_sparse_20260326_002658,crp_random_sparse,19,19,1082192973,357712575,crp,random_density,15,0.009191737413611263,0.13290495819598436,0.973,1.0,6.23314,0.0716581133091846,1.0,0.9990000128746033,1.0,6.1766,0.06950248032808304,1.0,0.9990000128746033,,0.5
2026-03-26T03:36:11,comparison_condition_crp_random_sparse_20260326_002658,crp_random_sparse,19,19,1082192973,357712575,crp,random_density,16,0.010389945731200279,0.13072699693047907,0.9707,1.0,6.21992,0.07019765406389676,1.0,0.9990000128746033,0.9999,6.1944,0.06829734891653061,1.0,0.9990000128746033,,0.5
2026-03-26T03:36:37,comparison_condition_crp_random_sparse_20260326_002658,crp_random_sparse,19,19,1082192973,357712575,crp,random_density,17,0.007462493991125375,0.125969539386034,0.9744,1.0,6.2445,0.0693343355298957,1.0,0.9990000128746033,0.9999,6.2336,0.06839897483587265,1.0,0.9990000128746033,,0.5
2026-03-26T03:37:01,comparison_condition_crp_random_sparse_20260326_002658,crp_random_sparse,19,19,1082192973,357712575,crp,random_density,18,0.006942377070588991,0.11800626621823758,0.9761,1.0,6.27054,0.06866838020818009,1.0,0.9990000128746033,1.0,6.3074,0.06750638037919998,1.0,0.9990000128746033,,0.5
2026-03-26T03:37:26,comparison_condition_crp_random_sparse_20260326_002658,crp_random_sparse,19,19,1082192973,357712575,crp,random_density,19,0.009676151188500225,0.1353888917863369,0.9746,1.0,6.25944,0.06719083451401547,1.0,0.9990000128746033,1.0,6.2044,0.06536157429218292,1.0,0.9990000128746033,,0.5
2026-03-26T03:37:51,comparison_condition_crp_random_sparse_20260326_002658,crp_random_sparse,19,19,1082192973,357712575,crp,random_density,20,0.009564410358057357,0.14062786455601453,0.9753,0.99998,6.21542,0.06605893819380904,1.0,0.9990000128746033,1.0,6.2178,0.06477226316928864,1.0,0.9990000128746033,,0.5
2026-03-26T03:38:16,comparison_condition_crp_random_sparse_20260326_002658,crp_random_sparse,19,19,1082192973,357712575,crp,random_density,21,0.0052762441236339505,0.1517239550486207,0.9742,1.0,6.21458,0.06538613266347314,1.0,0.9990000128746033,0.9999,6.2204,0.06426595896482468,1.0,0.9990000128746033,,0.5
2026-03-26T03:38:40,comparison_condition_crp_random_sparse_20260326_002658,crp_random_sparse,19,19,1082192973,357712575,crp,random_density,22,0.0049770699217915534,0.14970966747243655,0.9743,1.0,6.2135,0.06475479489244769,1.0,0.9990000128746033,1.0,6.2546,0.06423294544219971,1.0,0.9990000128746033,,0.5
2026-03-26T03:39:05,comparison_condition_crp_random_sparse_20260326_002658,crp_random_sparse,19,19,1082192973,357712575,crp,random_density,23,0.007452005349360406,0.13338855300750582,0.977,1.0,6.13596,0.06168228961393961,1.0,0.9990000128746033,1.0,6.1084,0.06067017838358879,1.0,0.9990000128746033,,0.5
2026-03-26T03:39:30,comparison_condition_crp_random_sparse_20260326_002658,crp_random_sparse,19,19,1082192973,357712575,crp,random_density,24,0.012226155756679945,0.13281723907274426,0.9771,1.0,6.17444,0.062093748937329975,1.0,0.9990000128746033,1.0,6.194,0.06093962490558624,1.0,0.9990000128746033,,0.5
2026-03-26T03:39:56,comparison_condition_crp_random_sparse_20260326_002658,crp_random_sparse,19,19,1082192973,357712575,crp,random_density,25,0.01012869123757817,0.14129175924658777,0.9757,1.0,6.22476,0.062240634723316375,1.0,0.9990000128746033,1.0,6.1986,0.061218682676553726,1.0,0.9990000128746033,,0.5
2026-03-26T03:40:27,comparison_condition_crp_random_sparse_20260326_002658,crp_random_sparse,20,20,318141474,441767840,crp,random_density,1,0.272372520442009,0.1478739329099655,0.9535,0.99978,5.62438,0.09461331508501107,1.0,0.9990000128746033,0.9999,5.4265,0.0908130556344986,1.0,0.9990000128746033,,0.5
2026-03-26T03:40:51,comparison_condition_crp_random_sparse_20260326_002658,crp_random_sparse,20,20,318141474,441767840,crp,random_density,2,0.11494761523246765,0.09908631677031517,0.9686,0.99994,5.66016,0.09491897050453268,1.0,0.9990000128746033,1.0,5.6201,0.09140126407146454,1.0,0.9990000128746033,,0.5
2026-03-26T03:41:16,comparison_condition_crp_random_sparse_20260326_002658,crp_random_sparse,20,20,318141474,441767840,crp,random_density,3,0.07426683198451996,0.09398585995137691,0.9706,0.99998,5.85806,0.09343442368461653,1.0,0.9990000128746033,1.0,5.8535,0.09006912261247635,1.0,0.9990000128746033,,0.5
2026-03-26T03:41:40,comparison_condition_crp_random_sparse_20260326_002658,crp_random_sparse,20,20,318141474,441767840,crp,random_density,4,0.054813786387443546,0.07788191791325808,0.9761,0.99998,5.92542,0.0908676817098542,1.0,0.9990000128746033,1.0,5.8756,0.08829005807638168,1.0,0.9990000128746033,,0.5
2026-03-26T03:42:05,comparison_condition_crp_random_sparse_20260326_002658,crp_random_sparse,20,20,318141474,441767840,crp,random_density,5,0.04040709494158626,0.07303925401568413,0.9766,1.0,5.96218,0.08880006459058093,1.0,0.9990000128746033,1.0,5.9612,0.0863969475030899,1.0,0.9990000128746033,,0.5
2026-03-26T03:42:29,comparison_condition_crp_random_sparse_20260326_002658,crp_random_sparse,20,20,318141474,441767840,crp,random_density,6,0.029508635569512845,0.08331822750195861,0.975,0.99998,5.9955,0.08576617149821937,1.0,0.9990000128746033,1.0,6.0089,0.0837492123246193,1.0,0.9990000128746033,,0.5
2026-03-26T03:42:53,comparison_condition_crp_random_sparse_20260326_002658,crp_random_sparse,20,20,318141474,441767840,crp,random_density,7,0.026584270952939987,0.08987980334982276,0.9736,0.99998,6.0194,0.08419412770844481,1.0,0.9990000128746033,1.0,6.0395,0.08186816424131393,1.0,0.9990000128746033,,0.5
2026-03-26T03:43:17,comparison_condition_crp_random_sparse_20260326_002658,crp_random_sparse,20,20,318141474,441767840,crp,random_density,8,0.018649815007820727,0.0740561100107152,0.9798,0.99998,6.0439,0.08220959388081679,1.0,0.9990000128746033,1.0,6.0467,0.08027778565883636,1.0,0.9990000128746033,,0.5
2026-03-26T03:43:42,comparison_condition_crp_random_sparse_20260326_002658,crp_random_sparse,20,20,318141474,441767840,crp,random_density,9,0.01997264283180237,0.09331457128599287,0.9754,0.99998,6.06486,0.08040859272031833,1.0,0.9990000128746033,1.0,6.0715,0.07922418415546417,1.0,0.9990000128746033,,0.5
2026-03-26T03:44:07,comparison_condition_crp_random_sparse_20260326_002658,crp_random_sparse,20,20,318141474,441767840,crp,random_density,10,0.017130395756065845,0.08133543131686748,0.9773,0.99998,6.0657,0.0781867006207671,1.0,0.9990000128746033,1.0,6.0902,0.07734720408916473,1.0,0.9990000128746033,,0.5
2026-03-26T03:44:32,comparison_condition_crp_random_sparse_20260326_002658,crp_random_sparse,20,20,318141474,441767840,crp,random_density,11,0.011304264303669334,0.08996342062228359,0.9772,1.0,6.12862,0.07778973585885504,1.0,0.9990000128746033,1.0,6.0886,0.07668762654066086,1.0,0.9990000128746033,,0.5
2026-03-26T03:44:57,comparison_condition_crp_random_sparse_20260326_002658,crp_random_sparse,20,20,318141474,441767840,crp,random_density,12,0.01179748778000474,0.09356683003306389,0.9778,0.99998,6.10096,0.07578541416570049,1.0,0.9990000128746033,1.0,6.1187,0.07438874989748001,1.0,0.9990000128746033,,0.5
2026-03-26T03:45:22,comparison_condition_crp_random_sparse_20260326_002658,crp_random_sparse,20,20,318141474,441767840,crp,random_density,13,0.010675287018716336,0.10898260189411231,0.9714,1.0,6.13458,0.07441431800346546,1.0,0.9990000128746033,1.0,6.1698,0.07297813892364502,1.0,0.9990000128746033,,0.5
2026-03-26T03:45:46,comparison_condition_crp_random_sparse_20260326_002658,crp_random_sparse,20,20,318141474,441767840,crp,random_density,14,0.015347464056611061,0.08818089394548442,0.9795,0.99998,6.13564,0.07257380555657779,1.0,0.9990000128746033,1.0,6.1005,0.07000881433486938,1.0,0.9990000128746033,,0.5
2026-03-26T03:46:11,comparison_condition_crp_random_sparse_20260326_002658,crp_random_sparse,20,20,318141474,441767840,crp,random_density,15,0.008286354502923787,0.09109280654080212,0.9799,0.99998,6.14694,0.07160419305724561,1.0,0.9990000128746033,1.0,6.1591,0.0706896260380745,1.0,0.9990000128746033,,0.5
2026-03-26T03:46:35,comparison_condition_crp_random_sparse_20260326_002658,crp_random_sparse,20,20,318141474,441767840,crp,random_density,16,0.010051975872144103,0.09186109418509877,0.9783,1.0,6.15,0.07057089408111694,1.0,0.9990000128746033,1.0,6.2018,0.0696413516998291,1.0,0.9990000128746033,,0.5
2026-03-26T03:47:00,comparison_condition_crp_random_sparse_20260326_002658,crp_random_sparse,20,20,318141474,441767840,crp,random_density,17,0.011853241033088416,0.14813294018055312,0.9669,1.0,6.14642,0.0688998488628346,1.0,0.9990000128746033,1.0,6.1479,0.06703119724988937,1.0,0.9990000128746033,,0.5
2026-03-26T03:47:25,comparison_condition_crp_random_sparse_20260326_002658,crp_random_sparse,20,20,318141474,441767840,crp,random_density,18,0.016193196887047963,0.09552777547139413,0.9791,1.0,6.11502,0.0671000536483572,1.0,0.9990000128746033,1.0,6.1092,0.06596793979406357,1.0,0.9990000128746033,,0.5
2026-03-26T03:47:49,comparison_condition_crp_random_sparse_20260326_002658,crp_random_sparse,20,20,318141474,441767840,crp,random_density,19,0.00493218798270449,0.08852366949516945,0.9816,1.0,6.11726,0.06700697712733618,1.0,0.9990000128746033,1.0,6.1436,0.06643024832010269,1.0,0.9990000128746033,,0.5
2026-03-26T03:48:12,comparison_condition_crp_random_sparse_20260326_002658,crp_random_sparse,20,20,318141474,441767840,crp,random_density,20,0.0017560147738503293,0.08864628978031105,0.9807,1.0,6.13274,0.06719342192344348,1.0,0.9990000128746033,1.0,6.173,0.06697553396224976,1.0,0.9990000128746033,,0.5
2026-03-26T03:48:37,comparison_condition_crp_random_sparse_20260326_002658,crp_random_sparse,20,20,318141474,441767840,crp,random_density,21,0.00101920944338548,0.08921906418520943,0.9811,1.0,6.15556,0.06705024548808632,1.0,0.9990000128746033,1.0,6.2045,0.0666612908244133,1.0,0.9990000128746033,,0.5
2026-03-26T03:49:00,comparison_condition_crp_random_sparse_20260326_002658,crp_random_sparse,20,20,318141474,441767840,crp,random_density,22,0.0008247622556635179,0.09559713440476916,0.98,1.0,6.1764,0.06683591842803809,1.0,0.9990000128746033,0.9999,6.2272,0.0664219781756401,1.0,0.9990000128746033,,0.5
2026-03-26T03:49:25,comparison_condition_crp_random_sparse_20260326_002658,crp_random_sparse,20,20,318141474,441767840,crp,random_density,23,0.02286872545105405,0.1326596341794939,0.9725,1.0,6.10696,0.06381390511494159,1.0,0.9990000128746033,1.0,6.0185,0.06111643835902214,1.0,0.9990000128746033,,0.5
2026-03-26T03:49:49,comparison_condition_crp_random_sparse_20260326_002658,crp_random_sparse,20,20,318141474,441767840,crp,random_density,24,0.012762258317014202,0.11232119859468949,0.9771,0.99998,6.08142,0.06300551852073207,1.0,0.9990000128746033,1.0,6.0825,0.06177762150764465,1.0,0.9990000128746033,,0.5
2026-03-26T03:50:13,comparison_condition_crp_random_sparse_20260326_002658,crp_random_sparse,20,20,318141474,441767840,crp,random_density,25,0.00482504743299447,0.108923330089686,0.9789,1.0,6.1004,0.06275700138467352,1.0,0.9990000128746033,1.0,6.1174,0.06172817200422287,1.0,0.9990000128746033,,0.5
2026-03-26T03:50:44,comparison_condition_crp_random_sparse_20260326_002658,crp_random_sparse,21,21,1543970182,167164485,crp,random_density,1,0.26349344181537626,0.14544391529560088,0.9579,0.99984,5.67066,0.09630263899750721,1.0,0.9990000128746033,0.9996,5.4811,0.09320547431707382,1.0,0.9990000128746033,,0.5
2026-03-26T03:51:09,comparison_condition_crp_random_sparse_20260326_002658,crp_random_sparse,21,21,1543970182,167164485,crp,random_density,2,0.11341653689861297,0.11017787991762161,0.9661,0.99998,5.63226,0.09534712181524242,1.0,0.9990000128746033,1.0,5.5909,0.09174158424139023,1.0,0.9990000128746033,,0.5
2026-03-26T03:51:33,comparison_condition_crp_random_sparse_20260326_002658,crp_random_sparse,21,21,1543970182,167164485,crp,random_density,3,0.07226423585414886,0.09580366956591606,0.9731,0.99998,5.80214,0.0931875342908113,1.0,0.9990000128746033,0.9999,5.8076,0.09029759466648102,1.0,0.9990000128746033,,0.5
2026-03-26T03:51:58,comparison_condition_crp_random_sparse_20260326_002658,crp_random_sparse,21,21,1543970182,167164485,crp,random_density,4,0.05409216141343117,0.09275882716476917,0.9734,0.99998,5.90416,0.09117472087940597,1.0,0.9990000128746033,1.0,5.9539,0.08892679959535599,1.0,0.9990000128746033,,0.5
2026-03-26T03:52:23,comparison_condition_crp_random_sparse_20260326_002658,crp_random_sparse,21,21,1543970182,167164485,crp,random_density,5,0.03926507608771324,0.08754331230521202,0.9737,0.99998,5.96214,0.08869683077496945,1.0,0.9990000128746033,0.9999,5.9862,0.08657437562942505,1.0,0.9990000128746033,,0.5
2026-03-26T03:52:48,comparison_condition_crp_random_sparse_20260326_002658,crp_random_sparse,21,21,1543970182,167164485,crp,random_density,6,0.029706148941516877,0.08785170900225639,0.9756,0.99998,5.99934,0.0865153850954207,1.0,0.9990000128746033,1.0,6.0112,0.08353952318429947,1.0,0.9990000128746033,,0.5
2026-03-26T03:53:12,comparison_condition_crp_random_sparse_20260326_002658,crp_random_sparse,21,21,1543970182,167164485,crp,random_density,7,0.022796897606253624,0.08713378807306289,0.9761,1.0,6.04326,0.08495946022708092,1.0,0.9990000128746033,1.0,6.0773,0.08337876200675964,1.0,0.9990000128746033,,0.5
2026-03-26T03:53:37,comparison_condition_crp_random_sparse_20260326_002658,crp_random_sparse,21,21,1543970182,167164485,crp,random_density,8,0.020380187841653824,0.09446600366681814,0.9745,0.99998,6.07586,0.08285600158488354,1.0,0.9990000128746033,1.0,6.1213,0.08084633946418762,1.0,0.9990000128746033,,0.5
2026-03-26T03:54:01,comparison_condition_crp_random_sparse_20260326_002658,crp_random_sparse,21,21,1543970182,167164485,crp,random_density,9,0.015114833509325982,0.09579657044410705,0.9766,0.99998,6.13256,0.08120777322660627,1.0,0.9990000128746033,0.9998,6.1626,0.07980237901210785,1.0,0.9990000128746033,,0.5
2026-03-26T03:54:26,comparison_condition_crp_random_sparse_20260326_002658,crp_random_sparse,21,21,1543970182,167164485,crp,random_density,10,0.015010284885019064,0.09125618828926235,0.9766,0.99998,6.15342,0.07916658125874941,1.0,0.9990000128746033,1.0,6.1792,0.07786577939987183,1.0,0.9990000128746033,,0.5
2026-03-26T03:54:51,comparison_condition_crp_random_sparse_20260326_002658,crp_random_sparse,21,21,1543970182,167164485,crp,random_density,11,0.013045734204351902,0.10119186572432518,0.9762,0.99998,6.19674,0.07758860297672585,1.0,0.9990000128746033,1.0,6.2081,0.07635840773582458,1.0,0.9990000128746033,,0.5
2026-03-26T03:55:16,comparison_condition_crp_random_sparse_20260326_002658,crp_random_sparse,21,21,1543970182,167164485,crp,random_density,12,0.014110116635113955,0.09203754553794861,0.9765,1.0,6.19656,0.07552865744018189,1.0,0.9990000128746033,0.9999,6.1571,0.07351651042699814,1.0,0.9990000128746033,,0.5
2026-03-26T03:55:41,comparison_condition_crp_random_sparse_20260326_002658,crp_random_sparse,21,21,1543970182,167164485,crp,random_density,13,0.008663053359314799,0.09545594313740731,0.9783,0.99998,6.23544,0.07473618882086576,1.0,0.9990000128746033,1.0,6.2558,0.07385975867509842,1.0,0.9990000128746033,,0.5
2026-03-26T03:56:05,comparison_condition_crp_random_sparse_20260326_002658,crp_random_sparse,21,21,1543970182,167164485,crp,random_density,14,0.0059748900148272515,0.12379052498936653,0.9735,1.0,6.25528,0.07391429572459073,1.0,0.9990000128746033,0.9999,6.3168,0.07325974851846695,1.0,0.9990000128746033,,0.5
2026-03-26T03:56:29,comparison_condition_crp_random_sparse_20260326_002658,crp_random_sparse,21,21,1543970182,167164485,crp,random_density,15,0.017522342435866593,0.1174054512873292,0.9729,1.0,6.2076,0.07138481048290687,1.0,0.9990000128746033,1.0,6.184,0.06937005370855331,1.0,0.9990000128746033,,0.5
2026-03-26T03:56:54,comparison_condition_crp_random_sparse_20260326_002658,crp_random_sparse,21,21,1543970182,167164485,crp,random_density,16,0.010890319658108055,0.11267312595266848,0.976,1.0,6.21034,0.0702242442713979,1.0,0.9990000128746033,1.0,6.212,0.06898432970046997,1.0,0.9990000128746033,,0.5
2026-03-26T03:57:18,comparison_condition_crp_random_sparse_20260326_002658,crp_random_sparse,21,21,1543970182,167164485,crp,random_density,17,0.011101497128922493,0.10905218581557274,0.9777,1.0,6.2061,0.06928200552911709,1.0,0.9990000128746033,1.0,6.1905,0.0682625100016594,1.0,0.9990000128746033,,0.5
2026-03-26T03:57:43,comparison_condition_crp_random_sparse_20260326_002658,crp_random_sparse,21,21,1543970182,167164485,crp,random_density,18,0.008247497214097529,0.10806995016802103,0.9789,1.0,6.19058,0.06789981055518855,1.0,0.9990000128746033,1.0,6.2152,0.06726017594337463,1.0,0.9990000128746033,,0.5
2026-03-26T03:58:07,comparison_condition_crp_random_sparse_20260326_002658,crp_random_sparse,21,21,1543970182,167164485,crp,random_density,19,0.0039062244384549557,0.10689813098013401,0.9787,1.0,6.2377,0.06828015722582102,1.0,0.9990000128746033,1.0,6.2455,0.06702791154384613,1.0,0.9990000128746033,,0.5
2026-03-26T03:58:31,comparison_condition_crp_random_sparse_20260326_002658,crp_random_sparse,21,21,1543970182,167164485,crp,random_density,20,0.006992891121897846,0.12368164317710326,0.9761,1.0,6.2176,0.06705537255462783,1.0,0.9990000128746033,1.0,6.2042,0.06624642014503479,1.0,0.9990000128746033,,0.5
2026-03-26T03:58:55,comparison_condition_crp_random_sparse_20260326_002658,crp_random_sparse,21,21,1543970182,167164485,crp,random_density,21,0.008084615757325664,0.11797897407163982,0.9763,1.0,6.21924,0.06587256895154334,1.0,0.9990000128746033,1.0,6.2174,0.06496772170066833,1.0,0.9990000128746033,,0.5
2026-03-26T03:59:20,comparison_condition_crp_random_sparse_20260326_002658,crp_random_sparse,21,21,1543970182,167164485,crp,random_density,22,0.006145410712650045,0.12463561518113128,0.9753,1.0,6.2694,0.0652812910468682,1.0,0.9990000128746033,1.0,6.294,0.06347477436065674,1.0,0.9990000128746033,,0.5
2026-03-26T03:59:45,comparison_condition_crp_random_sparse_20260326_002658,crp_random_sparse,21,21,1543970182,167164485,crp,random_density,23,0.007911766946315766,0.1485031084845774,0.9735,0.99998,6.28234,0.06413661115004889,1.0,0.9990000128746033,1.0,6.2615,0.06327411532402039,1.0,0.9990000128746033,,0.5
2026-03-26T04:00:09,comparison_condition_crp_random_sparse_20260326_002658,crp_random_sparse,21,21,1543970182,167164485,crp,random_density,24,0.008411118289120495,0.13433275641947984,0.9768,1.0,6.24242,0.06310016384629337,1.0,0.9990000128746033,1.0,6.2678,0.06250748038291931,1.0,0.9990000128746033,,0.5
2026-03-26T04:00:34,comparison_condition_crp_random_sparse_20260326_002658,crp_random_sparse,21,21,1543970182,167164485,crp,random_density,25,0.011075377149442211,0.1357141218870878,0.9754,0.99998,6.2639,0.06242275683928634,1.0,0.9990000128746033,1.0,6.1898,0.06024564057588577,1.0,0.9990000128746033,,0.5
2026-03-26T04:01:05,comparison_condition_crp_random_sparse_20260326_002658,crp_random_sparse,22,22,407960426,1797594736,crp,random_density,1,0.26657125400543213,0.14165214171409607,0.9584,0.99974,5.77254,0.09661837248012538,1.0,0.9990000128746033,0.9998,5.5241,0.09259490668773651,1.0,0.9990000128746033,,0.5
2026-03-26T04:01:30,comparison_condition_crp_random_sparse_20260326_002658,crp_random_sparse,22,22,407960426,1797594736,crp,random_density,2,0.11091550738811493,0.10675565195083618,0.9679,0.9999,5.6823,0.09465665238745072,1.0,0.9990000128746033,0.9999,5.6604,0.09009609371423721,1.0,0.9990000128746033,,0.5
2026-03-26T04:01:54,comparison_condition_crp_random_sparse_20260326_002658,crp_random_sparse,22,22,407960426,1797594736,crp,random_density,3,0.07444057501733303,0.09114329501390457,0.9714,0.99994,5.81566,0.09311864212574557,1.0,0.9990000128746033,1.0,5.7756,0.09043937176465988,1.0,0.9990000128746033,,0.5
2026-03-26T04:02:18,comparison_condition_crp_random_sparse_20260326_002658,crp_random_sparse,22,22,407960426,1797594736,crp,random_density,4,0.05292318405866623,0.10474858524799346,0.9684,0.99994,5.87844,0.08995771667231685,1.0,0.9990000128746033,1.0,5.9186,0.08824969828128815,1.0,0.9990000128746033,,0.5
2026-03-26T04:02:43,comparison_condition_crp_random_sparse_20260326_002658,crp_random_sparse,22,22,407960426,1797594736,crp,random_density,5,0.039019606847167015,0.08107125594466924,0.9751,0.99996,5.94454,0.08808080897764171,1.0,0.9990000128746033,1.0,5.9486,0.08469206094741821,1.0,0.9990000128746033,,0.5
2026-03-26T04:03:07,comparison_condition_crp_random_sparse_20260326_002658,crp_random_sparse,22,22,407960426,1797594736,crp,random_density,6,0.028804286062568425,0.0930335275158286,0.9713,1.0,6.00412,0.0861683613465875,1.0,0.9990000128746033,1.0,6.0291,0.08374516665935516,1.0,0.9990000128746033,,0.5
2026-03-26T04:03:32,comparison_condition_crp_random_sparse_20260326_002658,crp_random_sparse,22,22,407960426,1797594736,crp,random_density,7,0.024384808152318,0.09542074539065361,0.9728,0.99996,6.03746,0.083841580487883,1.0,0.9990000128746033,1.0,6.0608,0.08176083862781525,1.0,0.9990000128746033,,0.5
2026-03-26T04:03:57,comparison_condition_crp_random_sparse_20260326_002658,crp_random_sparse,22,22,407960426,1797594736,crp,random_density,8,0.020840206320285798,0.08209743023514747,0.9759,0.99998,6.0795,0.08192718892222475,1.0,0.9990000128746033,0.9999,6.1057,0.08060668408870697,1.0,0.9990000128746033,,0.5
2026-03-26T04:04:21,comparison_condition_crp_random_sparse_20260326_002658,crp_random_sparse,22,22,407960426,1797594736,crp,random_density,9,0.017459198961257933,0.08967234625723212,0.9764,1.0,6.10502,0.07996476355873411,1.0,0.9990000128746033,1.0,6.0878,0.07825455814599991,1.0,0.9990000128746033,,0.5
2026-03-26T04:04:46,comparison_condition_crp_random_sparse_20260326_002658,crp_random_sparse,22,22,407960426,1797594736,crp,random_density,10,0.01348474716424942,0.080604912596941,0.9783,1.0,6.1108,0.07829266239691268,1.0,0.9990000128746033,1.0,6.1385,0.07698185741901398,1.0,0.9990000128746033,,0.5
2026-03-26T04:05:11,comparison_condition_crp_random_sparse_20260326_002658,crp_random_sparse,22,22,407960426,1797594736,crp,random_density,11,0.010256798714995385,0.08289744334220886,0.9786,1.0,6.16114,0.07709593221049785,1.0,0.9990000128746033,0.9999,6.2071,0.07575222104787827,1.0,0.9990000128746033,,0.5
2026-03-26T04:05:35,comparison_condition_crp_random_sparse_20260326_002658,crp_random_sparse,22,22,407960426,1797594736,crp,random_density,12,0.01324242811858654,0.08384895540624857,0.9788,1.0,6.13882,0.07518937421576752,1.0,0.9990000128746033,1.0,6.0941,0.07334915548563004,1.0,0.9990000128746033,,0.5
2026-03-26T04:05:59,comparison_condition_crp_random_sparse_20260326_002658,crp_random_sparse,22,22,407960426,1797594736,crp,random_density,13,0.01276728897035122,0.09016832973323763,0.9783,1.0,6.15652,0.07376571967626167,1.0,0.9990000128746033,1.0,6.1643,0.07260704785585403,1.0,0.9990000128746033,,0.5
2026-03-26T04:06:25,comparison_condition_crp_random_sparse_20260326_002658,crp_random_sparse,22,22,407960426,1797594736,crp,random_density,14,0.010790139271467923,0.08551086938679218,0.9804,1.0,6.1632,0.07197671343603403,1.0,0.9990000128746033,0.9998,6.123,0.06903579831123352,1.0,0.9990000128746033,,0.5
2026-03-26T04:06:49,comparison_condition_crp_random_sparse_20260326_002658,crp_random_sparse,22,22,407960426,1797594736,crp,random_density,15,0.009836021291725337,0.09306236150935292,0.9792,1.0,6.16834,0.07116791745052313,1.0,0.9990000128746033,1.0,6.1464,0.06950677931308746,1.0,0.9990000128746033,,0.5
2026-03-26T04:07:13,comparison_condition_crp_random_sparse_20260326_002658,crp_random_sparse,22,22,407960426,1797594736,crp,random_density,16,0.01133764581106603,0.09747494147084654,0.9774,1.0,6.16402,0.06984319705563738,1.0,0.9990000128746033,1.0,6.1146,0.06845958530902863,1.0,0.9990000128746033,,0.5
2026-03-26T04:07:38,comparison_condition_crp_random_sparse_20260326_002658,crp_random_sparse,22,22,407960426,1797594736,crp,random_density,17,0.007320505553409457,0.09999024349143729,0.9789,1.0,6.16486,0.06922193889117911,1.0,0.9990000128746033,1.0,6.1625,0.06830122321844101,1.0,0.9990000128746033,,0.5
2026-03-26T04:08:03,comparison_condition_crp_random_sparse_20260326_002658,crp_random_sparse,22,22,407960426,1797594736,crp,random_density,18,0.006228660247661173,0.1171431829802692,0.9748,1.0,6.16952,0.06834348561742422,1.0,0.9990000128746033,1.0,6.1761,0.067032091319561,1.0,0.9990000128746033,,0.5
2026-03-26T04:08:27,comparison_condition_crp_random_sparse_20260326_002658,crp_random_sparse,22,22,407960426,1797594736,crp,random_density,19,0.009501348186722025,0.10377381102144718,0.9774,1.0,6.17006,0.06696728508338294,1.0,0.9990000128746033,1.0,6.2094,0.06588495522737503,1.0,0.9990000128746033,,0.5
2026-03-26T04:08:51,comparison_condition_crp_random_sparse_20260326_002658,crp_random_sparse,22,22,407960426,1797594736,crp,random_density,20,0.012353597554937005,0.1301557988550514,0.9759,1.0,6.15042,0.06534861677976521,1.0,0.9990000128746033,1.0,6.1404,0.06320812553167343,1.0,0.9990000128746033,,0.5
2026-03-26T04:09:16,comparison_condition_crp_random_sparse_20260326_002658,crp_random_sparse,22,22,407960426,1797594736,crp,random_density,21,0.0068229271395877,0.10887927368776873,0.9763,1.0,6.1459,0.06469172010641269,1.0,0.9990000128746033,1.0,6.1842,0.06426017731428146,1.0,0.9990000128746033,,0.5
2026-03-26T04:09:40,comparison_condition_crp_random_sparse_20260326_002658,crp_random_sparse,22,22,407960426,1797594736,crp,random_density,22,0.006663624532823451,0.10015738242452499,0.9792,0.99998,6.15338,0.06439201040264896,1.0,0.9990000128746033,1.0,6.1322,0.06336336582899094,1.0,0.9990000128746033,,0.5
2026-03-26T04:10:04,comparison_condition_crp_random_sparse_20260326_002658,crp_random_sparse,22,22,407960426,1797594736,crp,random_density,23,0.006489302011085674,0.12647443548814627,0.9763,1.0,6.1738,0.0640379800973341,1.0,0.9990000128746033,1.0,6.1715,0.06297475099563599,1.0,0.9990000128746033,,0.5
2026-03-26T04:10:28,comparison_condition_crp_random_sparse_20260326_002658,crp_random_sparse,22,22,407960426,1797594736,crp,random_density,24,0.00780788138977252,0.11459676116062328,0.9774,0.99998,6.14612,0.06291833463722787,1.0,0.9990000128746033,1.0,6.129,0.06157347187399864,1.0,0.9990000128746033,,0.5
2026-03-26T04:10:53,comparison_condition_crp_random_sparse_20260326_002658,crp_random_sparse,22,22,407960426,1797594736,crp,random_density,25,0.007936622041761874,0.11094277037456632,0.9782,1.0,6.10482,0.06155807073311428,1.0,0.9990000128746033,0.9998,6.1074,0.05960702523589134,1.0,0.9990000128746033,,0.5
2026-03-26T04:11:24,comparison_condition_crp_random_sparse_20260326_002658,crp_random_sparse,23,23,733495427,691573102,crp,random_density,1,0.26243128309726715,0.1563877830851823,0.9553,0.99976,5.63872,0.09541622976131757,1.0,0.9990000128746033,0.9998,5.4225,0.09143165498971939,1.0,0.9990000128746033,,0.5
2026-03-26T04:11:48,comparison_condition_crp_random_sparse_20260326_002658,crp_random_sparse,23,23,733495427,691573102,crp,random_density,2,0.10913701225996017,0.10438224829509854,0.9657,0.99986,5.57704,0.0945947134243253,1.0,0.9990000128746033,0.9999,5.582,0.09170988947153091,1.0,0.9990000128746033,,0.5
2026-03-26T04:12:12,comparison_condition_crp_random_sparse_20260326_002658,crp_random_sparse,23,23,733495427,691573102,crp,random_density,3,0.07401306891202927,0.0899972484529484,0.9708,0.99992,5.7457,0.09253799854337103,1.0,0.9990000128746033,1.0,5.7108,0.09008246660232544,1.0,0.9990000128746033,,0.5
2026-03-26T04:12:36,comparison_condition_crp_random_sparse_20260326_002658,crp_random_sparse,23,23,733495427,691573102,crp,random_density,4,0.05117826373934746,0.0849357070857659,0.9711,0.99998,5.87034,0.09079369203285183,1.0,0.9990000128746033,1.0,5.8717,0.08718641847372055,1.0,0.9990000128746033,,0.5
2026-03-26T04:13:01,comparison_condition_crp_random_sparse_20260326_002658,crp_random_sparse,23,23,733495427,691573102,crp,random_density,5,0.038421999924182895,0.09700683670532889,0.969,1.0,5.93358,0.08864970430922325,1.0,0.9990000128746033,1.0,5.9021,0.08685658127069473,1.0,0.9990000128746033,,0.5
2026-03-26T04:13:26,comparison_condition_crp_random_sparse_20260326_002658,crp_random_sparse,23,23,733495427,691573102,crp,random_density,6,0.028523795362710953,0.09199687645221129,0.9724,0.99994,5.97082,0.08644800934264117,1.0,0.9990000128746033,0.9999,5.9662,0.08403604477643967,1.0,0.9990000128746033,,0.5
2026-03-26T04:13:50,comparison_condition_crp_random_sparse_20260326_002658,crp_random_sparse,23,23,733495427,691573102,crp,random_density,7,0.02170331471413374,0.08541706123736222,0.9733,0.99998,5.99594,0.08406256787154985,1.0,0.9990000128746033,1.0,5.998,0.08110003173351288,1.0,0.9990000128746033,,0.5
2026-03-26T04:14:14,comparison_condition_crp_random_sparse_20260326_002658,crp_random_sparse,23,23,733495427,691573102,crp,random_density,8,0.01898758878558874,0.08892541049562278,0.9744,1.0,6.04108,0.0827401389589395,1.0,0.9990000128746033,1.0,6.0191,0.08012457937002182,1.0,0.9990000128746033,,0.5
2026-03-26T04:14:39,comparison_condition_crp_random_sparse_20260326_002658,crp_random_sparse,23,23,733495427,691573102,crp,random_density,9,0.015289716898724437,0.10150034807315096,0.9713,1.0,6.06224,0.08094724039058857,1.0,0.9990000128746033,1.0,6.0792,0.07944902777671814,1.0,0.9990000128746033,,0.5
2026-03-26T04:15:03,comparison_condition_crp_random_sparse_20260326_002658,crp_random_sparse,23,23,733495427,691573102,crp,random_density,10,0.012767763414084912,0.08337371967534418,0.9777,0.99998,6.10524,0.07936999116026228,1.0,0.9990000128746033,1.0,6.1062,0.07729928940534592,1.0,0.9990000128746033,,0.5
2026-03-26T04:15:28,comparison_condition_crp_random_sparse_20260326_002658,crp_random_sparse,23,23,733495427,691573102,crp,random_density,11,0.010942343335449696,0.10207004257410882,0.9754,0.99998,6.14294,0.07790750289893211,1.0,0.9990000128746033,1.0,6.151,0.07637163996696472,1.0,0.9990000128746033,,0.5
2026-03-26T04:15:52,comparison_condition_crp_random_sparse_20260326_002658,crp_random_sparse,23,23,733495427,691573102,crp,random_density,12,0.016923936024308205,0.09892656848125625,0.9776,0.99998,6.13944,0.07531701457088866,1.0,0.9990000128746033,0.9999,6.0943,0.0738135278224945,1.0,0.9990000128746033,,0.5
2026-03-26T04:16:17,comparison_condition_crp_random_sparse_20260326_002658,crp_random_sparse,23,23,733495427,691573102,crp,random_density,13,0.013015567882135511,0.09356433892541755,0.9772,1.0,6.1408,0.07427242718389272,1.0,0.9990000128746033,1.0,6.1403,0.07248670607805252,1.0,0.9990000128746033,,0.5
2026-03-26T04:16:41,comparison_condition_crp_random_sparse_20260326_002658,crp_random_sparse,23,23,733495427,691573102,crp,random_density,14,0.008910301369652152,0.10118128362685093,0.9759,1.0,6.16558,0.07329195730216667,1.0,0.9990000128746033,1.0,6.186,0.0716782808303833,1.0,0.9990000128746033,,0.5
2026-03-26T04:17:06,comparison_condition_crp_random_sparse_20260326_002658,crp_random_sparse,23,23,733495427,691573102,crp,random_density,15,0.00948387860044837,0.10176291928035207,0.9749,1.0,6.16186,0.07170372955558245,1.0,0.9990000128746033,1.0,6.1472,0.07093653082847595,1.0,0.9990000128746033,,0.5
2026-03-26T04:17:31,comparison_condition_crp_random_sparse_20260326_002658,crp_random_sparse,23,23,733495427,691573102,crp,random_density,16,0.01033211536359042,0.10136139243810467,0.9765,1.0,6.14114,0.07076843039077871,1.0,0.9990000128746033,1.0,6.1533,0.0698644295334816,1.0,0.9990000128746033,,0.5
2026-03-26T04:17:55,comparison_condition_crp_random_sparse_20260326_002658,crp_random_sparse,23,23,733495427,691573102,crp,random_density,17,0.010606101374394493,0.11320774546191005,0.975,0.99998,6.1256,0.06890942516458004,1.0,0.9990000128746033,0.9999,6.165,0.06845712661743164,1.0,0.9990000128746033,,0.5
2026-03-26T04:18:19,comparison_condition_crp_random_sparse_20260326_002658,crp_random_sparse,23,23,733495427,691573102,crp,random_density,18,0.0083078219678998,0.09560739995044641,0.9789,1.0,6.13162,0.06802667172439873,1.0,0.9990000128746033,0.9999,6.1719,0.06665004044771194,1.0,0.9990000128746033,,0.5
2026-03-26T04:18:44,comparison_condition_crp_random_sparse_20260326_002658,crp_random_sparse,23,23,733495427,691573102,crp,random_density,19,0.004844428563918918,0.09613325108484715,0.9792,1.0,6.17348,0.06812047571553599,1.0,0.9990000128746033,1.0,6.2101,0.0668264627456665,1.0,0.9990000128746033,,0.5
2026-03-26T04:19:07,comparison_condition_crp_random_sparse_20260326_002658,crp_random_sparse,23,23,733495427,691573102,crp,random_density,20,0.0024714372211229055,0.1076685253277401,0.9774,1.0,6.19126,0.0677451139406475,1.0,0.9990000128746033,1.0,6.2073,0.06668005883693695,1.0,0.9990000128746033,,0.5
2026-03-26T04:19:31,comparison_condition_crp_random_sparse_20260326_002658,crp_random_sparse,23,23,733495427,691573102,crp,random_density,21,0.012867078727558256,0.11879697871458483,0.9744,1.0,6.16048,0.06539086524940207,1.0,0.9990000128746033,1.0,6.1436,0.0628649890422821,1.0,0.9990000128746033,,0.5
2026-03-26T04:19:56,comparison_condition_crp_random_sparse_20260326_002658,crp_random_sparse,23,23,733495427,691573102,crp,random_density,22,0.01393206007075496,0.11027137882846764,0.9772,1.0,6.15772,0.06487847847478165,1.0,0.9990000128746033,1.0,6.1418,0.0635475441813469,1.0,0.9990000128746033,,0.5
2026-03-26T04:20:22,comparison_condition_crp_random_sparse_20260326_002658,crp_random_sparse,23,23,733495427,691573102,crp,random_density,23,0.009806706343302503,0.11738301011123112,0.9764,1.0,6.1151,0.06332718726733456,1.0,0.9990000128746033,1.0,6.1459,0.0630582943558693,1.0,0.9990000128746033,,0.5
2026-03-26T04:20:46,comparison_condition_crp_random_sparse_20260326_002658,crp_random_sparse,23,23,733495427,691573102,crp,random_density,24,0.004710580739416182,0.10190614096366844,0.9803,0.99998,6.14626,0.06323085124116115,1.0,0.9990000128746033,1.0,6.1778,0.06241193786263466,1.0,0.9990000128746033,,0.5
2026-03-26T04:21:10,comparison_condition_crp_random_sparse_20260326_002658,crp_random_sparse,23,23,733495427,691573102,crp,random_density,25,0.0012414190809964202,0.10633982023446806,0.98,0.99998,6.18572,0.0637484457715393,1.0,0.9990000128746033,1.0,6.2307,0.06334227323532104,1.0,0.9990000128746033,,0.5
2026-03-26T04:21:40,comparison_condition_crp_random_sparse_20260326_002658,crp_random_sparse,24,24,50511425,985348261,crp,random_density,1,0.27046130915641786,0.13683451938629151,0.9622,0.99978,5.6025,0.09557032436513535,1.0,0.9990000128746033,1.0,5.364,0.09132398664951324,1.0,0.9990000128746033,,0.5
2026-03-26T04:22:05,comparison_condition_crp_random_sparse_20260326_002658,crp_random_sparse,24,24,50511425,985348261,crp,random_density,2,0.1128966093993187,0.11361548566818237,0.9669,0.9999,5.58208,0.09512061355135325,1.0,0.9990000128746033,0.9999,5.5289,0.09120506048202515,1.0,0.9990000128746033,,0.5
2026-03-26T04:22:29,comparison_condition_crp_random_sparse_20260326_002658,crp_random_sparse,24,24,50511425,985348261,crp,random_density,3,0.07459255350470542,0.09711914829015732,0.9712,0.99992,5.76322,0.09316470199609961,1.0,0.9990000128746033,0.9999,5.7047,0.08942112326622009,1.0,0.9990000128746033,,0.5
2026-03-26T04:22:54,comparison_condition_crp_random_sparse_20260326_002658,crp_random_sparse,24,24,50511425,985348261,crp,random_density,4,0.051349904471635816,0.0936511098638177,0.9712,0.99998,5.87704,0.09074709812164916,1.0,0.9990000128746033,1.0,5.8408,0.08759479224681854,1.0,0.9990000128746033,,0.5
2026-03-26T04:23:19,comparison_condition_crp_random_sparse_20260326_002658,crp_random_sparse,24,24,50511425,985348261,crp,random_density,5,0.040344564325809476,0.08944177435934543,0.9742,0.99998,5.93186,0.08860841864134039,1.0,0.9990000128746033,1.0,5.9035,0.08437992632389069,1.0,0.9990000128746033,,0.5
2026-03-26T04:23:43,comparison_condition_crp_random_sparse_20260326_002658,crp_random_sparse,24,24,50511425,985348261,crp,random_density,6,0.032087147659659386,0.09069346314668655,0.9746,0.99998,5.97826,0.08646208257473947,1.0,0.9990000128746033,1.0,5.9401,0.08421672880649567,1.0,0.9990000128746033,,0.5
2026-03-26T04:24:07,comparison_condition_crp_random_sparse_20260326_002658,crp_random_sparse,24,24,50511425,985348261,crp,random_density,7,0.02213306022286415,0.08099918719530105,0.9773,1.0,6.0277,0.08498953528645094,1.0,0.9990000128746033,1.0,6.0435,0.0833655297756195,1.0,0.9990000128746033,,0.5
2026-03-26T04:24:32,comparison_condition_crp_random_sparse_20260326_002658,crp_random_sparse,24,24,50511425,985348261,crp,random_density,8,0.01767834611084312,0.09098167807459831,0.9779,0.99994,6.05782,0.08317128980479886,1.0,0.9990000128746033,0.9999,6.0729,0.0817294791340828,1.0,0.9990000128746033,,0.5
2026-03-26T04:24:56,comparison_condition_crp_random_sparse_20260326_002658,crp_random_sparse,24,24,50511425,985348261,crp,random_density,9,0.01660914529055357,0.10295620572566987,0.9734,1.0,6.09516,0.08124596250179174,1.0,0.9990000128746033,0.9999,6.097,0.07959058880805969,1.0,0.9990000128746033,,0.5
2026-03-26T04:25:21,comparison_condition_crp_random_sparse_20260326_002658,crp_random_sparse,24,24,50511425,985348261,crp,random_density,10,0.01574955944940448,0.09914698863625526,0.9741,1.0,6.11154,0.0791318900216266,1.0,0.9990000128746033,1.0,6.142,0.07778353989124298,1.0,0.9990000128746033,,0.5
2026-03-26T04:25:46,comparison_condition_crp_random_sparse_20260326_002658,crp_random_sparse,24,24,50511425,985348261,crp,random_density,11,0.015003940784484148,0.10441680991947651,0.9759,0.99998,6.14026,0.07738664875859799,1.0,0.9990000128746033,1.0,6.1546,0.0758141502737999,1.0,0.9990000128746033,,0.5
2026-03-26T04:26:10,comparison_condition_crp_random_sparse_20260326_002658,crp_random_sparse,24,24,50511425,985348261,crp,random_density,12,0.011409833922535181,0.09842244377508759,0.9761,0.99996,6.16144,0.07615149093558417,1.0,0.9990000128746033,1.0,6.1623,0.07468441873788834,1.0,0.9990000128746033,,0.5
2026-03-26T04:26:34,comparison_condition_crp_random_sparse_20260326_002658,crp_random_sparse,24,24,50511425,985348261,crp,random_density,13,0.012000158792650328,0.10227359942961484,0.9754,0.99998,6.13394,0.07293979564438695,1.0,0.9990000128746033,1.0,6.1037,0.071965791285038,1.0,0.9990000128746033,,0.5
2026-03-26T04:26:59,comparison_condition_crp_random_sparse_20260326_002658,crp_random_sparse,24,24,50511425,985348261,crp,random_density,14,0.011451246666386724,0.09397817437853664,0.9784,1.0,6.15604,0.07329616007749992,1.0,0.9990000128746033,1.0,6.1091,0.07244891673326492,1.0,0.9990000128746033,,0.5
2026-03-26T04:27:24,comparison_condition_crp_random_sparse_20260326_002658,crp_random_sparse,24,24,50511425,985348261,crp,random_density,15,0.010872361766472459,0.10495191578269004,0.9784,1.0,6.12212,0.07159188027729464,1.0,0.9990000128746033,0.9999,6.1339,0.06952725350856781,1.0,0.9990000128746033,,0.5
2026-03-26T04:27:48,comparison_condition_crp_random_sparse_20260326_002658,crp_random_sparse,24,24,50511425,985348261,crp,random_density,16,0.010890000334382057,0.11906187077090144,0.9756,1.0,6.1477,0.07080351107794305,1.0,0.9990000128746033,1.0,6.1228,0.0694313794374466,1.0,0.9990000128746033,,0.5
2026-03-26T04:28:12,comparison_condition_crp_random_sparse_20260326_002658,crp_random_sparse,24,24,50511425,985348261,crp,random_density,17,0.0084876378043741,0.10753556537982076,0.9784,1.0,6.13578,0.0697742372065249,1.0,0.9990000128746033,0.9999,6.1446,0.06912295520305634,1.0,0.9990000128746033,,0.5
2026-03-26T04:28:37,comparison_condition_crp_random_sparse_20260326_002658,crp_random_sparse,24,24,50511425,985348261,crp,random_density,18,0.007507104364000261,0.12129516331246122,0.9767,0.99998,6.15806,0.06895936152819172,1.0,0.9990000128746033,1.0,6.1416,0.06771276146173477,1.0,0.9990000128746033,,0.5
2026-03-26T04:29:01,comparison_condition_crp_random_sparse_20260326_002658,crp_random_sparse,24,24,50511425,985348261,crp,random_density,19,0.007698537358129397,0.11046924629807472,0.9781,1.0,6.15674,0.06781410669807887,1.0,0.9990000128746033,1.0,6.1732,0.06654100865125656,1.0,0.9990000128746033,,0.5
2026-03-26T04:29:26,comparison_condition_crp_random_sparse_20260326_002658,crp_random_sparse,24,24,50511425,985348261,crp,random_density,20,0.01104784311119467,0.13299163728952407,0.9762,1.0,6.15034,0.06631518738425296,1.0,0.9990000128746033,1.0,6.146,0.06491520255804062,1.0,0.9990000128746033,,0.5
2026-03-26T04:29:50,comparison_condition_crp_random_sparse_20260326_002658,crp_random_sparse,24,24,50511425,985348261,crp,random_density,21,0.01142065271358937,0.11988207500735298,0.9778,0.99998,6.13064,0.06538777788886634,1.0,0.9990000128746033,1.0,6.1293,0.06421399116516113,1.0,0.9990000128746033,,0.5
2026-03-26T04:30:13,comparison_condition_crp_random_sparse_20260326_002658,crp_random_sparse,24,24,50511425,985348261,crp,random_density,22,0.0037292978212749585,0.1098097617417574,0.9798,1.0,6.15928,0.06534936101845158,1.0,0.9990000128746033,1.0,6.1985,0.0648905336856842,1.0,0.9990000128746033,,0.5
2026-03-26T04:30:38,comparison_condition_crp_random_sparse_20260326_002658,crp_random_sparse,24,24,50511425,985348261,crp,random_density,23,0.0032315118738031013,0.11307626852542162,0.9785,1.0,6.15796,0.06478778987436953,1.0,0.9990000128746033,1.0,6.1996,0.06451476365327835,1.0,0.9990000128746033,,0.5
2026-03-26T04:31:02,comparison_condition_crp_random_sparse_20260326_002658,crp_random_sparse,24,24,50511425,985348261,crp,random_density,24,0.003187003845751751,0.127888496132195,0.9788,1.0,6.15838,0.06413353141159048,1.0,0.9990000128746033,1.0,6.1666,0.06324222683906555,1.0,0.9990000128746033,,0.5
2026-03-26T04:31:27,comparison_condition_crp_random_sparse_20260326_002658,crp_random_sparse,24,24,50511425,985348261,crp,random_density,25,0.015314060760270804,0.13839938939623533,0.9757,0.99998,6.1433,0.062420905236621645,1.0,0.9990000128746033,1.0,6.1116,0.06087825074791908,1.0,0.9990000128746033,,0.5
2026-03-26T04:31:57,comparison_condition_crp_random_sparse_20260326_002658,crp_random_sparse,25,25,729108864,57702956,crp,random_density,1,0.26385142571449277,0.14137180607318878,0.9569,0.9998,5.66392,0.09562233117077966,1.0,0.9990000128746033,0.9998,5.4924,0.09180697798728943,1.0,0.9990000128746033,,0.5
2026-03-26T04:32:22,comparison_condition_crp_random_sparse_20260326_002658,crp_random_sparse,25,25,729108864,57702956,crp,random_density,2,0.1120698824596405,0.12274664187431336,0.9624,0.99996,5.63762,0.09486299232982309,1.0,0.9990000128746033,0.9999,5.5702,0.09136859327554703,1.0,0.9990000128746033,,0.5
2026-03-26T04:32:46,comparison_condition_crp_random_sparse_20260326_002658,crp_random_sparse,25,25,729108864,57702956,crp,random_density,3,0.07424665838956833,0.09300343072414398,0.9729,0.99996,5.7559,0.09338779242523491,1.0,0.9990000128746033,1.0,5.7404,0.09044263511896133,1.0,0.9990000128746033,,0.5
2026-03-26T04:33:11,comparison_condition_crp_random_sparse_20260326_002658,crp_random_sparse,25,25,729108864,57702956,crp,random_density,4,0.05193103503704071,0.09018686503767967,0.9746,0.99996,5.87842,0.09119592877605077,1.0,0.9990000128746033,1.0,5.9067,0.0886259451508522,1.0,0.9990000128746033,,0.5
2026-03-26T04:33:36,comparison_condition_crp_random_sparse_20260326_002658,crp_random_sparse,25,25,729108864,57702956,crp,random_density,5,0.03855982468664646,0.08804522278308868,0.975,0.99996,5.9365,0.08888412512781675,1.0,0.9990000128746033,1.0,5.963,0.08624189347028732,1.0,0.9990000128746033,,0.5
2026-03-26T04:34:01,comparison_condition_crp_random_sparse_20260326_002658,crp_random_sparse,25,25,729108864,57702956,crp,random_density,6,0.02746712899506092,0.08022873941063881,0.977,0.99998,5.99042,0.08681408679851181,1.0,0.9990000128746033,1.0,5.9981,0.08461598306894302,1.0,0.9990000128746033,,0.5
2026-03-26T04:34:26,comparison_condition_crp_random_sparse_20260326_002658,crp_random_sparse,25,25,729108864,57702956,crp,random_density,7,0.022350773000121116,0.0830961018577218,0.9774,0.99996,6.0188,0.0844158371314978,1.0,0.9990000128746033,1.0,6.039,0.08189700543880463,1.0,0.9990000128746033,,0.5
2026-03-26T04:34:50,comparison_condition_crp_random_sparse_20260326_002658,crp_random_sparse,25,25,729108864,57702956,crp,random_density,8,0.02071190675020218,0.08760881437063217,0.9763,0.99998,6.07028,0.0829245144182154,1.0,0.9990000128746033,1.0,6.0722,0.08059215545654297,1.0,0.9990000128746033,,0.5
2026-03-26T04:35:15,comparison_condition_crp_random_sparse_20260326_002658,crp_random_sparse,25,25,729108864,57702956,crp,random_density,9,0.016085954703837634,0.08863657561093569,0.9774,1.0,6.1033,0.08092494564288108,1.0,0.9990000128746033,0.9999,6.1078,0.07929426431655884,1.0,0.9990000128746033,,0.5
2026-03-26T04:35:40,comparison_condition_crp_random_sparse_20260326_002658,crp_random_sparse,25,25,729108864,57702956,crp,random_density,10,0.01281637488141656,0.09395716404914856,0.9769,1.0,6.13914,0.07947535542271021,1.0,0.9990000128746033,1.0,6.1463,0.07753438502550125,1.0,0.9990000128746033,,0.5
2026-03-26T04:36:05,comparison_condition_crp_random_sparse_20260326_002658,crp_random_sparse,25,25,729108864,57702956,crp,random_density,11,0.01393599129922688,0.10102489365637303,0.9756,1.0,6.13824,0.07710981544326334,1.0,0.9990000128746033,1.0,6.2263,0.07608465105295181,1.0,0.9990000128746033,,0.5
2026-03-26T04:36:30,comparison_condition_crp_random_sparse_20260326_002658,crp_random_sparse,25,25,729108864,57702956,crp,random_density,12,0.016227374851331116,0.10029073228538037,0.976,0.99998,6.16426,0.07540130649533723,1.0,0.9990000128746033,1.0,6.1732,0.07417766749858856,1.0,0.9990000128746033,,0.5
2026-03-26T04:36:54,comparison_condition_crp_random_sparse_20260326_002658,crp_random_sparse,25,25,729108864,57702956,crp,random_density,13,0.01222263163819909,0.10015796555280686,0.9775,1.0,6.1882,0.07450643391407968,1.0,0.9990000128746033,1.0,6.184,0.07293371856212616,1.0,0.9990000128746033,,0.5
2026-03-26T04:37:19,comparison_condition_crp_random_sparse_20260326_002658,crp_random_sparse,25,25,729108864,57702956,crp,random_density,14,0.011657309794165195,0.1054401649877429,0.9756,1.0,6.17156,0.07255263889537138,1.0,0.9990000128746033,1.0,6.1414,0.07072509080171585,1.0,0.9990000128746033,,0.5
2026-03-26T04:37:44,comparison_condition_crp_random_sparse_20260326_002658,crp_random_sparse,25,25,729108864,57702956,crp,random_density,15,0.008565778527539224,0.10348906171023846,0.9767,1.0,6.19262,0.0722093863407974,1.0,0.9990000128746033,0.9999,6.2441,0.07111134380102158,1.0,0.9990000128746033,,0.5
2026-03-26T04:38:08,comparison_condition_crp_random_sparse_20260326_002658,crp_random_sparse,25,25,729108864,57702956,crp,random_density,16,0.005832555871810764,0.09853936868607997,0.9793,1.0,6.20344,0.07083835319408675,1.0,0.9990000128746033,1.0,6.2761,0.0707094594836235,1.0,0.9990000128746033,,0.5
2026-03-26T04:38:32,comparison_condition_crp_random_sparse_20260326_002658,crp_random_sparse,25,25,729108864,57702956,crp,random_density,17,0.0113423600599356,0.124306398370862,0.9741,0.99998,6.20034,0.06921395371713297,1.0,0.9990000128746033,0.9999,6.2172,0.0683932900428772,1.0,0.9990000128746033,,0.5
2026-03-26T04:38:57,comparison_condition_crp_random_sparse_20260326_002658,crp_random_sparse,25,25,729108864,57702956,crp,random_density,18,0.013043278346341104,0.11328554937839508,0.9771,1.0,6.19424,0.06833778436074171,1.0,0.9990000128746033,1.0,6.2239,0.06724054366350174,1.0,0.9990000128746033,,0.5
2026-03-26T04:39:22,comparison_condition_crp_random_sparse_20260326_002658,crp_random_sparse,25,25,729108864,57702956,crp,random_density,19,0.009355644121654332,0.111735251333192,0.9773,1.0,6.18682,0.06722787020685118,1.0,0.9990000128746033,1.0,6.206,0.06627770513296127,1.0,0.9990000128746033,,0.5
2026-03-26T04:39:46,comparison_condition_crp_random_sparse_20260326_002658,crp_random_sparse,25,25,729108864,57702956,crp,random_density,20,0.005867878403104842,0.10954025406241417,0.9794,1.0,6.18864,0.06731409579515457,1.0,0.9990000128746033,1.0,6.2071,0.06648007780313492,1.0,0.9990000128746033,,0.5
2026-03-26T04:40:10,comparison_condition_crp_random_sparse_20260326_002658,crp_random_sparse,25,25,729108864,57702956,crp,random_density,21,0.006583801039718092,0.11168548425287009,0.9806,1.0,6.21454,0.06640090644740693,1.0,0.9990000128746033,1.0,6.2343,0.06578514724969864,1.0,0.9990000128746033,,0.5
2026-03-26T04:40:34,comparison_condition_crp_random_sparse_20260326_002658,crp_random_sparse,25,25,729108864,57702956,crp,random_density,22,0.004242877840474248,0.1317830207405612,0.976,1.0,6.23176,0.06588741077486511,1.0,0.9990000128746033,1.0,6.2194,0.06462769955396652,1.0,0.9990000128746033,,0.5
2026-03-26T04:40:59,comparison_condition_crp_random_sparse_20260326_002658,crp_random_sparse,25,25,729108864,57702956,crp,random_density,23,0.00796600381298922,0.1409052365526557,0.9743,1.0,6.19736,0.06441206761333339,1.0,0.9990000128746033,1.0,6.2201,0.06386443227529526,1.0,0.9990000128746033,,0.5
2026-03-26T04:41:24,comparison_condition_crp_random_sparse_20260326_002658,crp_random_sparse,25,25,729108864,57702956,crp,random_density,24,0.007614549585273489,0.11481827464066446,0.9797,1.0,6.1908,0.06362336832086754,1.0,0.9990000128746033,0.9999,6.2341,0.0631336197257042,1.0,0.9990000128746033,,0.5
2026-03-26T04:41:49,comparison_condition_crp_random_sparse_20260326_002658,crp_random_sparse,25,25,729108864,57702956,crp,random_density,25,0.012121506011448801,0.10967072815746069,0.9817,0.99998,6.16706,0.06213746394228448,1.0,0.9990000128746033,1.0,6.1554,0.061463743448257446,1.0,0.9990000128746033,,0.5
