timestamp,experiment_id,condition_id,run_index,trial_index,run_seed,mask_seed,model_id,schematic,epoch,train_loss,val_loss,val_acc,train_cert_rate,train_tau_mean,train_recurrent_scale_mean,train_recurrent_shrink_rate,train_rho_mean,val_cert_rate,val_tau_mean,val_recurrent_scale_mean,val_recurrent_shrink_rate,val_rho_mean,k_total_target,hh_density_target
2026-03-28T19:04:36,comparison_condition_mlp_adaptive_20260328_190349,mlp_adaptive,1,1,894684355,1573429661,mlp_adaptive,feedforward,1,2.2860573805236815,2.27682667427063,0.1388,,,,,,,,,,,10000.0,
2026-03-28T19:05:22,comparison_condition_mlp_adaptive_20260328_190349,mlp_adaptive,1,1,894684355,1573429661,mlp_adaptive,feedforward,2,2.272457112426758,2.2673150390625,0.1963,,,,,,,,,,,10000.0,
2026-03-28T19:06:06,comparison_condition_mlp_adaptive_20260328_190349,mlp_adaptive,1,1,894684355,1573429661,mlp_adaptive,feedforward,3,2.264314779586792,2.2599828170776366,0.2461,,,,,,,,,,,10000.0,
2026-03-28T19:06:46,comparison_condition_mlp_adaptive_20260328_190349,mlp_adaptive,1,1,894684355,1573429661,mlp_adaptive,feedforward,4,2.2574374952697753,2.253033740234375,0.2322,,,,,,,,,,,10000.0,
2026-03-28T19:07:29,comparison_condition_mlp_adaptive_20260328_190349,mlp_adaptive,1,1,894684355,1573429661,mlp_adaptive,feedforward,5,2.2504153256988526,2.2455003566741945,0.2336,,,,,,,,,,,10000.0,
2026-03-28T19:08:11,comparison_condition_mlp_adaptive_20260328_190349,mlp_adaptive,1,1,894684355,1573429661,mlp_adaptive,feedforward,6,2.2425770777130127,2.2372444694519045,0.3207,,,,,,,,,,,10000.0,
2026-03-28T19:08:53,comparison_condition_mlp_adaptive_20260328_190349,mlp_adaptive,1,1,894684355,1573429661,mlp_adaptive,feedforward,7,2.233751918182373,2.2277994956970213,0.3275,,,,,,,,,,,10000.0,
2026-03-28T19:09:34,comparison_condition_mlp_adaptive_20260328_190349,mlp_adaptive,1,1,894684355,1573429661,mlp_adaptive,feedforward,8,2.223841550140381,2.217180691146851,0.3815,,,,,,,,,,,10000.0,
2026-03-28T19:10:16,comparison_condition_mlp_adaptive_20260328_190349,mlp_adaptive,1,1,894684355,1573429661,mlp_adaptive,feedforward,9,2.2127555154418945,2.205544891357422,0.3781,,,,,,,,,,,10000.0,
2026-03-28T19:10:57,comparison_condition_mlp_adaptive_20260328_190349,mlp_adaptive,1,1,894684355,1573429661,mlp_adaptive,feedforward,10,2.200246902770996,2.1916951313018798,0.4178,,,,,,,,,,,10000.0,
2026-03-28T19:11:37,comparison_condition_mlp_adaptive_20260328_190349,mlp_adaptive,1,1,894684355,1573429661,mlp_adaptive,feedforward,11,2.1855994661712645,2.1761333053588867,0.4524,,,,,,,,,,,10000.0,
2026-03-28T19:12:19,comparison_condition_mlp_adaptive_20260328_190349,mlp_adaptive,1,1,894684355,1573429661,mlp_adaptive,feedforward,12,2.168789025115967,2.15773256149292,0.4536,,,,,,,,,,,10000.0,
2026-03-28T19:13:01,comparison_condition_mlp_adaptive_20260328_190349,mlp_adaptive,1,1,894684355,1573429661,mlp_adaptive,feedforward,13,2.1495730839538574,2.137202066040039,0.4519,,,,,,,,,,,10000.0,
2026-03-28T19:13:41,comparison_condition_mlp_adaptive_20260328_190349,mlp_adaptive,1,1,894684355,1573429661,mlp_adaptive,feedforward,14,2.127181488418579,2.112382308959961,0.4848,,,,,,,,,,,10000.0,
2026-03-28T19:14:23,comparison_condition_mlp_adaptive_20260328_190349,mlp_adaptive,1,1,894684355,1573429661,mlp_adaptive,feedforward,15,2.100822261505127,2.0841278923034667,0.5242,,,,,,,,,,,10000.0,
2026-03-28T19:15:03,comparison_condition_mlp_adaptive_20260328_190349,mlp_adaptive,1,1,894684355,1573429661,mlp_adaptive,feedforward,16,2.069455669631958,2.0503035053253176,0.5212,,,,,,,,,,,10000.0,
2026-03-28T19:15:42,comparison_condition_mlp_adaptive_20260328_190349,mlp_adaptive,1,1,894684355,1573429661,mlp_adaptive,feedforward,17,2.034500672264099,2.012063367843628,0.5458,,,,,,,,,,,10000.0,
2026-03-28T19:16:25,comparison_condition_mlp_adaptive_20260328_190349,mlp_adaptive,1,1,894684355,1573429661,mlp_adaptive,feedforward,18,1.9938615304946898,1.9691517925262452,0.5526,,,,,,,,,,,10000.0,
2026-03-28T19:16:54,comparison_condition_mlp_adaptive_20260328_190349,mlp_adaptive,1,1,894684355,1573429661,mlp_adaptive,feedforward,19,1.9486237915420532,1.9211265487670899,0.5554,,,,,,,,,,,10000.0,
2026-03-28T19:17:10,comparison_condition_mlp_adaptive_20260328_190349,mlp_adaptive,1,1,894684355,1573429661,mlp_adaptive,feedforward,20,1.8984539623641967,1.8685885299682616,0.5706,,,,,,,,,,,10000.0,
2026-03-28T19:17:28,comparison_condition_mlp_adaptive_20260328_190349,mlp_adaptive,1,1,894684355,1573429661,mlp_adaptive,feedforward,21,1.8451150970458985,1.8139528560638427,0.5857,,,,,,,,,,,10000.0,
2026-03-28T19:17:44,comparison_condition_mlp_adaptive_20260328_190349,mlp_adaptive,1,1,894684355,1573429661,mlp_adaptive,feedforward,22,1.7896737668228149,1.7577581024169922,0.5993,,,,,,,,,,,10000.0,
2026-03-28T19:18:01,comparison_condition_mlp_adaptive_20260328_190349,mlp_adaptive,1,1,894684355,1573429661,mlp_adaptive,feedforward,23,1.7326171521759033,1.7008631637573242,0.6282,,,,,,,,,,,10000.0,
2026-03-28T19:18:17,comparison_condition_mlp_adaptive_20260328_190349,mlp_adaptive,1,1,894684355,1573429661,mlp_adaptive,feedforward,24,1.674856280593872,1.642637326812744,0.6333,,,,,,,,,,,10000.0,
2026-03-28T19:18:33,comparison_condition_mlp_adaptive_20260328_190349,mlp_adaptive,1,1,894684355,1573429661,mlp_adaptive,feedforward,25,1.616872659034729,1.5852005924224855,0.6446,,,,,,,,,,,10000.0,
2026-03-28T19:18:53,comparison_condition_mlp_adaptive_20260328_190349,mlp_adaptive,2,2,21838114,1761311798,mlp_adaptive,feedforward,1,2.2908841220092775,2.2810022773742675,0.1436,,,,,,,,,,,10000.0,
2026-03-28T19:19:09,comparison_condition_mlp_adaptive_20260328_190349,mlp_adaptive,2,2,21838114,1761311798,mlp_adaptive,feedforward,2,2.275644402999878,2.269847272109985,0.164,,,,,,,,,,,10000.0,
2026-03-28T19:19:25,comparison_condition_mlp_adaptive_20260328_190349,mlp_adaptive,2,2,21838114,1761311798,mlp_adaptive,feedforward,3,2.266237044067383,2.261716689682007,0.1941,,,,,,,,,,,10000.0,
2026-03-28T19:19:42,comparison_condition_mlp_adaptive_20260328_190349,mlp_adaptive,2,2,21838114,1761311798,mlp_adaptive,feedforward,4,2.258425288925171,2.2542527755737303,0.2384,,,,,,,,,,,10000.0,
2026-03-28T19:19:57,comparison_condition_mlp_adaptive_20260328_190349,mlp_adaptive,2,2,21838114,1761311798,mlp_adaptive,feedforward,5,2.250992895050049,2.246856925201416,0.3054,,,,,,,,,,,10000.0,
2026-03-28T19:20:13,comparison_condition_mlp_adaptive_20260328_190349,mlp_adaptive,2,2,21838114,1761311798,mlp_adaptive,feedforward,6,2.242931316604614,2.238426633834839,0.3339,,,,,,,,,,,10000.0,
2026-03-28T19:20:29,comparison_condition_mlp_adaptive_20260328_190349,mlp_adaptive,2,2,21838114,1761311798,mlp_adaptive,feedforward,7,2.233823189544678,2.229126838302612,0.3419,,,,,,,,,,,10000.0,
2026-03-28T19:20:46,comparison_condition_mlp_adaptive_20260328_190349,mlp_adaptive,2,2,21838114,1761311798,mlp_adaptive,feedforward,8,2.224085046234131,2.2187627822875977,0.3949,,,,,,,,,,,10000.0,
2026-03-28T19:21:02,comparison_condition_mlp_adaptive_20260328_190349,mlp_adaptive,2,2,21838114,1761311798,mlp_adaptive,feedforward,9,2.2127997956848144,2.2066781257629393,0.4272,,,,,,,,,,,10000.0,
2026-03-28T19:21:18,comparison_condition_mlp_adaptive_20260328_190349,mlp_adaptive,2,2,21838114,1761311798,mlp_adaptive,feedforward,10,2.200064210205078,2.1940130603790284,0.4579,,,,,,,,,,,10000.0,
2026-03-28T19:21:34,comparison_condition_mlp_adaptive_20260328_190349,mlp_adaptive,2,2,21838114,1761311798,mlp_adaptive,feedforward,11,2.1858595095825195,2.1782044681549073,0.4542,,,,,,,,,,,10000.0,
2026-03-28T19:21:50,comparison_condition_mlp_adaptive_20260328_190349,mlp_adaptive,2,2,21838114,1761311798,mlp_adaptive,feedforward,12,2.1691645710754393,2.1605458637237547,0.4672,,,,,,,,,,,10000.0,
2026-03-28T19:22:06,comparison_condition_mlp_adaptive_20260328_190349,mlp_adaptive,2,2,21838114,1761311798,mlp_adaptive,feedforward,13,2.1496652877807616,2.1396586639404296,0.4897,,,,,,,,,,,10000.0,
2026-03-28T19:22:22,comparison_condition_mlp_adaptive_20260328_190349,mlp_adaptive,2,2,21838114,1761311798,mlp_adaptive,feedforward,14,2.1268819263458254,2.1157074886322023,0.5256,,,,,,,,,,,10000.0,
2026-03-28T19:22:38,comparison_condition_mlp_adaptive_20260328_190349,mlp_adaptive,2,2,21838114,1761311798,mlp_adaptive,feedforward,15,2.100024665298462,2.086672734069824,0.5222,,,,,,,,,,,10000.0,
2026-03-28T19:22:54,comparison_condition_mlp_adaptive_20260328_190349,mlp_adaptive,2,2,21838114,1761311798,mlp_adaptive,feedforward,16,2.0685115312194826,2.0525854591369628,0.5331,,,,,,,,,,,10000.0,
2026-03-28T19:23:10,comparison_condition_mlp_adaptive_20260328_190349,mlp_adaptive,2,2,21838114,1761311798,mlp_adaptive,feedforward,17,2.0316907008361818,2.013776238822937,0.5529,,,,,,,,,,,10000.0,
2026-03-28T19:23:26,comparison_condition_mlp_adaptive_20260328_190349,mlp_adaptive,2,2,21838114,1761311798,mlp_adaptive,feedforward,18,1.989568712463379,1.96899521484375,0.5494,,,,,,,,,,,10000.0,
2026-03-28T19:23:41,comparison_condition_mlp_adaptive_20260328_190349,mlp_adaptive,2,2,21838114,1761311798,mlp_adaptive,feedforward,19,1.9410757202148436,1.9181455514907837,0.5621,,,,,,,,,,,10000.0,
2026-03-28T19:23:58,comparison_condition_mlp_adaptive_20260328_190349,mlp_adaptive,2,2,21838114,1761311798,mlp_adaptive,feedforward,20,1.8867557457733155,1.8613594190597533,0.5773,,,,,,,,,,,10000.0,
2026-03-28T19:24:14,comparison_condition_mlp_adaptive_20260328_190349,mlp_adaptive,2,2,21838114,1761311798,mlp_adaptive,feedforward,21,1.8272864822387695,1.7992174631118774,0.583,,,,,,,,,,,10000.0,
2026-03-28T19:24:30,comparison_condition_mlp_adaptive_20260328_190349,mlp_adaptive,2,2,21838114,1761311798,mlp_adaptive,feedforward,22,1.7623378635406495,1.7330618907928468,0.594,,,,,,,,,,,10000.0,
2026-03-28T19:24:46,comparison_condition_mlp_adaptive_20260328_190349,mlp_adaptive,2,2,21838114,1761311798,mlp_adaptive,feedforward,23,1.6944653689193725,1.6651365184783935,0.5935,,,,,,,,,,,10000.0,
2026-03-28T19:25:02,comparison_condition_mlp_adaptive_20260328_190349,mlp_adaptive,2,2,21838114,1761311798,mlp_adaptive,feedforward,24,1.6244170486831666,1.594809016418457,0.6034,,,,,,,,,,,10000.0,
2026-03-28T19:25:18,comparison_condition_mlp_adaptive_20260328_190349,mlp_adaptive,2,2,21838114,1761311798,mlp_adaptive,feedforward,25,1.5538121031570435,1.5251757719039918,0.6241,,,,,,,,,,,10000.0,
2026-03-28T19:25:39,comparison_condition_mlp_adaptive_20260328_190349,mlp_adaptive,3,3,1772117478,1724103795,mlp_adaptive,feedforward,1,2.291209605331421,2.2853110946655275,0.1803,,,,,,,,,,,10000.0,
2026-03-28T19:25:54,comparison_condition_mlp_adaptive_20260328_190349,mlp_adaptive,3,3,1772117478,1724103795,mlp_adaptive,feedforward,2,2.280331673126221,2.2775668518066405,0.171,,,,,,,,,,,10000.0,
2026-03-28T19:26:10,comparison_condition_mlp_adaptive_20260328_190349,mlp_adaptive,3,3,1772117478,1724103795,mlp_adaptive,feedforward,3,2.2735048488616942,2.271518856430054,0.2037,,,,,,,,,,,10000.0,
2026-03-28T19:26:26,comparison_condition_mlp_adaptive_20260328_190349,mlp_adaptive,3,3,1772117478,1724103795,mlp_adaptive,feedforward,4,2.2679505166625975,2.2664444591522215,0.1757,,,,,,,,,,,10000.0,
2026-03-28T19:26:42,comparison_condition_mlp_adaptive_20260328_190349,mlp_adaptive,3,3,1772117478,1724103795,mlp_adaptive,feedforward,5,2.262825947036743,2.2612270309448244,0.203,,,,,,,,,,,10000.0,
2026-03-28T19:26:58,comparison_condition_mlp_adaptive_20260328_190349,mlp_adaptive,3,3,1772117478,1724103795,mlp_adaptive,feedforward,6,2.2573212757110594,2.2553494117736816,0.2312,,,,,,,,,,,10000.0,
2026-03-28T19:27:14,comparison_condition_mlp_adaptive_20260328_190349,mlp_adaptive,3,3,1772117478,1724103795,mlp_adaptive,feedforward,7,2.251532000808716,2.2495565891265867,0.2519,,,,,,,,,,,10000.0,
2026-03-28T19:27:30,comparison_condition_mlp_adaptive_20260328_190349,mlp_adaptive,3,3,1772117478,1724103795,mlp_adaptive,feedforward,8,2.2452168070983887,2.2426335678100586,0.2668,,,,,,,,,,,10000.0,
2026-03-28T19:27:46,comparison_condition_mlp_adaptive_20260328_190349,mlp_adaptive,3,3,1772117478,1724103795,mlp_adaptive,feedforward,9,2.2380262199401857,2.235010546875,0.2973,,,,,,,,,,,10000.0,
2026-03-28T19:28:02,comparison_condition_mlp_adaptive_20260328_190349,mlp_adaptive,3,3,1772117478,1724103795,mlp_adaptive,feedforward,10,2.230111870803833,2.22659012298584,0.3093,,,,,,,,,,,10000.0,
2026-03-28T19:28:18,comparison_condition_mlp_adaptive_20260328_190349,mlp_adaptive,3,3,1772117478,1724103795,mlp_adaptive,feedforward,11,2.221304592666626,2.217460701751709,0.3511,,,,,,,,,,,10000.0,
2026-03-28T19:28:34,comparison_condition_mlp_adaptive_20260328_190349,mlp_adaptive,3,3,1772117478,1724103795,mlp_adaptive,feedforward,12,2.211379896392822,2.206403734588623,0.3707,,,,,,,,,,,10000.0,
2026-03-28T19:28:50,comparison_condition_mlp_adaptive_20260328_190349,mlp_adaptive,3,3,1772117478,1724103795,mlp_adaptive,feedforward,13,2.200064047012329,2.1944430000305175,0.3851,,,,,,,,,,,10000.0,
2026-03-28T19:29:06,comparison_condition_mlp_adaptive_20260328_190349,mlp_adaptive,3,3,1772117478,1724103795,mlp_adaptive,feedforward,14,2.1876716648864747,2.1811968189239503,0.4196,,,,,,,,,,,10000.0,
2026-03-28T19:29:22,comparison_condition_mlp_adaptive_20260328_190349,mlp_adaptive,3,3,1772117478,1724103795,mlp_adaptive,feedforward,15,2.1732301920318604,2.1656962074279784,0.436,,,,,,,,,,,10000.0,
2026-03-28T19:29:38,comparison_condition_mlp_adaptive_20260328_190349,mlp_adaptive,3,3,1772117478,1724103795,mlp_adaptive,feedforward,16,2.157039715118408,2.148514064407349,0.449,,,,,,,,,,,10000.0,
2026-03-28T19:29:54,comparison_condition_mlp_adaptive_20260328_190349,mlp_adaptive,3,3,1772117478,1724103795,mlp_adaptive,feedforward,17,2.1386230640411377,2.128605311203003,0.4721,,,,,,,,,,,10000.0,
2026-03-28T19:30:09,comparison_condition_mlp_adaptive_20260328_190349,mlp_adaptive,3,3,1772117478,1724103795,mlp_adaptive,feedforward,18,2.117657085876465,2.1061639167785646,0.4848,,,,,,,,,,,10000.0,
2026-03-28T19:30:25,comparison_condition_mlp_adaptive_20260328_190349,mlp_adaptive,3,3,1772117478,1724103795,mlp_adaptive,feedforward,19,2.0942571253967284,2.0811356227874755,0.5281,,,,,,,,,,,10000.0,
2026-03-28T19:30:42,comparison_condition_mlp_adaptive_20260328_190349,mlp_adaptive,3,3,1772117478,1724103795,mlp_adaptive,feedforward,20,2.0675148735046385,2.0524378578186036,0.5209,,,,,,,,,,,10000.0,
2026-03-28T19:30:58,comparison_condition_mlp_adaptive_20260328_190349,mlp_adaptive,3,3,1772117478,1724103795,mlp_adaptive,feedforward,21,2.036832212600708,2.019059459686279,0.5565,,,,,,,,,,,10000.0,
2026-03-28T19:31:14,comparison_condition_mlp_adaptive_20260328_190349,mlp_adaptive,3,3,1772117478,1724103795,mlp_adaptive,feedforward,22,2.002358088378906,1.9820962139129639,0.5605,,,,,,,,,,,10000.0,
2026-03-28T19:31:30,comparison_condition_mlp_adaptive_20260328_190349,mlp_adaptive,3,3,1772117478,1724103795,mlp_adaptive,feedforward,23,1.9628205615997314,1.9392277521133423,0.6041,,,,,,,,,,,10000.0,
2026-03-28T19:31:46,comparison_condition_mlp_adaptive_20260328_190349,mlp_adaptive,3,3,1772117478,1724103795,mlp_adaptive,feedforward,24,1.9184551830673218,1.8925736095428467,0.6157,,,,,,,,,,,10000.0,
2026-03-28T19:32:02,comparison_condition_mlp_adaptive_20260328_190349,mlp_adaptive,3,3,1772117478,1724103795,mlp_adaptive,feedforward,25,1.869802391281128,1.840847410583496,0.6096,,,,,,,,,,,10000.0,
2026-03-28T19:32:24,comparison_condition_mlp_adaptive_20260328_190349,mlp_adaptive,4,4,641324193,1836395613,mlp_adaptive,feedforward,1,2.2842302223205566,2.2728460872650147,0.2783,,,,,,,,,,,10000.0,
2026-03-28T19:32:41,comparison_condition_mlp_adaptive_20260328_190349,mlp_adaptive,4,4,641324193,1836395613,mlp_adaptive,feedforward,2,2.2647572997283936,2.2578991790771483,0.2856,,,,,,,,,,,10000.0,
2026-03-28T19:32:57,comparison_condition_mlp_adaptive_20260328_190349,mlp_adaptive,4,4,641324193,1836395613,mlp_adaptive,feedforward,3,2.2525135820007325,2.2473030780792236,0.2824,,,,,,,,,,,10000.0,
2026-03-28T19:33:14,comparison_condition_mlp_adaptive_20260328_190349,mlp_adaptive,4,4,641324193,1836395613,mlp_adaptive,feedforward,4,2.2422925845336916,2.2371915172576906,0.3267,,,,,,,,,,,10000.0,
2026-03-28T19:33:30,comparison_condition_mlp_adaptive_20260328_190349,mlp_adaptive,4,4,641324193,1836395613,mlp_adaptive,feedforward,5,2.2319967667388916,2.226938250732422,0.3542,,,,,,,,,,,10000.0,
2026-03-28T19:33:46,comparison_condition_mlp_adaptive_20260328_190349,mlp_adaptive,4,4,641324193,1836395613,mlp_adaptive,feedforward,6,2.2211315140533445,2.2154014976501464,0.3936,,,,,,,,,,,10000.0,
2026-03-28T19:34:02,comparison_condition_mlp_adaptive_20260328_190349,mlp_adaptive,4,4,641324193,1836395613,mlp_adaptive,feedforward,7,2.2088666214752197,2.2024132614135743,0.3988,,,,,,,,,,,10000.0,
2026-03-28T19:34:18,comparison_condition_mlp_adaptive_20260328_190349,mlp_adaptive,4,4,641324193,1836395613,mlp_adaptive,feedforward,8,2.195080153579712,2.1876957458496094,0.4102,,,,,,,,,,,10000.0,
2026-03-28T19:34:34,comparison_condition_mlp_adaptive_20260328_190349,mlp_adaptive,4,4,641324193,1836395613,mlp_adaptive,feedforward,9,2.1789476918029784,2.1702032024383544,0.4307,,,,,,,,,,,10000.0,
2026-03-28T19:34:50,comparison_condition_mlp_adaptive_20260328_190349,mlp_adaptive,4,4,641324193,1836395613,mlp_adaptive,feedforward,10,2.1600771159362795,2.1500481590270994,0.4469,,,,,,,,,,,10000.0,
2026-03-28T19:35:06,comparison_condition_mlp_adaptive_20260328_190349,mlp_adaptive,4,4,641324193,1836395613,mlp_adaptive,feedforward,11,2.1379793406677248,2.126304524230957,0.4459,,,,,,,,,,,10000.0,
2026-03-28T19:35:22,comparison_condition_mlp_adaptive_20260328_190349,mlp_adaptive,4,4,641324193,1836395613,mlp_adaptive,feedforward,12,2.1119875844573976,2.098274912643433,0.4556,,,,,,,,,,,10000.0,
2026-03-28T19:35:38,comparison_condition_mlp_adaptive_20260328_190349,mlp_adaptive,4,4,641324193,1836395613,mlp_adaptive,feedforward,13,2.081688460159302,2.0658883544921873,0.4733,,,,,,,,,,,10000.0,
2026-03-28T19:35:54,comparison_condition_mlp_adaptive_20260328_190349,mlp_adaptive,4,4,641324193,1836395613,mlp_adaptive,feedforward,14,2.047160026321411,2.0286775115966798,0.4791,,,,,,,,,,,10000.0,
2026-03-28T19:36:10,comparison_condition_mlp_adaptive_20260328_190349,mlp_adaptive,4,4,641324193,1836395613,mlp_adaptive,feedforward,15,2.0076836711120607,1.9866717834472656,0.4812,,,,,,,,,,,10000.0,
2026-03-28T19:36:26,comparison_condition_mlp_adaptive_20260328_190349,mlp_adaptive,4,4,641324193,1836395613,mlp_adaptive,feedforward,16,1.963781979637146,1.940776397705078,0.4934,,,,,,,,,,,10000.0,
2026-03-28T19:36:42,comparison_condition_mlp_adaptive_20260328_190349,mlp_adaptive,4,4,641324193,1836395613,mlp_adaptive,feedforward,17,1.9161561703109742,1.8910551845550536,0.5012,,,,,,,,,,,10000.0,
2026-03-28T19:36:58,comparison_condition_mlp_adaptive_20260328_190349,mlp_adaptive,4,4,641324193,1836395613,mlp_adaptive,feedforward,18,1.8652203874969482,1.83821276512146,0.5104,,,,,,,,,,,10000.0,
2026-03-28T19:37:14,comparison_condition_mlp_adaptive_20260328_190349,mlp_adaptive,4,4,641324193,1836395613,mlp_adaptive,feedforward,19,1.8123995925140381,1.7843901527404784,0.5148,,,,,,,,,,,10000.0,
2026-03-28T19:37:31,comparison_condition_mlp_adaptive_20260328_190349,mlp_adaptive,4,4,641324193,1836395613,mlp_adaptive,feedforward,20,1.7584612297821045,1.7297114849090576,0.5299,,,,,,,,,,,10000.0,
2026-03-28T19:37:47,comparison_condition_mlp_adaptive_20260328_190349,mlp_adaptive,4,4,641324193,1836395613,mlp_adaptive,feedforward,21,1.7046956423950195,1.6758518661499024,0.5423,,,,,,,,,,,10000.0,
2026-03-28T19:38:03,comparison_condition_mlp_adaptive_20260328_190349,mlp_adaptive,4,4,641324193,1836395613,mlp_adaptive,feedforward,22,1.6513376476287842,1.6225533430099488,0.5559,,,,,,,,,,,10000.0,
2026-03-28T19:38:19,comparison_condition_mlp_adaptive_20260328_190349,mlp_adaptive,4,4,641324193,1836395613,mlp_adaptive,feedforward,23,1.5989266715621948,1.5704969272613525,0.568,,,,,,,,,,,10000.0,
2026-03-28T19:38:35,comparison_condition_mlp_adaptive_20260328_190349,mlp_adaptive,4,4,641324193,1836395613,mlp_adaptive,feedforward,24,1.5476346865463257,1.5197291677474976,0.5825,,,,,,,,,,,10000.0,
2026-03-28T19:38:51,comparison_condition_mlp_adaptive_20260328_190349,mlp_adaptive,4,4,641324193,1836395613,mlp_adaptive,feedforward,25,1.4974600930404662,1.470020310974121,0.5966,,,,,,,,,,,10000.0,
2026-03-28T19:39:12,comparison_condition_mlp_adaptive_20260328_190349,mlp_adaptive,5,5,791158067,2000992392,mlp_adaptive,feedforward,1,2.282162231750488,2.268536549758911,0.2012,,,,,,,,,,,10000.0,
2026-03-28T19:39:28,comparison_condition_mlp_adaptive_20260328_190349,mlp_adaptive,5,5,791158067,2000992392,mlp_adaptive,feedforward,2,2.2594526595306395,2.2512676307678223,0.2326,,,,,,,,,,,10000.0,
2026-03-28T19:39:44,comparison_condition_mlp_adaptive_20260328_190349,mlp_adaptive,5,5,791158067,2000992392,mlp_adaptive,feedforward,3,2.244468020172119,2.2374240921020507,0.2945,,,,,,,,,,,10000.0,
2026-03-28T19:40:00,comparison_condition_mlp_adaptive_20260328_190349,mlp_adaptive,5,5,791158067,2000992392,mlp_adaptive,feedforward,4,2.2309920124816895,2.2236219833374022,0.3023,,,,,,,,,,,10000.0,
2026-03-28T19:40:16,comparison_condition_mlp_adaptive_20260328_190349,mlp_adaptive,5,5,791158067,2000992392,mlp_adaptive,feedforward,5,2.2166071954345705,2.2083432903289797,0.3312,,,,,,,,,,,10000.0,
2026-03-28T19:40:32,comparison_condition_mlp_adaptive_20260328_190349,mlp_adaptive,5,5,791158067,2000992392,mlp_adaptive,feedforward,6,2.2006283555603026,2.191270428466797,0.3329,,,,,,,,,,,10000.0,
2026-03-28T19:40:48,comparison_condition_mlp_adaptive_20260328_190349,mlp_adaptive,5,5,791158067,2000992392,mlp_adaptive,feedforward,7,2.182307061843872,2.171323279953003,0.3609,,,,,,,,,,,10000.0,
2026-03-28T19:41:04,comparison_condition_mlp_adaptive_20260328_190349,mlp_adaptive,5,5,791158067,2000992392,mlp_adaptive,feedforward,8,2.160691633987427,2.1475256523132322,0.3859,,,,,,,,,,,10000.0,
2026-03-28T19:41:21,comparison_condition_mlp_adaptive_20260328_190349,mlp_adaptive,5,5,791158067,2000992392,mlp_adaptive,feedforward,9,2.135410664367676,2.120146152496338,0.402,,,,,,,,,,,10000.0,
2026-03-28T19:41:37,comparison_condition_mlp_adaptive_20260328_190349,mlp_adaptive,5,5,791158067,2000992392,mlp_adaptive,feedforward,10,2.1055371141815185,2.087271250152588,0.4092,,,,,,,,,,,10000.0,
2026-03-28T19:41:53,comparison_condition_mlp_adaptive_20260328_190349,mlp_adaptive,5,5,791158067,2000992392,mlp_adaptive,feedforward,11,2.0706960408782957,2.0495959323883057,0.4243,,,,,,,,,,,10000.0,
2026-03-28T19:42:09,comparison_condition_mlp_adaptive_20260328_190349,mlp_adaptive,5,5,791158067,2000992392,mlp_adaptive,feedforward,12,2.031056258392334,2.0078580547332763,0.456,,,,,,,,,,,10000.0,
2026-03-28T19:42:25,comparison_condition_mlp_adaptive_20260328_190349,mlp_adaptive,5,5,791158067,2000992392,mlp_adaptive,feedforward,13,1.9878307388305665,1.9624967178344725,0.4722,,,,,,,,,,,10000.0,
2026-03-28T19:42:41,comparison_condition_mlp_adaptive_20260328_190349,mlp_adaptive,5,5,791158067,2000992392,mlp_adaptive,feedforward,14,1.9418070893096924,1.915327773284912,0.5073,,,,,,,,,,,10000.0,
2026-03-28T19:42:58,comparison_condition_mlp_adaptive_20260328_190349,mlp_adaptive,5,5,791158067,2000992392,mlp_adaptive,feedforward,15,1.8944751556396484,1.8675969692230225,0.5235,,,,,,,,,,,10000.0,
2026-03-28T19:43:14,comparison_condition_mlp_adaptive_20260328_190349,mlp_adaptive,5,5,791158067,2000992392,mlp_adaptive,feedforward,16,1.84651397895813,1.8188102014541625,0.5401,,,,,,,,,,,10000.0,
2026-03-28T19:43:30,comparison_condition_mlp_adaptive_20260328_190349,mlp_adaptive,5,5,791158067,2000992392,mlp_adaptive,feedforward,17,1.7988649866104125,1.771958162689209,0.5697,,,,,,,,,,,10000.0,
2026-03-28T19:43:46,comparison_condition_mlp_adaptive_20260328_190349,mlp_adaptive,5,5,791158067,2000992392,mlp_adaptive,feedforward,18,1.7523817367935182,1.7250762027740478,0.5931,,,,,,,,,,,10000.0,
2026-03-28T19:44:02,comparison_condition_mlp_adaptive_20260328_190349,mlp_adaptive,5,5,791158067,2000992392,mlp_adaptive,feedforward,19,1.7066959497833252,1.6801800170898438,0.6117,,,,,,,,,,,10000.0,
2026-03-28T19:44:18,comparison_condition_mlp_adaptive_20260328_190349,mlp_adaptive,5,5,791158067,2000992392,mlp_adaptive,feedforward,20,1.6622971738815309,1.635495377922058,0.6242,,,,,,,,,,,10000.0,
2026-03-28T19:44:34,comparison_condition_mlp_adaptive_20260328_190349,mlp_adaptive,5,5,791158067,2000992392,mlp_adaptive,feedforward,21,1.617817233695984,1.590838106918335,0.6443,,,,,,,,,,,10000.0,
2026-03-28T19:44:51,comparison_condition_mlp_adaptive_20260328_190349,mlp_adaptive,5,5,791158067,2000992392,mlp_adaptive,feedforward,22,1.5734658598327638,1.5459802745819091,0.6563,,,,,,,,,,,10000.0,
2026-03-28T19:45:07,comparison_condition_mlp_adaptive_20260328_190349,mlp_adaptive,5,5,791158067,2000992392,mlp_adaptive,feedforward,23,1.5281050569152832,1.4997888740539551,0.6605,,,,,,,,,,,10000.0,
2026-03-28T19:45:23,comparison_condition_mlp_adaptive_20260328_190349,mlp_adaptive,5,5,791158067,2000992392,mlp_adaptive,feedforward,24,1.4814696906661988,1.4525405445098878,0.6803,,,,,,,,,,,10000.0,
2026-03-28T19:45:39,comparison_condition_mlp_adaptive_20260328_190349,mlp_adaptive,5,5,791158067,2000992392,mlp_adaptive,feedforward,25,1.4340514445877075,1.404586637878418,0.6827,,,,,,,,,,,10000.0,
2026-03-28T19:46:00,comparison_condition_mlp_adaptive_20260328_190349,mlp_adaptive,6,6,415884586,580346373,mlp_adaptive,feedforward,1,2.292050927276611,2.281976340866089,0.112,,,,,,,,,,,10000.0,
2026-03-28T19:46:16,comparison_condition_mlp_adaptive_20260328_190349,mlp_adaptive,6,6,415884586,580346373,mlp_adaptive,feedforward,2,2.275449918060303,2.2700318073272707,0.1494,,,,,,,,,,,10000.0,
2026-03-28T19:46:33,comparison_condition_mlp_adaptive_20260328_190349,mlp_adaptive,6,6,415884586,580346373,mlp_adaptive,feedforward,3,2.2635617176055907,2.258420531463623,0.2058,,,,,,,,,,,10000.0,
2026-03-28T19:46:49,comparison_condition_mlp_adaptive_20260328_190349,mlp_adaptive,6,6,415884586,580346373,mlp_adaptive,feedforward,4,2.25343671295166,2.2496827281951903,0.2605,,,,,,,,,,,10000.0,
2026-03-28T19:47:05,comparison_condition_mlp_adaptive_20260328_190349,mlp_adaptive,6,6,415884586,580346373,mlp_adaptive,feedforward,5,2.244656795272827,2.240552099609375,0.2771,,,,,,,,,,,10000.0,
2026-03-28T19:47:21,comparison_condition_mlp_adaptive_20260328_190349,mlp_adaptive,6,6,415884586,580346373,mlp_adaptive,feedforward,6,2.2349420390319823,2.2302173599243162,0.3089,,,,,,,,,,,10000.0,
2026-03-28T19:47:37,comparison_condition_mlp_adaptive_20260328_190349,mlp_adaptive,6,6,415884586,580346373,mlp_adaptive,feedforward,7,2.224148123779297,2.218816911315918,0.3294,,,,,,,,,,,10000.0,
2026-03-28T19:47:54,comparison_condition_mlp_adaptive_20260328_190349,mlp_adaptive,6,6,415884586,580346373,mlp_adaptive,feedforward,8,2.2121005862426757,2.206312802505493,0.3592,,,,,,,,,,,10000.0,
2026-03-28T19:48:10,comparison_condition_mlp_adaptive_20260328_190349,mlp_adaptive,6,6,415884586,580346373,mlp_adaptive,feedforward,9,2.1985250369262697,2.1914859336853025,0.3877,,,,,,,,,,,10000.0,
2026-03-28T19:48:26,comparison_condition_mlp_adaptive_20260328_190349,mlp_adaptive,6,6,415884586,580346373,mlp_adaptive,feedforward,10,2.181897738189697,2.173488270187378,0.4045,,,,,,,,,,,10000.0,
2026-03-28T19:48:42,comparison_condition_mlp_adaptive_20260328_190349,mlp_adaptive,6,6,415884586,580346373,mlp_adaptive,feedforward,11,2.1628901376342773,2.153094723892212,0.436,,,,,,,,,,,10000.0,
2026-03-28T19:48:58,comparison_condition_mlp_adaptive_20260328_190349,mlp_adaptive,6,6,415884586,580346373,mlp_adaptive,feedforward,12,2.1407181581115724,2.1292907375335695,0.4412,,,,,,,,,,,10000.0,
2026-03-28T19:49:14,comparison_condition_mlp_adaptive_20260328_190349,mlp_adaptive,6,6,415884586,580346373,mlp_adaptive,feedforward,13,2.1146425657653807,2.1009687168121336,0.4389,,,,,,,,,,,10000.0,
2026-03-28T19:49:30,comparison_condition_mlp_adaptive_20260328_190349,mlp_adaptive,6,6,415884586,580346373,mlp_adaptive,feedforward,14,2.0840076933288576,2.0682474758148195,0.4647,,,,,,,,,,,10000.0,
2026-03-28T19:49:47,comparison_condition_mlp_adaptive_20260328_190349,mlp_adaptive,6,6,415884586,580346373,mlp_adaptive,feedforward,15,2.0484453105926512,2.03003861618042,0.4719,,,,,,,,,,,10000.0,
2026-03-28T19:50:03,comparison_condition_mlp_adaptive_20260328_190349,mlp_adaptive,6,6,415884586,580346373,mlp_adaptive,feedforward,16,2.0071151040649413,1.9858026992797853,0.484,,,,,,,,,,,10000.0,
2026-03-28T19:50:19,comparison_condition_mlp_adaptive_20260328_190349,mlp_adaptive,6,6,415884586,580346373,mlp_adaptive,feedforward,17,1.959545664024353,1.935231946372986,0.4936,,,,,,,,,,,10000.0,
2026-03-28T19:50:35,comparison_condition_mlp_adaptive_20260328_190349,mlp_adaptive,6,6,415884586,580346373,mlp_adaptive,feedforward,18,1.905774602279663,1.879041198539734,0.5047,,,,,,,,,,,10000.0,
2026-03-28T19:50:52,comparison_condition_mlp_adaptive_20260328_190349,mlp_adaptive,6,6,415884586,580346373,mlp_adaptive,feedforward,19,1.8465072232437134,1.8168717809677124,0.5273,,,,,,,,,,,10000.0,
2026-03-28T19:51:08,comparison_condition_mlp_adaptive_20260328_190349,mlp_adaptive,6,6,415884586,580346373,mlp_adaptive,feedforward,20,1.7820866527938843,1.7508750406265259,0.531,,,,,,,,,,,10000.0,
2026-03-28T19:51:24,comparison_condition_mlp_adaptive_20260328_190349,mlp_adaptive,6,6,415884586,580346373,mlp_adaptive,feedforward,21,1.7142498692321777,1.6821458131790161,0.5459,,,,,,,,,,,10000.0,
2026-03-28T19:51:40,comparison_condition_mlp_adaptive_20260328_190349,mlp_adaptive,6,6,415884586,580346373,mlp_adaptive,feedforward,22,1.6447550191497802,1.613026476097107,0.5585,,,,,,,,,,,10000.0,
2026-03-28T19:51:57,comparison_condition_mlp_adaptive_20260328_190349,mlp_adaptive,6,6,415884586,580346373,mlp_adaptive,feedforward,23,1.576316710395813,1.5455956079483033,0.5671,,,,,,,,,,,10000.0,
2026-03-28T19:52:13,comparison_condition_mlp_adaptive_20260328_190349,mlp_adaptive,6,6,415884586,580346373,mlp_adaptive,feedforward,24,1.5095318284606933,1.4809685077667236,0.5859,,,,,,,,,,,10000.0,
2026-03-28T19:52:29,comparison_condition_mlp_adaptive_20260328_190349,mlp_adaptive,6,6,415884586,580346373,mlp_adaptive,feedforward,25,1.4470852336883544,1.4202882328033448,0.5927,,,,,,,,,,,10000.0,
2026-03-28T19:52:50,comparison_condition_mlp_adaptive_20260328_190349,mlp_adaptive,7,7,1215493282,936793384,mlp_adaptive,feedforward,1,2.2787584995269774,2.2663125,0.1852,,,,,,,,,,,10000.0,
2026-03-28T19:53:06,comparison_condition_mlp_adaptive_20260328_190349,mlp_adaptive,7,7,1215493282,936793384,mlp_adaptive,feedforward,2,2.2590501968383787,2.251686436843872,0.2042,,,,,,,,,,,10000.0,
2026-03-28T19:53:26,comparison_condition_mlp_adaptive_20260328_190349,mlp_adaptive,7,7,1215493282,936793384,mlp_adaptive,feedforward,3,2.2463230183410645,2.240500817489624,0.2225,,,,,,,,,,,10000.0,
2026-03-28T19:53:42,comparison_condition_mlp_adaptive_20260328_190349,mlp_adaptive,7,7,1215493282,936793384,mlp_adaptive,feedforward,4,2.2355261138153075,2.2300367237091065,0.2656,,,,,,,,,,,10000.0,
2026-03-28T19:53:58,comparison_condition_mlp_adaptive_20260328_190349,mlp_adaptive,7,7,1215493282,936793384,mlp_adaptive,feedforward,5,2.224368579864502,2.2182677947998046,0.3079,,,,,,,,,,,10000.0,
2026-03-28T19:54:15,comparison_condition_mlp_adaptive_20260328_190349,mlp_adaptive,7,7,1215493282,936793384,mlp_adaptive,feedforward,6,2.2121556018066406,2.2054968441009524,0.3362,,,,,,,,,,,10000.0,
2026-03-28T19:54:31,comparison_condition_mlp_adaptive_20260328_190349,mlp_adaptive,7,7,1215493282,936793384,mlp_adaptive,feedforward,7,2.198346432266235,2.1907795406341553,0.3496,,,,,,,,,,,10000.0,
2026-03-28T19:54:47,comparison_condition_mlp_adaptive_20260328_190349,mlp_adaptive,7,7,1215493282,936793384,mlp_adaptive,feedforward,8,2.1827014665222166,2.1743148429870605,0.3548,,,,,,,,,,,10000.0,
2026-03-28T19:55:03,comparison_condition_mlp_adaptive_20260328_190349,mlp_adaptive,7,7,1215493282,936793384,mlp_adaptive,feedforward,9,2.164858128128052,2.155246101760864,0.3827,,,,,,,,,,,10000.0,
2026-03-28T19:55:19,comparison_condition_mlp_adaptive_20260328_190349,mlp_adaptive,7,7,1215493282,936793384,mlp_adaptive,feedforward,10,2.1445498161315917,2.1337332614898683,0.3826,,,,,,,,,,,10000.0,
2026-03-28T19:55:35,comparison_condition_mlp_adaptive_20260328_190349,mlp_adaptive,7,7,1215493282,936793384,mlp_adaptive,feedforward,11,2.121051948928833,2.1082992053985596,0.4137,,,,,,,,,,,10000.0,
2026-03-28T19:55:51,comparison_condition_mlp_adaptive_20260328_190349,mlp_adaptive,7,7,1215493282,936793384,mlp_adaptive,feedforward,12,2.0941970008087156,2.080159743118286,0.4167,,,,,,,,,,,10000.0,
2026-03-28T19:56:07,comparison_condition_mlp_adaptive_20260328_190349,mlp_adaptive,7,7,1215493282,936793384,mlp_adaptive,feedforward,13,2.064175012207031,2.0485016315460207,0.4478,,,,,,,,,,,10000.0,
2026-03-28T19:56:24,comparison_condition_mlp_adaptive_20260328_190349,mlp_adaptive,7,7,1215493282,936793384,mlp_adaptive,feedforward,14,2.030486569442749,2.013058969116211,0.4431,,,,,,,,,,,10000.0,
2026-03-28T19:56:40,comparison_condition_mlp_adaptive_20260328_190349,mlp_adaptive,7,7,1215493282,936793384,mlp_adaptive,feedforward,15,1.9937009867858886,1.9750437408447266,0.4639,,,,,,,,,,,10000.0,
2026-03-28T19:56:57,comparison_condition_mlp_adaptive_20260328_190349,mlp_adaptive,7,7,1215493282,936793384,mlp_adaptive,feedforward,16,1.953977991065979,1.9343128677368164,0.4716,,,,,,,,,,,10000.0,
2026-03-28T19:57:12,comparison_condition_mlp_adaptive_20260328_190349,mlp_adaptive,7,7,1215493282,936793384,mlp_adaptive,feedforward,17,1.911628499145508,1.8904322319030762,0.4985,,,,,,,,,,,10000.0,
2026-03-28T19:57:28,comparison_condition_mlp_adaptive_20260328_190349,mlp_adaptive,7,7,1215493282,936793384,mlp_adaptive,feedforward,18,1.8668323248291017,1.845720170211792,0.5239,,,,,,,,,,,10000.0,
2026-03-28T19:57:44,comparison_condition_mlp_adaptive_20260328_190349,mlp_adaptive,7,7,1215493282,936793384,mlp_adaptive,feedforward,19,1.8210986638641358,1.7993975616455078,0.5319,,,,,,,,,,,10000.0,
2026-03-28T19:58:01,comparison_condition_mlp_adaptive_20260328_190349,mlp_adaptive,7,7,1215493282,936793384,mlp_adaptive,feedforward,20,1.773805733909607,1.7520537342071534,0.5546,,,,,,,,,,,10000.0,
2026-03-28T19:58:17,comparison_condition_mlp_adaptive_20260328_190349,mlp_adaptive,7,7,1215493282,936793384,mlp_adaptive,feedforward,21,1.7246492211151123,1.702090058517456,0.5743,,,,,,,,,,,10000.0,
2026-03-28T19:58:35,comparison_condition_mlp_adaptive_20260328_190349,mlp_adaptive,7,7,1215493282,936793384,mlp_adaptive,feedforward,22,1.6738268838882446,1.6514041454315185,0.5879,,,,,,,,,,,10000.0,
2026-03-28T19:58:53,comparison_condition_mlp_adaptive_20260328_190349,mlp_adaptive,7,7,1215493282,936793384,mlp_adaptive,feedforward,23,1.6218279418182373,1.59919877948761,0.6039,,,,,,,,,,,10000.0,
2026-03-28T19:59:11,comparison_condition_mlp_adaptive_20260328_190349,mlp_adaptive,7,7,1215493282,936793384,mlp_adaptive,feedforward,24,1.568199059677124,1.5460688440322876,0.6227,,,,,,,,,,,10000.0,
2026-03-28T19:59:29,comparison_condition_mlp_adaptive_20260328_190349,mlp_adaptive,7,7,1215493282,936793384,mlp_adaptive,feedforward,25,1.5140782969665527,1.4927067869186401,0.6321,,,,,,,,,,,10000.0,
2026-03-28T19:59:51,comparison_condition_mlp_adaptive_20260328_190349,mlp_adaptive,8,8,347221957,801148508,mlp_adaptive,feedforward,1,2.2855988759613037,2.2752153778076174,0.1783,,,,,,,,,,,10000.0,
2026-03-28T20:00:08,comparison_condition_mlp_adaptive_20260328_190349,mlp_adaptive,8,8,347221957,801148508,mlp_adaptive,feedforward,2,2.269330273361206,2.263260503387451,0.2041,,,,,,,,,,,10000.0,
2026-03-28T20:00:24,comparison_condition_mlp_adaptive_20260328_190349,mlp_adaptive,8,8,347221957,801148508,mlp_adaptive,feedforward,3,2.2590234001159666,2.2541216514587403,0.267,,,,,,,,,,,10000.0,
2026-03-28T20:00:41,comparison_condition_mlp_adaptive_20260328_190349,mlp_adaptive,8,8,347221957,801148508,mlp_adaptive,feedforward,4,2.2499265035247804,2.2447303634643556,0.2391,,,,,,,,,,,10000.0,
2026-03-28T20:00:58,comparison_condition_mlp_adaptive_20260328_190349,mlp_adaptive,8,8,347221957,801148508,mlp_adaptive,feedforward,5,2.2403852491760254,2.2345068172454834,0.3103,,,,,,,,,,,10000.0,
2026-03-28T20:01:14,comparison_condition_mlp_adaptive_20260328_190349,mlp_adaptive,8,8,347221957,801148508,mlp_adaptive,feedforward,6,2.2300089604949953,2.2239651512145997,0.3183,,,,,,,,,,,10000.0,
2026-03-28T20:01:31,comparison_condition_mlp_adaptive_20260328_190349,mlp_adaptive,8,8,347221957,801148508,mlp_adaptive,feedforward,7,2.2186796961212156,2.2120282649993896,0.3654,,,,,,,,,,,10000.0,
2026-03-28T20:01:49,comparison_condition_mlp_adaptive_20260328_190349,mlp_adaptive,8,8,347221957,801148508,mlp_adaptive,feedforward,8,2.2059457382965086,2.198391170120239,0.3731,,,,,,,,,,,10000.0,
2026-03-28T20:02:05,comparison_condition_mlp_adaptive_20260328_190349,mlp_adaptive,8,8,347221957,801148508,mlp_adaptive,feedforward,9,2.1912038510131837,2.182532796859741,0.4251,,,,,,,,,,,10000.0,
2026-03-28T20:02:23,comparison_condition_mlp_adaptive_20260328_190349,mlp_adaptive,8,8,347221957,801148508,mlp_adaptive,feedforward,10,2.1740720190429688,2.164225123977661,0.4354,,,,,,,,,,,10000.0,
2026-03-28T20:02:41,comparison_condition_mlp_adaptive_20260328_190349,mlp_adaptive,8,8,347221957,801148508,mlp_adaptive,feedforward,11,2.154395156784058,2.143358155822754,0.4612,,,,,,,,,,,10000.0,
2026-03-28T20:03:01,comparison_condition_mlp_adaptive_20260328_190349,mlp_adaptive,8,8,347221957,801148508,mlp_adaptive,feedforward,12,2.1321059704589844,2.119507986831665,0.4869,,,,,,,,,,,10000.0,
2026-03-28T20:03:19,comparison_condition_mlp_adaptive_20260328_190349,mlp_adaptive,8,8,347221957,801148508,mlp_adaptive,feedforward,13,2.106297220916748,2.0917567432403565,0.5103,,,,,,,,,,,10000.0,
2026-03-28T20:03:36,comparison_condition_mlp_adaptive_20260328_190349,mlp_adaptive,8,8,347221957,801148508,mlp_adaptive,feedforward,14,2.076629143600464,2.0604846923828126,0.499,,,,,,,,,,,10000.0,
2026-03-28T20:03:53,comparison_condition_mlp_adaptive_20260328_190349,mlp_adaptive,8,8,347221957,801148508,mlp_adaptive,feedforward,15,2.042353543777466,2.023112624359131,0.5118,,,,,,,,,,,10000.0,
2026-03-28T20:04:09,comparison_condition_mlp_adaptive_20260328_190349,mlp_adaptive,8,8,347221957,801148508,mlp_adaptive,feedforward,16,2.003154440612793,1.9824175758361817,0.5217,,,,,,,,,,,10000.0,
2026-03-28T20:04:26,comparison_condition_mlp_adaptive_20260328_190349,mlp_adaptive,8,8,347221957,801148508,mlp_adaptive,feedforward,17,1.9591975757598876,1.9351396224975586,0.5378,,,,,,,,,,,10000.0,
2026-03-28T20:04:43,comparison_condition_mlp_adaptive_20260328_190349,mlp_adaptive,8,8,347221957,801148508,mlp_adaptive,feedforward,18,1.9100985036468505,1.8834267784118652,0.5456,,,,,,,,,,,10000.0,
2026-03-28T20:04:59,comparison_condition_mlp_adaptive_20260328_190349,mlp_adaptive,8,8,347221957,801148508,mlp_adaptive,feedforward,19,1.8564139379119873,1.8284266719818114,0.5469,,,,,,,,,,,10000.0,
2026-03-28T20:05:16,comparison_condition_mlp_adaptive_20260328_190349,mlp_adaptive,8,8,347221957,801148508,mlp_adaptive,feedforward,20,1.7997984943008423,1.7696328063964843,0.5691,,,,,,,,,,,10000.0,
2026-03-28T20:05:33,comparison_condition_mlp_adaptive_20260328_190349,mlp_adaptive,8,8,347221957,801148508,mlp_adaptive,feedforward,21,1.7399246587753296,1.7078867294311524,0.5791,,,,,,,,,,,10000.0,
2026-03-28T20:05:50,comparison_condition_mlp_adaptive_20260328_190349,mlp_adaptive,8,8,347221957,801148508,mlp_adaptive,feedforward,22,1.6782121828842163,1.6458491760253906,0.5931,,,,,,,,,,,10000.0,
2026-03-28T20:06:08,comparison_condition_mlp_adaptive_20260328_190349,mlp_adaptive,8,8,347221957,801148508,mlp_adaptive,feedforward,23,1.6161701148223877,1.5831554105758667,0.6051,,,,,,,,,,,10000.0,
2026-03-28T20:06:24,comparison_condition_mlp_adaptive_20260328_190349,mlp_adaptive,8,8,347221957,801148508,mlp_adaptive,feedforward,24,1.5550015782165527,1.5226534690856934,0.6249,,,,,,,,,,,10000.0,
2026-03-28T20:06:41,comparison_condition_mlp_adaptive_20260328_190349,mlp_adaptive,8,8,347221957,801148508,mlp_adaptive,feedforward,25,1.4953047100067138,1.463291895866394,0.6304,,,,,,,,,,,10000.0,
2026-03-28T20:07:04,comparison_condition_mlp_adaptive_20260328_190349,mlp_adaptive,9,9,266861098,1877275096,mlp_adaptive,feedforward,1,2.2849815393829345,2.2743923572540283,0.1367,,,,,,,,,,,10000.0,
2026-03-28T20:07:20,comparison_condition_mlp_adaptive_20260328_190349,mlp_adaptive,9,9,266861098,1877275096,mlp_adaptive,feedforward,2,2.2677871382141115,2.262855826187134,0.1619,,,,,,,,,,,10000.0,
2026-03-28T20:07:36,comparison_condition_mlp_adaptive_20260328_190349,mlp_adaptive,9,9,266861098,1877275096,mlp_adaptive,feedforward,3,2.2575908603668213,2.2533430461883546,0.2049,,,,,,,,,,,10000.0,
2026-03-28T20:07:53,comparison_condition_mlp_adaptive_20260328_190349,mlp_adaptive,9,9,266861098,1877275096,mlp_adaptive,feedforward,4,2.2486798374176025,2.24420898399353,0.2538,,,,,,,,,,,10000.0,
2026-03-28T20:08:09,comparison_condition_mlp_adaptive_20260328_190349,mlp_adaptive,9,9,266861098,1877275096,mlp_adaptive,feedforward,5,2.239017484664917,2.2339649562835695,0.2683,,,,,,,,,,,10000.0,
2026-03-28T20:08:26,comparison_condition_mlp_adaptive_20260328_190349,mlp_adaptive,9,9,266861098,1877275096,mlp_adaptive,feedforward,6,2.228491921005249,2.223141139602661,0.2801,,,,,,,,,,,10000.0,
2026-03-28T20:08:45,comparison_condition_mlp_adaptive_20260328_190349,mlp_adaptive,9,9,266861098,1877275096,mlp_adaptive,feedforward,7,2.2172292210388185,2.210967127609253,0.3023,,,,,,,,,,,10000.0,
2026-03-28T20:09:02,comparison_condition_mlp_adaptive_20260328_190349,mlp_adaptive,9,9,266861098,1877275096,mlp_adaptive,feedforward,8,2.204594386444092,2.1973759830474853,0.3101,,,,,,,,,,,10000.0,
2026-03-28T20:09:19,comparison_condition_mlp_adaptive_20260328_190349,mlp_adaptive,9,9,266861098,1877275096,mlp_adaptive,feedforward,9,2.190295943145752,2.182294779586792,0.317,,,,,,,,,,,10000.0,
2026-03-28T20:09:36,comparison_condition_mlp_adaptive_20260328_190349,mlp_adaptive,9,9,266861098,1877275096,mlp_adaptive,feedforward,10,2.17418494430542,2.164935871505737,0.3432,,,,,,,,,,,10000.0,
2026-03-28T20:09:52,comparison_condition_mlp_adaptive_20260328_190349,mlp_adaptive,9,9,266861098,1877275096,mlp_adaptive,feedforward,11,2.155633877487183,2.145024740600586,0.3662,,,,,,,,,,,10000.0,
2026-03-28T20:10:09,comparison_condition_mlp_adaptive_20260328_190349,mlp_adaptive,9,9,266861098,1877275096,mlp_adaptive,feedforward,12,2.134740149002075,2.1226469898223876,0.3827,,,,,,,,,,,10000.0,
2026-03-28T20:10:26,comparison_condition_mlp_adaptive_20260328_190349,mlp_adaptive,9,9,266861098,1877275096,mlp_adaptive,feedforward,13,2.1108695726013185,2.0973618404388428,0.3955,,,,,,,,,,,10000.0,
2026-03-28T20:10:45,comparison_condition_mlp_adaptive_20260328_190349,mlp_adaptive,9,9,266861098,1877275096,mlp_adaptive,feedforward,14,2.08386088973999,2.0683496395111085,0.4056,,,,,,,,,,,10000.0,
2026-03-28T20:11:01,comparison_condition_mlp_adaptive_20260328_190349,mlp_adaptive,9,9,266861098,1877275096,mlp_adaptive,feedforward,15,2.0537100707244873,2.0360120887756348,0.4341,,,,,,,,,,,10000.0,
2026-03-28T20:11:18,comparison_condition_mlp_adaptive_20260328_190349,mlp_adaptive,9,9,266861098,1877275096,mlp_adaptive,feedforward,16,2.0198512049865722,2.000815301132202,0.4347,,,,,,,,,,,10000.0,
2026-03-28T20:11:34,comparison_condition_mlp_adaptive_20260328_190349,mlp_adaptive,9,9,266861098,1877275096,mlp_adaptive,feedforward,17,1.983436701965332,1.962560531806946,0.4609,,,,,,,,,,,10000.0,
2026-03-28T20:11:50,comparison_condition_mlp_adaptive_20260328_190349,mlp_adaptive,9,9,266861098,1877275096,mlp_adaptive,feedforward,18,1.9443592386627198,1.9219685817718506,0.476,,,,,,,,,,,10000.0,
2026-03-28T20:12:06,comparison_condition_mlp_adaptive_20260328_190349,mlp_adaptive,9,9,266861098,1877275096,mlp_adaptive,feedforward,19,1.902827053565979,1.8791656875610352,0.4864,,,,,,,,,,,10000.0,
2026-03-28T20:12:22,comparison_condition_mlp_adaptive_20260328_190349,mlp_adaptive,9,9,266861098,1877275096,mlp_adaptive,feedforward,20,1.8590527976226807,1.83444486618042,0.5054,,,,,,,,,,,10000.0,
2026-03-28T20:12:39,comparison_condition_mlp_adaptive_20260328_190349,mlp_adaptive,9,9,266861098,1877275096,mlp_adaptive,feedforward,21,1.8136023064804077,1.7874926067352295,0.5278,,,,,,,,,,,10000.0,
2026-03-28T20:12:58,comparison_condition_mlp_adaptive_20260328_190349,mlp_adaptive,9,9,266861098,1877275096,mlp_adaptive,feedforward,22,1.7654557150650025,1.7376790765762329,0.5531,,,,,,,,,,,10000.0,
2026-03-28T20:13:15,comparison_condition_mlp_adaptive_20260328_190349,mlp_adaptive,9,9,266861098,1877275096,mlp_adaptive,feedforward,23,1.7151087445449829,1.686599542236328,0.5578,,,,,,,,,,,10000.0,
2026-03-28T20:13:31,comparison_condition_mlp_adaptive_20260328_190349,mlp_adaptive,9,9,266861098,1877275096,mlp_adaptive,feedforward,24,1.662124239807129,1.6313174528121948,0.5818,,,,,,,,,,,10000.0,
2026-03-28T20:13:49,comparison_condition_mlp_adaptive_20260328_190349,mlp_adaptive,9,9,266861098,1877275096,mlp_adaptive,feedforward,25,1.6066187729644776,1.5748638919830322,0.5958,,,,,,,,,,,10000.0,
2026-03-28T20:14:13,comparison_condition_mlp_adaptive_20260328_190349,mlp_adaptive,10,10,929723557,560686510,mlp_adaptive,feedforward,1,2.2960575832366943,2.287673642349243,0.1604,,,,,,,,,,,10000.0,
2026-03-28T20:14:30,comparison_condition_mlp_adaptive_20260328_190349,mlp_adaptive,10,10,929723557,560686510,mlp_adaptive,feedforward,2,2.282138023147583,2.2778959106445313,0.1571,,,,,,,,,,,10000.0,
2026-03-28T20:14:46,comparison_condition_mlp_adaptive_20260328_190349,mlp_adaptive,10,10,929723557,560686510,mlp_adaptive,feedforward,3,2.274184191970825,2.2709505058288575,0.1931,,,,,,,,,,,10000.0,
2026-03-28T20:15:03,comparison_condition_mlp_adaptive_20260328_190349,mlp_adaptive,10,10,929723557,560686510,mlp_adaptive,feedforward,4,2.2676983574676512,2.2646443576812745,0.2438,,,,,,,,,,,10000.0,
2026-03-28T20:15:19,comparison_condition_mlp_adaptive_20260328_190349,mlp_adaptive,10,10,929723557,560686510,mlp_adaptive,feedforward,5,2.2612239864349366,2.2580939708709717,0.2075,,,,,,,,,,,10000.0,
2026-03-28T20:15:36,comparison_condition_mlp_adaptive_20260328_190349,mlp_adaptive,10,10,929723557,560686510,mlp_adaptive,feedforward,6,2.2543527822875977,2.2506857894897463,0.2334,,,,,,,,,,,10000.0,
2026-03-28T20:15:52,comparison_condition_mlp_adaptive_20260328_190349,mlp_adaptive,10,10,929723557,560686510,mlp_adaptive,feedforward,7,2.2468899529266357,2.2426661430358887,0.2589,,,,,,,,,,,10000.0,
2026-03-28T20:16:09,comparison_condition_mlp_adaptive_20260328_190349,mlp_adaptive,10,10,929723557,560686510,mlp_adaptive,feedforward,8,2.2385487870788574,2.2337409393310548,0.2607,,,,,,,,,,,10000.0,
2026-03-28T20:16:25,comparison_condition_mlp_adaptive_20260328_190349,mlp_adaptive,10,10,929723557,560686510,mlp_adaptive,feedforward,9,2.2290398292541505,2.223487410736084,0.28,,,,,,,,,,,10000.0,
2026-03-28T20:16:41,comparison_condition_mlp_adaptive_20260328_190349,mlp_adaptive,10,10,929723557,560686510,mlp_adaptive,feedforward,10,2.218038880996704,2.2114572399139405,0.3123,,,,,,,,,,,10000.0,
2026-03-28T20:16:58,comparison_condition_mlp_adaptive_20260328_190349,mlp_adaptive,10,10,929723557,560686510,mlp_adaptive,feedforward,11,2.2053135724639894,2.1975027027130127,0.3381,,,,,,,,,,,10000.0,
2026-03-28T20:17:14,comparison_condition_mlp_adaptive_20260328_190349,mlp_adaptive,10,10,929723557,560686510,mlp_adaptive,feedforward,12,2.1904803103637693,2.181362406921387,0.3473,,,,,,,,,,,10000.0,
2026-03-28T20:17:31,comparison_condition_mlp_adaptive_20260328_190349,mlp_adaptive,10,10,929723557,560686510,mlp_adaptive,feedforward,13,2.1731071977233887,2.162606173324585,0.3601,,,,,,,,,,,10000.0,
2026-03-28T20:17:49,comparison_condition_mlp_adaptive_20260328_190349,mlp_adaptive,10,10,929723557,560686510,mlp_adaptive,feedforward,14,2.1531539527893067,2.140253812789917,0.3938,,,,,,,,,,,10000.0,
2026-03-28T20:18:08,comparison_condition_mlp_adaptive_20260328_190349,mlp_adaptive,10,10,929723557,560686510,mlp_adaptive,feedforward,15,2.1295458515930177,2.115057987213135,0.3941,,,,,,,,,,,10000.0,
2026-03-28T20:18:24,comparison_condition_mlp_adaptive_20260328_190349,mlp_adaptive,10,10,929723557,560686510,mlp_adaptive,feedforward,16,2.10270777053833,2.0861353801727294,0.4144,,,,,,,,,,,10000.0,
2026-03-28T20:18:41,comparison_condition_mlp_adaptive_20260328_190349,mlp_adaptive,10,10,929723557,560686510,mlp_adaptive,feedforward,17,2.07199544921875,2.0529136184692383,0.4341,,,,,,,,,,,10000.0,
2026-03-28T20:18:58,comparison_condition_mlp_adaptive_20260328_190349,mlp_adaptive,10,10,929723557,560686510,mlp_adaptive,feedforward,18,2.037963506011963,2.017355499267578,0.4556,,,,,,,,,,,10000.0,
2026-03-28T20:19:14,comparison_condition_mlp_adaptive_20260328_190349,mlp_adaptive,10,10,929723557,560686510,mlp_adaptive,feedforward,19,2.0017433169174192,1.9800274906158448,0.4667,,,,,,,,,,,10000.0,
2026-03-28T20:19:31,comparison_condition_mlp_adaptive_20260328_190349,mlp_adaptive,10,10,929723557,560686510,mlp_adaptive,feedforward,20,1.963676923828125,1.9402092002868652,0.4742,,,,,,,,,,,10000.0,
2026-03-28T20:19:47,comparison_condition_mlp_adaptive_20260328_190349,mlp_adaptive,10,10,929723557,560686510,mlp_adaptive,feedforward,21,1.9233502981185913,1.898889895248413,0.4811,,,,,,,,,,,10000.0,
2026-03-28T20:20:03,comparison_condition_mlp_adaptive_20260328_190349,mlp_adaptive,10,10,929723557,560686510,mlp_adaptive,feedforward,22,1.8811521548080445,1.855557060623169,0.4908,,,,,,,,,,,10000.0,
2026-03-28T20:20:19,comparison_condition_mlp_adaptive_20260328_190349,mlp_adaptive,10,10,929723557,560686510,mlp_adaptive,feedforward,23,1.8377215579223634,1.8123307275772094,0.505,,,,,,,,,,,10000.0,
2026-03-28T20:20:35,comparison_condition_mlp_adaptive_20260328_190349,mlp_adaptive,10,10,929723557,560686510,mlp_adaptive,feedforward,24,1.7933833054351807,1.7670937679290772,0.5128,,,,,,,,,,,10000.0,
2026-03-28T20:20:52,comparison_condition_mlp_adaptive_20260328_190349,mlp_adaptive,10,10,929723557,560686510,mlp_adaptive,feedforward,25,1.7480193508148194,1.7212460317611695,0.521,,,,,,,,,,,10000.0,
2026-03-28T20:21:12,comparison_condition_mlp_adaptive_20260328_190349,mlp_adaptive,11,11,1207054354,1346933383,mlp_adaptive,feedforward,1,2.289877465133667,2.280897427749634,0.1555,,,,,,,,,,,10000.0,
2026-03-28T20:21:28,comparison_condition_mlp_adaptive_20260328_190349,mlp_adaptive,11,11,1207054354,1346933383,mlp_adaptive,feedforward,2,2.2757011231231687,2.2711597412109374,0.1919,,,,,,,,,,,10000.0,
2026-03-28T20:21:45,comparison_condition_mlp_adaptive_20260328_190349,mlp_adaptive,11,11,1207054354,1346933383,mlp_adaptive,feedforward,3,2.2676677159118652,2.263792802810669,0.239,,,,,,,,,,,10000.0,
2026-03-28T20:22:01,comparison_condition_mlp_adaptive_20260328_190349,mlp_adaptive,11,11,1207054354,1346933383,mlp_adaptive,feedforward,4,2.2603913136291505,2.256513104248047,0.2656,,,,,,,,,,,10000.0,
2026-03-28T20:22:17,comparison_condition_mlp_adaptive_20260328_190349,mlp_adaptive,11,11,1207054354,1346933383,mlp_adaptive,feedforward,5,2.252549920043945,2.247567346572876,0.2845,,,,,,,,,,,10000.0,
2026-03-28T20:22:35,comparison_condition_mlp_adaptive_20260328_190349,mlp_adaptive,11,11,1207054354,1346933383,mlp_adaptive,feedforward,6,2.2417934261322023,2.23667511177063,0.3263,,,,,,,,,,,10000.0,
2026-03-28T20:22:53,comparison_condition_mlp_adaptive_20260328_190349,mlp_adaptive,11,11,1207054354,1346933383,mlp_adaptive,feedforward,7,2.2306412269592286,2.2249167545318604,0.3265,,,,,,,,,,,10000.0,
2026-03-28T20:23:10,comparison_condition_mlp_adaptive_20260328_190349,mlp_adaptive,11,11,1207054354,1346933383,mlp_adaptive,feedforward,8,2.217919695510864,2.211561825942993,0.3505,,,,,,,,,,,10000.0,
2026-03-28T20:23:27,comparison_condition_mlp_adaptive_20260328_190349,mlp_adaptive,11,11,1207054354,1346933383,mlp_adaptive,feedforward,9,2.2033497602844236,2.1959450386047363,0.3815,,,,,,,,,,,10000.0,
2026-03-28T20:23:43,comparison_condition_mlp_adaptive_20260328_190349,mlp_adaptive,11,11,1207054354,1346933383,mlp_adaptive,feedforward,10,2.1858381746673583,2.1774457763671875,0.4033,,,,,,,,,,,10000.0,
2026-03-28T20:24:00,comparison_condition_mlp_adaptive_20260328_190349,mlp_adaptive,11,11,1207054354,1346933383,mlp_adaptive,feedforward,11,2.1654655170440673,2.156032192230225,0.3997,,,,,,,,,,,10000.0,
2026-03-28T20:24:18,comparison_condition_mlp_adaptive_20260328_190349,mlp_adaptive,11,11,1207054354,1346933383,mlp_adaptive,feedforward,12,2.1417944429016114,2.131322647476196,0.4155,,,,,,,,,,,10000.0,
2026-03-28T20:24:37,comparison_condition_mlp_adaptive_20260328_190349,mlp_adaptive,11,11,1207054354,1346933383,mlp_adaptive,feedforward,13,2.114904201812744,2.1032705993652345,0.4184,,,,,,,,,,,10000.0,
2026-03-28T20:24:54,comparison_condition_mlp_adaptive_20260328_190349,mlp_adaptive,11,11,1207054354,1346933383,mlp_adaptive,feedforward,14,2.0853123225402834,2.0730596004486084,0.453,,,,,,,,,,,10000.0,
2026-03-28T20:25:11,comparison_condition_mlp_adaptive_20260328_190349,mlp_adaptive,11,11,1207054354,1346933383,mlp_adaptive,feedforward,15,2.053825952911377,2.041414003753662,0.4589,,,,,,,,,,,10000.0,
2026-03-28T20:25:28,comparison_condition_mlp_adaptive_20260328_190349,mlp_adaptive,11,11,1207054354,1346933383,mlp_adaptive,feedforward,16,2.0208728017807007,2.008099089050293,0.4702,,,,,,,,,,,10000.0,
2026-03-28T20:25:48,comparison_condition_mlp_adaptive_20260328_190349,mlp_adaptive,11,11,1207054354,1346933383,mlp_adaptive,feedforward,17,1.9866190134048463,1.9737426166534424,0.4874,,,,,,,,,,,10000.0,
2026-03-28T20:26:05,comparison_condition_mlp_adaptive_20260328_190349,mlp_adaptive,11,11,1207054354,1346933383,mlp_adaptive,feedforward,18,1.9518542832183838,1.9396615602493286,0.5031,,,,,,,,,,,10000.0,
2026-03-28T20:26:22,comparison_condition_mlp_adaptive_20260328_190349,mlp_adaptive,11,11,1207054354,1346933383,mlp_adaptive,feedforward,19,1.9168778820419312,1.9039467552185059,0.5219,,,,,,,,,,,10000.0,
2026-03-28T20:26:57,comparison_condition_mlp_adaptive_20260328_190349,mlp_adaptive,11,11,1207054354,1346933383,mlp_adaptive,feedforward,20,1.880789475479126,1.8679615533828735,0.5332,,,,,,,,,,,10000.0,
2026-03-28T22:51:59,comparison_condition_mlp_adaptive_20260328_190349,mlp_adaptive,11,11,1207054354,1346933383,mlp_adaptive,feedforward,21,1.8441534128189088,1.829957897377014,0.5474,,,,,,,,,,,10000.0,
2026-03-28T22:52:20,comparison_condition_mlp_adaptive_20260328_190349,mlp_adaptive,11,11,1207054354,1346933383,mlp_adaptive,feedforward,22,1.8056183376693726,1.7904295175552367,0.5601,,,,,,,,,,,10000.0,
2026-03-28T22:52:35,comparison_condition_mlp_adaptive_20260328_190349,mlp_adaptive,11,11,1207054354,1346933383,mlp_adaptive,feedforward,23,1.7646901696777344,1.748039602661133,0.57,,,,,,,,,,,10000.0,
2026-03-28T22:52:50,comparison_condition_mlp_adaptive_20260328_190349,mlp_adaptive,11,11,1207054354,1346933383,mlp_adaptive,feedforward,24,1.7219670769500732,1.7036051679611206,0.5792,,,,,,,,,,,10000.0,
2026-03-28T22:53:04,comparison_condition_mlp_adaptive_20260328_190349,mlp_adaptive,11,11,1207054354,1346933383,mlp_adaptive,feedforward,25,1.6761966402816773,1.6567386209487915,0.5851,,,,,,,,,,,10000.0,
2026-03-28T22:53:22,comparison_condition_mlp_adaptive_20260328_190349,mlp_adaptive,12,12,374399940,1313764614,mlp_adaptive,feedforward,1,2.289959617538452,2.2799580982208254,0.1969,,,,,,,,,,,10000.0,
2026-03-28T22:53:36,comparison_condition_mlp_adaptive_20260328_190349,mlp_adaptive,12,12,374399940,1313764614,mlp_adaptive,feedforward,2,2.273123386993408,2.2668265296936037,0.2322,,,,,,,,,,,10000.0,
2026-03-28T22:53:50,comparison_condition_mlp_adaptive_20260328_190349,mlp_adaptive,12,12,374399940,1313764614,mlp_adaptive,feedforward,3,2.2618523039245604,2.256770320892334,0.2456,,,,,,,,,,,10000.0,
2026-03-28T22:54:03,comparison_condition_mlp_adaptive_20260328_190349,mlp_adaptive,12,12,374399940,1313764614,mlp_adaptive,feedforward,4,2.25237782043457,2.2473855239868166,0.278,,,,,,,,,,,10000.0,
2026-03-28T22:54:17,comparison_condition_mlp_adaptive_20260328_190349,mlp_adaptive,12,12,374399940,1313764614,mlp_adaptive,feedforward,5,2.2429594261932375,2.2378248641967775,0.3004,,,,,,,,,,,10000.0,
2026-03-28T22:54:31,comparison_condition_mlp_adaptive_20260328_190349,mlp_adaptive,12,12,374399940,1313764614,mlp_adaptive,feedforward,6,2.2331820501708983,2.2276556549072266,0.3301,,,,,,,,,,,10000.0,
2026-03-28T22:54:45,comparison_condition_mlp_adaptive_20260328_190349,mlp_adaptive,12,12,374399940,1313764614,mlp_adaptive,feedforward,7,2.222439255523682,2.2164482944488526,0.3314,,,,,,,,,,,10000.0,
2026-03-28T22:54:59,comparison_condition_mlp_adaptive_20260328_190349,mlp_adaptive,12,12,374399940,1313764614,mlp_adaptive,feedforward,8,2.2106818787384035,2.2040212940216066,0.3765,,,,,,,,,,,10000.0,
2026-03-28T22:55:13,comparison_condition_mlp_adaptive_20260328_190349,mlp_adaptive,12,12,374399940,1313764614,mlp_adaptive,feedforward,9,2.1974344417572023,2.1896170921325684,0.3775,,,,,,,,,,,10000.0,
2026-03-28T22:55:27,comparison_condition_mlp_adaptive_20260328_190349,mlp_adaptive,12,12,374399940,1313764614,mlp_adaptive,feedforward,10,2.18228619140625,2.1732578651428223,0.3939,,,,,,,,,,,10000.0,
2026-03-28T22:55:42,comparison_condition_mlp_adaptive_20260328_190349,mlp_adaptive,12,12,374399940,1313764614,mlp_adaptive,feedforward,11,2.164659210128784,2.1545558959960935,0.4391,,,,,,,,,,,10000.0,
2026-03-28T22:55:55,comparison_condition_mlp_adaptive_20260328_190349,mlp_adaptive,12,12,374399940,1313764614,mlp_adaptive,feedforward,12,2.1446051832580566,2.132641583251953,0.4433,,,,,,,,,,,10000.0,
2026-03-28T22:56:10,comparison_condition_mlp_adaptive_20260328_190349,mlp_adaptive,12,12,374399940,1313764614,mlp_adaptive,feedforward,13,2.1213071618652344,2.107524653625488,0.4447,,,,,,,,,,,10000.0,
2026-03-28T22:56:25,comparison_condition_mlp_adaptive_20260328_190349,mlp_adaptive,12,12,374399940,1313764614,mlp_adaptive,feedforward,14,2.094250021209717,2.0778634777069094,0.4588,,,,,,,,,,,10000.0,
2026-03-28T22:56:39,comparison_condition_mlp_adaptive_20260328_190349,mlp_adaptive,12,12,374399940,1313764614,mlp_adaptive,feedforward,15,2.0627042581176758,2.043948868560791,0.4735,,,,,,,,,,,10000.0,
2026-03-28T22:56:53,comparison_condition_mlp_adaptive_20260328_190349,mlp_adaptive,12,12,374399940,1313764614,mlp_adaptive,feedforward,16,2.0259219649887084,2.003524059677124,0.4811,,,,,,,,,,,10000.0,
2026-03-28T22:57:07,comparison_condition_mlp_adaptive_20260328_190349,mlp_adaptive,12,12,374399940,1313764614,mlp_adaptive,feedforward,17,1.9826478322601317,1.9574985919952392,0.5021,,,,,,,,,,,10000.0,
2026-03-28T22:57:21,comparison_condition_mlp_adaptive_20260328_190349,mlp_adaptive,12,12,374399940,1313764614,mlp_adaptive,feedforward,18,1.934273426132202,1.9061289810180664,0.5199,,,,,,,,,,,10000.0,
2026-03-28T22:57:35,comparison_condition_mlp_adaptive_20260328_190349,mlp_adaptive,12,12,374399940,1313764614,mlp_adaptive,feedforward,19,1.8808940076446534,1.85044803276062,0.5311,,,,,,,,,,,10000.0,
2026-03-28T22:57:49,comparison_condition_mlp_adaptive_20260328_190349,mlp_adaptive,12,12,374399940,1313764614,mlp_adaptive,feedforward,20,1.8225108676528932,1.7892994972229004,0.5371,,,,,,,,,,,10000.0,
2026-03-28T22:58:03,comparison_condition_mlp_adaptive_20260328_190349,mlp_adaptive,12,12,374399940,1313764614,mlp_adaptive,feedforward,21,1.7601673792266845,1.7254020975112916,0.5684,,,,,,,,,,,10000.0,
2026-03-28T23:05:08,comparison_condition_mlp_adaptive_20260328_190349,mlp_adaptive,12,12,374399940,1313764614,mlp_adaptive,feedforward,22,1.6954758645629884,1.659802598953247,0.5734,,,,,,,,,,,10000.0,
2026-03-28T23:05:24,comparison_condition_mlp_adaptive_20260328_190349,mlp_adaptive,12,12,374399940,1313764614,mlp_adaptive,feedforward,23,1.6302804817199708,1.5943509155273436,0.5918,,,,,,,,,,,10000.0,
2026-03-28T23:05:41,comparison_condition_mlp_adaptive_20260328_190349,mlp_adaptive,12,12,374399940,1313764614,mlp_adaptive,feedforward,24,1.5654509903335572,1.5304876831054688,0.605,,,,,,,,,,,10000.0,
2026-03-28T23:05:58,comparison_condition_mlp_adaptive_20260328_190349,mlp_adaptive,12,12,374399940,1313764614,mlp_adaptive,feedforward,25,1.502662338027954,1.468712257194519,0.6131,,,,,,,,,,,10000.0,
2026-03-28T23:06:22,comparison_condition_mlp_adaptive_20260328_190349,mlp_adaptive,13,13,1188033244,401169362,mlp_adaptive,feedforward,1,2.2807168605041506,2.2693238609313964,0.2158,,,,,,,,,,,10000.0,
2026-03-28T23:06:39,comparison_condition_mlp_adaptive_20260328_190349,mlp_adaptive,13,13,1188033244,401169362,mlp_adaptive,feedforward,2,2.262982954483032,2.256703099822998,0.2229,,,,,,,,,,,10000.0,
2026-03-28T23:06:57,comparison_condition_mlp_adaptive_20260328_190349,mlp_adaptive,13,13,1188033244,401169362,mlp_adaptive,feedforward,3,2.251837435455322,2.2461153213500977,0.2484,,,,,,,,,,,10000.0,
2026-03-28T23:07:13,comparison_condition_mlp_adaptive_20260328_190349,mlp_adaptive,13,13,1188033244,401169362,mlp_adaptive,feedforward,4,2.2414777774810792,2.235794580078125,0.2701,,,,,,,,,,,10000.0,
2026-03-28T23:07:33,comparison_condition_mlp_adaptive_20260328_190349,mlp_adaptive,13,13,1188033244,401169362,mlp_adaptive,feedforward,5,2.230619750213623,2.2242802669525146,0.3455,,,,,,,,,,,10000.0,
2026-03-28T23:07:58,comparison_condition_mlp_adaptive_20260328_190349,mlp_adaptive,13,13,1188033244,401169362,mlp_adaptive,feedforward,6,2.21834401802063,2.2110328315734864,0.3404,,,,,,,,,,,10000.0,
2026-03-28T23:08:20,comparison_condition_mlp_adaptive_20260328_190349,mlp_adaptive,13,13,1188033244,401169362,mlp_adaptive,feedforward,7,2.203887898864746,2.195595350265503,0.3753,,,,,,,,,,,10000.0,
2026-03-28T23:08:45,comparison_condition_mlp_adaptive_20260328_190349,mlp_adaptive,13,13,1188033244,401169362,mlp_adaptive,feedforward,8,2.1872644847106932,2.1775249813079833,0.4009,,,,,,,,,,,10000.0,
2026-03-28T23:09:06,comparison_condition_mlp_adaptive_20260328_190349,mlp_adaptive,13,13,1188033244,401169362,mlp_adaptive,feedforward,9,2.1676311851501464,2.1567748390197754,0.4207,,,,,,,,,,,10000.0,
2026-03-28T23:09:26,comparison_condition_mlp_adaptive_20260328_190349,mlp_adaptive,13,13,1188033244,401169362,mlp_adaptive,feedforward,10,2.1453888179779055,2.132764161682129,0.435,,,,,,,,,,,10000.0,
2026-03-28T23:09:43,comparison_condition_mlp_adaptive_20260328_190349,mlp_adaptive,13,13,1188033244,401169362,mlp_adaptive,feedforward,11,2.1195946282958986,2.104668453979492,0.4278,,,,,,,,,,,10000.0,
2026-03-28T23:10:06,comparison_condition_mlp_adaptive_20260328_190349,mlp_adaptive,13,13,1188033244,401169362,mlp_adaptive,feedforward,12,2.0896521171569824,2.0725986362457274,0.454,,,,,,,,,,,10000.0,
2026-03-28T23:10:26,comparison_condition_mlp_adaptive_20260328_190349,mlp_adaptive,13,13,1188033244,401169362,mlp_adaptive,feedforward,13,2.0553423376846314,2.0357092391967773,0.469,,,,,,,,,,,10000.0,
2026-03-28T23:10:49,comparison_condition_mlp_adaptive_20260328_190349,mlp_adaptive,13,13,1188033244,401169362,mlp_adaptive,feedforward,14,2.016237830200195,1.9940107883453368,0.4734,,,,,,,,,,,10000.0,
2026-03-28T23:11:09,comparison_condition_mlp_adaptive_20260328_190349,mlp_adaptive,13,13,1188033244,401169362,mlp_adaptive,feedforward,15,1.9718116146850586,1.946457806777954,0.4808,,,,,,,,,,,10000.0,
2026-03-28T23:11:30,comparison_condition_mlp_adaptive_20260328_190349,mlp_adaptive,13,13,1188033244,401169362,mlp_adaptive,feedforward,16,1.9217905020523072,1.8940474506378173,0.5144,,,,,,,,,,,10000.0,
2026-03-28T23:11:52,comparison_condition_mlp_adaptive_20260328_190349,mlp_adaptive,13,13,1188033244,401169362,mlp_adaptive,feedforward,17,1.867559852256775,1.8375962524414062,0.5159,,,,,,,,,,,10000.0,
2026-03-28T23:12:13,comparison_condition_mlp_adaptive_20260328_190349,mlp_adaptive,13,13,1188033244,401169362,mlp_adaptive,feedforward,18,1.8092839011383057,1.7777908126831055,0.5368,,,,,,,,,,,10000.0,
2026-03-28T23:12:32,comparison_condition_mlp_adaptive_20260328_190349,mlp_adaptive,13,13,1188033244,401169362,mlp_adaptive,feedforward,19,1.7487360928344726,1.7153476020812988,0.5387,,,,,,,,,,,10000.0,
2026-03-28T23:12:49,comparison_condition_mlp_adaptive_20260328_190349,mlp_adaptive,13,13,1188033244,401169362,mlp_adaptive,feedforward,20,1.686419979057312,1.652814692878723,0.5677,,,,,,,,,,,10000.0,
2026-03-28T23:13:09,comparison_condition_mlp_adaptive_20260328_190349,mlp_adaptive,13,13,1188033244,401169362,mlp_adaptive,feedforward,21,1.624354444656372,1.591085276222229,0.5771,,,,,,,,,,,10000.0,
2026-03-28T23:13:36,comparison_condition_mlp_adaptive_20260328_190349,mlp_adaptive,13,13,1188033244,401169362,mlp_adaptive,feedforward,22,1.5631952600860595,1.530589840888977,0.596,,,,,,,,,,,10000.0,
2026-03-28T23:13:59,comparison_condition_mlp_adaptive_20260328_190349,mlp_adaptive,13,13,1188033244,401169362,mlp_adaptive,feedforward,23,1.5030706434249879,1.471034976005554,0.6165,,,,,,,,,,,10000.0,
2026-03-28T23:14:21,comparison_condition_mlp_adaptive_20260328_190349,mlp_adaptive,13,13,1188033244,401169362,mlp_adaptive,feedforward,24,1.4445594910812378,1.413208239364624,0.6324,,,,,,,,,,,10000.0,
2026-03-28T23:14:43,comparison_condition_mlp_adaptive_20260328_190349,mlp_adaptive,13,13,1188033244,401169362,mlp_adaptive,feedforward,25,1.3879794128417968,1.3579963653564453,0.6433,,,,,,,,,,,10000.0,
2026-03-28T23:15:10,comparison_condition_mlp_adaptive_20260328_190349,mlp_adaptive,14,14,762144912,1585161917,mlp_adaptive,feedforward,1,2.2889355410766603,2.2791660091400145,0.1738,,,,,,,,,,,10000.0,
2026-03-28T23:15:30,comparison_condition_mlp_adaptive_20260328_190349,mlp_adaptive,14,14,762144912,1585161917,mlp_adaptive,feedforward,2,2.2745896574401856,2.2685764682769776,0.1834,,,,,,,,,,,10000.0,
2026-03-28T23:15:48,comparison_condition_mlp_adaptive_20260328_190349,mlp_adaptive,14,14,762144912,1585161917,mlp_adaptive,feedforward,3,2.265531781463623,2.260258187866211,0.2332,,,,,,,,,,,10000.0,
2026-03-28T23:16:06,comparison_condition_mlp_adaptive_20260328_190349,mlp_adaptive,14,14,762144912,1585161917,mlp_adaptive,feedforward,4,2.2573547370147704,2.2523898429870606,0.2659,,,,,,,,,,,10000.0,
2026-03-28T23:16:23,comparison_condition_mlp_adaptive_20260328_190349,mlp_adaptive,14,14,762144912,1585161917,mlp_adaptive,feedforward,5,2.2489282146453857,2.2433754760742186,0.291,,,,,,,,,,,10000.0,
2026-03-28T23:16:43,comparison_condition_mlp_adaptive_20260328_190349,mlp_adaptive,14,14,762144912,1585161917,mlp_adaptive,feedforward,6,2.239543882446289,2.233703186416626,0.3191,,,,,,,,,,,10000.0,
2026-03-28T23:17:03,comparison_condition_mlp_adaptive_20260328_190349,mlp_adaptive,14,14,762144912,1585161917,mlp_adaptive,feedforward,7,2.2292938066101073,2.2227885807037353,0.2967,,,,,,,,,,,10000.0,
2026-03-28T23:17:24,comparison_condition_mlp_adaptive_20260328_190349,mlp_adaptive,14,14,762144912,1585161917,mlp_adaptive,feedforward,8,2.217650464477539,2.210346829223633,0.3336,,,,,,,,,,,10000.0,
2026-03-28T23:17:43,comparison_condition_mlp_adaptive_20260328_190349,mlp_adaptive,14,14,762144912,1585161917,mlp_adaptive,feedforward,9,2.2043727858734132,2.1963234188079834,0.3654,,,,,,,,,,,10000.0,
2026-03-28T23:18:01,comparison_condition_mlp_adaptive_20260328_190349,mlp_adaptive,14,14,762144912,1585161917,mlp_adaptive,feedforward,10,2.1894172513580323,2.1802904460906984,0.3701,,,,,,,,,,,10000.0,
2026-03-28T23:18:18,comparison_condition_mlp_adaptive_20260328_190349,mlp_adaptive,14,14,762144912,1585161917,mlp_adaptive,feedforward,11,2.171853035202026,2.1615639934539796,0.341,,,,,,,,,,,10000.0,
2026-03-28T23:18:36,comparison_condition_mlp_adaptive_20260328_190349,mlp_adaptive,14,14,762144912,1585161917,mlp_adaptive,feedforward,12,2.1514702771759033,2.139707024383545,0.3716,,,,,,,,,,,10000.0,
2026-03-28T23:18:55,comparison_condition_mlp_adaptive_20260328_190349,mlp_adaptive,14,14,762144912,1585161917,mlp_adaptive,feedforward,13,2.1272667546081543,2.1139625553131105,0.3752,,,,,,,,,,,10000.0,
2026-03-28T23:19:15,comparison_condition_mlp_adaptive_20260328_190349,mlp_adaptive,14,14,762144912,1585161917,mlp_adaptive,feedforward,14,2.0996049481201173,2.084595157623291,0.391,,,,,,,,,,,10000.0,
2026-03-28T23:19:33,comparison_condition_mlp_adaptive_20260328_190349,mlp_adaptive,14,14,762144912,1585161917,mlp_adaptive,feedforward,15,2.0683534375,2.051647612762451,0.418,,,,,,,,,,,10000.0,
2026-03-28T23:19:50,comparison_condition_mlp_adaptive_20260328_190349,mlp_adaptive,14,14,762144912,1585161917,mlp_adaptive,feedforward,16,2.032640916366577,2.0141002220153807,0.4119,,,,,,,,,,,10000.0,
2026-03-28T23:20:08,comparison_condition_mlp_adaptive_20260328_190349,mlp_adaptive,14,14,762144912,1585161917,mlp_adaptive,feedforward,17,1.992857420387268,1.9726493801116944,0.4149,,,,,,,,,,,10000.0,
2026-03-28T23:20:26,comparison_condition_mlp_adaptive_20260328_190349,mlp_adaptive,14,14,762144912,1585161917,mlp_adaptive,feedforward,18,1.9499239123153687,1.927812684249878,0.46,,,,,,,,,,,10000.0,
2026-03-28T23:20:44,comparison_condition_mlp_adaptive_20260328_190349,mlp_adaptive,14,14,762144912,1585161917,mlp_adaptive,feedforward,19,1.9034999633789063,1.8800872734069825,0.4604,,,,,,,,,,,10000.0,
2026-03-28T23:21:02,comparison_condition_mlp_adaptive_20260328_190349,mlp_adaptive,14,14,762144912,1585161917,mlp_adaptive,feedforward,20,1.8551220978546143,1.8310073574066161,0.4878,,,,,,,,,,,10000.0,
2026-03-28T23:21:20,comparison_condition_mlp_adaptive_20260328_190349,mlp_adaptive,14,14,762144912,1585161917,mlp_adaptive,feedforward,21,1.805640450820923,1.7807921199798584,0.5154,,,,,,,,,,,10000.0,
2026-03-28T23:21:38,comparison_condition_mlp_adaptive_20260328_190349,mlp_adaptive,14,14,762144912,1585161917,mlp_adaptive,feedforward,22,1.7552516089630128,1.7297931182861328,0.5236,,,,,,,,,,,10000.0,
2026-03-28T23:21:57,comparison_condition_mlp_adaptive_20260328_190349,mlp_adaptive,14,14,762144912,1585161917,mlp_adaptive,feedforward,23,1.7051998355484008,1.6794359645843506,0.5432,,,,,,,,,,,10000.0,
2026-03-28T23:22:15,comparison_condition_mlp_adaptive_20260328_190349,mlp_adaptive,14,14,762144912,1585161917,mlp_adaptive,feedforward,24,1.6551899496841431,1.6287893806457518,0.5704,,,,,,,,,,,10000.0,
2026-03-28T23:22:33,comparison_condition_mlp_adaptive_20260328_190349,mlp_adaptive,14,14,762144912,1585161917,mlp_adaptive,feedforward,25,1.605368224029541,1.578438207244873,0.5912,,,,,,,,,,,10000.0,
2026-03-28T23:22:57,comparison_condition_mlp_adaptive_20260328_190349,mlp_adaptive,15,15,2057428455,1573825650,mlp_adaptive,feedforward,1,2.2885738440704344,2.2781865001678465,0.127,,,,,,,,,,,10000.0,
2026-03-28T23:23:16,comparison_condition_mlp_adaptive_20260328_190349,mlp_adaptive,15,15,2057428455,1573825650,mlp_adaptive,feedforward,2,2.2725270401763917,2.266218779373169,0.1456,,,,,,,,,,,10000.0,
2026-03-28T23:23:34,comparison_condition_mlp_adaptive_20260328_190349,mlp_adaptive,15,15,2057428455,1573825650,mlp_adaptive,feedforward,3,2.261586117401123,2.2563469333648682,0.1988,,,,,,,,,,,10000.0,
2026-03-28T23:23:52,comparison_condition_mlp_adaptive_20260328_190349,mlp_adaptive,15,15,2057428455,1573825650,mlp_adaptive,feedforward,4,2.252579439315796,2.2478499824523928,0.2628,,,,,,,,,,,10000.0,
2026-03-28T23:24:13,comparison_condition_mlp_adaptive_20260328_190349,mlp_adaptive,15,15,2057428455,1573825650,mlp_adaptive,feedforward,5,2.243817761001587,2.238471957397461,0.2824,,,,,,,,,,,10000.0,
2026-03-28T23:24:30,comparison_condition_mlp_adaptive_20260328_190349,mlp_adaptive,15,15,2057428455,1573825650,mlp_adaptive,feedforward,6,2.2341025,2.228557218551636,0.3444,,,,,,,,,,,10000.0,
2026-03-28T23:24:47,comparison_condition_mlp_adaptive_20260328_190349,mlp_adaptive,15,15,2057428455,1573825650,mlp_adaptive,feedforward,7,2.223736987762451,2.2173559146881106,0.395,,,,,,,,,,,10000.0,
2026-03-28T23:25:07,comparison_condition_mlp_adaptive_20260328_190349,mlp_adaptive,15,15,2057428455,1573825650,mlp_adaptive,feedforward,8,2.2122399014282226,2.2052107582092284,0.4047,,,,,,,,,,,10000.0,
2026-03-28T23:25:36,comparison_condition_mlp_adaptive_20260328_190349,mlp_adaptive,15,15,2057428455,1573825650,mlp_adaptive,feedforward,9,2.1991193308258055,2.1912558517456056,0.4437,,,,,,,,,,,10000.0,
2026-03-28T23:25:55,comparison_condition_mlp_adaptive_20260328_190349,mlp_adaptive,15,15,2057428455,1573825650,mlp_adaptive,feedforward,10,2.1846657081604004,2.1755167289733888,0.4397,,,,,,,,,,,10000.0,
2026-03-28T23:26:15,comparison_condition_mlp_adaptive_20260328_190349,mlp_adaptive,15,15,2057428455,1573825650,mlp_adaptive,feedforward,11,2.167730598297119,2.157194222640991,0.4834,,,,,,,,,,,10000.0,
2026-03-28T23:26:33,comparison_condition_mlp_adaptive_20260328_190349,mlp_adaptive,15,15,2057428455,1573825650,mlp_adaptive,feedforward,12,2.1479156104278565,2.135565827560425,0.5047,,,,,,,,,,,10000.0,
2026-03-28T23:26:51,comparison_condition_mlp_adaptive_20260328_190349,mlp_adaptive,15,15,2057428455,1573825650,mlp_adaptive,feedforward,13,2.1250183123779296,2.1112078483581542,0.5151,,,,,,,,,,,10000.0,
2026-03-28T23:27:09,comparison_condition_mlp_adaptive_20260328_190349,mlp_adaptive,15,15,2057428455,1573825650,mlp_adaptive,feedforward,14,2.0988010777282713,2.0828562397003174,0.5215,,,,,,,,,,,10000.0,
2026-03-28T23:27:29,comparison_condition_mlp_adaptive_20260328_190349,mlp_adaptive,15,15,2057428455,1573825650,mlp_adaptive,feedforward,15,2.0685391662597654,2.05013148727417,0.5381,,,,,,,,,,,10000.0,
2026-03-28T23:27:48,comparison_condition_mlp_adaptive_20260328_190349,mlp_adaptive,15,15,2057428455,1573825650,mlp_adaptive,feedforward,16,2.0331503775787354,2.0121204414367675,0.5675,,,,,,,,,,,10000.0,
2026-03-28T23:28:07,comparison_condition_mlp_adaptive_20260328_190349,mlp_adaptive,15,15,2057428455,1573825650,mlp_adaptive,feedforward,17,1.9929225603485108,1.9690249404907227,0.5641,,,,,,,,,,,10000.0,
2026-03-28T23:28:28,comparison_condition_mlp_adaptive_20260328_190349,mlp_adaptive,15,15,2057428455,1573825650,mlp_adaptive,feedforward,18,1.947743689842224,1.920750965309143,0.5812,,,,,,,,,,,10000.0,
2026-03-28T23:28:48,comparison_condition_mlp_adaptive_20260328_190349,mlp_adaptive,15,15,2057428455,1573825650,mlp_adaptive,feedforward,19,1.897147727355957,1.867841514968872,0.5822,,,,,,,,,,,10000.0,
2026-03-28T23:29:09,comparison_condition_mlp_adaptive_20260328_190349,mlp_adaptive,15,15,2057428455,1573825650,mlp_adaptive,feedforward,20,1.8417264041137695,1.8091682411193848,0.5968,,,,,,,,,,,10000.0,
2026-03-28T23:29:29,comparison_condition_mlp_adaptive_20260328_190349,mlp_adaptive,15,15,2057428455,1573825650,mlp_adaptive,feedforward,21,1.7813764081573487,1.74685535697937,0.6084,,,,,,,,,,,10000.0,
2026-03-28T23:29:46,comparison_condition_mlp_adaptive_20260328_190349,mlp_adaptive,15,15,2057428455,1573825650,mlp_adaptive,feedforward,22,1.7180944455337523,1.6825506464004516,0.6196,,,,,,,,,,,10000.0,
2026-03-28T23:30:03,comparison_condition_mlp_adaptive_20260328_190349,mlp_adaptive,15,15,2057428455,1573825650,mlp_adaptive,feedforward,23,1.6531004220581054,1.6161036111831666,0.6288,,,,,,,,,,,10000.0,
2026-03-28T23:30:19,comparison_condition_mlp_adaptive_20260328_190349,mlp_adaptive,15,15,2057428455,1573825650,mlp_adaptive,feedforward,24,1.5871023822021484,1.5499235271453857,0.6447,,,,,,,,,,,10000.0,
2026-03-28T23:30:36,comparison_condition_mlp_adaptive_20260328_190349,mlp_adaptive,15,15,2057428455,1573825650,mlp_adaptive,feedforward,25,1.521799843902588,1.4849699449539184,0.6587,,,,,,,,,,,10000.0,
2026-03-28T23:30:57,comparison_condition_mlp_adaptive_20260328_190349,mlp_adaptive,16,16,196052585,1140405623,mlp_adaptive,feedforward,1,2.2814439206695556,2.269125205993652,0.2615,,,,,,,,,,,10000.0,
2026-03-28T23:31:13,comparison_condition_mlp_adaptive_20260328_190349,mlp_adaptive,16,16,196052585,1140405623,mlp_adaptive,feedforward,2,2.2619695129394533,2.254995895385742,0.2968,,,,,,,,,,,10000.0,
2026-03-28T23:31:33,comparison_condition_mlp_adaptive_20260328_190349,mlp_adaptive,16,16,196052585,1140405623,mlp_adaptive,feedforward,3,2.2492439168548586,2.242903171157837,0.3224,,,,,,,,,,,10000.0,
2026-03-28T23:31:51,comparison_condition_mlp_adaptive_20260328_190349,mlp_adaptive,16,16,196052585,1140405623,mlp_adaptive,feedforward,4,2.2375966590881347,2.2308195484161377,0.3709,,,,,,,,,,,10000.0,
2026-03-28T23:32:07,comparison_condition_mlp_adaptive_20260328_190349,mlp_adaptive,16,16,196052585,1140405623,mlp_adaptive,feedforward,5,2.2254352276611327,2.2183006954193116,0.3427,,,,,,,,,,,10000.0,
2026-03-28T23:32:24,comparison_condition_mlp_adaptive_20260328_190349,mlp_adaptive,16,16,196052585,1140405623,mlp_adaptive,feedforward,6,2.2121659017181394,2.2037153526306152,0.4162,,,,,,,,,,,10000.0,
2026-03-28T23:32:40,comparison_condition_mlp_adaptive_20260328_190349,mlp_adaptive,16,16,196052585,1140405623,mlp_adaptive,feedforward,7,2.1969946937561033,2.187712937927246,0.4153,,,,,,,,,,,10000.0,
2026-03-28T23:32:57,comparison_condition_mlp_adaptive_20260328_190349,mlp_adaptive,16,16,196052585,1140405623,mlp_adaptive,feedforward,8,2.1800128088378905,2.1690047687530516,0.4365,,,,,,,,,,,10000.0,
2026-03-28T23:33:14,comparison_condition_mlp_adaptive_20260328_190349,mlp_adaptive,16,16,196052585,1140405623,mlp_adaptive,feedforward,9,2.1601694437408447,2.1477529945373535,0.452,,,,,,,,,,,10000.0,
2026-03-28T23:33:31,comparison_condition_mlp_adaptive_20260328_190349,mlp_adaptive,16,16,196052585,1140405623,mlp_adaptive,feedforward,10,2.137415701828003,2.12308097114563,0.4819,,,,,,,,,,,10000.0,
2026-03-28T23:33:48,comparison_condition_mlp_adaptive_20260328_190349,mlp_adaptive,16,16,196052585,1140405623,mlp_adaptive,feedforward,11,2.1111462525177003,2.094662283706665,0.4623,,,,,,,,,,,10000.0,
2026-03-28T23:34:05,comparison_condition_mlp_adaptive_20260328_190349,mlp_adaptive,16,16,196052585,1140405623,mlp_adaptive,feedforward,12,2.080369090118408,2.0608207191467285,0.5058,,,,,,,,,,,10000.0,
2026-03-28T23:34:22,comparison_condition_mlp_adaptive_20260328_190349,mlp_adaptive,16,16,196052585,1140405623,mlp_adaptive,feedforward,13,2.0443548662567137,2.0220765729904175,0.491,,,,,,,,,,,10000.0,
2026-03-28T23:34:39,comparison_condition_mlp_adaptive_20260328_190349,mlp_adaptive,16,16,196052585,1140405623,mlp_adaptive,feedforward,14,2.002984422302246,1.9778710294723512,0.5032,,,,,,,,,,,10000.0,
2026-03-28T23:34:55,comparison_condition_mlp_adaptive_20260328_190349,mlp_adaptive,16,16,196052585,1140405623,mlp_adaptive,feedforward,15,1.9563730567169189,1.9278606727600098,0.5235,,,,,,,,,,,10000.0,
2026-03-28T23:35:12,comparison_condition_mlp_adaptive_20260328_190349,mlp_adaptive,16,16,196052585,1140405623,mlp_adaptive,feedforward,16,1.9041349660873412,1.8725936471939086,0.524,,,,,,,,,,,10000.0,
2026-03-28T23:35:30,comparison_condition_mlp_adaptive_20260328_190349,mlp_adaptive,16,16,196052585,1140405623,mlp_adaptive,feedforward,17,1.8468912923431398,1.813044160079956,0.5408,,,,,,,,,,,10000.0,
2026-03-28T23:35:47,comparison_condition_mlp_adaptive_20260328_190349,mlp_adaptive,16,16,196052585,1140405623,mlp_adaptive,feedforward,18,1.7865458453750611,1.7514324430465698,0.5597,,,,,,,,,,,10000.0,
2026-03-28T23:36:04,comparison_condition_mlp_adaptive_20260328_190349,mlp_adaptive,16,16,196052585,1140405623,mlp_adaptive,feedforward,19,1.724438179321289,1.6882007133483887,0.5688,,,,,,,,,,,10000.0,
2026-03-28T23:36:20,comparison_condition_mlp_adaptive_20260328_190349,mlp_adaptive,16,16,196052585,1140405623,mlp_adaptive,feedforward,20,1.6611096017074585,1.624869654083252,0.6108,,,,,,,,,,,10000.0,
2026-03-28T23:36:36,comparison_condition_mlp_adaptive_20260328_190349,mlp_adaptive,16,16,196052585,1140405623,mlp_adaptive,feedforward,21,1.5980243870544433,1.561671249961853,0.6166,,,,,,,,,,,10000.0,
2026-03-28T23:36:52,comparison_condition_mlp_adaptive_20260328_190349,mlp_adaptive,16,16,196052585,1140405623,mlp_adaptive,feedforward,22,1.5359099182891847,1.5000722894668579,0.6332,,,,,,,,,,,10000.0,
2026-03-28T23:37:08,comparison_condition_mlp_adaptive_20260328_190349,mlp_adaptive,16,16,196052585,1140405623,mlp_adaptive,feedforward,23,1.4745857231903077,1.4387563751220702,0.6581,,,,,,,,,,,10000.0,
2026-03-28T23:37:24,comparison_condition_mlp_adaptive_20260328_190349,mlp_adaptive,16,16,196052585,1140405623,mlp_adaptive,feedforward,24,1.4145165628051757,1.3801653461456298,0.6748,,,,,,,,,,,10000.0,
2026-03-28T23:37:41,comparison_condition_mlp_adaptive_20260328_190349,mlp_adaptive,16,16,196052585,1140405623,mlp_adaptive,feedforward,25,1.356507560195923,1.322447017288208,0.6946,,,,,,,,,,,10000.0,
2026-03-28T23:38:02,comparison_condition_mlp_adaptive_20260328_190349,mlp_adaptive,17,17,2101613385,1579239073,mlp_adaptive,feedforward,1,2.2830080445861816,2.270635415649414,0.1956,,,,,,,,,,,10000.0,
2026-03-28T23:38:18,comparison_condition_mlp_adaptive_20260328_190349,mlp_adaptive,17,17,2101613385,1579239073,mlp_adaptive,feedforward,2,2.263105009613037,2.256053606414795,0.2176,,,,,,,,,,,10000.0,
2026-03-28T23:38:34,comparison_condition_mlp_adaptive_20260328_190349,mlp_adaptive,17,17,2101613385,1579239073,mlp_adaptive,feedforward,3,2.2503614096832276,2.2446520523071287,0.2547,,,,,,,,,,,10000.0,
2026-03-28T23:38:51,comparison_condition_mlp_adaptive_20260328_190349,mlp_adaptive,17,17,2101613385,1579239073,mlp_adaptive,feedforward,4,2.238997567443848,2.232745789718628,0.3146,,,,,,,,,,,10000.0,
2026-03-28T23:39:07,comparison_condition_mlp_adaptive_20260328_190349,mlp_adaptive,17,17,2101613385,1579239073,mlp_adaptive,feedforward,5,2.227141056289673,2.2206489692687987,0.3527,,,,,,,,,,,10000.0,
2026-03-28T23:39:23,comparison_condition_mlp_adaptive_20260328_190349,mlp_adaptive,17,17,2101613385,1579239073,mlp_adaptive,feedforward,6,2.2144031372070314,2.2072326152801516,0.3435,,,,,,,,,,,10000.0,
2026-03-28T23:39:41,comparison_condition_mlp_adaptive_20260328_190349,mlp_adaptive,17,17,2101613385,1579239073,mlp_adaptive,feedforward,7,2.2003370039367676,2.192347080230713,0.3974,,,,,,,,,,,10000.0,
2026-03-28T23:39:59,comparison_condition_mlp_adaptive_20260328_190349,mlp_adaptive,17,17,2101613385,1579239073,mlp_adaptive,feedforward,8,2.184426479644775,2.1752506149291992,0.4222,,,,,,,,,,,10000.0,
2026-03-28T23:40:16,comparison_condition_mlp_adaptive_20260328_190349,mlp_adaptive,17,17,2101613385,1579239073,mlp_adaptive,feedforward,9,2.1661421426391603,2.155611226272583,0.4278,,,,,,,,,,,10000.0,
2026-03-28T23:40:32,comparison_condition_mlp_adaptive_20260328_190349,mlp_adaptive,17,17,2101613385,1579239073,mlp_adaptive,feedforward,10,2.1451705173492432,2.1331010372161865,0.4438,,,,,,,,,,,10000.0,
2026-03-28T23:40:48,comparison_condition_mlp_adaptive_20260328_190349,mlp_adaptive,17,17,2101613385,1579239073,mlp_adaptive,feedforward,11,2.1209101251983644,2.1069807968139647,0.4611,,,,,,,,,,,10000.0,
2026-03-28T23:41:05,comparison_condition_mlp_adaptive_20260328_190349,mlp_adaptive,17,17,2101613385,1579239073,mlp_adaptive,feedforward,12,2.0929580182647705,2.0767410060882567,0.4618,,,,,,,,,,,10000.0,
2026-03-28T23:41:21,comparison_condition_mlp_adaptive_20260328_190349,mlp_adaptive,17,17,2101613385,1579239073,mlp_adaptive,feedforward,13,2.0600271703338624,2.041290645599365,0.4891,,,,,,,,,,,10000.0,
2026-03-28T23:41:38,comparison_condition_mlp_adaptive_20260328_190349,mlp_adaptive,17,17,2101613385,1579239073,mlp_adaptive,feedforward,14,2.0222527737426756,2.00137686920166,0.5028,,,,,,,,,,,10000.0,
2026-03-28T23:41:54,comparison_condition_mlp_adaptive_20260328_190349,mlp_adaptive,17,17,2101613385,1579239073,mlp_adaptive,feedforward,15,1.9797437928009034,1.9564144107818604,0.5018,,,,,,,,,,,10000.0,
2026-03-28T23:42:10,comparison_condition_mlp_adaptive_20260328_190349,mlp_adaptive,17,17,2101613385,1579239073,mlp_adaptive,feedforward,16,1.9323847512817383,1.906510934638977,0.5115,,,,,,,,,,,10000.0,
2026-03-28T23:42:26,comparison_condition_mlp_adaptive_20260328_190349,mlp_adaptive,17,17,2101613385,1579239073,mlp_adaptive,feedforward,17,1.8800584728622436,1.851375255203247,0.53,,,,,,,,,,,10000.0,
2026-03-28T23:42:42,comparison_condition_mlp_adaptive_20260328_190349,mlp_adaptive,17,17,2101613385,1579239073,mlp_adaptive,feedforward,18,1.8229371398544312,1.7929380737304688,0.5555,,,,,,,,,,,10000.0,
2026-03-28T23:43:04,comparison_condition_mlp_adaptive_20260328_190349,mlp_adaptive,17,17,2101613385,1579239073,mlp_adaptive,feedforward,19,1.7630071744537354,1.7322499925613404,0.5622,,,,,,,,,,,10000.0,
2026-03-28T23:43:28,comparison_condition_mlp_adaptive_20260328_190349,mlp_adaptive,17,17,2101613385,1579239073,mlp_adaptive,feedforward,20,1.7015062433624268,1.6698532985687256,0.5752,,,,,,,,,,,10000.0,
2026-03-28T23:43:44,comparison_condition_mlp_adaptive_20260328_190349,mlp_adaptive,17,17,2101613385,1579239073,mlp_adaptive,feedforward,21,1.6378241275787353,1.606156771850586,0.5864,,,,,,,,,,,10000.0,
2026-03-28T23:44:00,comparison_condition_mlp_adaptive_20260328_190349,mlp_adaptive,17,17,2101613385,1579239073,mlp_adaptive,feedforward,22,1.5737605544281006,1.5420311071395874,0.5996,,,,,,,,,,,10000.0,
2026-03-28T23:44:17,comparison_condition_mlp_adaptive_20260328_190349,mlp_adaptive,17,17,2101613385,1579239073,mlp_adaptive,feedforward,23,1.5091355408477782,1.4769695638656617,0.6155,,,,,,,,,,,10000.0,
2026-03-28T23:44:34,comparison_condition_mlp_adaptive_20260328_190349,mlp_adaptive,17,17,2101613385,1579239073,mlp_adaptive,feedforward,24,1.4441397153472901,1.4129882629394532,0.6333,,,,,,,,,,,10000.0,
2026-03-28T23:44:50,comparison_condition_mlp_adaptive_20260328_190349,mlp_adaptive,17,17,2101613385,1579239073,mlp_adaptive,feedforward,25,1.3800097673797607,1.3493501167297364,0.6508,,,,,,,,,,,10000.0,
2026-03-28T23:45:14,comparison_condition_mlp_adaptive_20260328_190349,mlp_adaptive,18,18,885019663,1256390092,mlp_adaptive,feedforward,1,2.2831829726409913,2.26849783706665,0.266,,,,,,,,,,,10000.0,
2026-03-28T23:45:33,comparison_condition_mlp_adaptive_20260328_190349,mlp_adaptive,18,18,885019663,1256390092,mlp_adaptive,feedforward,2,2.2609283641052245,2.253453050613403,0.2543,,,,,,,,,,,10000.0,
2026-03-28T23:45:49,comparison_condition_mlp_adaptive_20260328_190349,mlp_adaptive,18,18,885019663,1256390092,mlp_adaptive,feedforward,3,2.247546961517334,2.240948778152466,0.2817,,,,,,,,,,,10000.0,
2026-03-28T23:46:06,comparison_condition_mlp_adaptive_20260328_190349,mlp_adaptive,18,18,885019663,1256390092,mlp_adaptive,feedforward,4,2.2355347918701174,2.2287086643218994,0.3155,,,,,,,,,,,10000.0,
2026-03-28T23:46:22,comparison_condition_mlp_adaptive_20260328_190349,mlp_adaptive,18,18,885019663,1256390092,mlp_adaptive,feedforward,5,2.2231360997009277,2.2156482925415037,0.3449,,,,,,,,,,,10000.0,
2026-03-28T23:46:39,comparison_condition_mlp_adaptive_20260328_190349,mlp_adaptive,18,18,885019663,1256390092,mlp_adaptive,feedforward,6,2.209222111053467,2.2009899711608885,0.3458,,,,,,,,,,,10000.0,
2026-03-28T23:46:55,comparison_condition_mlp_adaptive_20260328_190349,mlp_adaptive,18,18,885019663,1256390092,mlp_adaptive,feedforward,7,2.193902228012085,2.184801979827881,0.3892,,,,,,,,,,,10000.0,
2026-03-28T23:47:12,comparison_condition_mlp_adaptive_20260328_190349,mlp_adaptive,18,18,885019663,1256390092,mlp_adaptive,feedforward,8,2.176101282196045,2.16528342628479,0.3804,,,,,,,,,,,10000.0,
2026-03-28T23:47:28,comparison_condition_mlp_adaptive_20260328_190349,mlp_adaptive,18,18,885019663,1256390092,mlp_adaptive,feedforward,9,2.155661586151123,2.143109161758423,0.4032,,,,,,,,,,,10000.0,
2026-03-28T23:47:44,comparison_condition_mlp_adaptive_20260328_190349,mlp_adaptive,18,18,885019663,1256390092,mlp_adaptive,feedforward,10,2.1316689778137206,2.1169132553100587,0.4162,,,,,,,,,,,10000.0,
2026-03-28T23:48:01,comparison_condition_mlp_adaptive_20260328_190349,mlp_adaptive,18,18,885019663,1256390092,mlp_adaptive,feedforward,11,2.1033319213104247,2.086745748901367,0.4232,,,,,,,,,,,10000.0,
2026-03-28T23:48:17,comparison_condition_mlp_adaptive_20260328_190349,mlp_adaptive,18,18,885019663,1256390092,mlp_adaptive,feedforward,12,2.071873338394165,2.0531629684448243,0.4293,,,,,,,,,,,10000.0,
2026-03-28T23:48:34,comparison_condition_mlp_adaptive_20260328_190349,mlp_adaptive,18,18,885019663,1256390092,mlp_adaptive,feedforward,13,2.0365595397949217,2.0160646156311035,0.4526,,,,,,,,,,,10000.0,
2026-03-28T23:48:50,comparison_condition_mlp_adaptive_20260328_190349,mlp_adaptive,18,18,885019663,1256390092,mlp_adaptive,feedforward,14,1.9974379246520997,1.9738805089950562,0.4427,,,,,,,,,,,10000.0,
2026-03-28T23:49:07,comparison_condition_mlp_adaptive_20260328_190349,mlp_adaptive,18,18,885019663,1256390092,mlp_adaptive,feedforward,15,1.9532884099578858,1.9277316045761108,0.4569,,,,,,,,,,,10000.0,
2026-03-28T23:49:23,comparison_condition_mlp_adaptive_20260328_190349,mlp_adaptive,18,18,885019663,1256390092,mlp_adaptive,feedforward,16,1.9052224923324586,1.8776185972213746,0.4725,,,,,,,,,,,10000.0,
2026-03-28T23:49:40,comparison_condition_mlp_adaptive_20260328_190349,mlp_adaptive,18,18,885019663,1256390092,mlp_adaptive,feedforward,17,1.8543652364730836,1.8254518657684327,0.4873,,,,,,,,,,,10000.0,
2026-03-28T23:49:57,comparison_condition_mlp_adaptive_20260328_190349,mlp_adaptive,18,18,885019663,1256390092,mlp_adaptive,feedforward,18,1.801637051963806,1.7713316184997558,0.4874,,,,,,,,,,,10000.0,
2026-03-28T23:50:14,comparison_condition_mlp_adaptive_20260328_190349,mlp_adaptive,18,18,885019663,1256390092,mlp_adaptive,feedforward,19,1.7471510987091063,1.7161466766357423,0.5161,,,,,,,,,,,10000.0,
2026-03-28T23:50:30,comparison_condition_mlp_adaptive_20260328_190349,mlp_adaptive,18,18,885019663,1256390092,mlp_adaptive,feedforward,20,1.6913458166122437,1.6599839820861817,0.5275,,,,,,,,,,,10000.0,
2026-03-28T23:50:47,comparison_condition_mlp_adaptive_20260328_190349,mlp_adaptive,18,18,885019663,1256390092,mlp_adaptive,feedforward,21,1.6355997725677491,1.603657067680359,0.5379,,,,,,,,,,,10000.0,
2026-03-28T23:51:04,comparison_condition_mlp_adaptive_20260328_190349,mlp_adaptive,18,18,885019663,1256390092,mlp_adaptive,feedforward,22,1.5805160485839844,1.5487933378219605,0.5592,,,,,,,,,,,10000.0,
2026-03-28T23:51:20,comparison_condition_mlp_adaptive_20260328_190349,mlp_adaptive,18,18,885019663,1256390092,mlp_adaptive,feedforward,23,1.526970506324768,1.495683985710144,0.5743,,,,,,,,,,,10000.0,
2026-03-28T23:51:37,comparison_condition_mlp_adaptive_20260328_190349,mlp_adaptive,18,18,885019663,1256390092,mlp_adaptive,feedforward,24,1.474765558128357,1.4434682014465332,0.5931,,,,,,,,,,,10000.0,
2026-03-28T23:51:53,comparison_condition_mlp_adaptive_20260328_190349,mlp_adaptive,18,18,885019663,1256390092,mlp_adaptive,feedforward,25,1.4235208103942871,1.3932199697494507,0.604,,,,,,,,,,,10000.0,
2026-03-28T23:52:15,comparison_condition_mlp_adaptive_20260328_190349,mlp_adaptive,19,19,1082192973,357712575,mlp_adaptive,feedforward,1,2.28969504989624,2.2808591217041014,0.1882,,,,,,,,,,,10000.0,
2026-03-28T23:52:32,comparison_condition_mlp_adaptive_20260328_190349,mlp_adaptive,19,19,1082192973,357712575,mlp_adaptive,feedforward,2,2.276375909805298,2.2717706066131593,0.1971,,,,,,,,,,,10000.0,
2026-03-28T23:52:49,comparison_condition_mlp_adaptive_20260328_190349,mlp_adaptive,19,19,1082192973,357712575,mlp_adaptive,feedforward,3,2.2683938569641113,2.264457492828369,0.2101,,,,,,,,,,,10000.0,
2026-03-28T23:53:05,comparison_condition_mlp_adaptive_20260328_190349,mlp_adaptive,19,19,1082192973,357712575,mlp_adaptive,feedforward,4,2.2613555813598634,2.2575541820526124,0.2125,,,,,,,,,,,10000.0,
2026-03-28T23:53:22,comparison_condition_mlp_adaptive_20260328_190349,mlp_adaptive,19,19,1082192973,357712575,mlp_adaptive,feedforward,5,2.254513156967163,2.250907543182373,0.239,,,,,,,,,,,10000.0,
2026-03-28T23:53:39,comparison_condition_mlp_adaptive_20260328_190349,mlp_adaptive,19,19,1082192973,357712575,mlp_adaptive,feedforward,6,2.247571816253662,2.243451206588745,0.2693,,,,,,,,,,,10000.0,
2026-03-28T23:53:56,comparison_condition_mlp_adaptive_20260328_190349,mlp_adaptive,19,19,1082192973,357712575,mlp_adaptive,feedforward,7,2.2398972707366944,2.2353810440063477,0.2862,,,,,,,,,,,10000.0,
2026-03-28T23:54:12,comparison_condition_mlp_adaptive_20260328_190349,mlp_adaptive,19,19,1082192973,357712575,mlp_adaptive,feedforward,8,2.23149458442688,2.2264932903289796,0.2926,,,,,,,,,,,10000.0,
2026-03-28T23:54:28,comparison_condition_mlp_adaptive_20260328_190349,mlp_adaptive,19,19,1082192973,357712575,mlp_adaptive,feedforward,9,2.2222119554901125,2.2168941551208494,0.3316,,,,,,,,,,,10000.0,
2026-03-28T23:54:45,comparison_condition_mlp_adaptive_20260328_190349,mlp_adaptive,19,19,1082192973,357712575,mlp_adaptive,feedforward,10,2.211808345184326,2.2058166145324707,0.3495,,,,,,,,,,,10000.0,
2026-03-28T23:55:02,comparison_condition_mlp_adaptive_20260328_190349,mlp_adaptive,19,19,1082192973,357712575,mlp_adaptive,feedforward,11,2.2001502516174316,2.193398220825195,0.3783,,,,,,,,,,,10000.0,
2026-03-28T23:55:20,comparison_condition_mlp_adaptive_20260328_190349,mlp_adaptive,19,19,1082192973,357712575,mlp_adaptive,feedforward,12,2.1871494583892823,2.1794073444366453,0.4067,,,,,,,,,,,10000.0,
2026-03-28T23:55:36,comparison_condition_mlp_adaptive_20260328_190349,mlp_adaptive,19,19,1082192973,357712575,mlp_adaptive,feedforward,13,2.1721871704101563,2.163496685791016,0.4176,,,,,,,,,,,10000.0,
2026-03-28T23:56:01,comparison_condition_mlp_adaptive_20260328_190349,mlp_adaptive,19,19,1082192973,357712575,mlp_adaptive,feedforward,14,2.1549125408172607,2.1446794113159178,0.4388,,,,,,,,,,,10000.0,
2026-03-28T23:56:20,comparison_condition_mlp_adaptive_20260328_190349,mlp_adaptive,19,19,1082192973,357712575,mlp_adaptive,feedforward,15,2.135030889816284,2.1239785190582277,0.4619,,,,,,,,,,,10000.0,
2026-03-28T23:56:38,comparison_condition_mlp_adaptive_20260328_190349,mlp_adaptive,19,19,1082192973,357712575,mlp_adaptive,feedforward,16,2.1124346927642823,2.0992728343963623,0.4714,,,,,,,,,,,10000.0,
2026-03-28T23:56:58,comparison_condition_mlp_adaptive_20260328_190349,mlp_adaptive,19,19,1082192973,357712575,mlp_adaptive,feedforward,17,2.0860209831237793,2.071428437423706,0.5117,,,,,,,,,,,10000.0,
2026-03-28T23:57:17,comparison_condition_mlp_adaptive_20260328_190349,mlp_adaptive,19,19,1082192973,357712575,mlp_adaptive,feedforward,18,2.0565765256500246,2.0397681400299073,0.4872,,,,,,,,,,,10000.0,
2026-03-28T23:57:37,comparison_condition_mlp_adaptive_20260328_190349,mlp_adaptive,19,19,1082192973,357712575,mlp_adaptive,feedforward,19,2.023137488937378,2.00368067779541,0.5036,,,,,,,,,,,10000.0,
2026-03-28T23:58:03,comparison_condition_mlp_adaptive_20260328_190349,mlp_adaptive,19,19,1082192973,357712575,mlp_adaptive,feedforward,20,1.9847039196014404,1.9624872970581055,0.509,,,,,,,,,,,10000.0,
2026-03-28T23:58:29,comparison_condition_mlp_adaptive_20260328_190349,mlp_adaptive,19,19,1082192973,357712575,mlp_adaptive,feedforward,21,1.9406851834487915,1.9154739353179933,0.5201,,,,,,,,,,,10000.0,
2026-03-28T23:58:56,comparison_condition_mlp_adaptive_20260328_190349,mlp_adaptive,19,19,1082192973,357712575,mlp_adaptive,feedforward,22,1.8914723968887328,1.8635355043411255,0.5384,,,,,,,,,,,10000.0,
2026-03-28T23:59:20,comparison_condition_mlp_adaptive_20260328_190349,mlp_adaptive,19,19,1082192973,357712575,mlp_adaptive,feedforward,23,1.8367771689605712,1.8061619174957275,0.5466,,,,,,,,,,,10000.0,
2026-03-28T23:59:41,comparison_condition_mlp_adaptive_20260328_190349,mlp_adaptive,19,19,1082192973,357712575,mlp_adaptive,feedforward,24,1.7778934493637084,1.7458422706604004,0.5626,,,,,,,,,,,10000.0,
2026-03-29T00:00:03,comparison_condition_mlp_adaptive_20260328_190349,mlp_adaptive,19,19,1082192973,357712575,mlp_adaptive,feedforward,25,1.7163785971069336,1.6832905088424683,0.5765,,,,,,,,,,,10000.0,
2026-03-29T00:00:27,comparison_condition_mlp_adaptive_20260328_190349,mlp_adaptive,20,20,318141474,441767840,mlp_adaptive,feedforward,1,2.292711165161133,2.2841769035339357,0.146,,,,,,,,,,,10000.0,
2026-03-29T00:00:46,comparison_condition_mlp_adaptive_20260328_190349,mlp_adaptive,20,20,318141474,441767840,mlp_adaptive,feedforward,2,2.2795268934631348,2.2743095497131347,0.1804,,,,,,,,,,,10000.0,
2026-03-29T00:01:06,comparison_condition_mlp_adaptive_20260328_190349,mlp_adaptive,20,20,318141474,441767840,mlp_adaptive,feedforward,3,2.2702266950988768,2.2656130893707274,0.2255,,,,,,,,,,,10000.0,
2026-03-29T00:01:24,comparison_condition_mlp_adaptive_20260328_190349,mlp_adaptive,20,20,318141474,441767840,mlp_adaptive,feedforward,4,2.2629170484924317,2.259092398071289,0.2625,,,,,,,,,,,10000.0,
2026-03-29T00:01:43,comparison_condition_mlp_adaptive_20260328_190349,mlp_adaptive,20,20,318141474,441767840,mlp_adaptive,feedforward,5,2.256555072784424,2.252244867706299,0.2771,,,,,,,,,,,10000.0,
2026-03-29T00:02:01,comparison_condition_mlp_adaptive_20260328_190349,mlp_adaptive,20,20,318141474,441767840,mlp_adaptive,feedforward,6,2.2498577625274656,2.245256309890747,0.2949,,,,,,,,,,,10000.0,
2026-03-29T00:02:18,comparison_condition_mlp_adaptive_20260328_190349,mlp_adaptive,20,20,318141474,441767840,mlp_adaptive,feedforward,7,2.2426093334197996,2.237681555175781,0.2846,,,,,,,,,,,10000.0,
2026-03-29T00:02:36,comparison_condition_mlp_adaptive_20260328_190349,mlp_adaptive,20,20,318141474,441767840,mlp_adaptive,feedforward,8,2.2344082932281495,2.228881694793701,0.3523,,,,,,,,,,,10000.0,
2026-03-29T00:02:53,comparison_condition_mlp_adaptive_20260328_190349,mlp_adaptive,20,20,318141474,441767840,mlp_adaptive,feedforward,9,2.2253354333496094,2.21910083694458,0.3642,,,,,,,,,,,10000.0,
2026-03-29T00:03:10,comparison_condition_mlp_adaptive_20260328_190349,mlp_adaptive,20,20,318141474,441767840,mlp_adaptive,feedforward,10,2.2150603099822996,2.2079186088562013,0.3916,,,,,,,,,,,10000.0,
2026-03-29T00:03:27,comparison_condition_mlp_adaptive_20260328_190349,mlp_adaptive,20,20,318141474,441767840,mlp_adaptive,feedforward,11,2.2033576194000246,2.195181409072876,0.3979,,,,,,,,,,,10000.0,
2026-03-29T00:03:43,comparison_condition_mlp_adaptive_20260328_190349,mlp_adaptive,20,20,318141474,441767840,mlp_adaptive,feedforward,12,2.189980069351196,2.18059027633667,0.4289,,,,,,,,,,,10000.0,
2026-03-29T00:04:01,comparison_condition_mlp_adaptive_20260328_190349,mlp_adaptive,20,20,318141474,441767840,mlp_adaptive,feedforward,13,2.1746519550323486,2.1641867080688475,0.4591,,,,,,,,,,,10000.0,
2026-03-29T00:04:17,comparison_condition_mlp_adaptive_20260328_190349,mlp_adaptive,20,20,318141474,441767840,mlp_adaptive,feedforward,14,2.1575354148864747,2.1456298389434814,0.4528,,,,,,,,,,,10000.0,
2026-03-29T00:04:34,comparison_condition_mlp_adaptive_20260328_190349,mlp_adaptive,20,20,318141474,441767840,mlp_adaptive,feedforward,15,2.1375127854919436,2.1231601234436037,0.4826,,,,,,,,,,,10000.0,
2026-03-29T00:04:58,comparison_condition_mlp_adaptive_20260328_190349,mlp_adaptive,20,20,318141474,441767840,mlp_adaptive,feedforward,16,2.1141829972839354,2.098008181762695,0.4806,,,,,,,,,,,10000.0,
2026-03-29T00:05:18,comparison_condition_mlp_adaptive_20260328_190349,mlp_adaptive,20,20,318141474,441767840,mlp_adaptive,feedforward,17,2.0876662300109863,2.068846952819824,0.4934,,,,,,,,,,,10000.0,
2026-03-29T00:05:38,comparison_condition_mlp_adaptive_20260328_190349,mlp_adaptive,20,20,318141474,441767840,mlp_adaptive,feedforward,18,2.0565969583129884,2.0351966548919678,0.4986,,,,,,,,,,,10000.0,
2026-03-29T00:05:56,comparison_condition_mlp_adaptive_20260328_190349,mlp_adaptive,20,20,318141474,441767840,mlp_adaptive,feedforward,19,2.0211954931640626,1.996530696105957,0.5072,,,,,,,,,,,10000.0,
2026-03-29T00:06:14,comparison_condition_mlp_adaptive_20260328_190349,mlp_adaptive,20,20,318141474,441767840,mlp_adaptive,feedforward,20,1.9808529573059082,1.9529802101135254,0.5133,,,,,,,,,,,10000.0,
2026-03-29T00:06:33,comparison_condition_mlp_adaptive_20260328_190349,mlp_adaptive,20,20,318141474,441767840,mlp_adaptive,feedforward,21,1.9357498531341553,1.9047095714569091,0.5166,,,,,,,,,,,10000.0,
2026-03-29T00:06:52,comparison_condition_mlp_adaptive_20260328_190349,mlp_adaptive,20,20,318141474,441767840,mlp_adaptive,feedforward,22,1.8859150275039673,1.8520874961853027,0.5444,,,,,,,,,,,10000.0,
2026-03-29T00:07:09,comparison_condition_mlp_adaptive_20260328_190349,mlp_adaptive,20,20,318141474,441767840,mlp_adaptive,feedforward,23,1.832323173904419,1.7957228088378907,0.5464,,,,,,,,,,,10000.0,
2026-03-29T00:07:26,comparison_condition_mlp_adaptive_20260328_190349,mlp_adaptive,20,20,318141474,441767840,mlp_adaptive,feedforward,24,1.7748319408416748,1.736455407333374,0.557,,,,,,,,,,,10000.0,
2026-03-29T00:07:44,comparison_condition_mlp_adaptive_20260328_190349,mlp_adaptive,20,20,318141474,441767840,mlp_adaptive,feedforward,25,1.7146538439941406,1.674528046798706,0.5741,,,,,,,,,,,10000.0,
2026-03-29T00:08:07,comparison_condition_mlp_adaptive_20260328_190349,mlp_adaptive,21,21,1543970182,167164485,mlp_adaptive,feedforward,1,2.286169298477173,2.2765001205444335,0.1458,,,,,,,,,,,10000.0,
2026-03-29T00:08:25,comparison_condition_mlp_adaptive_20260328_190349,mlp_adaptive,21,21,1543970182,167164485,mlp_adaptive,feedforward,2,2.2707655263519286,2.265996697998047,0.174,,,,,,,,,,,10000.0,
2026-03-29T00:08:45,comparison_condition_mlp_adaptive_20260328_190349,mlp_adaptive,21,21,1543970182,167164485,mlp_adaptive,feedforward,3,2.2615073864746096,2.257235392379761,0.2333,,,,,,,,,,,10000.0,
2026-03-29T00:09:05,comparison_condition_mlp_adaptive_20260328_190349,mlp_adaptive,21,21,1543970182,167164485,mlp_adaptive,feedforward,4,2.2528269174957276,2.248885479736328,0.2351,,,,,,,,,,,10000.0,
2026-03-29T00:09:24,comparison_condition_mlp_adaptive_20260328_190349,mlp_adaptive,21,21,1543970182,167164485,mlp_adaptive,feedforward,5,2.2442306354522703,2.2399960567474366,0.2848,,,,,,,,,,,10000.0,
2026-03-29T00:09:41,comparison_condition_mlp_adaptive_20260328_190349,mlp_adaptive,21,21,1543970182,167164485,mlp_adaptive,feedforward,6,2.234832783126831,2.2302973625183107,0.3274,,,,,,,,,,,10000.0,
2026-03-29T00:09:58,comparison_condition_mlp_adaptive_20260328_190349,mlp_adaptive,21,21,1543970182,167164485,mlp_adaptive,feedforward,7,2.2249736556243898,2.2200330028533934,0.4054,,,,,,,,,,,10000.0,
2026-03-29T00:10:14,comparison_condition_mlp_adaptive_20260328_190349,mlp_adaptive,21,21,1543970182,167164485,mlp_adaptive,feedforward,8,2.21382581489563,2.208095394897461,0.4287,,,,,,,,,,,10000.0,
2026-03-29T00:10:34,comparison_condition_mlp_adaptive_20260328_190349,mlp_adaptive,21,21,1543970182,167164485,mlp_adaptive,feedforward,9,2.2009318799591067,2.1941207401275635,0.4524,,,,,,,,,,,10000.0,
2026-03-29T00:10:54,comparison_condition_mlp_adaptive_20260328_190349,mlp_adaptive,21,21,1543970182,167164485,mlp_adaptive,feedforward,10,2.1860347663879396,2.1786143840789793,0.4561,,,,,,,,,,,10000.0,
2026-03-29T00:11:12,comparison_condition_mlp_adaptive_20260328_190349,mlp_adaptive,21,21,1543970182,167164485,mlp_adaptive,feedforward,11,2.1689079570007324,2.160267583465576,0.4885,,,,,,,,,,,10000.0,
2026-03-29T00:11:30,comparison_condition_mlp_adaptive_20260328_190349,mlp_adaptive,21,21,1543970182,167164485,mlp_adaptive,feedforward,12,2.1491197895050047,2.139097287750244,0.4664,,,,,,,,,,,10000.0,
2026-03-29T00:11:49,comparison_condition_mlp_adaptive_20260328_190349,mlp_adaptive,21,21,1543970182,167164485,mlp_adaptive,feedforward,13,2.126298370437622,2.114745965576172,0.5077,,,,,,,,,,,10000.0,
2026-03-29T00:12:07,comparison_condition_mlp_adaptive_20260328_190349,mlp_adaptive,21,21,1543970182,167164485,mlp_adaptive,feedforward,14,2.099649329986572,2.0865972175598144,0.5073,,,,,,,,,,,10000.0,
2026-03-29T00:12:26,comparison_condition_mlp_adaptive_20260328_190349,mlp_adaptive,21,21,1543970182,167164485,mlp_adaptive,feedforward,15,2.069023056793213,2.0540780948638915,0.5227,,,,,,,,,,,10000.0,
2026-03-29T00:12:47,comparison_condition_mlp_adaptive_20260328_190349,mlp_adaptive,21,21,1543970182,167164485,mlp_adaptive,feedforward,16,2.0334686842346192,2.016105229949951,0.5121,,,,,,,,,,,10000.0,
2026-03-29T00:13:07,comparison_condition_mlp_adaptive_20260328_190349,mlp_adaptive,21,21,1543970182,167164485,mlp_adaptive,feedforward,17,1.9919373287582398,1.9719566610336303,0.5243,,,,,,,,,,,10000.0,
2026-03-29T00:13:27,comparison_condition_mlp_adaptive_20260328_190349,mlp_adaptive,21,21,1543970182,167164485,mlp_adaptive,feedforward,18,1.9449972549438477,1.9224554143905639,0.5354,,,,,,,,,,,10000.0,
2026-03-29T00:13:47,comparison_condition_mlp_adaptive_20260328_190349,mlp_adaptive,21,21,1543970182,167164485,mlp_adaptive,feedforward,19,1.89180813747406,1.8666956510543824,0.5492,,,,,,,,,,,10000.0,
2026-03-29T00:14:09,comparison_condition_mlp_adaptive_20260328_190349,mlp_adaptive,21,21,1543970182,167164485,mlp_adaptive,feedforward,20,1.8333606911849976,1.8063804529190064,0.5536,,,,,,,,,,,10000.0,
2026-03-29T00:14:29,comparison_condition_mlp_adaptive_20260328_190349,mlp_adaptive,21,21,1543970182,167164485,mlp_adaptive,feedforward,21,1.7700458419799805,1.7415821760177612,0.5539,,,,,,,,,,,10000.0,
2026-03-29T00:14:49,comparison_condition_mlp_adaptive_20260328_190349,mlp_adaptive,21,21,1543970182,167164485,mlp_adaptive,feedforward,22,1.70307815284729,1.6736552383422851,0.5729,,,,,,,,,,,10000.0,
2026-03-29T00:15:08,comparison_condition_mlp_adaptive_20260328_190349,mlp_adaptive,21,21,1543970182,167164485,mlp_adaptive,feedforward,23,1.6335626872253417,1.6039739383697509,0.592,,,,,,,,,,,10000.0,
2026-03-29T00:15:29,comparison_condition_mlp_adaptive_20260328_190349,mlp_adaptive,21,21,1543970182,167164485,mlp_adaptive,feedforward,24,1.5635111513900757,1.5342344087600708,0.6086,,,,,,,,,,,10000.0,
2026-03-29T00:15:49,comparison_condition_mlp_adaptive_20260328_190349,mlp_adaptive,21,21,1543970182,167164485,mlp_adaptive,feedforward,25,1.4935553177642822,1.4651136474609374,0.626,,,,,,,,,,,10000.0,
2026-03-29T00:16:15,comparison_condition_mlp_adaptive_20260328_190349,mlp_adaptive,22,22,407960426,1797594736,mlp_adaptive,feedforward,1,2.287560334625244,2.2795913047790526,0.1601,,,,,,,,,,,10000.0,
2026-03-29T00:16:36,comparison_condition_mlp_adaptive_20260328_190349,mlp_adaptive,22,22,407960426,1797594736,mlp_adaptive,feedforward,2,2.273815719985962,2.269479136657715,0.1409,,,,,,,,,,,10000.0,
2026-03-29T00:16:58,comparison_condition_mlp_adaptive_20260328_190349,mlp_adaptive,22,22,407960426,1797594736,mlp_adaptive,feedforward,3,2.2646195685577393,2.261652614212036,0.1607,,,,,,,,,,,10000.0,
2026-03-29T00:17:18,comparison_condition_mlp_adaptive_20260328_190349,mlp_adaptive,22,22,407960426,1797594736,mlp_adaptive,feedforward,4,2.257021567153931,2.2540480766296387,0.251,,,,,,,,,,,10000.0,
2026-03-29T00:17:39,comparison_condition_mlp_adaptive_20260328_190349,mlp_adaptive,22,22,407960426,1797594736,mlp_adaptive,feedforward,5,2.249493078155518,2.2465017879486084,0.2243,,,,,,,,,,,10000.0,
2026-03-29T00:17:59,comparison_condition_mlp_adaptive_20260328_190349,mlp_adaptive,22,22,407960426,1797594736,mlp_adaptive,feedforward,6,2.241552592010498,2.2381719703674317,0.2445,,,,,,,,,,,10000.0,
2026-03-29T00:18:17,comparison_condition_mlp_adaptive_20260328_190349,mlp_adaptive,22,22,407960426,1797594736,mlp_adaptive,feedforward,7,2.2328691290283205,2.2291632831573485,0.2939,,,,,,,,,,,10000.0,
2026-03-29T00:18:36,comparison_condition_mlp_adaptive_20260328_190349,mlp_adaptive,22,22,407960426,1797594736,mlp_adaptive,feedforward,8,2.223155001449585,2.218856827545166,0.3082,,,,,,,,,,,10000.0,
2026-03-29T00:18:53,comparison_condition_mlp_adaptive_20260328_190349,mlp_adaptive,22,22,407960426,1797594736,mlp_adaptive,feedforward,9,2.211813770904541,2.2069508365631103,0.3543,,,,,,,,,,,10000.0,
2026-03-29T00:19:09,comparison_condition_mlp_adaptive_20260328_190349,mlp_adaptive,22,22,407960426,1797594736,mlp_adaptive,feedforward,10,2.198873960647583,2.1929163291931153,0.3806,,,,,,,,,,,10000.0,
2026-03-29T00:19:26,comparison_condition_mlp_adaptive_20260328_190349,mlp_adaptive,22,22,407960426,1797594736,mlp_adaptive,feedforward,11,2.1840675511932375,2.1774640747070313,0.4329,,,,,,,,,,,10000.0,
2026-03-29T00:19:43,comparison_condition_mlp_adaptive_20260328_190349,mlp_adaptive,22,22,407960426,1797594736,mlp_adaptive,feedforward,12,2.1671319306182864,2.1593626319885253,0.4486,,,,,,,,,,,10000.0,
2026-03-29T00:19:59,comparison_condition_mlp_adaptive_20260328_190349,mlp_adaptive,22,22,407960426,1797594736,mlp_adaptive,feedforward,13,2.1470024047088625,2.13823397026062,0.4708,,,,,,,,,,,10000.0,
2026-03-29T00:20:16,comparison_condition_mlp_adaptive_20260328_190349,mlp_adaptive,22,22,407960426,1797594736,mlp_adaptive,feedforward,14,2.124082438812256,2.1132208644866943,0.4675,,,,,,,,,,,10000.0,
2026-03-29T00:20:33,comparison_condition_mlp_adaptive_20260328_190349,mlp_adaptive,22,22,407960426,1797594736,mlp_adaptive,feedforward,15,2.09731330368042,2.0851533416748045,0.5001,,,,,,,,,,,10000.0,
2026-03-29T00:20:49,comparison_condition_mlp_adaptive_20260328_190349,mlp_adaptive,22,22,407960426,1797594736,mlp_adaptive,feedforward,16,2.0665601443481445,2.052552294921875,0.5131,,,,,,,,,,,10000.0,
2026-03-29T00:21:06,comparison_condition_mlp_adaptive_20260328_190349,mlp_adaptive,22,22,407960426,1797594736,mlp_adaptive,feedforward,17,2.0314877671051024,2.0153307174682618,0.5323,,,,,,,,,,,10000.0,
2026-03-29T00:21:23,comparison_condition_mlp_adaptive_20260328_190349,mlp_adaptive,22,22,407960426,1797594736,mlp_adaptive,feedforward,18,1.991066439590454,1.9722643093109131,0.5267,,,,,,,,,,,10000.0,
2026-03-29T00:21:42,comparison_condition_mlp_adaptive_20260328_190349,mlp_adaptive,22,22,407960426,1797594736,mlp_adaptive,feedforward,19,1.9454549599456787,1.9251655410766602,0.546,,,,,,,,,,,10000.0,
2026-03-29T00:22:00,comparison_condition_mlp_adaptive_20260328_190349,mlp_adaptive,22,22,407960426,1797594736,mlp_adaptive,feedforward,20,1.8949486367797852,1.8722814889907837,0.5656,,,,,,,,,,,10000.0,
2026-03-29T00:22:19,comparison_condition_mlp_adaptive_20260328_190349,mlp_adaptive,22,22,407960426,1797594736,mlp_adaptive,feedforward,21,1.8395434023284911,1.815465661048889,0.5788,,,,,,,,,,,10000.0,
2026-03-29T00:22:37,comparison_condition_mlp_adaptive_20260328_190349,mlp_adaptive,22,22,407960426,1797594736,mlp_adaptive,feedforward,22,1.7802395600128174,1.7547855392456055,0.589,,,,,,,,,,,10000.0,
2026-03-29T00:22:54,comparison_condition_mlp_adaptive_20260328_190349,mlp_adaptive,22,22,407960426,1797594736,mlp_adaptive,feedforward,23,1.7187931536865235,1.6938783292770385,0.5982,,,,,,,,,,,10000.0,
2026-03-29T00:23:10,comparison_condition_mlp_adaptive_20260328_190349,mlp_adaptive,22,22,407960426,1797594736,mlp_adaptive,feedforward,24,1.6564978748703003,1.6313390424728393,0.6033,,,,,,,,,,,10000.0,
2026-03-29T00:23:30,comparison_condition_mlp_adaptive_20260328_190349,mlp_adaptive,22,22,407960426,1797594736,mlp_adaptive,feedforward,25,1.594003441772461,1.569911861038208,0.6164,,,,,,,,,,,10000.0,
2026-03-29T00:23:54,comparison_condition_mlp_adaptive_20260328_190349,mlp_adaptive,23,23,733495427,691573102,mlp_adaptive,feedforward,1,2.2875582571411135,2.2772707386016844,0.1942,,,,,,,,,,,10000.0,
2026-03-29T00:24:11,comparison_condition_mlp_adaptive_20260328_190349,mlp_adaptive,23,23,733495427,691573102,mlp_adaptive,feedforward,2,2.2708543580627443,2.2640753818511965,0.2098,,,,,,,,,,,10000.0,
2026-03-29T00:24:28,comparison_condition_mlp_adaptive_20260328_190349,mlp_adaptive,23,23,733495427,691573102,mlp_adaptive,feedforward,3,2.2588869245147705,2.252781388092041,0.242,,,,,,,,,,,10000.0,
2026-03-29T00:24:45,comparison_condition_mlp_adaptive_20260328_190349,mlp_adaptive,23,23,733495427,691573102,mlp_adaptive,feedforward,4,2.247664269485474,2.2414308532714844,0.2897,,,,,,,,,,,10000.0,
2026-03-29T00:25:02,comparison_condition_mlp_adaptive_20260328_190349,mlp_adaptive,23,23,733495427,691573102,mlp_adaptive,feedforward,5,2.2366622814178467,2.2303393741607667,0.3164,,,,,,,,,,,10000.0,
2026-03-29T00:25:18,comparison_condition_mlp_adaptive_20260328_190349,mlp_adaptive,23,23,733495427,691573102,mlp_adaptive,feedforward,6,2.2247316345214845,2.2178645797729493,0.3611,,,,,,,,,,,10000.0,
2026-03-29T00:25:36,comparison_condition_mlp_adaptive_20260328_190349,mlp_adaptive,23,23,733495427,691573102,mlp_adaptive,feedforward,7,2.211346859512329,2.2036142990112304,0.3516,,,,,,,,,,,10000.0,
2026-03-29T00:25:54,comparison_condition_mlp_adaptive_20260328_190349,mlp_adaptive,23,23,733495427,691573102,mlp_adaptive,feedforward,8,2.196245185928345,2.1872819496154787,0.4021,,,,,,,,,,,10000.0,
2026-03-29T00:26:12,comparison_condition_mlp_adaptive_20260328_190349,mlp_adaptive,23,23,733495427,691573102,mlp_adaptive,feedforward,9,2.1789023558044436,2.1689372989654543,0.3991,,,,,,,,,,,10000.0,
2026-03-29T00:26:30,comparison_condition_mlp_adaptive_20260328_190349,mlp_adaptive,23,23,733495427,691573102,mlp_adaptive,feedforward,10,2.159137466888428,2.1479039119720458,0.4448,,,,,,,,,,,10000.0,
2026-03-29T00:26:46,comparison_condition_mlp_adaptive_20260328_190349,mlp_adaptive,23,23,733495427,691573102,mlp_adaptive,feedforward,11,2.136091919555664,2.12301704826355,0.454,,,,,,,,,,,10000.0,
2026-03-29T00:27:02,comparison_condition_mlp_adaptive_20260328_190349,mlp_adaptive,23,23,733495427,691573102,mlp_adaptive,feedforward,12,2.1099689234924317,2.0949456615448,0.4617,,,,,,,,,,,10000.0,
2026-03-29T00:27:19,comparison_condition_mlp_adaptive_20260328_190349,mlp_adaptive,23,23,733495427,691573102,mlp_adaptive,feedforward,13,2.08011188583374,2.0633726123809812,0.4842,,,,,,,,,,,10000.0,
2026-03-29T00:27:36,comparison_condition_mlp_adaptive_20260328_190349,mlp_adaptive,23,23,733495427,691573102,mlp_adaptive,feedforward,14,2.046089851608276,2.027303353500366,0.4893,,,,,,,,,,,10000.0,
2026-03-29T00:27:52,comparison_condition_mlp_adaptive_20260328_190349,mlp_adaptive,23,23,733495427,691573102,mlp_adaptive,feedforward,15,2.007799024658203,1.9870974336624145,0.5158,,,,,,,,,,,10000.0,
2026-03-29T00:28:09,comparison_condition_mlp_adaptive_20260328_190349,mlp_adaptive,23,23,733495427,691573102,mlp_adaptive,feedforward,16,1.9657714070892334,1.9430197334289552,0.5243,,,,,,,,,,,10000.0,
2026-03-29T00:28:25,comparison_condition_mlp_adaptive_20260328_190349,mlp_adaptive,23,23,733495427,691573102,mlp_adaptive,feedforward,17,1.9198569425201415,1.8950276927947998,0.5391,,,,,,,,,,,10000.0,
2026-03-29T00:28:41,comparison_condition_mlp_adaptive_20260328_190349,mlp_adaptive,23,23,733495427,691573102,mlp_adaptive,feedforward,18,1.8702079500961304,1.843639923286438,0.5564,,,,,,,,,,,10000.0,
2026-03-29T00:28:58,comparison_condition_mlp_adaptive_20260328_190349,mlp_adaptive,23,23,733495427,691573102,mlp_adaptive,feedforward,19,1.8171459369277954,1.7888682371139526,0.5716,,,,,,,,,,,10000.0,
2026-03-29T00:29:14,comparison_condition_mlp_adaptive_20260328_190349,mlp_adaptive,23,23,733495427,691573102,mlp_adaptive,feedforward,20,1.7613726944732666,1.7314196914672852,0.5806,,,,,,,,,,,10000.0,
2026-03-29T00:29:30,comparison_condition_mlp_adaptive_20260328_190349,mlp_adaptive,23,23,733495427,691573102,mlp_adaptive,feedforward,21,1.7029125826644897,1.67183712310791,0.597,,,,,,,,,,,10000.0,
2026-03-29T00:29:47,comparison_condition_mlp_adaptive_20260328_190349,mlp_adaptive,23,23,733495427,691573102,mlp_adaptive,feedforward,22,1.6431991220855713,1.611763187789917,0.6048,,,,,,,,,,,10000.0,
2026-03-29T00:30:03,comparison_condition_mlp_adaptive_20260328_190349,mlp_adaptive,23,23,733495427,691573102,mlp_adaptive,feedforward,23,1.583124285850525,1.5514677242279054,0.6185,,,,,,,,,,,10000.0,
2026-03-29T00:30:20,comparison_condition_mlp_adaptive_20260328_190349,mlp_adaptive,23,23,733495427,691573102,mlp_adaptive,feedforward,24,1.5235450373840331,1.4919542930603027,0.6281,,,,,,,,,,,10000.0,
2026-03-29T00:30:36,comparison_condition_mlp_adaptive_20260328_190349,mlp_adaptive,23,23,733495427,691573102,mlp_adaptive,feedforward,25,1.464784926147461,1.4338557672500611,0.6382,,,,,,,,,,,10000.0,
2026-03-29T00:31:00,comparison_condition_mlp_adaptive_20260328_190349,mlp_adaptive,24,24,50511425,985348261,mlp_adaptive,feedforward,1,2.288523822860718,2.278823265838623,0.157,,,,,,,,,,,10000.0,
2026-03-29T00:31:19,comparison_condition_mlp_adaptive_20260328_190349,mlp_adaptive,24,24,50511425,985348261,mlp_adaptive,feedforward,2,2.274503019104004,2.267746277999878,0.1902,,,,,,,,,,,10000.0,
2026-03-29T00:31:36,comparison_condition_mlp_adaptive_20260328_190349,mlp_adaptive,24,24,50511425,985348261,mlp_adaptive,feedforward,3,2.2646528340148926,2.2580785655975344,0.2038,,,,,,,,,,,10000.0,
2026-03-29T00:31:53,comparison_condition_mlp_adaptive_20260328_190349,mlp_adaptive,24,24,50511425,985348261,mlp_adaptive,feedforward,4,2.2551053602600097,2.2487931461334227,0.2965,,,,,,,,,,,10000.0,
2026-03-29T00:32:09,comparison_condition_mlp_adaptive_20260328_190349,mlp_adaptive,24,24,50511425,985348261,mlp_adaptive,feedforward,5,2.245730500793457,2.238511186981201,0.3014,,,,,,,,,,,10000.0,
2026-03-29T00:32:26,comparison_condition_mlp_adaptive_20260328_190349,mlp_adaptive,24,24,50511425,985348261,mlp_adaptive,feedforward,6,2.235212393951416,2.227595891571045,0.3268,,,,,,,,,,,10000.0,
2026-03-29T00:32:42,comparison_condition_mlp_adaptive_20260328_190349,mlp_adaptive,24,24,50511425,985348261,mlp_adaptive,feedforward,7,2.224364879760742,2.2160047912597656,0.4135,,,,,,,,,,,10000.0,
2026-03-29T00:32:58,comparison_condition_mlp_adaptive_20260328_190349,mlp_adaptive,24,24,50511425,985348261,mlp_adaptive,feedforward,8,2.212006544342041,2.2029182163238525,0.4215,,,,,,,,,,,10000.0,
2026-03-29T00:33:14,comparison_condition_mlp_adaptive_20260328_190349,mlp_adaptive,24,24,50511425,985348261,mlp_adaptive,feedforward,9,2.198344625091553,2.188169271850586,0.4501,,,,,,,,,,,10000.0,
2026-03-29T00:33:30,comparison_condition_mlp_adaptive_20260328_190349,mlp_adaptive,24,24,50511425,985348261,mlp_adaptive,feedforward,10,2.1828696421813967,2.1711059410095217,0.4547,,,,,,,,,,,10000.0,
2026-03-29T00:33:47,comparison_condition_mlp_adaptive_20260328_190349,mlp_adaptive,24,24,50511425,985348261,mlp_adaptive,feedforward,11,2.1649316582489013,2.151646489715576,0.4777,,,,,,,,,,,10000.0,
2026-03-29T00:34:03,comparison_condition_mlp_adaptive_20260328_190349,mlp_adaptive,24,24,50511425,985348261,mlp_adaptive,feedforward,12,2.144451111907959,2.1293219165802,0.4867,,,,,,,,,,,10000.0,
2026-03-29T00:34:20,comparison_condition_mlp_adaptive_20260328_190349,mlp_adaptive,24,24,50511425,985348261,mlp_adaptive,feedforward,13,2.121010163116455,2.1041744338989257,0.5166,,,,,,,,,,,10000.0,
2026-03-29T00:34:36,comparison_condition_mlp_adaptive_20260328_190349,mlp_adaptive,24,24,50511425,985348261,mlp_adaptive,feedforward,14,2.094216715774536,2.0739486541748047,0.5128,,,,,,,,,,,10000.0,
2026-03-29T00:34:54,comparison_condition_mlp_adaptive_20260328_190349,mlp_adaptive,24,24,50511425,985348261,mlp_adaptive,feedforward,15,2.062805191192627,2.040004287338257,0.5327,,,,,,,,,,,10000.0,
2026-03-29T00:35:11,comparison_condition_mlp_adaptive_20260328_190349,mlp_adaptive,24,24,50511425,985348261,mlp_adaptive,feedforward,16,2.0267427420806885,2.000675776672363,0.5246,,,,,,,,,,,10000.0,
2026-03-29T00:35:29,comparison_condition_mlp_adaptive_20260328_190349,mlp_adaptive,24,24,50511425,985348261,mlp_adaptive,feedforward,17,1.9855160888671874,1.956377935028076,0.535,,,,,,,,,,,10000.0,
2026-03-29T00:35:45,comparison_condition_mlp_adaptive_20260328_190349,mlp_adaptive,24,24,50511425,985348261,mlp_adaptive,feedforward,18,1.9392562369537354,1.9062601188659667,0.5397,,,,,,,,,,,10000.0,
2026-03-29T00:36:02,comparison_condition_mlp_adaptive_20260328_190349,mlp_adaptive,24,24,50511425,985348261,mlp_adaptive,feedforward,19,1.887818787536621,1.8511817073822021,0.55,,,,,,,,,,,10000.0,
2026-03-29T00:36:19,comparison_condition_mlp_adaptive_20260328_190349,mlp_adaptive,24,24,50511425,985348261,mlp_adaptive,feedforward,20,1.8312265879058838,1.7913828533172607,0.5611,,,,,,,,,,,10000.0,
2026-03-29T00:36:36,comparison_condition_mlp_adaptive_20260328_190349,mlp_adaptive,24,24,50511425,985348261,mlp_adaptive,feedforward,21,1.7704265827178955,1.7273830177307128,0.5709,,,,,,,,,,,10000.0,
2026-03-29T00:36:54,comparison_condition_mlp_adaptive_20260328_190349,mlp_adaptive,24,24,50511425,985348261,mlp_adaptive,feedforward,22,1.7066280681610106,1.6613926889419555,0.5791,,,,,,,,,,,10000.0,
2026-03-29T00:37:14,comparison_condition_mlp_adaptive_20260328_190349,mlp_adaptive,24,24,50511425,985348261,mlp_adaptive,feedforward,23,1.640815986251831,1.5951933088302612,0.5895,,,,,,,,,,,10000.0,
2026-03-29T00:37:32,comparison_condition_mlp_adaptive_20260328_190349,mlp_adaptive,24,24,50511425,985348261,mlp_adaptive,feedforward,24,1.575993313369751,1.5295953931808473,0.5984,,,,,,,,,,,10000.0,
2026-03-29T00:37:49,comparison_condition_mlp_adaptive_20260328_190349,mlp_adaptive,24,24,50511425,985348261,mlp_adaptive,feedforward,25,1.5115222385787963,1.464944164276123,0.6087,,,,,,,,,,,10000.0,
2026-03-29T00:38:11,comparison_condition_mlp_adaptive_20260328_190349,mlp_adaptive,25,25,729108864,57702956,mlp_adaptive,feedforward,1,2.2836944242858888,2.2705309982299804,0.2288,,,,,,,,,,,10000.0,
2026-03-29T00:38:28,comparison_condition_mlp_adaptive_20260328_190349,mlp_adaptive,25,25,729108864,57702956,mlp_adaptive,feedforward,2,2.265174158935547,2.2576243461608887,0.257,,,,,,,,,,,10000.0,
2026-03-29T00:38:46,comparison_condition_mlp_adaptive_20260328_190349,mlp_adaptive,25,25,729108864,57702956,mlp_adaptive,feedforward,3,2.25417812789917,2.24735343208313,0.2606,,,,,,,,,,,10000.0,
2026-03-29T00:39:03,comparison_condition_mlp_adaptive_20260328_190349,mlp_adaptive,25,25,729108864,57702956,mlp_adaptive,feedforward,4,2.2444033428955077,2.2375454177856446,0.3047,,,,,,,,,,,10000.0,
2026-03-29T00:39:21,comparison_condition_mlp_adaptive_20260328_190349,mlp_adaptive,25,25,729108864,57702956,mlp_adaptive,feedforward,5,2.234471136932373,2.2271984901428223,0.3536,,,,,,,,,,,10000.0,
2026-03-29T00:39:38,comparison_condition_mlp_adaptive_20260328_190349,mlp_adaptive,25,25,729108864,57702956,mlp_adaptive,feedforward,6,2.223421031036377,2.215206346511841,0.3816,,,,,,,,,,,10000.0,
2026-03-29T00:39:54,comparison_condition_mlp_adaptive_20260328_190349,mlp_adaptive,25,25,729108864,57702956,mlp_adaptive,feedforward,7,2.211251478424072,2.202882759475708,0.4174,,,,,,,,,,,10000.0,
2026-03-29T00:40:11,comparison_condition_mlp_adaptive_20260328_190349,mlp_adaptive,25,25,729108864,57702956,mlp_adaptive,feedforward,8,2.1976048876953125,2.187215665435791,0.4145,,,,,,,,,,,10000.0,
2026-03-29T00:40:30,comparison_condition_mlp_adaptive_20260328_190349,mlp_adaptive,25,25,729108864,57702956,mlp_adaptive,feedforward,9,2.1821068997955324,2.1709772983551026,0.4485,,,,,,,,,,,10000.0,
2026-03-29T00:40:51,comparison_condition_mlp_adaptive_20260328_190349,mlp_adaptive,25,25,729108864,57702956,mlp_adaptive,feedforward,10,2.1648209355163575,2.152074640655518,0.4734,,,,,,,,,,,10000.0,
2026-03-29T00:41:09,comparison_condition_mlp_adaptive_20260328_190349,mlp_adaptive,25,25,729108864,57702956,mlp_adaptive,feedforward,11,2.1453068379211424,2.1308090370178223,0.4945,,,,,,,,,,,10000.0,
2026-03-29T00:41:28,comparison_condition_mlp_adaptive_20260328_190349,mlp_adaptive,25,25,729108864,57702956,mlp_adaptive,feedforward,12,2.1229878620147704,2.1071563735961916,0.5199,,,,,,,,,,,10000.0,
2026-03-29T00:41:44,comparison_condition_mlp_adaptive_20260328_190349,mlp_adaptive,25,25,729108864,57702956,mlp_adaptive,feedforward,13,2.0981028145599363,2.0803562229156496,0.5291,,,,,,,,,,,10000.0,
2026-03-29T00:42:00,comparison_condition_mlp_adaptive_20260328_190349,mlp_adaptive,25,25,729108864,57702956,mlp_adaptive,feedforward,14,2.069632583770752,2.0492154064178467,0.5386,,,,,,,,,,,10000.0,
2026-03-29T00:42:17,comparison_condition_mlp_adaptive_20260328_190349,mlp_adaptive,25,25,729108864,57702956,mlp_adaptive,feedforward,15,2.037389113922119,2.014188399887085,0.5432,,,,,,,,,,,10000.0,
2026-03-29T00:42:33,comparison_condition_mlp_adaptive_20260328_190349,mlp_adaptive,25,25,729108864,57702956,mlp_adaptive,feedforward,16,2.0006642813110354,1.974510926437378,0.5532,,,,,,,,,,,10000.0,
2026-03-29T00:42:49,comparison_condition_mlp_adaptive_20260328_190349,mlp_adaptive,25,25,729108864,57702956,mlp_adaptive,feedforward,17,1.9591907077789306,1.9302055253982544,0.5622,,,,,,,,,,,10000.0,
2026-03-29T00:43:05,comparison_condition_mlp_adaptive_20260328_190349,mlp_adaptive,25,25,729108864,57702956,mlp_adaptive,feedforward,18,1.91359904045105,1.88256390209198,0.5745,,,,,,,,,,,10000.0,
2026-03-29T00:43:21,comparison_condition_mlp_adaptive_20260328_190349,mlp_adaptive,25,25,729108864,57702956,mlp_adaptive,feedforward,19,1.863892474899292,1.8282107543945312,0.5718,,,,,,,,,,,10000.0,
2026-03-29T00:43:38,comparison_condition_mlp_adaptive_20260328_190349,mlp_adaptive,25,25,729108864,57702956,mlp_adaptive,feedforward,20,1.808338523864746,1.7715167770385742,0.5955,,,,,,,,,,,10000.0,
2026-03-29T00:43:54,comparison_condition_mlp_adaptive_20260328_190349,mlp_adaptive,25,25,729108864,57702956,mlp_adaptive,feedforward,21,1.7506373273086548,1.7120766105651855,0.5945,,,,,,,,,,,10000.0,
2026-03-29T00:44:10,comparison_condition_mlp_adaptive_20260328_190349,mlp_adaptive,25,25,729108864,57702956,mlp_adaptive,feedforward,22,1.6917470138549804,1.6515591758728028,0.6024,,,,,,,,,,,10000.0,
2026-03-29T00:44:26,comparison_condition_mlp_adaptive_20260328_190349,mlp_adaptive,25,25,729108864,57702956,mlp_adaptive,feedforward,23,1.6305226372528077,1.5892654363632202,0.6155,,,,,,,,,,,10000.0,
2026-03-29T00:44:42,comparison_condition_mlp_adaptive_20260328_190349,mlp_adaptive,25,25,729108864,57702956,mlp_adaptive,feedforward,24,1.5690543630218505,1.5277772178649902,0.631,,,,,,,,,,,10000.0,
2026-03-29T00:44:58,comparison_condition_mlp_adaptive_20260328_190349,mlp_adaptive,25,25,729108864,57702956,mlp_adaptive,feedforward,25,1.5077721080780029,1.4660558488845825,0.6348,,,,,,,,,,,10000.0,
