timestamp,experiment_id,condition_id,run_index,trial_index,run_seed,mask_seed,model_id,schematic,epoch,train_loss,val_loss,val_acc,train_cert_rate,train_tau_mean,train_recurrent_scale_mean,train_recurrent_shrink_rate,train_rho_mean,val_cert_rate,val_tau_mean,val_recurrent_scale_mean,val_recurrent_shrink_rate,val_rho_mean,k_total_target,hh_density_target
2026-03-27T15:33:50,comparison_condition_crp_adaptive_full_init_20260327_153327,crp_adaptive_full_init,1,1,894684355,1573429661,crp_adaptive,base,1,2.28143525932312,2.267381566238403,0.1646,0.99976,8.93934,1.0,0.0,0.9990000128746033,0.9997,8.8155,1.0,0.0,0.9990000128746033,10000.0,
2026-03-27T15:34:12,comparison_condition_crp_adaptive_full_init_20260327_153327,crp_adaptive_full_init,1,1,894684355,1573429661,crp_adaptive,base,2,2.260131061706543,2.251465093612671,0.2164,0.99992,9.00034,1.0,0.0,0.9990000128746033,0.9999,9.2558,1.0,0.0,0.9990000128746033,10000.0,
2026-03-27T15:34:36,comparison_condition_crp_adaptive_full_init_20260327_153327,crp_adaptive_full_init,1,1,894684355,1573429661,crp_adaptive,base,3,2.245875718612671,2.2376276359558105,0.2627,0.99972,9.32768,1.0,0.0,0.9990000128746033,0.9999,9.5009,1.0,0.0,0.9990000128746033,10000.0,
2026-03-27T15:34:59,comparison_condition_crp_adaptive_full_init_20260327_153327,crp_adaptive_full_init,1,1,894684355,1573429661,crp_adaptive,base,4,2.23154660446167,2.222325286483765,0.2874,0.99984,9.5527,1.0,0.0,0.9990000128746033,0.9996,9.5466,1.0,0.0,0.9990000128746033,10000.0,
2026-03-27T15:35:23,comparison_condition_crp_adaptive_full_init_20260327_153327,crp_adaptive_full_init,1,1,894684355,1573429661,crp_adaptive,base,5,2.2161978271484375,2.2059490314483643,0.3092,0.99972,9.61462,1.0,0.0,0.9990000128746033,0.9996,9.5732,1.0,0.0,0.9990000128746033,10000.0,
2026-03-27T15:35:47,comparison_condition_crp_adaptive_full_init_20260327_153327,crp_adaptive_full_init,1,1,894684355,1573429661,crp_adaptive,base,6,2.1982142573547363,2.1862796253204344,0.3696,0.99966,9.61026,1.0,0.0,0.9990000128746033,0.9992,9.6573,1.0,0.0,0.9990000128746033,10000.0,
2026-03-27T15:36:11,comparison_condition_crp_adaptive_full_init_20260327_153327,crp_adaptive_full_init,1,1,894684355,1573429661,crp_adaptive,base,7,2.1771818606567384,2.1634378032684327,0.3788,0.99978,9.66598,1.0,0.0,0.9990000128746033,0.9998,9.6084,1.0,0.0,0.9990000128746033,10000.0,
2026-03-27T15:36:35,comparison_condition_crp_adaptive_full_init_20260327_153327,crp_adaptive_full_init,1,1,894684355,1573429661,crp_adaptive,base,8,2.1525019633483886,2.136641219711304,0.42,0.99972,9.64676,1.0,0.0,0.9990000128746033,1.0,9.6523,1.0,0.0,0.9990000128746033,10000.0,
2026-03-27T15:37:00,comparison_condition_crp_adaptive_full_init_20260327_153327,crp_adaptive_full_init,1,1,894684355,1573429661,crp_adaptive,base,9,2.123779827270508,2.105614641571045,0.4362,0.99966,9.6513,1.0,0.0,0.9990000128746033,0.9998,9.6399,1.0,0.0,0.9990000128746033,10000.0,
2026-03-27T15:37:26,comparison_condition_crp_adaptive_full_init_20260327_153327,crp_adaptive_full_init,1,1,894684355,1573429661,crp_adaptive,base,10,2.0906522963714598,2.069602709579468,0.4497,0.99972,9.64598,1.0,0.0,0.9990000128746033,1.0,9.6231,1.0,0.0,0.9990000128746033,10000.0,
2026-03-27T15:37:52,comparison_condition_crp_adaptive_full_init_20260327_153327,crp_adaptive_full_init,1,1,894684355,1573429661,crp_adaptive,base,11,2.053161775512695,2.029912070083618,0.4835,0.9998,9.6188,1.0,0.0,0.9990000128746033,0.9999,9.6289,1.0,0.0,0.9990000128746033,10000.0,
2026-03-27T15:38:25,comparison_condition_crp_adaptive_full_init_20260327_153327,crp_adaptive_full_init,1,1,894684355,1573429661,crp_adaptive,base,12,2.0104036460876467,1.9825134935379027,0.4914,0.99966,9.63364,1.0,0.0,0.9990000128746033,0.9997,9.6167,1.0,0.0,0.9990000128746033,10000.0,
2026-03-27T15:38:58,comparison_condition_crp_adaptive_full_init_20260327_153327,crp_adaptive_full_init,1,1,894684355,1573429661,crp_adaptive,base,13,1.9607351879882813,1.9303557987213136,0.5029,0.99974,9.63942,1.0,0.0,0.9990000128746033,1.0,9.6061,1.0,0.0,0.9990000128746033,10000.0,
2026-03-27T15:39:30,comparison_condition_crp_adaptive_full_init_20260327_153327,crp_adaptive_full_init,1,1,894684355,1573429661,crp_adaptive,base,14,1.906357681274414,1.8738931663513183,0.5249,0.99974,9.63968,1.0,0.0,0.9990000128746033,0.9998,9.6491,1.0,0.0,0.9990000128746033,10000.0,
2026-03-27T15:40:05,comparison_condition_crp_adaptive_full_init_20260327_153327,crp_adaptive_full_init,1,1,894684355,1573429661,crp_adaptive,base,15,1.8476890704727174,1.8125053802490234,0.541,0.99972,9.65816,1.0,0.0,0.9990000128746033,1.0,9.6649,1.0,0.0,0.9990000128746033,10000.0,
2026-03-27T15:40:43,comparison_condition_crp_adaptive_full_init_20260327_153327,crp_adaptive_full_init,1,1,894684355,1573429661,crp_adaptive,base,16,1.7843709887313843,1.7466525791168213,0.5577,0.99992,9.68944,1.0,0.0,0.9990000128746033,1.0,9.7264,1.0,0.0,0.9990000128746033,10000.0,
2026-03-27T15:41:18,comparison_condition_crp_adaptive_full_init_20260327_153327,crp_adaptive_full_init,1,1,894684355,1573429661,crp_adaptive,base,17,1.7170216467666626,1.6785787107467651,0.5736,0.99974,9.77764,1.0,0.0,0.9990000128746033,0.9999,9.8202,1.0,0.0,0.9990000128746033,10000.0,
2026-03-27T15:41:52,comparison_condition_crp_adaptive_full_init_20260327_153327,crp_adaptive_full_init,1,1,894684355,1573429661,crp_adaptive,base,18,1.648830168838501,1.6102155284881592,0.5874,0.9998,9.9383,1.0,0.0,0.9990000128746033,0.9999,10.0545,1.0,0.0,0.9990000128746033,10000.0,
2026-03-27T15:42:24,comparison_condition_crp_adaptive_full_init_20260327_153327,crp_adaptive_full_init,1,1,894684355,1573429661,crp_adaptive,base,19,1.5799464986038207,1.541731615257263,0.6055,0.9998,10.20624,1.0,0.0,0.9990000128746033,1.0,10.3595,1.0,0.0,0.9990000128746033,10000.0,
2026-03-27T15:42:58,comparison_condition_crp_adaptive_full_init_20260327_153327,crp_adaptive_full_init,1,1,894684355,1573429661,crp_adaptive,base,20,1.5125252890777587,1.4758203229904174,0.6129,0.99978,10.5938,1.0,0.0,0.9990000128746033,0.9997,10.7463,1.0,0.0,0.9990000128746033,10000.0,
2026-03-27T15:43:30,comparison_condition_crp_adaptive_full_init_20260327_153327,crp_adaptive_full_init,1,1,894684355,1573429661,crp_adaptive,base,21,1.448252565536499,1.4132510375976564,0.6265,0.99988,11.02906,1.0,0.0,0.9990000128746033,0.9996,11.2057,1.0,0.0,0.9990000128746033,10000.0,
2026-03-27T15:44:02,comparison_condition_crp_adaptive_full_init_20260327_153327,crp_adaptive_full_init,1,1,894684355,1573429661,crp_adaptive,base,22,1.3873474977874756,1.3549749765396117,0.6361,0.99972,11.53262,1.0,0.0,0.9990000128746033,0.9999,11.7578,1.0,0.0,0.9990000128746033,10000.0,
2026-03-27T15:44:35,comparison_condition_crp_adaptive_full_init_20260327_153327,crp_adaptive_full_init,1,1,894684355,1573429661,crp_adaptive,base,23,1.3304661213684081,1.300283444404602,0.6477,0.99974,12.05646,1.0,0.0,0.9990000128746033,0.9997,12.3264,1.0,0.0,0.9990000128746033,10000.0,
2026-03-27T15:45:10,comparison_condition_crp_adaptive_full_init_20260327_153327,crp_adaptive_full_init,1,1,894684355,1573429661,crp_adaptive,base,24,1.277305896987915,1.2490525194168092,0.66,0.99982,12.63616,1.0,0.0,0.9990000128746033,0.9999,12.8702,1.0,0.0,0.9990000128746033,10000.0,
2026-03-27T15:45:44,comparison_condition_crp_adaptive_full_init_20260327_153327,crp_adaptive_full_init,1,1,894684355,1573429661,crp_adaptive,base,25,1.2275133742904663,1.2017173261642455,0.6693,0.99976,13.19128,1.0,0.0,0.9990000128746033,0.9995,13.4375,1.0,0.0,0.9990000128746033,10000.0,
2026-03-27T15:46:20,comparison_condition_crp_adaptive_full_init_20260327_153327,crp_adaptive_full_init,2,2,21838114,1761311798,crp_adaptive,base,1,2.285135979232788,2.272129940032959,0.2366,0.99932,9.20672,1.0,0.0,0.9990000128746033,0.9993,9.2474,1.0,0.0,0.9990000128746033,10000.0,
2026-03-27T15:46:51,comparison_condition_crp_adaptive_full_init_20260327_153327,crp_adaptive_full_init,2,2,21838114,1761311798,crp_adaptive,base,2,2.264561796722412,2.2576799209594727,0.2692,0.99932,9.28738,1.0,0.0,0.9990000128746033,0.9994,9.3338,1.0,0.0,0.9990000128746033,10000.0,
2026-03-27T15:47:22,comparison_condition_crp_adaptive_full_init_20260327_153327,crp_adaptive_full_init,2,2,21838114,1761311798,crp_adaptive,base,3,2.2512869956970216,2.2450789459228515,0.31,0.99916,9.35976,1.0,0.0,0.9990000128746033,0.9993,9.4078,1.0,0.0,0.9990000128746033,10000.0,
2026-03-27T15:47:54,comparison_condition_crp_adaptive_full_init_20260327_153327,crp_adaptive_full_init,2,2,21838114,1761311798,crp_adaptive,base,4,2.238230031890869,2.2316611892700196,0.345,0.99912,9.39928,1.0,0.0,0.9990000128746033,0.9989,9.4167,1.0,0.0,0.9990000128746033,10000.0,
2026-03-27T16:36:25,comparison_condition_crp_adaptive_full_init_20260327_153327,crp_adaptive_full_init,2,2,21838114,1761311798,crp_adaptive,base,5,2.223756303253174,2.216527474975586,0.3798,0.999,9.38846,1.0,0.0,0.9990000128746033,0.9998,9.3808,1.0,0.0,0.9990000128746033,10000.0,
2026-03-27T16:36:55,comparison_condition_crp_adaptive_full_init_20260327_153327,crp_adaptive_full_init,2,2,21838114,1761311798,crp_adaptive,base,6,2.2076133361053465,2.1995334133148194,0.3968,0.99926,9.36714,1.0,0.0,0.9990000128746033,0.9998,9.3373,1.0,0.0,0.9990000128746033,10000.0,
2026-03-27T16:37:25,comparison_condition_crp_adaptive_full_init_20260327_153327,crp_adaptive_full_init,2,2,21838114,1761311798,crp_adaptive,base,7,2.1886293260192873,2.179112526702881,0.415,0.99924,9.29526,1.0,0.0,0.9990000128746033,0.9995,9.2383,1.0,0.0,0.9990000128746033,10000.0,
2026-03-27T16:37:54,comparison_condition_crp_adaptive_full_init_20260327_153327,crp_adaptive_full_init,2,2,21838114,1761311798,crp_adaptive,base,8,2.166520120849609,2.155580006027222,0.4308,0.99928,9.18964,1.0,0.0,0.9990000128746033,0.9998,9.1722,1.0,0.0,0.9990000128746033,10000.0,
2026-03-27T16:38:23,comparison_condition_crp_adaptive_full_init_20260327_153327,crp_adaptive_full_init,2,2,21838114,1761311798,crp_adaptive,base,9,2.1410356520843505,2.12840304145813,0.4519,0.9993,9.1408,1.0,0.0,0.9990000128746033,0.9996,9.1207,1.0,0.0,0.9990000128746033,10000.0,
2026-03-27T16:38:51,comparison_condition_crp_adaptive_full_init_20260327_153327,crp_adaptive_full_init,2,2,21838114,1761311798,crp_adaptive,base,10,2.1116027138519287,2.0974449615478514,0.4609,0.99958,9.10504,1.0,0.0,0.9990000128746033,0.9997,9.1054,1.0,0.0,0.9990000128746033,10000.0,
2026-03-27T16:39:20,comparison_condition_crp_adaptive_full_init_20260327_153327,crp_adaptive_full_init,2,2,21838114,1761311798,crp_adaptive,base,11,2.0777970008087157,2.061760673522949,0.4758,0.99932,9.07972,1.0,0.0,0.9990000128746033,0.9993,9.0939,1.0,0.0,0.9990000128746033,10000.0,
2026-03-27T16:39:48,comparison_condition_crp_adaptive_full_init_20260327_153327,crp_adaptive_full_init,2,2,21838114,1761311798,crp_adaptive,base,12,2.039951970214844,2.022193137741089,0.4908,0.99944,9.06242,1.0,0.0,0.9990000128746033,0.9993,9.1058,1.0,0.0,0.9990000128746033,10000.0,
2026-03-27T16:40:16,comparison_condition_crp_adaptive_full_init_20260327_153327,crp_adaptive_full_init,2,2,21838114,1761311798,crp_adaptive,base,13,1.9978551043701172,1.978363761329651,0.4937,0.99934,9.06466,1.0,0.0,0.9990000128746033,0.9994,9.0861,1.0,0.0,0.9990000128746033,10000.0,
2026-03-27T16:40:44,comparison_condition_crp_adaptive_full_init_20260327_153327,crp_adaptive_full_init,2,2,21838114,1761311798,crp_adaptive,base,14,1.9517985556411743,1.9309406606674195,0.5023,0.99946,9.05692,1.0,0.0,0.9990000128746033,0.9996,9.0656,1.0,0.0,0.9990000128746033,10000.0,
2026-03-27T16:41:15,comparison_condition_crp_adaptive_full_init_20260327_153327,crp_adaptive_full_init,2,2,21838114,1761311798,crp_adaptive,base,15,1.9013268564605712,1.878177470779419,0.5176,0.99948,9.06868,1.0,0.0,0.9990000128746033,0.9995,9.1056,1.0,0.0,0.9990000128746033,10000.0,
2026-03-27T16:41:44,comparison_condition_crp_adaptive_full_init_20260327_153327,crp_adaptive_full_init,2,2,21838114,1761311798,crp_adaptive,base,16,1.8473597440338134,1.8236695531845093,0.5239,0.99954,9.07866,1.0,0.0,0.9990000128746033,0.9994,9.0957,1.0,0.0,0.9990000128746033,10000.0,
2026-03-27T16:42:12,comparison_condition_crp_adaptive_full_init_20260327_153327,crp_adaptive_full_init,2,2,21838114,1761311798,crp_adaptive,base,17,1.7914643185043335,1.7673969694137572,0.5389,0.99958,9.09472,1.0,0.0,0.9990000128746033,0.9996,9.1133,1.0,0.0,0.9990000128746033,10000.0,
2026-03-27T16:42:41,comparison_condition_crp_adaptive_full_init_20260327_153327,crp_adaptive_full_init,2,2,21838114,1761311798,crp_adaptive,base,18,1.7340615222549438,1.7097450561523437,0.5551,0.99946,9.12058,1.0,0.0,0.9990000128746033,0.9994,9.1513,1.0,0.0,0.9990000128746033,10000.0,
2026-03-27T16:43:09,comparison_condition_crp_adaptive_full_init_20260327_153327,crp_adaptive_full_init,2,2,21838114,1761311798,crp_adaptive,base,19,1.6750480544281006,1.6506850439071654,0.5651,0.99938,9.1566,1.0,0.0,0.9990000128746033,0.9996,9.1728,1.0,0.0,0.9990000128746033,10000.0,
2026-03-27T16:43:38,comparison_condition_crp_adaptive_full_init_20260327_153327,crp_adaptive_full_init,2,2,21838114,1761311798,crp_adaptive,base,20,1.6154578174591065,1.590655881690979,0.582,0.9993,9.19502,1.0,0.0,0.9990000128746033,0.9989,9.2376,1.0,0.0,0.9990000128746033,10000.0,
2026-03-27T16:44:07,comparison_condition_crp_adaptive_full_init_20260327_153327,crp_adaptive_full_init,2,2,21838114,1761311798,crp_adaptive,base,21,1.5550119876098634,1.531407667350769,0.6003,0.9996,9.23166,1.0,0.0,0.9990000128746033,0.9995,9.2668,1.0,0.0,0.9990000128746033,10000.0,
2026-03-27T16:44:36,comparison_condition_crp_adaptive_full_init_20260327_153327,crp_adaptive_full_init,2,2,21838114,1761311798,crp_adaptive,base,22,1.496155553855896,1.4735236700057983,0.6114,0.99964,9.26936,1.0,0.0,0.9990000128746033,0.9994,9.3003,1.0,0.0,0.9990000128746033,10000.0,
2026-03-27T16:45:04,comparison_condition_crp_adaptive_full_init_20260327_153327,crp_adaptive_full_init,2,2,21838114,1761311798,crp_adaptive,base,23,1.4385183835983277,1.4168275871276856,0.6242,0.99964,9.31788,1.0,0.0,0.9990000128746033,0.9997,9.3528,1.0,0.0,0.9990000128746033,10000.0,
2026-03-27T16:45:33,comparison_condition_crp_adaptive_full_init_20260327_153327,crp_adaptive_full_init,2,2,21838114,1761311798,crp_adaptive,base,24,1.3811568984222413,1.360177995300293,0.6467,0.99958,9.3777,1.0,0.0,0.9990000128746033,0.9995,9.4267,1.0,0.0,0.9990000128746033,10000.0,
2026-03-27T16:46:01,comparison_condition_crp_adaptive_full_init_20260327_153327,crp_adaptive_full_init,2,2,21838114,1761311798,crp_adaptive,base,25,1.3253999863052368,1.3057896059036256,0.6605,0.9996,9.4181,1.0,0.0,0.9990000128746033,0.9995,9.4678,1.0,0.0,0.9990000128746033,10000.0,
2026-03-27T16:46:36,comparison_condition_crp_adaptive_full_init_20260327_153327,crp_adaptive_full_init,3,3,1772117478,1724103795,crp_adaptive,base,1,2.2793631136322023,2.2671622146606447,0.2794,0.99828,9.2043,1.0,0.0,0.9990000128746033,0.9988,9.2583,1.0,0.0,0.9990000128746033,10000.0,
2026-03-27T16:47:14,comparison_condition_crp_adaptive_full_init_20260327_153327,crp_adaptive_full_init,3,3,1772117478,1724103795,crp_adaptive,base,2,2.257544095611572,2.2522519062042234,0.298,0.99806,9.24668,1.0,0.0,0.9990000128746033,0.9984,9.1952,1.0,0.0,0.9990000128746033,10000.0,
2026-03-27T16:47:44,comparison_condition_crp_adaptive_full_init_20260327_153327,crp_adaptive_full_init,3,3,1772117478,1724103795,crp_adaptive,base,3,2.2433879430389405,2.2385456958770753,0.3747,0.99868,9.19722,1.0,0.0,0.9990000128746033,0.9985,9.3394,1.0,0.0,0.9990000128746033,10000.0,
2026-03-27T16:48:21,comparison_condition_crp_adaptive_full_init_20260327_153327,crp_adaptive_full_init,3,3,1772117478,1724103795,crp_adaptive,base,4,2.229152646636963,2.2237815486907957,0.3848,0.99854,9.3083,1.0,0.0,0.9990000128746033,0.9984,9.2725,1.0,0.0,0.9990000128746033,10000.0,
2026-03-27T16:49:05,comparison_condition_crp_adaptive_full_init_20260327_153327,crp_adaptive_full_init,3,3,1772117478,1724103795,crp_adaptive,base,5,2.2127750385284424,2.206392335510254,0.4207,0.99894,9.25322,1.0,0.0,0.9990000128746033,0.9982,9.2584,1.0,0.0,0.9990000128746033,10000.0,
2026-03-27T16:49:44,comparison_condition_crp_adaptive_full_init_20260327_153327,crp_adaptive_full_init,3,3,1772117478,1724103795,crp_adaptive,base,6,2.193511965942383,2.1854382286071776,0.4591,0.99904,9.2256,1.0,0.0,0.9990000128746033,0.999,9.236,1.0,0.0,0.9990000128746033,10000.0,
2026-03-27T16:50:24,comparison_condition_crp_adaptive_full_init_20260327_153327,crp_adaptive_full_init,3,3,1772117478,1724103795,crp_adaptive,base,7,2.1707127419281007,2.160816965866089,0.4846,0.99878,9.2117,1.0,0.0,0.9990000128746033,0.9988,9.2355,1.0,0.0,0.9990000128746033,10000.0,
2026-03-27T16:51:03,comparison_condition_crp_adaptive_full_init_20260327_153327,crp_adaptive_full_init,3,3,1772117478,1724103795,crp_adaptive,base,8,2.143539720916748,2.1318271492004395,0.4961,0.9988,9.19886,1.0,0.0,0.9990000128746033,0.9992,9.1798,1.0,0.0,0.9990000128746033,10000.0,
2026-03-27T16:51:42,comparison_condition_crp_adaptive_full_init_20260327_153327,crp_adaptive_full_init,3,3,1772117478,1724103795,crp_adaptive,base,9,2.111949794998169,2.098101721954346,0.5134,0.99918,9.16014,1.0,0.0,0.9990000128746033,0.9997,9.1392,1.0,0.0,0.9990000128746033,10000.0,
2026-03-27T16:52:18,comparison_condition_crp_adaptive_full_init_20260327_153327,crp_adaptive_full_init,3,3,1772117478,1724103795,crp_adaptive,base,10,2.075552007598877,2.0599479808807373,0.522,0.99936,9.1168,1.0,0.0,0.9990000128746033,0.9993,9.1168,1.0,0.0,0.9990000128746033,10000.0,
2026-03-27T16:52:57,comparison_condition_crp_adaptive_full_init_20260327_153327,crp_adaptive_full_init,3,3,1772117478,1724103795,crp_adaptive,base,11,2.033482038192749,2.0141898826599123,0.5464,0.99948,9.08232,1.0,0.0,0.9990000128746033,0.9996,9.0665,1.0,0.0,0.9990000128746033,10000.0,
2026-03-27T16:53:38,comparison_condition_crp_adaptive_full_init_20260327_153327,crp_adaptive_full_init,3,3,1772117478,1724103795,crp_adaptive,base,12,1.983932687034607,1.9621007551193237,0.565,0.99938,9.04366,1.0,0.0,0.9990000128746033,0.9995,9.0448,1.0,0.0,0.9990000128746033,10000.0,
2026-03-27T16:54:13,comparison_condition_crp_adaptive_full_init_20260327_153327,crp_adaptive_full_init,3,3,1772117478,1724103795,crp_adaptive,base,13,1.9289050192260742,1.9043632614135741,0.5783,0.99964,9.02036,1.0,0.0,0.9990000128746033,0.9996,9.0301,1.0,0.0,0.9990000128746033,10000.0,
2026-03-27T16:54:48,comparison_condition_crp_adaptive_full_init_20260327_153327,crp_adaptive_full_init,3,3,1772117478,1724103795,crp_adaptive,base,14,1.8687599304199218,1.8423705085754394,0.5888,0.9996,9.00562,1.0,0.0,0.9990000128746033,0.9998,8.9903,1.0,0.0,0.9990000128746033,10000.0,
2026-03-27T16:55:25,comparison_condition_crp_adaptive_full_init_20260327_153327,crp_adaptive_full_init,3,3,1772117478,1724103795,crp_adaptive,base,15,1.8043747232437133,1.7765497247695923,0.6053,0.99968,8.97774,1.0,0.0,0.9990000128746033,0.9994,8.9955,1.0,0.0,0.9990000128746033,10000.0,
2026-03-27T16:56:00,comparison_condition_crp_adaptive_full_init_20260327_153327,crp_adaptive_full_init,3,3,1772117478,1724103795,crp_adaptive,base,16,1.7368750576782226,1.707701833343506,0.6155,0.99966,8.95874,1.0,0.0,0.9990000128746033,0.9999,8.9476,1.0,0.0,0.9990000128746033,10000.0,
2026-03-27T16:56:35,comparison_condition_crp_adaptive_full_init_20260327_153327,crp_adaptive_full_init,3,3,1772117478,1724103795,crp_adaptive,base,17,1.6673920373153686,1.6378774772644042,0.6231,0.99958,8.9492,1.0,0.0,0.9990000128746033,0.9994,8.9394,1.0,0.0,0.9990000128746033,10000.0,
2026-03-27T16:57:11,comparison_condition_crp_adaptive_full_init_20260327_153327,crp_adaptive_full_init,3,3,1772117478,1724103795,crp_adaptive,base,18,1.5975019742584229,1.568012280845642,0.6372,0.9996,8.91588,1.0,0.0,0.9990000128746033,0.9991,8.9352,1.0,0.0,0.9990000128746033,10000.0,
2026-03-27T16:57:46,comparison_condition_crp_adaptive_full_init_20260327_153327,crp_adaptive_full_init,3,3,1772117478,1724103795,crp_adaptive,base,19,1.5288247120666505,1.499847907447815,0.6418,0.99962,8.9084,1.0,0.0,0.9990000128746033,0.9997,8.9107,1.0,0.0,0.9990000128746033,10000.0,
2026-03-27T16:58:22,comparison_condition_crp_adaptive_full_init_20260327_153327,crp_adaptive_full_init,3,3,1772117478,1724103795,crp_adaptive,base,20,1.4614844548797608,1.4337545000076295,0.6542,0.99956,8.90926,1.0,0.0,0.9990000128746033,0.9998,8.9121,1.0,0.0,0.9990000128746033,10000.0,
2026-03-27T16:58:55,comparison_condition_crp_adaptive_full_init_20260327_153327,crp_adaptive_full_init,3,3,1772117478,1724103795,crp_adaptive,base,21,1.3965697121047973,1.369546446609497,0.6619,0.99976,8.93922,1.0,0.0,0.9990000128746033,0.9998,8.9509,1.0,0.0,0.9990000128746033,10000.0,
2026-03-27T16:59:30,comparison_condition_crp_adaptive_full_init_20260327_153327,crp_adaptive_full_init,3,3,1772117478,1724103795,crp_adaptive,base,22,1.3349834126663207,1.3093941530227662,0.6719,0.99982,8.94478,1.0,0.0,0.9990000128746033,0.9998,8.963,1.0,0.0,0.9990000128746033,10000.0,
2026-03-27T17:00:06,comparison_condition_crp_adaptive_full_init_20260327_153327,crp_adaptive_full_init,3,3,1772117478,1724103795,crp_adaptive,base,23,1.276951117401123,1.2530754970550537,0.6808,0.99972,8.9689,1.0,0.0,0.9990000128746033,1.0,8.9792,1.0,0.0,0.9990000128746033,10000.0,
2026-03-27T17:00:40,comparison_condition_crp_adaptive_full_init_20260327_153327,crp_adaptive_full_init,3,3,1772117478,1724103795,crp_adaptive,base,24,1.2230498878097533,1.2012765859603882,0.6897,0.99966,8.98728,1.0,0.0,0.9990000128746033,0.9997,9.0042,1.0,0.0,0.9990000128746033,10000.0,
2026-03-27T17:01:10,comparison_condition_crp_adaptive_full_init_20260327_153327,crp_adaptive_full_init,3,3,1772117478,1724103795,crp_adaptive,base,25,1.1736432625961304,1.153591696166992,0.6938,0.99968,9.01546,1.0,0.0,0.9990000128746033,0.9998,9.0219,1.0,0.0,0.9990000128746033,10000.0,
2026-03-27T17:01:50,comparison_condition_crp_adaptive_full_init_20260327_153327,crp_adaptive_full_init,4,4,641324193,1836395613,crp_adaptive,base,1,2.281132268295288,2.2697069511413575,0.2193,0.99932,8.873,1.0,0.0,0.9990000128746033,0.9996,9.052,1.0,0.0,0.9990000128746033,10000.0,
2026-03-27T17:02:23,comparison_condition_crp_adaptive_full_init_20260327_153327,crp_adaptive_full_init,4,4,641324193,1836395613,crp_adaptive,base,2,2.261000333404541,2.2529442657470704,0.2454,0.99916,9.0995,1.0,0.0,0.9990000128746033,0.9989,9.1849,1.0,0.0,0.9990000128746033,10000.0,
2026-03-27T17:02:54,comparison_condition_crp_adaptive_full_init_20260327_153327,crp_adaptive_full_init,4,4,641324193,1836395613,crp_adaptive,base,3,2.2453275645446777,2.237565576171875,0.2539,0.99896,9.23662,1.0,0.0,0.9990000128746033,0.9993,9.1561,1.0,0.0,0.9990000128746033,10000.0,
2026-03-27T17:03:27,comparison_condition_crp_adaptive_full_init_20260327_153327,crp_adaptive_full_init,4,4,641324193,1836395613,crp_adaptive,base,4,2.2297413507080077,2.221665456771851,0.2872,0.99874,9.25378,1.0,0.0,0.9990000128746033,0.9987,9.2498,1.0,0.0,0.9990000128746033,10000.0,
2026-03-27T17:03:59,comparison_condition_crp_adaptive_full_init_20260327_153327,crp_adaptive_full_init,4,4,641324193,1836395613,crp_adaptive,base,5,2.212495257873535,2.202975361251831,0.3153,0.99854,9.32144,1.0,0.0,0.9990000128746033,0.9989,9.2856,1.0,0.0,0.9990000128746033,10000.0,
2026-03-27T17:04:30,comparison_condition_crp_adaptive_full_init_20260327_153327,crp_adaptive_full_init,4,4,641324193,1836395613,crp_adaptive,base,6,2.192064268875122,2.1810892696380617,0.3467,0.99882,9.34222,1.0,0.0,0.9990000128746033,0.9988,9.3055,1.0,0.0,0.9990000128746033,10000.0,
2026-03-27T17:05:02,comparison_condition_crp_adaptive_full_init_20260327_153327,crp_adaptive_full_init,4,4,641324193,1836395613,crp_adaptive,base,7,2.1687224253082276,2.156119192123413,0.356,0.99894,9.3288,1.0,0.0,0.9990000128746033,0.9989,9.2764,1.0,0.0,0.9990000128746033,10000.0,
2026-03-27T17:05:39,comparison_condition_crp_adaptive_full_init_20260327_153327,crp_adaptive_full_init,4,4,641324193,1836395613,crp_adaptive,base,8,2.1417113168334962,2.1268760192871095,0.3809,0.99884,9.32186,1.0,0.0,0.9990000128746033,0.9988,9.3009,1.0,0.0,0.9990000128746033,10000.0,
2026-03-27T17:06:14,comparison_condition_crp_adaptive_full_init_20260327_153327,crp_adaptive_full_init,4,4,641324193,1836395613,crp_adaptive,base,9,2.110739019088745,2.094552068710327,0.411,0.999,9.32264,1.0,0.0,0.9990000128746033,0.9991,9.314,1.0,0.0,0.9990000128746033,10000.0,
2026-03-27T17:06:50,comparison_condition_crp_adaptive_full_init_20260327_153327,crp_adaptive_full_init,4,4,641324193,1836395613,crp_adaptive,base,10,2.0767508659362792,2.0588078186035155,0.4294,0.99918,9.3035,1.0,0.0,0.9990000128746033,0.9993,9.2758,1.0,0.0,0.9990000128746033,10000.0,
2026-03-27T17:07:25,comparison_condition_crp_adaptive_full_init_20260327_153327,crp_adaptive_full_init,4,4,641324193,1836395613,crp_adaptive,base,11,2.0388603073883056,2.0191260929107666,0.4469,0.999,9.2975,1.0,0.0,0.9990000128746033,0.9991,9.2793,1.0,0.0,0.9990000128746033,10000.0,
2026-03-27T17:08:00,comparison_condition_crp_adaptive_full_init_20260327_153327,crp_adaptive_full_init,4,4,641324193,1836395613,crp_adaptive,base,12,1.997269302330017,1.9754293838500976,0.4644,0.99918,9.28598,1.0,0.0,0.9990000128746033,0.9982,9.3134,1.0,0.0,0.9990000128746033,10000.0,
2026-03-27T17:08:37,comparison_condition_crp_adaptive_full_init_20260327_153327,crp_adaptive_full_init,4,4,641324193,1836395613,crp_adaptive,base,13,1.9512210642242431,1.9273045600891112,0.4885,0.99912,9.29774,1.0,0.0,0.9990000128746033,0.9993,9.2799,1.0,0.0,0.9990000128746033,10000.0,
2026-03-27T17:09:14,comparison_condition_crp_adaptive_full_init_20260327_153327,crp_adaptive_full_init,4,4,641324193,1836395613,crp_adaptive,base,14,1.901509234046936,1.8763567928314209,0.5068,0.99894,9.30692,1.0,0.0,0.9990000128746033,0.9993,9.3054,1.0,0.0,0.9990000128746033,10000.0,
2026-03-27T17:09:51,comparison_condition_crp_adaptive_full_init_20260327_153327,crp_adaptive_full_init,4,4,641324193,1836395613,crp_adaptive,base,15,1.849124534263611,1.823138198852539,0.5213,0.99942,9.3144,1.0,0.0,0.9990000128746033,0.9989,9.3123,1.0,0.0,0.9990000128746033,10000.0,
2026-03-27T17:10:28,comparison_condition_crp_adaptive_full_init_20260327_153327,crp_adaptive_full_init,4,4,641324193,1836395613,crp_adaptive,base,16,1.7961261812591554,1.7696421857833862,0.5481,0.9992,9.31748,1.0,0.0,0.9990000128746033,0.9992,9.3154,1.0,0.0,0.9990000128746033,10000.0,
2026-03-27T17:11:05,comparison_condition_crp_adaptive_full_init_20260327_153327,crp_adaptive_full_init,4,4,641324193,1836395613,crp_adaptive,base,17,1.741333677406311,1.7140221879959106,0.5662,0.99908,9.32878,1.0,0.0,0.9990000128746033,0.9991,9.3313,1.0,0.0,0.9990000128746033,10000.0,
2026-03-27T17:11:41,comparison_condition_crp_adaptive_full_init_20260327_153327,crp_adaptive_full_init,4,4,641324193,1836395613,crp_adaptive,base,18,1.6851101336669922,1.6571028667449952,0.5803,0.99926,9.33574,1.0,0.0,0.9990000128746033,0.9994,9.3449,1.0,0.0,0.9990000128746033,10000.0,
2026-03-27T17:12:16,comparison_condition_crp_adaptive_full_init_20260327_153327,crp_adaptive_full_init,4,4,641324193,1836395613,crp_adaptive,base,19,1.6277307312774658,1.5994213468551637,0.5921,0.99938,9.353,1.0,0.0,0.9990000128746033,0.999,9.3506,1.0,0.0,0.9990000128746033,10000.0,
2026-03-27T17:12:51,comparison_condition_crp_adaptive_full_init_20260327_153327,crp_adaptive_full_init,4,4,641324193,1836395613,crp_adaptive,base,20,1.5705130889511107,1.5423025913238526,0.6108,0.99936,9.3516,1.0,0.0,0.9990000128746033,0.9996,9.3486,1.0,0.0,0.9990000128746033,10000.0,
2026-03-27T17:16:17,comparison_condition_crp_adaptive_full_init_20260327_153327,crp_adaptive_full_init,4,4,641324193,1836395613,crp_adaptive,base,21,1.5136548820495606,1.485948846054077,0.6218,0.99922,9.3621,1.0,0.0,0.9990000128746033,0.9994,9.3534,1.0,0.0,0.9990000128746033,10000.0,
2026-03-27T17:16:56,comparison_condition_crp_adaptive_full_init_20260327_153327,crp_adaptive_full_init,4,4,641324193,1836395613,crp_adaptive,base,22,1.4572159200668335,1.4298980823516845,0.6405,0.99938,9.36034,1.0,0.0,0.9990000128746033,0.9994,9.3538,1.0,0.0,0.9990000128746033,10000.0,
2026-03-27T19:13:07,comparison_condition_crp_adaptive_full_init_20260327_153327,crp_adaptive_full_init,4,4,641324193,1836395613,crp_adaptive,base,23,1.401509831085205,1.3744060331344605,0.6561,0.99926,9.35954,1.0,0.0,0.9990000128746033,0.9996,9.3463,1.0,0.0,0.9990000128746033,10000.0,
2026-03-27T19:13:35,comparison_condition_crp_adaptive_full_init_20260327_153327,crp_adaptive_full_init,4,4,641324193,1836395613,crp_adaptive,base,24,1.3468781983184814,1.3205560317993164,0.673,0.9993,9.35396,1.0,0.0,0.9990000128746033,0.9993,9.3499,1.0,0.0,0.9990000128746033,10000.0,
2026-03-27T19:14:01,comparison_condition_crp_adaptive_full_init_20260327_153327,crp_adaptive_full_init,4,4,641324193,1836395613,crp_adaptive,base,25,1.2936290114593505,1.2680203008651734,0.6884,0.99936,9.34438,1.0,0.0,0.9990000128746033,0.9995,9.3424,1.0,0.0,0.9990000128746033,10000.0,
2026-03-27T19:14:51,comparison_condition_crp_adaptive_full_init_20260327_153327,crp_adaptive_full_init,5,5,791158067,2000992392,crp_adaptive,base,1,2.284153176651001,2.2699122215270995,0.1874,0.9983,9.5062,1.0,0.0,0.9990000128746033,0.999,9.3429,1.0,0.0,0.9990000128746033,10000.0,
2026-03-27T19:15:29,comparison_condition_crp_adaptive_full_init_20260327_153327,crp_adaptive_full_init,5,5,791158067,2000992392,crp_adaptive,base,2,2.26145303024292,2.2539381908416747,0.2199,0.99898,9.362,1.0,0.0,0.9990000128746033,0.9988,9.3003,1.0,0.0,0.9990000128746033,10000.0,
2026-03-27T19:16:08,comparison_condition_crp_adaptive_full_init_20260327_153327,crp_adaptive_full_init,5,5,791158067,2000992392,crp_adaptive,base,3,2.247680589981079,2.2406766231536865,0.2798,0.99854,9.35996,1.0,0.0,0.9990000128746033,0.9992,9.4352,1.0,0.0,0.9990000128746033,10000.0,
2026-03-27T19:16:42,comparison_condition_crp_adaptive_full_init_20260327_153327,crp_adaptive_full_init,5,5,791158067,2000992392,crp_adaptive,base,4,2.2345035394287107,2.226975414276123,0.3191,0.99864,9.46862,1.0,0.0,0.9990000128746033,0.9987,9.47,1.0,0.0,0.9990000128746033,10000.0,
2026-03-27T19:17:20,comparison_condition_crp_adaptive_full_init_20260327_153327,crp_adaptive_full_init,5,5,791158067,2000992392,crp_adaptive,base,5,2.2202922525024413,2.211673886871338,0.3576,0.99888,9.48914,1.0,0.0,0.9990000128746033,0.9991,9.4659,1.0,0.0,0.9990000128746033,10000.0,
2026-03-27T19:18:00,comparison_condition_crp_adaptive_full_init_20260327_153327,crp_adaptive_full_init,5,5,791158067,2000992392,crp_adaptive,base,6,2.203782760772705,2.193617398071289,0.3924,0.9986,9.51564,1.0,0.0,0.9990000128746033,0.9988,9.4643,1.0,0.0,0.9990000128746033,10000.0,
2026-03-27T19:42:20,comparison_condition_crp_adaptive_full_init_20260327_153327,crp_adaptive_full_init,5,5,791158067,2000992392,crp_adaptive,base,7,2.1842479862976076,2.1723531143188475,0.43,0.99898,9.48642,1.0,0.0,0.9990000128746033,0.9989,9.4557,1.0,0.0,0.9990000128746033,10000.0,
2026-03-27T19:43:00,comparison_condition_crp_adaptive_full_init_20260327_153327,crp_adaptive_full_init,5,5,791158067,2000992392,crp_adaptive,base,8,2.1615923388671874,2.1476124629974365,0.4736,0.999,9.47044,1.0,0.0,0.9990000128746033,0.9991,9.4604,1.0,0.0,0.9990000128746033,10000.0,
2026-03-27T19:43:45,comparison_condition_crp_adaptive_full_init_20260327_153327,crp_adaptive_full_init,5,5,791158067,2000992392,crp_adaptive,base,9,2.134756156616211,2.118417445373535,0.4863,0.99898,9.44114,1.0,0.0,0.9990000128746033,0.9985,9.4125,1.0,0.0,0.9990000128746033,10000.0,
2026-03-27T19:44:26,comparison_condition_crp_adaptive_full_init_20260327_153327,crp_adaptive_full_init,5,5,791158067,2000992392,crp_adaptive,base,10,2.103822747879028,2.085467095184326,0.5043,0.99888,9.39586,1.0,0.0,0.9990000128746033,0.9996,9.3379,1.0,0.0,0.9990000128746033,10000.0,
2026-03-27T19:45:04,comparison_condition_crp_adaptive_full_init_20260327_153327,crp_adaptive_full_init,5,5,791158067,2000992392,crp_adaptive,base,11,2.069095566864014,2.0479519721984865,0.5239,0.99904,9.3494,1.0,0.0,0.9990000128746033,0.9995,9.3133,1.0,0.0,0.9990000128746033,10000.0,
2026-03-27T19:45:39,comparison_condition_crp_adaptive_full_init_20260327_153327,crp_adaptive_full_init,5,5,791158067,2000992392,crp_adaptive,base,12,2.0296159383392336,2.0063435234069824,0.5358,0.99908,9.3114,1.0,0.0,0.9990000128746033,0.9991,9.2852,1.0,0.0,0.9990000128746033,10000.0,
2026-03-27T19:46:14,comparison_condition_crp_adaptive_full_init_20260327_153327,crp_adaptive_full_init,5,5,791158067,2000992392,crp_adaptive,base,13,1.9853923558807374,1.9589706438064576,0.5461,0.9993,9.28596,1.0,0.0,0.9990000128746033,0.9987,9.2589,1.0,0.0,0.9990000128746033,10000.0,
2026-03-27T19:46:50,comparison_condition_crp_adaptive_full_init_20260327_153327,crp_adaptive_full_init,5,5,791158067,2000992392,crp_adaptive,base,14,1.9361164877319337,1.9074033107757569,0.5544,0.99942,9.25686,1.0,0.0,0.9990000128746033,0.9993,9.2201,1.0,0.0,0.9990000128746033,10000.0,
2026-03-27T19:47:27,comparison_condition_crp_adaptive_full_init_20260327_153327,crp_adaptive_full_init,5,5,791158067,2000992392,crp_adaptive,base,15,1.8828777535247803,1.8519188625335694,0.5683,0.99926,9.24722,1.0,0.0,0.9990000128746033,0.9986,9.2425,1.0,0.0,0.9990000128746033,10000.0,
2026-03-27T19:48:05,comparison_condition_crp_adaptive_full_init_20260327_153327,crp_adaptive_full_init,5,5,791158067,2000992392,crp_adaptive,base,16,1.8259625922012328,1.7927187477111817,0.5742,0.99948,9.23028,1.0,0.0,0.9990000128746033,0.9991,9.2106,1.0,0.0,0.9990000128746033,10000.0,
2026-03-27T19:48:41,comparison_condition_crp_adaptive_full_init_20260327_153327,crp_adaptive_full_init,5,5,791158067,2000992392,crp_adaptive,base,17,1.7656053345489502,1.7310927534103393,0.5899,0.99934,9.23454,1.0,0.0,0.9990000128746033,0.9999,9.2419,1.0,0.0,0.9990000128746033,10000.0,
2026-03-27T19:49:08,comparison_condition_crp_adaptive_full_init_20260327_153327,crp_adaptive_full_init,5,5,791158067,2000992392,crp_adaptive,base,18,1.7037496684265137,1.6680981580734253,0.5965,0.99942,9.25406,1.0,0.0,0.9990000128746033,0.9992,9.253,1.0,0.0,0.9990000128746033,10000.0,
2026-03-27T19:49:42,comparison_condition_crp_adaptive_full_init_20260327_153327,crp_adaptive_full_init,5,5,791158067,2000992392,crp_adaptive,base,19,1.6410426153564452,1.6050676977157592,0.6061,0.99954,9.26662,1.0,0.0,0.9990000128746033,0.9996,9.2507,1.0,0.0,0.9990000128746033,10000.0,
2026-03-27T19:50:18,comparison_condition_crp_adaptive_full_init_20260327_153327,crp_adaptive_full_init,5,5,791158067,2000992392,crp_adaptive,base,20,1.5790780012893677,1.544045359802246,0.6138,0.9995,9.26896,1.0,0.0,0.9990000128746033,0.9995,9.2486,1.0,0.0,0.9990000128746033,10000.0,
2026-03-27T19:50:52,comparison_condition_crp_adaptive_full_init_20260327_153327,crp_adaptive_full_init,5,5,791158067,2000992392,crp_adaptive,base,21,1.5190489044952393,1.4844853633880615,0.6204,0.99934,9.27458,1.0,0.0,0.9990000128746033,0.9997,9.2576,1.0,0.0,0.9990000128746033,10000.0,
2026-03-27T19:51:27,comparison_condition_crp_adaptive_full_init_20260327_153327,crp_adaptive_full_init,5,5,791158067,2000992392,crp_adaptive,base,22,1.461120591659546,1.4274587146759032,0.6278,0.99962,9.28064,1.0,0.0,0.9990000128746033,0.9994,9.2722,1.0,0.0,0.9990000128746033,10000.0,
2026-03-27T19:52:02,comparison_condition_crp_adaptive_full_init_20260327_153327,crp_adaptive_full_init,5,5,791158067,2000992392,crp_adaptive,base,23,1.405675649833679,1.3738543767929077,0.637,0.99966,9.287,1.0,0.0,0.9990000128746033,0.9994,9.2905,1.0,0.0,0.9990000128746033,10000.0,
2026-03-27T19:52:36,comparison_condition_crp_adaptive_full_init_20260327_153327,crp_adaptive_full_init,5,5,791158067,2000992392,crp_adaptive,base,24,1.35395058467865,1.3238730964660645,0.6449,0.9996,9.29204,1.0,0.0,0.9990000128746033,0.9997,9.2929,1.0,0.0,0.9990000128746033,10000.0,
2026-03-27T19:53:12,comparison_condition_crp_adaptive_full_init_20260327_153327,crp_adaptive_full_init,5,5,791158067,2000992392,crp_adaptive,base,25,1.305408161277771,1.2765493572235107,0.654,0.9994,9.29746,1.0,0.0,0.9990000128746033,0.9991,9.3063,1.0,0.0,0.9990000128746033,10000.0,
2026-03-27T19:53:55,comparison_condition_crp_adaptive_full_init_20260327_153327,crp_adaptive_full_init,6,6,415884586,580346373,crp_adaptive,base,1,2.282223032989502,2.2674790504455564,0.2485,0.99934,9.34842,1.0,0.0,0.9990000128746033,0.9988,9.292,1.0,0.0,0.9990000128746033,10000.0,
2026-03-27T19:54:28,comparison_condition_crp_adaptive_full_init_20260327_153327,crp_adaptive_full_init,6,6,415884586,580346373,crp_adaptive,base,2,2.256992782058716,2.248945496749878,0.2708,0.99918,9.34764,1.0,0.0,0.9990000128746033,0.9991,9.2876,1.0,0.0,0.9990000128746033,10000.0,
2026-03-27T19:55:03,comparison_condition_crp_adaptive_full_init_20260327_153327,crp_adaptive_full_init,6,6,415884586,580346373,crp_adaptive,base,3,2.2401439612579344,2.2326953411102295,0.3082,0.99898,9.37142,1.0,0.0,0.9990000128746033,0.9992,9.367,1.0,0.0,0.9990000128746033,10000.0,
2026-03-27T19:55:38,comparison_condition_crp_adaptive_full_init_20260327_153327,crp_adaptive_full_init,6,6,415884586,580346373,crp_adaptive,base,4,2.2227483950042726,2.2145232284545897,0.3453,0.9991,9.39148,1.0,0.0,0.9990000128746033,0.9992,9.4372,1.0,0.0,0.9990000128746033,10000.0,
2026-03-27T19:56:13,comparison_condition_crp_adaptive_full_init_20260327_153327,crp_adaptive_full_init,6,6,415884586,580346373,crp_adaptive,base,5,2.203170370178223,2.193300539779663,0.3666,0.99902,9.38422,1.0,0.0,0.9990000128746033,0.999,9.3575,1.0,0.0,0.9990000128746033,10000.0,
2026-03-27T19:56:49,comparison_condition_crp_adaptive_full_init_20260327_153327,crp_adaptive_full_init,6,6,415884586,580346373,crp_adaptive,base,6,2.1798766974639894,2.1685211784362792,0.3969,0.99908,9.33804,1.0,0.0,0.9990000128746033,0.9992,9.315,1.0,0.0,0.9990000128746033,10000.0,
2026-03-27T19:57:22,comparison_condition_crp_adaptive_full_init_20260327_153327,crp_adaptive_full_init,6,6,415884586,580346373,crp_adaptive,base,7,2.153133342208862,2.140143046951294,0.4154,0.99892,9.32116,1.0,0.0,0.9990000128746033,0.9989,9.3137,1.0,0.0,0.9990000128746033,10000.0,
2026-03-27T19:57:54,comparison_condition_crp_adaptive_full_init_20260327_153327,crp_adaptive_full_init,6,6,415884586,580346373,crp_adaptive,base,8,2.1219668447113036,2.10701294593811,0.443,0.99924,9.30388,1.0,0.0,0.9990000128746033,0.9994,9.2804,1.0,0.0,0.9990000128746033,10000.0,
2026-03-27T19:58:27,comparison_condition_crp_adaptive_full_init_20260327_153327,crp_adaptive_full_init,6,6,415884586,580346373,crp_adaptive,base,9,2.0860302549743652,2.068402583694458,0.4625,0.99924,9.25998,1.0,0.0,0.9990000128746033,0.9994,9.2474,1.0,0.0,0.9990000128746033,10000.0,
2026-03-27T19:59:00,comparison_condition_crp_adaptive_full_init_20260327_153327,crp_adaptive_full_init,6,6,415884586,580346373,crp_adaptive,base,10,2.0445094048309325,2.025089743423462,0.4756,0.99944,9.2218,1.0,0.0,0.9990000128746033,0.9997,9.2065,1.0,0.0,0.9990000128746033,10000.0,
2026-03-27T19:59:34,comparison_condition_crp_adaptive_full_init_20260327_153327,crp_adaptive_full_init,6,6,415884586,580346373,crp_adaptive,base,11,1.9981495464324952,1.976178077697754,0.4949,0.99952,9.21026,1.0,0.0,0.9990000128746033,0.9998,9.2053,1.0,0.0,0.9990000128746033,10000.0,
2026-03-27T20:00:08,comparison_condition_crp_adaptive_full_init_20260327_153327,crp_adaptive_full_init,6,6,415884586,580346373,crp_adaptive,base,12,1.9471586780166625,1.9249128799438477,0.4987,0.99954,9.20256,1.0,0.0,0.9990000128746033,0.9995,9.1743,1.0,0.0,0.9990000128746033,10000.0,
2026-03-27T20:00:40,comparison_condition_crp_adaptive_full_init_20260327_153327,crp_adaptive_full_init,6,6,415884586,580346373,crp_adaptive,base,13,1.8933677268218994,1.8693416313171387,0.5184,0.99968,9.19376,1.0,0.0,0.9990000128746033,0.9995,9.2195,1.0,0.0,0.9990000128746033,10000.0,
2026-03-27T20:01:11,comparison_condition_crp_adaptive_full_init_20260327_153327,crp_adaptive_full_init,6,6,415884586,580346373,crp_adaptive,base,14,1.8362221661376954,1.8116048219680787,0.5326,0.99964,9.21078,1.0,0.0,0.9990000128746033,0.9997,9.2292,1.0,0.0,0.9990000128746033,10000.0,
2026-03-27T20:01:46,comparison_condition_crp_adaptive_full_init_20260327_153327,crp_adaptive_full_init,6,6,415884586,580346373,crp_adaptive,base,15,1.7773002837753296,1.752549481010437,0.543,0.99964,9.24052,1.0,0.0,0.9990000128746033,0.9998,9.2316,1.0,0.0,0.9990000128746033,10000.0,
2026-03-27T20:02:20,comparison_condition_crp_adaptive_full_init_20260327_153327,crp_adaptive_full_init,6,6,415884586,580346373,crp_adaptive,base,16,1.7167810245132447,1.691929878616333,0.5642,0.9996,9.2272,1.0,0.0,0.9990000128746033,0.9997,9.2582,1.0,0.0,0.9990000128746033,10000.0,
2026-03-27T20:02:53,comparison_condition_crp_adaptive_full_init_20260327_153327,crp_adaptive_full_init,6,6,415884586,580346373,crp_adaptive,base,17,1.6562287447738648,1.6317560466766357,0.5765,0.99986,9.23702,1.0,0.0,0.9990000128746033,0.9998,9.2387,1.0,0.0,0.9990000128746033,10000.0,
2026-03-27T20:03:27,comparison_condition_crp_adaptive_full_init_20260327_153327,crp_adaptive_full_init,6,6,415884586,580346373,crp_adaptive,base,18,1.5959919152832032,1.5723150104522705,0.5905,0.9997,9.24354,1.0,0.0,0.9990000128746033,0.9999,9.2568,1.0,0.0,0.9990000128746033,10000.0,
2026-03-27T20:04:01,comparison_condition_crp_adaptive_full_init_20260327_153327,crp_adaptive_full_init,6,6,415884586,580346373,crp_adaptive,base,19,1.536851891555786,1.5137211135864257,0.6032,0.99964,9.25436,1.0,0.0,0.9990000128746033,0.9996,9.2727,1.0,0.0,0.9990000128746033,10000.0,
2026-03-27T20:04:37,comparison_condition_crp_adaptive_full_init_20260327_153327,crp_adaptive_full_init,6,6,415884586,580346373,crp_adaptive,base,20,1.478618550415039,1.4557683498382568,0.6124,0.9997,9.26332,1.0,0.0,0.9990000128746033,0.9999,9.2544,1.0,0.0,0.9990000128746033,10000.0,
2026-03-27T20:05:13,comparison_condition_crp_adaptive_full_init_20260327_153327,crp_adaptive_full_init,6,6,415884586,580346373,crp_adaptive,base,21,1.4211580004882813,1.3983579586029053,0.6265,0.99992,9.26756,1.0,0.0,0.9990000128746033,0.9997,9.2949,1.0,0.0,0.9990000128746033,10000.0,
2026-03-27T20:05:48,comparison_condition_crp_adaptive_full_init_20260327_153327,crp_adaptive_full_init,6,6,415884586,580346373,crp_adaptive,base,22,1.3645608850097657,1.3425719928741455,0.6457,0.99998,9.2721,1.0,0.0,0.9990000128746033,0.9995,9.3007,1.0,0.0,0.9990000128746033,10000.0,
2026-03-27T20:06:19,comparison_condition_crp_adaptive_full_init_20260327_153327,crp_adaptive_full_init,6,6,415884586,580346373,crp_adaptive,base,23,1.3101498656082153,1.2888763242721557,0.6541,0.99988,9.29516,1.0,0.0,0.9990000128746033,1.0,9.3016,1.0,0.0,0.9990000128746033,10000.0,
2026-03-27T20:06:55,comparison_condition_crp_adaptive_full_init_20260327_153327,crp_adaptive_full_init,6,6,415884586,580346373,crp_adaptive,base,24,1.2583082302474975,1.2384317726135254,0.6671,0.99984,9.3204,1.0,0.0,0.9990000128746033,0.9998,9.3307,1.0,0.0,0.9990000128746033,10000.0,
2026-03-27T20:07:30,comparison_condition_crp_adaptive_full_init_20260327_153327,crp_adaptive_full_init,6,6,415884586,580346373,crp_adaptive,base,25,1.209617173538208,1.1903083209991454,0.6845,0.99992,9.33032,1.0,0.0,0.9990000128746033,0.9998,9.3588,1.0,0.0,0.9990000128746033,10000.0,
2026-03-27T20:08:12,comparison_condition_crp_adaptive_full_init_20260327_153327,crp_adaptive_full_init,7,7,1215493282,936793384,crp_adaptive,base,1,2.281839124145508,2.269940966796875,0.1678,0.9987,9.33242,1.0,0.0,0.9990000128746033,0.9997,8.9857,1.0,0.0,0.9990000128746033,10000.0,
2026-03-27T20:08:49,comparison_condition_crp_adaptive_full_init_20260327_153327,crp_adaptive_full_init,7,7,1215493282,936793384,crp_adaptive,base,2,2.2613656983184813,2.2548559520721434,0.2022,0.99898,9.05548,1.0,0.0,0.9990000128746033,0.9992,9.0591,1.0,0.0,0.9990000128746033,10000.0,
2026-03-27T20:09:23,comparison_condition_crp_adaptive_full_init_20260327_153327,crp_adaptive_full_init,7,7,1215493282,936793384,crp_adaptive,base,3,2.2471890101623537,2.241449549484253,0.2526,0.99882,9.16714,1.0,0.0,0.9990000128746033,0.9989,9.1747,1.0,0.0,0.9990000128746033,10000.0,
2026-03-27T20:10:00,comparison_condition_crp_adaptive_full_init_20260327_153327,crp_adaptive_full_init,7,7,1215493282,936793384,crp_adaptive,base,4,2.2331604665374756,2.2271365871429443,0.3255,0.99848,9.21618,1.0,0.0,0.9990000128746033,0.9986,9.2586,1.0,0.0,0.9990000128746033,10000.0,
2026-03-27T20:10:38,comparison_condition_crp_adaptive_full_init_20260327_153327,crp_adaptive_full_init,7,7,1215493282,936793384,crp_adaptive,base,5,2.217559292831421,2.210675227737427,0.3657,0.99862,9.25034,1.0,0.0,0.9990000128746033,0.9994,9.2414,1.0,0.0,0.9990000128746033,10000.0,
2026-03-27T20:11:12,comparison_condition_crp_adaptive_full_init_20260327_153327,crp_adaptive_full_init,7,7,1215493282,936793384,crp_adaptive,base,6,2.199560855178833,2.1921852657318115,0.4094,0.99864,9.2215,1.0,0.0,0.9990000128746033,0.9989,9.2622,1.0,0.0,0.9990000128746033,10000.0,
2026-03-27T20:11:46,comparison_condition_crp_adaptive_full_init_20260327_153327,crp_adaptive_full_init,7,7,1215493282,936793384,crp_adaptive,base,7,2.1792281982421877,2.1705876907348634,0.4411,0.99856,9.2291,1.0,0.0,0.9990000128746033,0.998,9.2338,1.0,0.0,0.9990000128746033,10000.0,
2026-03-27T20:12:21,comparison_condition_crp_adaptive_full_init_20260327_153327,crp_adaptive_full_init,7,7,1215493282,936793384,crp_adaptive,base,8,2.155334295043945,2.145543229675293,0.4662,0.99892,9.18116,1.0,0.0,0.9990000128746033,0.999,9.1758,1.0,0.0,0.9990000128746033,10000.0,
2026-03-27T20:12:56,comparison_condition_crp_adaptive_full_init_20260327_153327,crp_adaptive_full_init,7,7,1215493282,936793384,crp_adaptive,base,9,2.12764986869812,2.1162726722717284,0.4857,0.99856,9.15814,1.0,0.0,0.9990000128746033,0.9988,9.1541,1.0,0.0,0.9990000128746033,10000.0,
2026-03-27T20:13:31,comparison_condition_crp_adaptive_full_init_20260327_153327,crp_adaptive_full_init,7,7,1215493282,936793384,crp_adaptive,base,10,2.0947577172088625,2.081319683074951,0.5105,0.99876,9.11676,1.0,0.0,0.9990000128746033,0.9991,9.1185,1.0,0.0,0.9990000128746033,10000.0,
2026-03-27T20:14:06,comparison_condition_crp_adaptive_full_init_20260327_153327,crp_adaptive_full_init,7,7,1215493282,936793384,crp_adaptive,base,11,2.056559298553467,2.0415552558898926,0.5401,0.9993,9.10376,1.0,0.0,0.9990000128746033,0.9989,9.1317,1.0,0.0,0.9990000128746033,10000.0,
2026-03-27T20:14:41,comparison_condition_crp_adaptive_full_init_20260327_153327,crp_adaptive_full_init,7,7,1215493282,936793384,crp_adaptive,base,12,2.0134005404281616,1.9965946964263916,0.5471,0.999,9.10616,1.0,0.0,0.9990000128746033,0.999,9.1079,1.0,0.0,0.9990000128746033,10000.0,
2026-03-27T20:15:16,comparison_condition_crp_adaptive_full_init_20260327_153327,crp_adaptive_full_init,7,7,1215493282,936793384,crp_adaptive,base,13,1.964336400718689,1.9458045726776123,0.5557,0.9991,9.10166,1.0,0.0,0.9990000128746033,0.9989,9.1194,1.0,0.0,0.9990000128746033,10000.0,
2026-03-27T20:15:51,comparison_condition_crp_adaptive_full_init_20260327_153327,crp_adaptive_full_init,7,7,1215493282,936793384,crp_adaptive,base,14,1.9104769509887696,1.8905632999420166,0.5743,0.99914,9.09452,1.0,0.0,0.9990000128746033,0.9992,9.0991,1.0,0.0,0.9990000128746033,10000.0,
2026-03-27T20:16:25,comparison_condition_crp_adaptive_full_init_20260327_153327,crp_adaptive_full_init,7,7,1215493282,936793384,crp_adaptive,base,15,1.8517247817611695,1.8308270959854125,0.5932,0.99928,9.07704,1.0,0.0,0.9990000128746033,0.9992,9.0974,1.0,0.0,0.9990000128746033,10000.0,
2026-03-27T20:16:59,comparison_condition_crp_adaptive_full_init_20260327_153327,crp_adaptive_full_init,7,7,1215493282,936793384,crp_adaptive,base,16,1.7892415460968019,1.7677562143325805,0.6014,0.99944,9.06418,1.0,0.0,0.9990000128746033,0.9995,9.0692,1.0,0.0,0.9990000128746033,10000.0,
2026-03-27T20:17:32,comparison_condition_crp_adaptive_full_init_20260327_153327,crp_adaptive_full_init,7,7,1215493282,936793384,crp_adaptive,base,17,1.7242616535186768,1.7021601440429688,0.6138,0.99954,9.05244,1.0,0.0,0.9990000128746033,0.9996,9.0692,1.0,0.0,0.9990000128746033,10000.0,
2026-03-27T20:18:06,comparison_condition_crp_adaptive_full_init_20260327_153327,crp_adaptive_full_init,7,7,1215493282,936793384,crp_adaptive,base,18,1.6575617977905273,1.6356130706787109,0.632,0.99946,9.05146,1.0,0.0,0.9990000128746033,0.9997,9.0531,1.0,0.0,0.9990000128746033,10000.0,
2026-03-27T20:18:39,comparison_condition_crp_adaptive_full_init_20260327_153327,crp_adaptive_full_init,7,7,1215493282,936793384,crp_adaptive,base,19,1.588962174720764,1.5666371788024902,0.6449,0.99956,9.0448,1.0,0.0,0.9990000128746033,0.9996,9.059,1.0,0.0,0.9990000128746033,10000.0,
2026-03-27T20:19:12,comparison_condition_crp_adaptive_full_init_20260327_153327,crp_adaptive_full_init,7,7,1215493282,936793384,crp_adaptive,base,20,1.5180934523773193,1.496058023262024,0.6577,0.99952,9.05764,1.0,0.0,0.9990000128746033,0.9994,9.0618,1.0,0.0,0.9990000128746033,10000.0,
2026-03-27T20:19:47,comparison_condition_crp_adaptive_full_init_20260327_153327,crp_adaptive_full_init,7,7,1215493282,936793384,crp_adaptive,base,21,1.447631672744751,1.4276532592773437,0.6683,0.99948,9.06498,1.0,0.0,0.9990000128746033,0.9999,9.0669,1.0,0.0,0.9990000128746033,10000.0,
2026-03-27T20:20:22,comparison_condition_crp_adaptive_full_init_20260327_153327,crp_adaptive_full_init,7,7,1215493282,936793384,crp_adaptive,base,22,1.3802613276672364,1.3625101661682129,0.6756,0.99942,9.07128,1.0,0.0,0.9990000128746033,0.9996,9.0754,1.0,0.0,0.9990000128746033,10000.0,
2026-03-27T20:20:55,comparison_condition_crp_adaptive_full_init_20260327_153327,crp_adaptive_full_init,7,7,1215493282,936793384,crp_adaptive,base,23,1.3158615667343139,1.3005865549087525,0.6871,0.99964,9.0746,1.0,0.0,0.9990000128746033,0.9999,9.0779,1.0,0.0,0.9990000128746033,10000.0,
2026-03-27T20:21:29,comparison_condition_crp_adaptive_full_init_20260327_153327,crp_adaptive_full_init,7,7,1215493282,936793384,crp_adaptive,base,24,1.2548694255065918,1.241832091140747,0.6944,0.99972,9.07962,1.0,0.0,0.9990000128746033,0.9994,9.106,1.0,0.0,0.9990000128746033,10000.0,
2026-03-27T20:22:01,comparison_condition_crp_adaptive_full_init_20260327_153327,crp_adaptive_full_init,7,7,1215493282,936793384,crp_adaptive,base,25,1.1979757549667358,1.1879430973052978,0.7024,0.99964,9.09366,1.0,0.0,0.9990000128746033,0.9997,9.1029,1.0,0.0,0.9990000128746033,10000.0,
2026-03-27T20:22:40,comparison_condition_crp_adaptive_full_init_20260327_153327,crp_adaptive_full_init,8,8,347221957,801148508,crp_adaptive,base,1,2.278641030807495,2.264350484085083,0.2126,0.99978,9.13778,1.0,0.0,0.9990000128746033,1.0,9.1589,1.0,0.0,0.9990000128746033,10000.0,
2026-03-27T20:23:13,comparison_condition_crp_adaptive_full_init_20260327_153327,crp_adaptive_full_init,8,8,347221957,801148508,crp_adaptive,base,2,2.255102459335327,2.245376767730713,0.2422,0.99982,9.15396,1.0,0.0,0.9990000128746033,1.0,9.2506,1.0,0.0,0.9990000128746033,10000.0,
2026-03-27T20:23:50,comparison_condition_crp_adaptive_full_init_20260327_153327,crp_adaptive_full_init,8,8,347221957,801148508,crp_adaptive,base,3,2.2375328644561767,2.2279613388061525,0.297,0.9998,9.1878,1.0,0.0,0.9990000128746033,0.9998,9.3511,1.0,0.0,0.9990000128746033,10000.0,
2026-03-27T20:24:24,comparison_condition_crp_adaptive_full_init_20260327_153327,crp_adaptive_full_init,8,8,347221957,801148508,crp_adaptive,base,4,2.219828406524658,2.209341278076172,0.2965,0.99956,9.31204,1.0,0.0,0.9990000128746033,0.9994,9.2983,1.0,0.0,0.9990000128746033,10000.0,
2026-03-27T20:24:58,comparison_condition_crp_adaptive_full_init_20260327_153327,crp_adaptive_full_init,8,8,347221957,801148508,crp_adaptive,base,5,2.199758296661377,2.1871076919555663,0.3294,0.99956,9.30656,1.0,0.0,0.9990000128746033,0.9993,9.3504,1.0,0.0,0.9990000128746033,10000.0,
2026-03-27T20:25:33,comparison_condition_crp_adaptive_full_init_20260327_153327,crp_adaptive_full_init,8,8,347221957,801148508,crp_adaptive,base,6,2.1760379414367677,2.1615496879577636,0.3515,0.99956,9.36218,1.0,0.0,0.9990000128746033,0.9993,9.3761,1.0,0.0,0.9990000128746033,10000.0,
2026-03-27T20:26:08,comparison_condition_crp_adaptive_full_init_20260327_153327,crp_adaptive_full_init,8,8,347221957,801148508,crp_adaptive,base,7,2.1485885890197753,2.131488926696777,0.3829,0.99944,9.36588,1.0,0.0,0.9990000128746033,0.9999,9.3989,1.0,0.0,0.9990000128746033,10000.0,
2026-03-27T20:26:44,comparison_condition_crp_adaptive_full_init_20260327_153327,crp_adaptive_full_init,8,8,347221957,801148508,crp_adaptive,base,8,2.116600026550293,2.0975128829956056,0.3894,0.99936,9.38756,1.0,0.0,0.9990000128746033,0.9996,9.3731,1.0,0.0,0.9990000128746033,10000.0,
2026-03-27T20:27:19,comparison_condition_crp_adaptive_full_init_20260327_153327,crp_adaptive_full_init,8,8,347221957,801148508,crp_adaptive,base,9,2.0808916596984863,2.059848433303833,0.4164,0.99962,9.3811,1.0,0.0,0.9990000128746033,0.9992,9.4039,1.0,0.0,0.9990000128746033,10000.0,
2026-03-27T20:27:55,comparison_condition_crp_adaptive_full_init_20260327_153327,crp_adaptive_full_init,8,8,347221957,801148508,crp_adaptive,base,10,2.041605801048279,2.0188742919921876,0.4284,0.9995,9.3982,1.0,0.0,0.9990000128746033,0.9997,9.3617,1.0,0.0,0.9990000128746033,10000.0,
2026-03-27T20:28:31,comparison_condition_crp_adaptive_full_init_20260327_153327,crp_adaptive_full_init,8,8,347221957,801148508,crp_adaptive,base,11,1.9997266988754272,1.9754627628326416,0.4469,0.99946,9.39924,1.0,0.0,0.9990000128746033,0.9989,9.4232,1.0,0.0,0.9990000128746033,10000.0,
2026-03-27T20:29:05,comparison_condition_crp_adaptive_full_init_20260327_153327,crp_adaptive_full_init,8,8,347221957,801148508,crp_adaptive,base,12,1.9557004357528687,1.931215480041504,0.4647,0.99928,9.42692,1.0,0.0,0.9990000128746033,0.9996,9.4498,1.0,0.0,0.9990000128746033,10000.0,
2026-03-27T20:29:40,comparison_condition_crp_adaptive_full_init_20260327_153327,crp_adaptive_full_init,8,8,347221957,801148508,crp_adaptive,base,13,1.9109626541900635,1.8852967468261719,0.4789,0.99938,9.44664,1.0,0.0,0.9990000128746033,0.9995,9.458,1.0,0.0,0.9990000128746033,10000.0,
2026-03-27T20:30:18,comparison_condition_crp_adaptive_full_init_20260327_153327,crp_adaptive_full_init,8,8,347221957,801148508,crp_adaptive,base,14,1.865514232749939,1.840651067352295,0.4999,0.99942,9.48776,1.0,0.0,0.9990000128746033,0.9993,9.4861,1.0,0.0,0.9990000128746033,10000.0,
2026-03-27T20:30:54,comparison_condition_crp_adaptive_full_init_20260327_153327,crp_adaptive_full_init,8,8,347221957,801148508,crp_adaptive,base,15,1.8205419882583618,1.795017000579834,0.5082,0.99938,9.49008,1.0,0.0,0.9990000128746033,0.9995,9.4888,1.0,0.0,0.9990000128746033,10000.0,
2026-03-27T20:31:29,comparison_condition_crp_adaptive_full_init_20260327_153327,crp_adaptive_full_init,8,8,347221957,801148508,crp_adaptive,base,16,1.776342142944336,1.7520954330444336,0.5279,0.99938,9.49856,1.0,0.0,0.9990000128746033,0.9994,9.5193,1.0,0.0,0.9990000128746033,10000.0,
2026-03-27T20:32:04,comparison_condition_crp_adaptive_full_init_20260327_153327,crp_adaptive_full_init,8,8,347221957,801148508,crp_adaptive,base,17,1.7331275565338136,1.70866535987854,0.542,0.99942,9.50316,1.0,0.0,0.9990000128746033,0.9995,9.4963,1.0,0.0,0.9990000128746033,10000.0,
2026-03-27T20:32:40,comparison_condition_crp_adaptive_full_init_20260327_153327,crp_adaptive_full_init,8,8,347221957,801148508,crp_adaptive,base,18,1.6903783624267579,1.6658944522857666,0.549,0.9995,9.4958,1.0,0.0,0.9990000128746033,0.9994,9.478,1.0,0.0,0.9990000128746033,10000.0,
2026-03-27T20:33:15,comparison_condition_crp_adaptive_full_init_20260327_153327,crp_adaptive_full_init,8,8,347221957,801148508,crp_adaptive,base,19,1.6480636892318725,1.624145370864868,0.5631,0.99968,9.48682,1.0,0.0,0.9990000128746033,0.9996,9.4817,1.0,0.0,0.9990000128746033,10000.0,
2026-03-27T20:33:50,comparison_condition_crp_adaptive_full_init_20260327_153327,crp_adaptive_full_init,8,8,347221957,801148508,crp_adaptive,base,20,1.6062154315567017,1.5819241422653199,0.5736,0.99954,9.49412,1.0,0.0,0.9990000128746033,0.9994,9.4842,1.0,0.0,0.9990000128746033,10000.0,
2026-03-27T20:34:25,comparison_condition_crp_adaptive_full_init_20260327_153327,crp_adaptive_full_init,8,8,347221957,801148508,crp_adaptive,base,21,1.5635590392303467,1.5387494888305664,0.5843,0.99944,9.48802,1.0,0.0,0.9990000128746033,0.9998,9.4627,1.0,0.0,0.9990000128746033,10000.0,
2026-03-27T20:34:59,comparison_condition_crp_adaptive_full_init_20260327_153327,crp_adaptive_full_init,8,8,347221957,801148508,crp_adaptive,base,22,1.5216465130615235,1.4974861810684204,0.6004,0.99958,9.45948,1.0,0.0,0.9990000128746033,0.9997,9.4569,1.0,0.0,0.9990000128746033,10000.0,
2026-03-27T20:35:35,comparison_condition_crp_adaptive_full_init_20260327_153327,crp_adaptive_full_init,8,8,347221957,801148508,crp_adaptive,base,23,1.4805167251586915,1.456618578529358,0.6109,0.99968,9.46238,1.0,0.0,0.9990000128746033,0.9993,9.456,1.0,0.0,0.9990000128746033,10000.0,
2026-03-27T20:36:10,comparison_condition_crp_adaptive_full_init_20260327_153327,crp_adaptive_full_init,8,8,347221957,801148508,crp_adaptive,base,24,1.440301508102417,1.4168519693374633,0.6242,0.99954,9.46372,1.0,0.0,0.9990000128746033,0.9996,9.4625,1.0,0.0,0.9990000128746033,10000.0,
2026-03-27T20:36:45,comparison_condition_crp_adaptive_full_init_20260327_153327,crp_adaptive_full_init,8,8,347221957,801148508,crp_adaptive,base,25,1.4006526667785644,1.377265602684021,0.6301,0.99956,9.47364,1.0,0.0,0.9990000128746033,0.9998,9.4752,1.0,0.0,0.9990000128746033,10000.0,
2026-03-27T20:37:24,comparison_condition_crp_adaptive_full_init_20260327_153327,crp_adaptive_full_init,9,9,266861098,1877275096,crp_adaptive,base,1,2.288949044799805,2.2771890579223633,0.1793,0.99978,9.16714,1.0,0.0,0.9990000128746033,0.9999,9.0376,1.0,0.0,0.9990000128746033,10000.0,
2026-03-27T20:37:57,comparison_condition_crp_adaptive_full_init_20260327_153327,crp_adaptive_full_init,9,9,266861098,1877275096,crp_adaptive,base,2,2.269846946258545,2.2627343978881838,0.1867,0.99986,9.0761,1.0,0.0,0.9990000128746033,1.0,8.9603,1.0,0.0,0.9990000128746033,10000.0,
2026-03-27T20:38:29,comparison_condition_crp_adaptive_full_init_20260327_153327,crp_adaptive_full_init,9,9,266861098,1877275096,crp_adaptive,base,3,2.256915330276489,2.2500297733306884,0.2234,0.99994,9.10904,1.0,0.0,0.9990000128746033,0.9998,9.0861,1.0,0.0,0.9990000128746033,10000.0,
2026-03-27T20:39:03,comparison_condition_crp_adaptive_full_init_20260327_153327,crp_adaptive_full_init,9,9,266861098,1877275096,crp_adaptive,base,4,2.244309353713989,2.2362607772827148,0.2781,0.99984,9.16386,1.0,0.0,0.9990000128746033,0.9998,9.2374,1.0,0.0,0.9990000128746033,10000.0,
2026-03-27T20:39:37,comparison_condition_crp_adaptive_full_init_20260327_153327,crp_adaptive_full_init,9,9,266861098,1877275096,crp_adaptive,base,5,2.2303208433532715,2.2214500225067138,0.3143,0.99972,9.27714,1.0,0.0,0.9990000128746033,0.9998,9.2669,1.0,0.0,0.9990000128746033,10000.0,
2026-03-27T20:40:11,comparison_condition_crp_adaptive_full_init_20260327_153327,crp_adaptive_full_init,9,9,266861098,1877275096,crp_adaptive,base,6,2.2143022565460204,2.2037576404571535,0.3462,0.99958,9.29522,1.0,0.0,0.9990000128746033,0.9998,9.2399,1.0,0.0,0.9990000128746033,10000.0,
2026-03-27T20:40:46,comparison_condition_crp_adaptive_full_init_20260327_153327,crp_adaptive_full_init,9,9,266861098,1877275096,crp_adaptive,base,7,2.1954171562194826,2.1832605327606203,0.3914,0.99984,9.27888,1.0,0.0,0.9990000128746033,0.9999,9.2533,1.0,0.0,0.9990000128746033,10000.0,
2026-03-27T20:41:20,comparison_condition_crp_adaptive_full_init_20260327_153327,crp_adaptive_full_init,9,9,266861098,1877275096,crp_adaptive,base,8,2.1738603691101073,2.15966660194397,0.4274,0.99978,9.25792,1.0,0.0,0.9990000128746033,1.0,9.2247,1.0,0.0,0.9990000128746033,10000.0,
2026-03-27T20:41:53,comparison_condition_crp_adaptive_full_init_20260327_153327,crp_adaptive_full_init,9,9,266861098,1877275096,crp_adaptive,base,9,2.1491332695770264,2.1331491054534912,0.4356,0.99976,9.228,1.0,0.0,0.9990000128746033,0.9997,9.2137,1.0,0.0,0.9990000128746033,10000.0,
2026-03-27T20:42:27,comparison_condition_crp_adaptive_full_init_20260327_153327,crp_adaptive_full_init,9,9,266861098,1877275096,crp_adaptive,base,10,2.1207925535583496,2.1026049697875977,0.4611,0.99976,9.20344,1.0,0.0,0.9990000128746033,0.9998,9.1435,1.0,0.0,0.9990000128746033,10000.0,
2026-03-27T20:43:01,comparison_condition_crp_adaptive_full_init_20260327_153327,crp_adaptive_full_init,9,9,266861098,1877275096,crp_adaptive,base,11,2.088723581161499,2.067965410041809,0.4816,0.99982,9.1457,1.0,0.0,0.9990000128746033,0.9996,9.1253,1.0,0.0,0.9990000128746033,10000.0,
2026-03-27T20:43:33,comparison_condition_crp_adaptive_full_init_20260327_153327,crp_adaptive_full_init,9,9,266861098,1877275096,crp_adaptive,base,12,2.0520167699432372,2.028462370300293,0.5065,0.99982,9.10724,1.0,0.0,0.9990000128746033,0.9997,9.0909,1.0,0.0,0.9990000128746033,10000.0,
2026-03-27T20:44:05,comparison_condition_crp_adaptive_full_init_20260327_153327,crp_adaptive_full_init,9,9,266861098,1877275096,crp_adaptive,base,13,2.011346177520752,1.9856817487716676,0.5164,0.99976,9.0675,1.0,0.0,0.9990000128746033,0.9998,9.0561,1.0,0.0,0.9990000128746033,10000.0,
2026-03-27T20:44:37,comparison_condition_crp_adaptive_full_init_20260327_153327,crp_adaptive_full_init,9,9,266861098,1877275096,crp_adaptive,base,14,1.9668641708374024,1.9382766849517823,0.5314,0.99988,9.04136,1.0,0.0,0.9990000128746033,0.9997,9.0247,1.0,0.0,0.9990000128746033,10000.0,
2026-03-27T20:45:11,comparison_condition_crp_adaptive_full_init_20260327_153327,crp_adaptive_full_init,9,9,266861098,1877275096,crp_adaptive,base,15,1.918981640586853,1.888036743736267,0.5447,0.99978,9.01678,1.0,0.0,0.9990000128746033,0.9997,8.9762,1.0,0.0,0.9990000128746033,10000.0,
2026-03-27T20:45:44,comparison_condition_crp_adaptive_full_init_20260327_153327,crp_adaptive_full_init,9,9,266861098,1877275096,crp_adaptive,base,16,1.867723913040161,1.834858150100708,0.547,0.99982,8.99204,1.0,0.0,0.9990000128746033,0.9997,8.9779,1.0,0.0,0.9990000128746033,10000.0,
2026-03-27T20:46:19,comparison_condition_crp_adaptive_full_init_20260327_153327,crp_adaptive_full_init,9,9,266861098,1877275096,crp_adaptive,base,17,1.8133664240264893,1.7779333681106568,0.5651,0.9999,8.98138,1.0,0.0,0.9990000128746033,1.0,8.9716,1.0,0.0,0.9990000128746033,10000.0,
2026-03-27T20:46:53,comparison_condition_crp_adaptive_full_init_20260327_153327,crp_adaptive_full_init,9,9,266861098,1877275096,crp_adaptive,base,18,1.7573269381332397,1.7201590019226074,0.5733,0.9998,8.99524,1.0,0.0,0.9990000128746033,1.0,8.977,1.0,0.0,0.9990000128746033,10000.0,
2026-03-27T20:47:26,comparison_condition_crp_adaptive_full_init_20260327_153327,crp_adaptive_full_init,9,9,266861098,1877275096,crp_adaptive,base,19,1.6995515982818603,1.6616127899169921,0.5806,0.99986,9.00322,1.0,0.0,0.9990000128746033,0.9999,9.0025,1.0,0.0,0.9990000128746033,10000.0,
2026-03-27T20:48:00,comparison_condition_crp_adaptive_full_init_20260327_153327,crp_adaptive_full_init,9,9,266861098,1877275096,crp_adaptive,base,20,1.6415915145111084,1.6029333337783813,0.5936,0.9998,9.02328,1.0,0.0,0.9990000128746033,0.9995,9.0307,1.0,0.0,0.9990000128746033,10000.0,
2026-03-27T20:48:35,comparison_condition_crp_adaptive_full_init_20260327_153327,crp_adaptive_full_init,9,9,266861098,1877275096,crp_adaptive,base,21,1.5840835591888427,1.5447122917175293,0.6041,0.9999,9.04696,1.0,0.0,0.9990000128746033,0.9999,9.0541,1.0,0.0,0.9990000128746033,10000.0,
2026-03-27T20:49:09,comparison_condition_crp_adaptive_full_init_20260327_153327,crp_adaptive_full_init,9,9,266861098,1877275096,crp_adaptive,base,22,1.5269909804153443,1.4870749410629271,0.6163,0.99984,9.07652,1.0,0.0,0.9990000128746033,1.0,9.0737,1.0,0.0,0.9990000128746033,10000.0,
2026-03-27T20:49:43,comparison_condition_crp_adaptive_full_init_20260327_153327,crp_adaptive_full_init,9,9,266861098,1877275096,crp_adaptive,base,23,1.4701360792922973,1.430616191673279,0.6231,0.99982,9.12612,1.0,0.0,0.9990000128746033,0.9999,9.1279,1.0,0.0,0.9990000128746033,10000.0,
2026-03-27T20:50:16,comparison_condition_crp_adaptive_full_init_20260327_153327,crp_adaptive_full_init,9,9,266861098,1877275096,crp_adaptive,base,24,1.414945745162964,1.3745447212219237,0.6367,0.99994,9.18038,1.0,0.0,0.9990000128746033,1.0,9.2027,1.0,0.0,0.9990000128746033,10000.0,
2026-03-27T20:50:49,comparison_condition_crp_adaptive_full_init_20260327_153327,crp_adaptive_full_init,9,9,266861098,1877275096,crp_adaptive,base,25,1.361064792327881,1.3202671848297118,0.6457,0.99984,9.2618,1.0,0.0,0.9990000128746033,0.9999,9.2939,1.0,0.0,0.9990000128746033,10000.0,
2026-03-27T20:51:30,comparison_condition_crp_adaptive_full_init_20260327_153327,crp_adaptive_full_init,10,10,929723557,560686510,crp_adaptive,base,1,2.2889302294158935,2.2775618560791018,0.2119,0.99922,9.3589,1.0,0.0,0.9990000128746033,0.9996,9.2707,1.0,0.0,0.9990000128746033,10000.0,
2026-03-27T20:52:03,comparison_condition_crp_adaptive_full_init_20260327_153327,crp_adaptive_full_init,10,10,929723557,560686510,crp_adaptive,base,2,2.2700822956848143,2.2649488704681398,0.2083,0.9995,9.23038,1.0,0.0,0.9990000128746033,0.9998,9.1531,1.0,0.0,0.9990000128746033,10000.0,
2026-03-27T20:52:38,comparison_condition_crp_adaptive_full_init_20260327_153327,crp_adaptive_full_init,10,10,929723557,560686510,crp_adaptive,base,3,2.2585973851013184,2.2537970138549803,0.2347,0.99936,9.22924,1.0,0.0,0.9990000128746033,0.9994,9.3279,1.0,0.0,0.9990000128746033,10000.0,
2026-03-27T20:53:13,comparison_condition_crp_adaptive_full_init_20260327_153327,crp_adaptive_full_init,10,10,929723557,560686510,crp_adaptive,base,4,2.2472277008056643,2.242422959136963,0.312,0.99934,9.33052,1.0,0.0,0.9990000128746033,0.9992,9.5439,1.0,0.0,0.9990000128746033,10000.0,
2026-03-27T20:53:49,comparison_condition_crp_adaptive_full_init_20260327_153327,crp_adaptive_full_init,10,10,929723557,560686510,crp_adaptive,base,5,2.2349884858703613,2.229684127807617,0.3122,0.99906,9.53336,1.0,0.0,0.9990000128746033,0.9995,9.4199,1.0,0.0,0.9990000128746033,10000.0,
2026-03-27T20:54:26,comparison_condition_crp_adaptive_full_init_20260327_153327,crp_adaptive_full_init,10,10,929723557,560686510,crp_adaptive,base,6,2.221037212219238,2.214509981536865,0.3734,0.9991,9.50278,1.0,0.0,0.9990000128746033,0.999,9.5132,1.0,0.0,0.9990000128746033,10000.0,
2026-03-27T20:55:04,comparison_condition_crp_adaptive_full_init_20260327_153327,crp_adaptive_full_init,10,10,929723557,560686510,crp_adaptive,base,7,2.2048673873901365,2.197216382598877,0.407,0.99904,9.5143,1.0,0.0,0.9990000128746033,0.9992,9.5147,1.0,0.0,0.9990000128746033,10000.0,
2026-03-27T20:55:40,comparison_condition_crp_adaptive_full_init_20260327_153327,crp_adaptive_full_init,10,10,929723557,560686510,crp_adaptive,base,8,2.1857138204956055,2.1763532596588133,0.4365,0.99896,9.56822,1.0,0.0,0.9990000128746033,0.9996,9.5696,1.0,0.0,0.9990000128746033,10000.0,
2026-03-27T20:56:16,comparison_condition_crp_adaptive_full_init_20260327_153327,crp_adaptive_full_init,10,10,929723557,560686510,crp_adaptive,base,9,2.1636090435791018,2.1529890312194824,0.478,0.9994,9.60934,1.0,0.0,0.9990000128746033,0.9993,9.5965,1.0,0.0,0.9990000128746033,10000.0,
2026-03-27T20:56:54,comparison_condition_crp_adaptive_full_init_20260327_153327,crp_adaptive_full_init,10,10,929723557,560686510,crp_adaptive,base,10,2.1381276753234864,2.125271439743042,0.5043,0.99938,9.6012,1.0,0.0,0.9990000128746033,0.9994,9.569,1.0,0.0,0.9990000128746033,10000.0,
2026-03-27T20:57:30,comparison_condition_crp_adaptive_full_init_20260327_153327,crp_adaptive_full_init,10,10,929723557,560686510,crp_adaptive,base,11,2.108349758453369,2.0932712200164794,0.5452,0.99924,9.56368,1.0,0.0,0.9990000128746033,0.9992,9.5658,1.0,0.0,0.9990000128746033,10000.0,
2026-03-27T20:58:06,comparison_condition_crp_adaptive_full_init_20260327_153327,crp_adaptive_full_init,10,10,929723557,560686510,crp_adaptive,base,12,2.074130898208618,2.0567584617614747,0.5612,0.99918,9.54726,1.0,0.0,0.9990000128746033,0.9993,9.5284,1.0,0.0,0.9990000128746033,10000.0,
2026-03-27T20:58:42,comparison_condition_crp_adaptive_full_init_20260327_153327,crp_adaptive_full_init,10,10,929723557,560686510,crp_adaptive,base,13,2.035785573883057,2.016227518463135,0.5779,0.99932,9.52674,1.0,0.0,0.9990000128746033,0.9992,9.4963,1.0,0.0,0.9990000128746033,10000.0,
2026-03-27T20:59:18,comparison_condition_crp_adaptive_full_init_20260327_153327,crp_adaptive_full_init,10,10,929723557,560686510,crp_adaptive,base,14,1.9928149465560914,1.9703562406539916,0.5971,0.99922,9.51244,1.0,0.0,0.9990000128746033,0.9997,9.4824,1.0,0.0,0.9990000128746033,10000.0,
2026-03-27T20:59:53,comparison_condition_crp_adaptive_full_init_20260327_153327,crp_adaptive_full_init,10,10,929723557,560686510,crp_adaptive,base,15,1.9448353371429443,1.9203662679672242,0.5984,0.99952,9.49092,1.0,0.0,0.9990000128746033,0.9993,9.4874,1.0,0.0,0.9990000128746033,10000.0,
2026-03-27T21:00:29,comparison_condition_crp_adaptive_full_init_20260327_153327,crp_adaptive_full_init,10,10,929723557,560686510,crp_adaptive,base,16,1.8926192914199829,1.865855115699768,0.6281,0.99926,9.48974,1.0,0.0,0.9990000128746033,0.9995,9.4723,1.0,0.0,0.9990000128746033,10000.0,
2026-03-27T21:01:04,comparison_condition_crp_adaptive_full_init_20260327_153327,crp_adaptive_full_init,10,10,929723557,560686510,crp_adaptive,base,17,1.8360418072891236,1.80680370388031,0.6409,0.99964,9.47982,1.0,0.0,0.9990000128746033,0.9995,9.4794,1.0,0.0,0.9990000128746033,10000.0,
2026-03-27T21:01:44,comparison_condition_crp_adaptive_full_init_20260327_153327,crp_adaptive_full_init,10,10,929723557,560686510,crp_adaptive,base,18,1.7751861350250244,1.7439175132751465,0.6547,0.9995,9.47336,1.0,0.0,0.9990000128746033,0.9997,9.4709,1.0,0.0,0.9990000128746033,10000.0,
2026-03-27T21:02:20,comparison_condition_crp_adaptive_full_init_20260327_153327,crp_adaptive_full_init,10,10,929723557,560686510,crp_adaptive,base,19,1.7105344708633423,1.6769228118896484,0.6644,0.9994,9.48084,1.0,0.0,0.9990000128746033,0.9995,9.4744,1.0,0.0,0.9990000128746033,10000.0,
2026-03-27T21:02:59,comparison_condition_crp_adaptive_full_init_20260327_153327,crp_adaptive_full_init,10,10,929723557,560686510,crp_adaptive,base,20,1.6427493707275391,1.6080172805786133,0.6748,0.99952,9.48098,1.0,0.0,0.9990000128746033,0.9996,9.4887,1.0,0.0,0.9990000128746033,10000.0,
2026-03-27T21:03:39,comparison_condition_crp_adaptive_full_init_20260327_153327,crp_adaptive_full_init,10,10,929723557,560686510,crp_adaptive,base,21,1.5737946200561523,1.538790937423706,0.6869,0.99966,9.46968,1.0,0.0,0.9990000128746033,0.9997,9.4597,1.0,0.0,0.9990000128746033,10000.0,
2026-03-27T21:04:34,comparison_condition_crp_adaptive_full_init_20260327_153327,crp_adaptive_full_init,10,10,929723557,560686510,crp_adaptive,base,22,1.5051811085891724,1.4701461507797242,0.6973,0.99958,9.47276,1.0,0.0,0.9990000128746033,1.0,9.4829,1.0,0.0,0.9990000128746033,10000.0,
2026-03-27T21:05:12,comparison_condition_crp_adaptive_full_init_20260327_153327,crp_adaptive_full_init,10,10,929723557,560686510,crp_adaptive,base,23,1.436723848953247,1.4022891147613525,0.7102,0.99944,9.50446,1.0,0.0,0.9990000128746033,0.9996,9.5175,1.0,0.0,0.9990000128746033,10000.0,
2026-03-27T21:05:49,comparison_condition_crp_adaptive_full_init_20260327_153327,crp_adaptive_full_init,10,10,929723557,560686510,crp_adaptive,base,24,1.3699069554138184,1.3358064041137696,0.7162,0.99966,9.53998,1.0,0.0,0.9990000128746033,0.9996,9.5706,1.0,0.0,0.9990000128746033,10000.0,
2026-03-27T21:06:25,comparison_condition_crp_adaptive_full_init_20260327_153327,crp_adaptive_full_init,10,10,929723557,560686510,crp_adaptive,base,25,1.3052119355392455,1.2734592432022094,0.7249,0.99948,9.58208,1.0,0.0,0.9990000128746033,1.0,9.6039,1.0,0.0,0.9990000128746033,10000.0,
2026-03-27T21:07:12,comparison_condition_crp_adaptive_full_init_20260327_153327,crp_adaptive_full_init,11,11,1207054354,1346933383,crp_adaptive,base,1,2.278443696975708,2.2619062805175782,0.2375,0.9994,9.0672,1.0,0.0,0.9990000128746033,0.9992,9.1277,1.0,0.0,0.9990000128746033,10000.0,
2026-03-27T21:07:47,comparison_condition_crp_adaptive_full_init_20260327_153327,crp_adaptive_full_init,11,11,1207054354,1346933383,crp_adaptive,base,2,2.251299208602905,2.2401885303497315,0.2859,0.99962,9.10172,1.0,0.0,0.9990000128746033,0.9992,9.2171,1.0,0.0,0.9990000128746033,10000.0,
2026-03-27T21:08:24,comparison_condition_crp_adaptive_full_init_20260327_153327,crp_adaptive_full_init,11,11,1207054354,1346933383,crp_adaptive,base,3,2.2312794023132323,2.2205356227874757,0.3476,0.99948,9.23744,1.0,0.0,0.9990000128746033,0.9994,9.293,1.0,0.0,0.9990000128746033,10000.0,
2026-03-27T21:08:59,comparison_condition_crp_adaptive_full_init_20260327_153327,crp_adaptive_full_init,11,11,1207054354,1346933383,crp_adaptive,base,4,2.2114261238098143,2.199533408355713,0.3762,0.99964,9.2944,1.0,0.0,0.9990000128746033,0.9995,9.3066,1.0,0.0,0.9990000128746033,10000.0,
2026-03-27T21:09:34,comparison_condition_crp_adaptive_full_init_20260327_153327,crp_adaptive_full_init,11,11,1207054354,1346933383,crp_adaptive,base,5,2.1891122705078123,2.1757096599578856,0.4061,0.99962,9.33564,1.0,0.0,0.9990000128746033,0.9991,9.3581,1.0,0.0,0.9990000128746033,10000.0,
2026-03-27T21:10:10,comparison_condition_crp_adaptive_full_init_20260327_153327,crp_adaptive_full_init,11,11,1207054354,1346933383,crp_adaptive,base,6,2.1632730699920653,2.1474449100494386,0.4292,0.9996,9.34398,1.0,0.0,0.9990000128746033,0.9992,9.3831,1.0,0.0,0.9990000128746033,10000.0,
2026-03-27T21:10:47,comparison_condition_crp_adaptive_full_init_20260327_153327,crp_adaptive_full_init,11,11,1207054354,1346933383,crp_adaptive,base,7,2.1333101178741454,2.1151176120758057,0.4593,0.99946,9.35602,1.0,0.0,0.9990000128746033,0.9995,9.3598,1.0,0.0,0.9990000128746033,10000.0,
2026-03-27T21:11:22,comparison_condition_crp_adaptive_full_init_20260327_153327,crp_adaptive_full_init,11,11,1207054354,1346933383,crp_adaptive,base,8,2.098987106781006,2.077951198196411,0.4832,0.99958,9.3612,1.0,0.0,0.9990000128746033,0.9992,9.3783,1.0,0.0,0.9990000128746033,10000.0,
2026-03-27T21:11:57,comparison_condition_crp_adaptive_full_init_20260327_153327,crp_adaptive_full_init,11,11,1207054354,1346933383,crp_adaptive,base,9,2.059759418029785,2.0369350296020508,0.5118,0.99944,9.3543,1.0,0.0,0.9990000128746033,0.9996,9.3969,1.0,0.0,0.9990000128746033,10000.0,
2026-03-27T21:12:33,comparison_condition_crp_adaptive_full_init_20260327_153327,crp_adaptive_full_init,11,11,1207054354,1346933383,crp_adaptive,base,10,2.0163647090148924,1.9906656635284423,0.534,0.99948,9.36084,1.0,0.0,0.9990000128746033,0.9993,9.3921,1.0,0.0,0.9990000128746033,10000.0,
2026-03-27T21:13:10,comparison_condition_crp_adaptive_full_init_20260327_153327,crp_adaptive_full_init,11,11,1207054354,1346933383,crp_adaptive,base,11,1.9692387084579468,1.9423128818511963,0.5399,0.99954,9.36086,1.0,0.0,0.9990000128746033,0.9997,9.3649,1.0,0.0,0.9990000128746033,10000.0,
2026-03-27T21:13:46,comparison_condition_crp_adaptive_full_init_20260327_153327,crp_adaptive_full_init,11,11,1207054354,1346933383,crp_adaptive,base,12,1.9192956854629517,1.8909654350280762,0.5588,0.99946,9.37902,1.0,0.0,0.9990000128746033,0.9997,9.3875,1.0,0.0,0.9990000128746033,10000.0,
2026-03-27T21:14:22,comparison_condition_crp_adaptive_full_init_20260327_153327,crp_adaptive_full_init,11,11,1207054354,1346933383,crp_adaptive,base,13,1.8666655757904054,1.8369333059310913,0.5744,0.99942,9.38246,1.0,0.0,0.9990000128746033,0.9994,9.3983,1.0,0.0,0.9990000128746033,10000.0,
2026-03-27T21:14:58,comparison_condition_crp_adaptive_full_init_20260327_153327,crp_adaptive_full_init,11,11,1207054354,1346933383,crp_adaptive,base,14,1.8121881924819947,1.7818516967773437,0.5968,0.99942,9.39928,1.0,0.0,0.9990000128746033,0.9994,9.4279,1.0,0.0,0.9990000128746033,10000.0,
2026-03-27T21:15:34,comparison_condition_crp_adaptive_full_init_20260327_153327,crp_adaptive_full_init,11,11,1207054354,1346933383,crp_adaptive,base,15,1.7564916272354125,1.7254212850570678,0.6047,0.99952,9.42202,1.0,0.0,0.9990000128746033,0.9997,9.4271,1.0,0.0,0.9990000128746033,10000.0,
2026-03-27T21:16:09,comparison_condition_crp_adaptive_full_init_20260327_153327,crp_adaptive_full_init,11,11,1207054354,1346933383,crp_adaptive,base,16,1.6986993265533448,1.6670205703735352,0.6169,0.99948,9.43644,1.0,0.0,0.9990000128746033,0.9996,9.4648,1.0,0.0,0.9990000128746033,10000.0,
2026-03-27T21:16:46,comparison_condition_crp_adaptive_full_init_20260327_153327,crp_adaptive_full_init,11,11,1207054354,1346933383,crp_adaptive,base,17,1.6395588327026367,1.6072202913284301,0.621,0.99948,9.46682,1.0,0.0,0.9990000128746033,0.9998,9.4762,1.0,0.0,0.9990000128746033,10000.0,
2026-03-27T21:17:21,comparison_condition_crp_adaptive_full_init_20260327_153327,crp_adaptive_full_init,11,11,1207054354,1346933383,crp_adaptive,base,18,1.5797760094070434,1.5482186069488526,0.6453,0.9995,9.47984,1.0,0.0,0.9990000128746033,0.9995,9.5223,1.0,0.0,0.9990000128746033,10000.0,
2026-03-27T21:17:57,comparison_condition_crp_adaptive_full_init_20260327_153327,crp_adaptive_full_init,11,11,1207054354,1346933383,crp_adaptive,base,19,1.520567925376892,1.4891782470703125,0.6553,0.9995,9.49458,1.0,0.0,0.9990000128746033,0.9993,9.5311,1.0,0.0,0.9990000128746033,10000.0,
2026-03-27T21:18:32,comparison_condition_crp_adaptive_full_init_20260327_153327,crp_adaptive_full_init,11,11,1207054354,1346933383,crp_adaptive,base,20,1.4624138814544678,1.4315420152664184,0.6615,0.9999,9.49896,1.0,0.0,0.9990000128746033,0.9994,9.5296,1.0,0.0,0.9990000128746033,10000.0,
2026-03-27T21:19:08,comparison_condition_crp_adaptive_full_init_20260327_153327,crp_adaptive_full_init,11,11,1207054354,1346933383,crp_adaptive,base,21,1.405540545425415,1.3756876682281494,0.6741,0.99954,9.51744,1.0,0.0,0.9990000128746033,0.9997,9.5397,1.0,0.0,0.9990000128746033,10000.0,
2026-03-27T21:19:43,comparison_condition_crp_adaptive_full_init_20260327_153327,crp_adaptive_full_init,11,11,1207054354,1346933383,crp_adaptive,base,22,1.350795685005188,1.3213855459213257,0.6828,0.9996,9.5227,1.0,0.0,0.9990000128746033,0.9997,9.539,1.0,0.0,0.9990000128746033,10000.0,
2026-03-27T21:20:17,comparison_condition_crp_adaptive_full_init_20260327_153327,crp_adaptive_full_init,11,11,1207054354,1346933383,crp_adaptive,base,23,1.298154206123352,1.2700254159927369,0.6932,0.9997,9.52138,1.0,0.0,0.9990000128746033,0.9996,9.5434,1.0,0.0,0.9990000128746033,10000.0,
2026-03-27T21:20:54,comparison_condition_crp_adaptive_full_init_20260327_153327,crp_adaptive_full_init,11,11,1207054354,1346933383,crp_adaptive,base,24,1.2482819662094116,1.2217343173980713,0.7048,0.99968,9.53126,1.0,0.0,0.9990000128746033,0.9994,9.5678,1.0,0.0,0.9990000128746033,10000.0,
2026-03-27T21:21:27,comparison_condition_crp_adaptive_full_init_20260327_153327,crp_adaptive_full_init,11,11,1207054354,1346933383,crp_adaptive,base,25,1.2010479973602295,1.1751238384246827,0.7144,0.9994,9.54964,1.0,0.0,0.9990000128746033,0.9996,9.5665,1.0,0.0,0.9990000128746033,10000.0,
2026-03-27T21:22:05,comparison_condition_crp_adaptive_full_init_20260327_153327,crp_adaptive_full_init,12,12,374399940,1313764614,crp_adaptive,base,1,2.2931634310150146,2.281986655044556,0.1492,0.99954,9.1961,1.0,0.0,0.9990000128746033,0.999,8.9532,1.0,0.0,0.9990000128746033,10000.0,
2026-03-27T21:22:39,comparison_condition_crp_adaptive_full_init_20260327_153327,crp_adaptive_full_init,12,12,374399940,1313764614,crp_adaptive,base,2,2.2748840021514893,2.2676366325378416,0.1627,0.99974,8.93248,1.0,0.0,0.9990000128746033,0.9998,8.9504,1.0,0.0,0.9990000128746033,10000.0,
2026-03-27T21:23:13,comparison_condition_crp_adaptive_full_init_20260327_153327,crp_adaptive_full_init,12,12,374399940,1313764614,crp_adaptive,base,3,2.261666449661255,2.2549380340576173,0.206,0.99978,9.05592,1.0,0.0,0.9990000128746033,0.9994,9.1344,1.0,0.0,0.9990000128746033,10000.0,
2026-03-27T21:23:46,comparison_condition_crp_adaptive_full_init_20260327_153327,crp_adaptive_full_init,12,12,374399940,1313764614,crp_adaptive,base,4,2.2488531656646726,2.241922431182861,0.2408,0.99976,9.1736,1.0,0.0,0.9990000128746033,0.9999,9.2029,1.0,0.0,0.9990000128746033,10000.0,
2026-03-27T22:31:10,comparison_condition_crp_adaptive_full_init_20260327_153327,crp_adaptive_full_init,12,12,374399940,1313764614,crp_adaptive,base,5,2.2352897963714597,2.2275194576263426,0.2943,0.99962,9.23436,1.0,0.0,0.9990000128746033,0.9991,9.2229,1.0,0.0,0.9990000128746033,10000.0,
2026-03-27T22:31:39,comparison_condition_crp_adaptive_full_init_20260327_153327,crp_adaptive_full_init,12,12,374399940,1313764614,crp_adaptive,base,6,2.220206810836792,2.211117343902588,0.3378,0.99918,9.21576,1.0,0.0,0.9990000128746033,0.9991,9.2119,1.0,0.0,0.9990000128746033,10000.0,
2026-03-27T22:32:06,comparison_condition_crp_adaptive_full_init_20260327_153327,crp_adaptive_full_init,12,12,374399940,1313764614,crp_adaptive,base,7,2.2030773929595946,2.193377952194214,0.3678,0.99938,9.19412,1.0,0.0,0.9990000128746033,0.9994,9.1324,1.0,0.0,0.9990000128746033,10000.0,
2026-03-27T22:32:34,comparison_condition_crp_adaptive_full_init_20260327_153327,crp_adaptive_full_init,12,12,374399940,1313764614,crp_adaptive,base,8,2.1839973518371583,2.172962133026123,0.4288,0.99944,9.12736,1.0,0.0,0.9990000128746033,0.9993,9.1534,1.0,0.0,0.9990000128746033,10000.0,
2026-03-27T22:33:08,comparison_condition_crp_adaptive_full_init_20260327_153327,crp_adaptive_full_init,12,12,374399940,1313764614,crp_adaptive,base,9,2.1626025704956056,2.1499152950286864,0.435,0.99912,9.13134,1.0,0.0,0.9990000128746033,0.9995,9.0677,1.0,0.0,0.9990000128746033,10000.0,
2026-03-27T22:34:26,comparison_condition_crp_adaptive_full_init_20260327_153327,crp_adaptive_full_init,12,12,374399940,1313764614,crp_adaptive,base,10,2.1377935815429687,2.122958421325684,0.4614,0.99924,9.09276,1.0,0.0,0.9990000128746033,0.9993,9.05,1.0,0.0,0.9990000128746033,10000.0,
2026-03-27T22:35:14,comparison_condition_crp_adaptive_full_init_20260327_153327,crp_adaptive_full_init,12,12,374399940,1313764614,crp_adaptive,base,11,2.108851397857666,2.091426775741577,0.496,0.9994,9.0418,1.0,0.0,0.9990000128746033,0.9994,9.0392,1.0,0.0,0.9990000128746033,10000.0,
2026-03-27T22:35:46,comparison_condition_crp_adaptive_full_init_20260327_153327,crp_adaptive_full_init,12,12,374399940,1313764614,crp_adaptive,base,12,2.074650022506714,2.0545662609100344,0.5091,0.99944,9.01756,1.0,0.0,0.9990000128746033,0.9999,8.9749,1.0,0.0,0.9990000128746033,10000.0,
2026-03-27T22:36:19,comparison_condition_crp_adaptive_full_init_20260327_153327,crp_adaptive_full_init,12,12,374399940,1313764614,crp_adaptive,base,13,2.0358288119506835,2.0133391674041747,0.5183,0.99964,8.9777,1.0,0.0,0.9990000128746033,1.0,8.9344,1.0,0.0,0.9990000128746033,10000.0,
2026-03-27T22:36:51,comparison_condition_crp_adaptive_full_init_20260327_153327,crp_adaptive_full_init,12,12,374399940,1313764614,crp_adaptive,base,14,1.9921228339004518,1.966879075050354,0.531,0.99954,8.94564,1.0,0.0,0.9990000128746033,0.9995,8.9404,1.0,0.0,0.9990000128746033,10000.0,
2026-03-27T22:37:25,comparison_condition_crp_adaptive_full_init_20260327_153327,crp_adaptive_full_init,12,12,374399940,1313764614,crp_adaptive,base,15,1.9435542388153075,1.9155791152954103,0.5477,0.99972,8.95192,1.0,0.0,0.9990000128746033,0.9993,8.9519,1.0,0.0,0.9990000128746033,10000.0,
2026-03-27T22:38:00,comparison_condition_crp_adaptive_full_init_20260327_153327,crp_adaptive_full_init,12,12,374399940,1313764614,crp_adaptive,base,16,1.8901934970474243,1.85909264087677,0.5612,0.9995,8.96526,1.0,0.0,0.9990000128746033,0.9996,8.965,1.0,0.0,0.9990000128746033,10000.0,
2026-03-27T22:38:33,comparison_condition_crp_adaptive_full_init_20260327_153327,crp_adaptive_full_init,12,12,374399940,1313764614,crp_adaptive,base,17,1.830815450515747,1.797041506767273,0.5715,0.99956,8.97216,1.0,0.0,0.9990000128746033,0.9999,8.9861,1.0,0.0,0.9990000128746033,10000.0,
2026-03-27T22:39:06,comparison_condition_crp_adaptive_full_init_20260327_153327,crp_adaptive_full_init,12,12,374399940,1313764614,crp_adaptive,base,18,1.7675906836318969,1.7321191829681397,0.5926,0.99962,8.99622,1.0,0.0,0.9990000128746033,0.9995,9.0203,1.0,0.0,0.9990000128746033,10000.0,
2026-03-27T22:39:39,comparison_condition_crp_adaptive_full_init_20260327_153327,crp_adaptive_full_init,12,12,374399940,1313764614,crp_adaptive,base,19,1.7019491289901734,1.6653401823043823,0.5987,0.99968,9.0233,1.0,0.0,0.9990000128746033,0.9996,9.0464,1.0,0.0,0.9990000128746033,10000.0,
2026-03-27T22:40:13,comparison_condition_crp_adaptive_full_init_20260327_153327,crp_adaptive_full_init,12,12,374399940,1313764614,crp_adaptive,base,20,1.6344329208755493,1.5976884342193602,0.6111,0.99966,9.06108,1.0,0.0,0.9990000128746033,0.9997,9.0867,1.0,0.0,0.9990000128746033,10000.0,
2026-03-27T22:40:48,comparison_condition_crp_adaptive_full_init_20260327_153327,crp_adaptive_full_init,12,12,374399940,1313764614,crp_adaptive,base,21,1.5673819500732422,1.5312066780090332,0.634,0.99968,9.10294,1.0,0.0,0.9990000128746033,0.9999,9.1416,1.0,0.0,0.9990000128746033,10000.0,
2026-03-27T22:41:21,comparison_condition_crp_adaptive_full_init_20260327_153327,crp_adaptive_full_init,12,12,374399940,1313764614,crp_adaptive,base,22,1.5013396362686158,1.465421506500244,0.6426,0.99978,9.15772,1.0,0.0,0.9990000128746033,0.9999,9.1905,1.0,0.0,0.9990000128746033,10000.0,
2026-03-27T22:41:56,comparison_condition_crp_adaptive_full_init_20260327_153327,crp_adaptive_full_init,12,12,374399940,1313764614,crp_adaptive,base,23,1.4367357540130614,1.4023167461395263,0.654,0.99976,9.2094,1.0,0.0,0.9990000128746033,0.9998,9.2488,1.0,0.0,0.9990000128746033,10000.0,
2026-03-27T22:42:30,comparison_condition_crp_adaptive_full_init_20260327_153327,crp_adaptive_full_init,12,12,374399940,1313764614,crp_adaptive,base,24,1.3751323736953736,1.3424912860870362,0.6722,0.99984,9.26206,1.0,0.0,0.9990000128746033,0.9998,9.3079,1.0,0.0,0.9990000128746033,10000.0,
2026-03-27T22:43:04,comparison_condition_crp_adaptive_full_init_20260327_153327,crp_adaptive_full_init,12,12,374399940,1313764614,crp_adaptive,base,25,1.3164808512115478,1.2858311698913574,0.6804,0.9998,9.34124,1.0,0.0,0.9990000128746033,1.0,9.3804,1.0,0.0,0.9990000128746033,10000.0,
2026-03-27T22:43:43,comparison_condition_crp_adaptive_full_init_20260327_153327,crp_adaptive_full_init,13,13,1188033244,401169362,crp_adaptive,base,1,2.2698346169281005,2.2545802417755128,0.2384,0.9998,8.75594,1.0,0.0,0.9990000128746033,0.9997,8.7855,1.0,0.0,0.9990000128746033,10000.0,
2026-03-27T22:44:16,comparison_condition_crp_adaptive_full_init_20260327_153327,crp_adaptive_full_init,13,13,1188033244,401169362,crp_adaptive,base,2,2.2460433717346193,2.236606090545654,0.2697,0.99978,8.8246,1.0,0.0,0.9990000128746033,0.9996,8.929,1.0,0.0,0.9990000128746033,10000.0,
2026-03-27T22:44:49,comparison_condition_crp_adaptive_full_init_20260327_153327,crp_adaptive_full_init,13,13,1188033244,401169362,crp_adaptive,base,3,2.2287039696502684,2.218661884689331,0.304,0.99948,9.05114,1.0,0.0,0.9990000128746033,0.9994,9.0332,1.0,0.0,0.9990000128746033,10000.0,
2026-03-27T22:45:22,comparison_condition_crp_adaptive_full_init_20260327_153327,crp_adaptive_full_init,13,13,1188033244,401169362,crp_adaptive,base,4,2.2095749510192872,2.1982570041656495,0.3344,0.99938,9.13854,1.0,0.0,0.9990000128746033,0.9998,9.0679,1.0,0.0,0.9990000128746033,10000.0,
2026-03-27T22:45:54,comparison_condition_crp_adaptive_full_init_20260327_153327,crp_adaptive_full_init,13,13,1188033244,401169362,crp_adaptive,base,5,2.187843265457153,2.1748454147338867,0.4274,0.9996,9.11494,1.0,0.0,0.9990000128746033,0.9989,9.1859,1.0,0.0,0.9990000128746033,10000.0,
2026-03-27T22:46:27,comparison_condition_crp_adaptive_full_init_20260327_153327,crp_adaptive_full_init,13,13,1188033244,401169362,crp_adaptive,base,6,2.162385729522705,2.1474604175567626,0.4234,0.9995,9.16526,1.0,0.0,0.9990000128746033,0.9995,9.1319,1.0,0.0,0.9990000128746033,10000.0,
2026-03-27T22:47:00,comparison_condition_crp_adaptive_full_init_20260327_153327,crp_adaptive_full_init,13,13,1188033244,401169362,crp_adaptive,base,7,2.132328396530151,2.1147453689575197,0.4573,0.99948,9.1411,1.0,0.0,0.9990000128746033,0.9996,9.1237,1.0,0.0,0.9990000128746033,10000.0,
2026-03-27T22:47:41,comparison_condition_crp_adaptive_full_init_20260327_153327,crp_adaptive_full_init,13,13,1188033244,401169362,crp_adaptive,base,8,2.097222733001709,2.0771984966278074,0.4777,0.99956,9.11976,1.0,0.0,0.9990000128746033,0.9996,9.1219,1.0,0.0,0.9990000128746033,10000.0,
2026-03-27T22:48:15,comparison_condition_crp_adaptive_full_init_20260327_153327,crp_adaptive_full_init,13,13,1188033244,401169362,crp_adaptive,base,9,2.0572122117614744,2.034902889251709,0.4914,0.9995,9.09218,1.0,0.0,0.9990000128746033,0.9996,9.111,1.0,0.0,0.9990000128746033,10000.0,
2026-03-27T22:48:51,comparison_condition_crp_adaptive_full_init_20260327_153327,crp_adaptive_full_init,13,13,1188033244,401169362,crp_adaptive,base,10,2.0122171231079102,1.987025161743164,0.4943,0.99958,9.0996,1.0,0.0,0.9990000128746033,0.9996,9.0983,1.0,0.0,0.9990000128746033,10000.0,
2026-03-27T22:49:27,comparison_condition_crp_adaptive_full_init_20260327_153327,crp_adaptive_full_init,13,13,1188033244,401169362,crp_adaptive,base,11,1.9629255405426025,1.935582225227356,0.5013,0.9995,9.1014,1.0,0.0,0.9990000128746033,0.9996,9.079,1.0,0.0,0.9990000128746033,10000.0,
2026-03-27T22:50:03,comparison_condition_crp_adaptive_full_init_20260327_153327,crp_adaptive_full_init,13,13,1188033244,401169362,crp_adaptive,base,12,1.9102248099517822,1.8814936513900757,0.527,0.99946,9.09492,1.0,0.0,0.9990000128746033,0.9994,9.1019,1.0,0.0,0.9990000128746033,10000.0,
2026-03-27T22:50:40,comparison_condition_crp_adaptive_full_init_20260327_153327,crp_adaptive_full_init,13,13,1188033244,401169362,crp_adaptive,base,13,1.8555106460189819,1.8251628536224365,0.5366,0.99954,9.10834,1.0,0.0,0.9990000128746033,0.9998,9.108,1.0,0.0,0.9990000128746033,10000.0,
2026-03-27T22:51:15,comparison_condition_crp_adaptive_full_init_20260327_153327,crp_adaptive_full_init,13,13,1188033244,401169362,crp_adaptive,base,14,1.7990003437042237,1.7681602987289429,0.543,0.99964,9.11074,1.0,0.0,0.9990000128746033,0.9994,9.1094,1.0,0.0,0.9990000128746033,10000.0,
2026-03-27T22:51:50,comparison_condition_crp_adaptive_full_init_20260327_153327,crp_adaptive_full_init,13,13,1188033244,401169362,crp_adaptive,base,15,1.741750670814514,1.7096657936096191,0.5584,0.99968,9.11528,1.0,0.0,0.9990000128746033,0.9995,9.1138,1.0,0.0,0.9990000128746033,10000.0,
2026-03-27T22:52:23,comparison_condition_crp_adaptive_full_init_20260327_153327,crp_adaptive_full_init,13,13,1188033244,401169362,crp_adaptive,base,16,1.6835278299713134,1.6511463886260986,0.5726,0.99962,9.11914,1.0,0.0,0.9990000128746033,0.9995,9.1065,1.0,0.0,0.9990000128746033,10000.0,
2026-03-27T22:52:59,comparison_condition_crp_adaptive_full_init_20260327_153327,crp_adaptive_full_init,13,13,1188033244,401169362,crp_adaptive,base,17,1.6255867697906494,1.593187154006958,0.5819,0.99966,9.11636,1.0,0.0,0.9990000128746033,0.9997,9.1041,1.0,0.0,0.9990000128746033,10000.0,
2026-03-27T22:53:31,comparison_condition_crp_adaptive_full_init_20260327_153327,crp_adaptive_full_init,13,13,1188033244,401169362,crp_adaptive,base,18,1.5681471156692506,1.5359498958587647,0.596,0.9997,9.10592,1.0,0.0,0.9990000128746033,0.9996,9.1011,1.0,0.0,0.9990000128746033,10000.0,
2026-03-27T22:54:06,comparison_condition_crp_adaptive_full_init_20260327_153327,crp_adaptive_full_init,13,13,1188033244,401169362,crp_adaptive,base,19,1.5118899000549317,1.4796927494049072,0.6089,0.99972,9.10234,1.0,0.0,0.9990000128746033,0.9994,9.1086,1.0,0.0,0.9990000128746033,10000.0,
2026-03-27T22:54:40,comparison_condition_crp_adaptive_full_init_20260327_153327,crp_adaptive_full_init,13,13,1188033244,401169362,crp_adaptive,base,20,1.4568401366424562,1.4254147424697876,0.6209,0.99964,9.10176,1.0,0.0,0.9990000128746033,0.9997,9.0972,1.0,0.0,0.9990000128746033,10000.0,
2026-03-27T22:55:14,comparison_condition_crp_adaptive_full_init_20260327_153327,crp_adaptive_full_init,13,13,1188033244,401169362,crp_adaptive,base,21,1.4037196225738526,1.372892236328125,0.6338,0.99978,9.10042,1.0,0.0,0.9990000128746033,0.9999,9.1023,1.0,0.0,0.9990000128746033,10000.0,
2026-03-27T22:55:46,comparison_condition_crp_adaptive_full_init_20260327_153327,crp_adaptive_full_init,13,13,1188033244,401169362,crp_adaptive,base,22,1.3521231900405883,1.322514347076416,0.6459,0.9996,9.10196,1.0,0.0,0.9990000128746033,0.9997,9.0916,1.0,0.0,0.9990000128746033,10000.0,
2026-03-27T22:56:21,comparison_condition_crp_adaptive_full_init_20260327_153327,crp_adaptive_full_init,13,13,1188033244,401169362,crp_adaptive,base,23,1.3033610709381103,1.2746131227493287,0.6571,0.99962,9.1025,1.0,0.0,0.9990000128746033,0.9995,9.0896,1.0,0.0,0.9990000128746033,10000.0,
2026-03-27T22:56:55,comparison_condition_crp_adaptive_full_init_20260327_153327,crp_adaptive_full_init,13,13,1188033244,401169362,crp_adaptive,base,24,1.2564747063064574,1.2282439519882202,0.6653,0.99942,9.11168,1.0,0.0,0.9990000128746033,0.9997,9.0899,1.0,0.0,0.9990000128746033,10000.0,
2026-03-27T22:57:31,comparison_condition_crp_adaptive_full_init_20260327_153327,crp_adaptive_full_init,13,13,1188033244,401169362,crp_adaptive,base,25,1.2113564794921876,1.184532419013977,0.6763,0.9996,9.11798,1.0,0.0,0.9990000128746033,0.9996,9.1231,1.0,0.0,0.9990000128746033,10000.0,
2026-03-27T22:58:12,comparison_condition_crp_adaptive_full_init_20260327_153327,crp_adaptive_full_init,14,14,762144912,1585161917,crp_adaptive,base,1,2.282626725997925,2.270075082015991,0.2135,0.99944,9.2392,1.0,0.0,0.9990000128746033,0.9996,9.1823,1.0,0.0,0.9990000128746033,10000.0,
2026-03-27T22:58:46,comparison_condition_crp_adaptive_full_init_20260327_153327,crp_adaptive_full_init,14,14,762144912,1585161917,crp_adaptive,base,2,2.2626758527374267,2.2546051513671874,0.2435,0.9992,9.22132,1.0,0.0,0.9990000128746033,0.9995,9.2576,1.0,0.0,0.9990000128746033,10000.0,
2026-03-27T22:59:19,comparison_condition_crp_adaptive_full_init_20260327_153327,crp_adaptive_full_init,14,14,762144912,1585161917,crp_adaptive,base,3,2.248272939453125,2.2408664573669435,0.2815,0.99938,9.31988,1.0,0.0,0.9990000128746033,0.9997,9.3668,1.0,0.0,0.9990000128746033,10000.0,
2026-03-27T22:59:52,comparison_condition_crp_adaptive_full_init_20260327_153327,crp_adaptive_full_init,14,14,762144912,1585161917,crp_adaptive,base,4,2.2333608611297606,2.225343055343628,0.3261,0.99962,9.39482,1.0,0.0,0.9990000128746033,0.9994,9.4679,1.0,0.0,0.9990000128746033,10000.0,
2026-03-27T23:00:29,comparison_condition_crp_adaptive_full_init_20260327_153327,crp_adaptive_full_init,14,14,762144912,1585161917,crp_adaptive,base,5,2.21664433013916,2.207691416549683,0.3679,0.99938,9.42794,1.0,0.0,0.9990000128746033,0.9994,9.4841,1.0,0.0,0.9990000128746033,10000.0,
2026-03-27T23:01:03,comparison_condition_crp_adaptive_full_init_20260327_153327,crp_adaptive_full_init,14,14,762144912,1585161917,crp_adaptive,base,6,2.1976356775665282,2.1875261337280274,0.3832,0.99954,9.45762,1.0,0.0,0.9990000128746033,0.9994,9.4663,1.0,0.0,0.9990000128746033,10000.0,
2026-03-27T23:01:37,comparison_condition_crp_adaptive_full_init_20260327_153327,crp_adaptive_full_init,14,14,762144912,1585161917,crp_adaptive,base,7,2.176216548690796,2.1645070346832274,0.3945,0.9995,9.4625,1.0,0.0,0.9990000128746033,0.9993,9.4471,1.0,0.0,0.9990000128746033,10000.0,
2026-03-27T23:02:11,comparison_condition_crp_adaptive_full_init_20260327_153327,crp_adaptive_full_init,14,14,762144912,1585161917,crp_adaptive,base,8,2.1509732611083985,2.1370655471801756,0.4212,0.99944,9.47932,1.0,0.0,0.9990000128746033,0.9995,9.4854,1.0,0.0,0.9990000128746033,10000.0,
2026-03-27T23:02:49,comparison_condition_crp_adaptive_full_init_20260327_153327,crp_adaptive_full_init,14,14,762144912,1585161917,crp_adaptive,base,9,2.121301382293701,2.1055317722320557,0.4508,0.99952,9.49332,1.0,0.0,0.9990000128746033,0.9992,9.4984,1.0,0.0,0.9990000128746033,10000.0,
2026-03-27T23:03:25,comparison_condition_crp_adaptive_full_init_20260327_153327,crp_adaptive_full_init,14,14,762144912,1585161917,crp_adaptive,base,10,2.088021838378906,2.0702246990203856,0.4716,0.99946,9.48286,1.0,0.0,0.9990000128746033,0.9997,9.4859,1.0,0.0,0.9990000128746033,10000.0,
2026-03-27T23:04:02,comparison_condition_crp_adaptive_full_init_20260327_153327,crp_adaptive_full_init,14,14,762144912,1585161917,crp_adaptive,base,11,2.0504970510101317,2.0308641067504882,0.4709,0.99952,9.49282,1.0,0.0,0.9990000128746033,0.9998,9.4305,1.0,0.0,0.9990000128746033,10000.0,
2026-03-27T23:04:37,comparison_condition_crp_adaptive_full_init_20260327_153327,crp_adaptive_full_init,14,14,762144912,1585161917,crp_adaptive,base,12,2.0093460999298096,1.9880023693084716,0.496,0.9996,9.47722,1.0,0.0,0.9990000128746033,0.9992,9.4971,1.0,0.0,0.9990000128746033,10000.0,
2026-03-27T23:05:11,comparison_condition_crp_adaptive_full_init_20260327_153327,crp_adaptive_full_init,14,14,762144912,1585161917,crp_adaptive,base,13,1.9648598287200927,1.941741193008423,0.5114,0.99962,9.49736,1.0,0.0,0.9990000128746033,0.9991,9.5178,1.0,0.0,0.9990000128746033,10000.0,
2026-03-27T23:05:48,comparison_condition_crp_adaptive_full_init_20260327_153327,crp_adaptive_full_init,14,14,762144912,1585161917,crp_adaptive,base,14,1.9171881274795533,1.892998484802246,0.5323,0.99974,9.51076,1.0,0.0,0.9990000128746033,0.9997,9.5262,1.0,0.0,0.9990000128746033,10000.0,
2026-03-27T23:06:26,comparison_condition_crp_adaptive_full_init_20260327_153327,crp_adaptive_full_init,14,14,762144912,1585161917,crp_adaptive,base,15,1.8670035388183595,1.8411462574005126,0.5424,0.9997,9.54182,1.0,0.0,0.9990000128746033,0.9996,9.5728,1.0,0.0,0.9990000128746033,10000.0,
2026-03-27T23:07:03,comparison_condition_crp_adaptive_full_init_20260327_153327,crp_adaptive_full_init,14,14,762144912,1585161917,crp_adaptive,base,16,1.8137202362823486,1.7869187929153443,0.555,0.99964,9.57018,1.0,0.0,0.9990000128746033,0.9998,9.5834,1.0,0.0,0.9990000128746033,10000.0,
2026-03-27T23:07:38,comparison_condition_crp_adaptive_full_init_20260327_153327,crp_adaptive_full_init,14,14,762144912,1585161917,crp_adaptive,base,17,1.758703450012207,1.7311965700149536,0.5639,0.99968,9.59638,1.0,0.0,0.9990000128746033,0.9999,9.6111,1.0,0.0,0.9990000128746033,10000.0,
2026-03-27T23:08:15,comparison_condition_crp_adaptive_full_init_20260327_153327,crp_adaptive_full_init,14,14,762144912,1585161917,crp_adaptive,base,18,1.7020369913482667,1.673556600189209,0.584,0.99968,9.64328,1.0,0.0,0.9990000128746033,0.9998,9.672,1.0,0.0,0.9990000128746033,10000.0,
2026-03-27T23:08:51,comparison_condition_crp_adaptive_full_init_20260327_153327,crp_adaptive_full_init,14,14,762144912,1585161917,crp_adaptive,base,19,1.6441657162094117,1.6156089405059815,0.593,0.99958,9.68812,1.0,0.0,0.9990000128746033,0.9995,9.7274,1.0,0.0,0.9990000128746033,10000.0,
2026-03-27T23:09:26,comparison_condition_crp_adaptive_full_init_20260327_153327,crp_adaptive_full_init,14,14,762144912,1585161917,crp_adaptive,base,20,1.5860095658111573,1.5576601135253907,0.6076,0.99978,9.74764,1.0,0.0,0.9990000128746033,0.9993,9.8224,1.0,0.0,0.9990000128746033,10000.0,
2026-03-27T23:10:01,comparison_condition_crp_adaptive_full_init_20260327_153327,crp_adaptive_full_init,14,14,762144912,1585161917,crp_adaptive,base,21,1.528161385307312,1.4997448698043823,0.6182,0.99982,9.85184,1.0,0.0,0.9990000128746033,0.9997,9.8952,1.0,0.0,0.9990000128746033,10000.0,
2026-03-27T23:10:36,comparison_condition_crp_adaptive_full_init_20260327_153327,crp_adaptive_full_init,14,14,762144912,1585161917,crp_adaptive,base,22,1.4704460898590088,1.4422052005767823,0.6356,0.9997,9.96292,1.0,0.0,0.9990000128746033,0.9996,10.0673,1.0,0.0,0.9990000128746033,10000.0,
2026-03-27T23:11:13,comparison_condition_crp_adaptive_full_init_20260327_153327,crp_adaptive_full_init,14,14,762144912,1585161917,crp_adaptive,base,23,1.414040322227478,1.3865592599868775,0.6439,0.99966,10.0924,1.0,0.0,0.9990000128746033,0.9998,10.174,1.0,0.0,0.9990000128746033,10000.0,
2026-03-27T23:11:50,comparison_condition_crp_adaptive_full_init_20260327_153327,crp_adaptive_full_init,14,14,762144912,1585161917,crp_adaptive,base,24,1.3591147007751465,1.3327362825393676,0.6551,0.9997,10.25984,1.0,0.0,0.9990000128746033,0.9998,10.3593,1.0,0.0,0.9990000128746033,10000.0,
2026-03-27T23:12:26,comparison_condition_crp_adaptive_full_init_20260327_153327,crp_adaptive_full_init,14,14,762144912,1585161917,crp_adaptive,base,25,1.3070594651031495,1.2815336715698242,0.6639,0.9997,10.4636,1.0,0.0,0.9990000128746033,0.9998,10.5605,1.0,0.0,0.9990000128746033,10000.0,
2026-03-27T23:13:07,comparison_condition_crp_adaptive_full_init_20260327_153327,crp_adaptive_full_init,15,15,2057428455,1573825650,crp_adaptive,base,1,2.286744141769409,2.2740551612854003,0.1558,0.99962,9.14062,1.0,0.0,0.9990000128746033,0.9998,9.0185,1.0,0.0,0.9990000128746033,10000.0,
2026-03-27T23:13:42,comparison_condition_crp_adaptive_full_init_20260327_153327,crp_adaptive_full_init,15,15,2057428455,1573825650,crp_adaptive,base,2,2.2650895401763917,2.2574357173919677,0.2204,0.99962,9.23456,1.0,0.0,0.9990000128746033,0.9996,9.304,1.0,0.0,0.9990000128746033,10000.0,
2026-03-27T23:14:19,comparison_condition_crp_adaptive_full_init_20260327_153327,crp_adaptive_full_init,15,15,2057428455,1573825650,crp_adaptive,base,3,2.2507825269317627,2.2440012908935545,0.2507,0.99956,9.41176,1.0,0.0,0.9990000128746033,0.9994,9.3589,1.0,0.0,0.9990000128746033,10000.0,
2026-03-27T23:14:53,comparison_condition_crp_adaptive_full_init_20260327_153327,crp_adaptive_full_init,15,15,2057428455,1573825650,crp_adaptive,base,4,2.23746740814209,2.2299433555603025,0.3019,0.99964,9.4414,1.0,0.0,0.9990000128746033,0.9993,9.4759,1.0,0.0,0.9990000128746033,10000.0,
2026-03-27T23:15:28,comparison_condition_crp_adaptive_full_init_20260327_153327,crp_adaptive_full_init,15,15,2057428455,1573825650,crp_adaptive,base,5,2.2222764492797853,2.213077598571777,0.3163,0.99946,9.47516,1.0,0.0,0.9990000128746033,0.9992,9.4664,1.0,0.0,0.9990000128746033,10000.0,
2026-03-27T23:16:04,comparison_condition_crp_adaptive_full_init_20260327_153327,crp_adaptive_full_init,15,15,2057428455,1573825650,crp_adaptive,base,6,2.2042282501220702,2.193229013824463,0.3636,0.99934,9.4784,1.0,0.0,0.9990000128746033,0.9998,9.505,1.0,0.0,0.9990000128746033,10000.0,
2026-03-27T23:16:40,comparison_condition_crp_adaptive_full_init_20260327_153327,crp_adaptive_full_init,15,15,2057428455,1573825650,crp_adaptive,base,7,2.1829509065246584,2.170058261489868,0.3949,0.99942,9.51368,1.0,0.0,0.9990000128746033,0.9998,9.5097,1.0,0.0,0.9990000128746033,10000.0,
2026-03-27T23:17:15,comparison_condition_crp_adaptive_full_init_20260327_153327,crp_adaptive_full_init,15,15,2057428455,1573825650,crp_adaptive,base,8,2.158346115646362,2.143297465133667,0.4094,0.99952,9.51546,1.0,0.0,0.9990000128746033,0.9994,9.5218,1.0,0.0,0.9990000128746033,10000.0,
2026-03-27T23:17:50,comparison_condition_crp_adaptive_full_init_20260327_153327,crp_adaptive_full_init,15,15,2057428455,1573825650,crp_adaptive,base,9,2.1296563847351075,2.111888484954834,0.4446,0.99946,9.53094,1.0,0.0,0.9990000128746033,0.9995,9.5368,1.0,0.0,0.9990000128746033,10000.0,
2026-03-27T23:18:25,comparison_condition_crp_adaptive_full_init_20260327_153327,crp_adaptive_full_init,15,15,2057428455,1573825650,crp_adaptive,base,10,2.096577007293701,2.0759349674224854,0.4486,0.9995,9.53752,1.0,0.0,0.9990000128746033,0.9998,9.5061,1.0,0.0,0.9990000128746033,10000.0,
2026-03-27T23:19:01,comparison_condition_crp_adaptive_full_init_20260327_153327,crp_adaptive_full_init,15,15,2057428455,1573825650,crp_adaptive,base,11,2.058830718841553,2.0357834613800048,0.4781,0.9994,9.5394,1.0,0.0,0.9990000128746033,0.9994,9.5508,1.0,0.0,0.9990000128746033,10000.0,
2026-03-27T23:19:42,comparison_condition_crp_adaptive_full_init_20260327_153327,crp_adaptive_full_init,15,15,2057428455,1573825650,crp_adaptive,base,12,2.0170152325057984,1.9911390491485597,0.5044,0.99948,9.55714,1.0,0.0,0.9990000128746033,1.0,9.5739,1.0,0.0,0.9990000128746033,10000.0,
2026-03-27T23:20:14,comparison_condition_crp_adaptive_full_init_20260327_153327,crp_adaptive_full_init,15,15,2057428455,1573825650,crp_adaptive,base,13,1.9716123559188843,1.94462938079834,0.5071,0.99974,9.604,1.0,0.0,0.9990000128746033,0.9999,9.6316,1.0,0.0,0.9990000128746033,10000.0,
2026-03-27T23:20:48,comparison_condition_crp_adaptive_full_init_20260327_153327,crp_adaptive_full_init,15,15,2057428455,1573825650,crp_adaptive,base,14,1.9236119544219972,1.8939689664840698,0.5279,0.99972,9.66816,1.0,0.0,0.9990000128746033,0.9995,9.703,1.0,0.0,0.9990000128746033,10000.0,
2026-03-27T23:21:23,comparison_condition_crp_adaptive_full_init_20260327_153327,crp_adaptive_full_init,15,15,2057428455,1573825650,crp_adaptive,base,15,1.8723702072906494,1.8415937566757201,0.5441,0.9997,9.76844,1.0,0.0,0.9990000128746033,1.0,9.7908,1.0,0.0,0.9990000128746033,10000.0,
2026-03-27T23:21:57,comparison_condition_crp_adaptive_full_init_20260327_153327,crp_adaptive_full_init,15,15,2057428455,1573825650,crp_adaptive,base,16,1.8189438690948487,1.787042098236084,0.5662,0.99976,9.88374,1.0,0.0,0.9990000128746033,0.9994,9.9858,1.0,0.0,0.9990000128746033,10000.0,
2026-03-27T23:22:33,comparison_condition_crp_adaptive_full_init_20260327_153327,crp_adaptive_full_init,15,15,2057428455,1573825650,crp_adaptive,base,17,1.7629047217559815,1.7287589954376221,0.575,0.9998,10.05994,1.0,0.0,0.9990000128746033,0.9996,10.1619,1.0,0.0,0.9990000128746033,10000.0,
2026-03-27T23:23:08,comparison_condition_crp_adaptive_full_init_20260327_153327,crp_adaptive_full_init,15,15,2057428455,1573825650,crp_adaptive,base,18,1.7042084224700929,1.6696214521408081,0.5863,0.99972,10.25632,1.0,0.0,0.9990000128746033,0.9996,10.3886,1.0,0.0,0.9990000128746033,10000.0,
2026-03-27T23:23:42,comparison_condition_crp_adaptive_full_init_20260327_153327,crp_adaptive_full_init,15,15,2057428455,1573825650,crp_adaptive,base,19,1.6446025561523439,1.609277297782898,0.6015,0.99972,10.50602,1.0,0.0,0.9990000128746033,0.9997,10.6432,1.0,0.0,0.9990000128746033,10000.0,
2026-03-27T23:24:18,comparison_condition_crp_adaptive_full_init_20260327_153327,crp_adaptive_full_init,15,15,2057428455,1573825650,crp_adaptive,base,20,1.5841990703201294,1.548826082611084,0.6154,0.99974,10.74866,1.0,0.0,0.9990000128746033,0.9999,10.8749,1.0,0.0,0.9990000128746033,10000.0,
2026-03-27T23:24:53,comparison_condition_crp_adaptive_full_init_20260327_153327,crp_adaptive_full_init,15,15,2057428455,1573825650,crp_adaptive,base,21,1.5237918341445922,1.4886376598358155,0.6248,0.9998,10.97198,1.0,0.0,0.9990000128746033,0.9998,11.0838,1.0,0.0,0.9990000128746033,10000.0,
2026-03-27T23:25:32,comparison_condition_crp_adaptive_full_init_20260327_153327,crp_adaptive_full_init,15,15,2057428455,1573825650,crp_adaptive,base,22,1.4635690937042236,1.4291181591033935,0.6378,0.9999,11.18688,1.0,0.0,0.9990000128746033,1.0,11.3053,1.0,0.0,0.9990000128746033,10000.0,
2026-03-27T23:26:10,comparison_condition_crp_adaptive_full_init_20260327_153327,crp_adaptive_full_init,15,15,2057428455,1573825650,crp_adaptive,base,23,1.405185051841736,1.3719161325454712,0.6498,0.9998,11.39074,1.0,0.0,0.9990000128746033,0.9999,11.5148,1.0,0.0,0.9990000128746033,10000.0,
2026-03-27T23:26:47,comparison_condition_crp_adaptive_full_init_20260327_153327,crp_adaptive_full_init,15,15,2057428455,1573825650,crp_adaptive,base,24,1.3490203492736816,1.3175684116363526,0.659,0.9998,11.61282,1.0,0.0,0.9990000128746033,1.0,11.7461,1.0,0.0,0.9990000128746033,10000.0,
2026-03-27T23:27:25,comparison_condition_crp_adaptive_full_init_20260327_153327,crp_adaptive_full_init,15,15,2057428455,1573825650,crp_adaptive,base,25,1.2959912774658202,1.266490955543518,0.6683,0.99972,11.8776,1.0,0.0,0.9990000128746033,1.0,12.0127,1.0,0.0,0.9990000128746033,10000.0,
2026-03-27T23:28:05,comparison_condition_crp_adaptive_full_init_20260327_153327,crp_adaptive_full_init,16,16,196052585,1140405623,crp_adaptive,base,1,2.2920121661376953,2.2773829627990723,0.1927,0.99968,9.07262,1.0,0.0,0.9990000128746033,0.9996,9.17,1.0,0.0,0.9990000128746033,10000.0,
2026-03-27T23:28:39,comparison_condition_crp_adaptive_full_init_20260327_153327,crp_adaptive_full_init,16,16,196052585,1140405623,crp_adaptive,base,2,2.269191939620972,2.2608296058654784,0.2255,0.99958,9.23102,1.0,0.0,0.9990000128746033,0.9994,9.4187,1.0,0.0,0.9990000128746033,10000.0,
2026-03-27T23:29:13,comparison_condition_crp_adaptive_full_init_20260327_153327,crp_adaptive_full_init,16,16,196052585,1140405623,crp_adaptive,base,3,2.2546987449645997,2.247052537918091,0.2536,0.99928,9.44542,1.0,0.0,0.9990000128746033,0.9991,9.5449,1.0,0.0,0.9990000128746033,10000.0,
2026-03-27T23:29:47,comparison_condition_crp_adaptive_full_init_20260327_153327,crp_adaptive_full_init,16,16,196052585,1140405623,crp_adaptive,base,4,2.240641383666992,2.231955752182007,0.3014,0.99912,9.54042,1.0,0.0,0.9990000128746033,0.9992,9.612,1.0,0.0,0.9990000128746033,10000.0,
2026-03-27T23:30:24,comparison_condition_crp_adaptive_full_init_20260327_153327,crp_adaptive_full_init,16,16,196052585,1140405623,crp_adaptive,base,5,2.2249852169036863,2.2154594585418703,0.3163,0.9992,9.62978,1.0,0.0,0.9990000128746033,0.9992,9.5774,1.0,0.0,0.9990000128746033,10000.0,
2026-03-27T23:31:03,comparison_condition_crp_adaptive_full_init_20260327_153327,crp_adaptive_full_init,16,16,196052585,1140405623,crp_adaptive,base,6,2.207566982498169,2.1965234420776367,0.3857,0.99944,9.61252,1.0,0.0,0.9990000128746033,0.9989,9.6446,1.0,0.0,0.9990000128746033,10000.0,
2026-03-27T23:31:40,comparison_condition_crp_adaptive_full_init_20260327_153327,crp_adaptive_full_init,16,16,196052585,1140405623,crp_adaptive,base,7,2.187091644973755,2.174211817932129,0.399,0.99906,9.64844,1.0,0.0,0.9990000128746033,0.999,9.6214,1.0,0.0,0.9990000128746033,10000.0,
2026-03-27T23:32:17,comparison_condition_crp_adaptive_full_init_20260327_153327,crp_adaptive_full_init,16,16,196052585,1140405623,crp_adaptive,base,8,2.1629422561645506,2.148186516189575,0.4366,0.9993,9.6112,1.0,0.0,0.9990000128746033,0.9997,9.5861,1.0,0.0,0.9990000128746033,10000.0,
2026-03-27T23:32:52,comparison_condition_crp_adaptive_full_init_20260327_153327,crp_adaptive_full_init,16,16,196052585,1140405623,crp_adaptive,base,9,2.1351754023742675,2.117939079284668,0.454,0.9994,9.58568,1.0,0.0,0.9990000128746033,0.9997,9.5465,1.0,0.0,0.9990000128746033,10000.0,
2026-03-27T23:33:27,comparison_condition_crp_adaptive_full_init_20260327_153327,crp_adaptive_full_init,16,16,196052585,1140405623,crp_adaptive,base,10,2.103112213821411,2.0834287811279295,0.48,0.9993,9.55146,1.0,0.0,0.9990000128746033,0.9995,9.5347,1.0,0.0,0.9990000128746033,10000.0,
2026-03-27T23:34:03,comparison_condition_crp_adaptive_full_init_20260327_153327,crp_adaptive_full_init,16,16,196052585,1140405623,crp_adaptive,base,11,2.066229462890625,2.043615593147278,0.4876,0.9996,9.52846,1.0,0.0,0.9990000128746033,0.9996,9.5107,1.0,0.0,0.9990000128746033,10000.0,
2026-03-27T23:34:37,comparison_condition_crp_adaptive_full_init_20260327_153327,crp_adaptive_full_init,16,16,196052585,1140405623,crp_adaptive,base,12,2.024008829040527,1.9980669778823852,0.5121,0.99954,9.49568,1.0,0.0,0.9990000128746033,0.9994,9.5001,1.0,0.0,0.9990000128746033,10000.0,
2026-03-27T23:35:12,comparison_condition_crp_adaptive_full_init_20260327_153327,crp_adaptive_full_init,16,16,196052585,1140405623,crp_adaptive,base,13,1.9765345648956298,1.9479885345458985,0.5191,0.99954,9.49776,1.0,0.0,0.9990000128746033,0.9994,9.5023,1.0,0.0,0.9990000128746033,10000.0,
2026-03-27T23:35:47,comparison_condition_crp_adaptive_full_init_20260327_153327,crp_adaptive_full_init,16,16,196052585,1140405623,crp_adaptive,base,14,1.9246088903808594,1.8933230939865113,0.5377,0.99962,9.48568,1.0,0.0,0.9990000128746033,0.9996,9.4879,1.0,0.0,0.9990000128746033,10000.0,
2026-03-27T23:36:21,comparison_condition_crp_adaptive_full_init_20260327_153327,crp_adaptive_full_init,16,16,196052585,1140405623,crp_adaptive,base,15,1.8677693994522095,1.8334530614852906,0.5504,0.99954,9.4815,1.0,0.0,0.9990000128746033,0.9995,9.4871,1.0,0.0,0.9990000128746033,10000.0,
2026-03-27T23:37:03,comparison_condition_crp_adaptive_full_init_20260327_153327,crp_adaptive_full_init,16,16,196052585,1140405623,crp_adaptive,base,16,1.8067392233276367,1.7708047105789184,0.5593,0.99952,9.4828,1.0,0.0,0.9990000128746033,0.9997,9.4808,1.0,0.0,0.9990000128746033,10000.0,
2026-03-27T23:37:38,comparison_condition_crp_adaptive_full_init_20260327_153327,crp_adaptive_full_init,16,16,196052585,1140405623,crp_adaptive,base,17,1.7434862802886963,1.7061503484725953,0.5761,0.99966,9.49336,1.0,0.0,0.9990000128746033,0.9997,9.4954,1.0,0.0,0.9990000128746033,10000.0,
2026-03-27T23:38:13,comparison_condition_crp_adaptive_full_init_20260327_153327,crp_adaptive_full_init,16,16,196052585,1140405623,crp_adaptive,base,18,1.6793842458724975,1.6424024030685425,0.5887,0.99968,9.51362,1.0,0.0,0.9990000128746033,0.9998,9.5294,1.0,0.0,0.9990000128746033,10000.0,
2026-03-27T23:38:51,comparison_condition_crp_adaptive_full_init_20260327_153327,crp_adaptive_full_init,16,16,196052585,1140405623,crp_adaptive,base,19,1.6159331188583375,1.5786020460128785,0.6034,0.99966,9.54676,1.0,0.0,0.9990000128746033,0.9996,9.5678,1.0,0.0,0.9990000128746033,10000.0,
2026-03-27T23:39:26,comparison_condition_crp_adaptive_full_init_20260327_153327,crp_adaptive_full_init,16,16,196052585,1140405623,crp_adaptive,base,20,1.5533356838226318,1.5168867252349854,0.6153,0.99958,9.56524,1.0,0.0,0.9990000128746033,0.9997,9.5831,1.0,0.0,0.9990000128746033,10000.0,
2026-03-27T23:39:58,comparison_condition_crp_adaptive_full_init_20260327_153327,crp_adaptive_full_init,16,16,196052585,1140405623,crp_adaptive,base,21,1.492171040725708,1.455643610572815,0.6268,0.9997,9.5826,1.0,0.0,0.9990000128746033,0.9998,9.5878,1.0,0.0,0.9990000128746033,10000.0,
2026-03-27T23:40:30,comparison_condition_crp_adaptive_full_init_20260327_153327,crp_adaptive_full_init,16,16,196052585,1140405623,crp_adaptive,base,22,1.4336051823043823,1.3988508932113648,0.6387,0.9996,9.5954,1.0,0.0,0.9990000128746033,0.9995,9.6089,1.0,0.0,0.9990000128746033,10000.0,
2026-03-27T23:41:01,comparison_condition_crp_adaptive_full_init_20260327_153327,crp_adaptive_full_init,16,16,196052585,1140405623,crp_adaptive,base,23,1.3783042500686646,1.3441596906661988,0.6487,0.99964,9.60384,1.0,0.0,0.9990000128746033,0.9997,9.5996,1.0,0.0,0.9990000128746033,10000.0,
2026-03-27T23:41:33,comparison_condition_crp_adaptive_full_init_20260327_153327,crp_adaptive_full_init,16,16,196052585,1140405623,crp_adaptive,base,24,1.3254714055633545,1.2934979705810548,0.6594,0.99944,9.62136,1.0,0.0,0.9990000128746033,0.9996,9.6202,1.0,0.0,0.9990000128746033,10000.0,
2026-03-27T23:42:05,comparison_condition_crp_adaptive_full_init_20260327_153327,crp_adaptive_full_init,16,16,196052585,1140405623,crp_adaptive,base,25,1.2759954509735107,1.2450199998855591,0.6685,0.9997,9.63866,1.0,0.0,0.9990000128746033,0.9995,9.6748,1.0,0.0,0.9990000128746033,10000.0,
2026-03-27T23:42:42,comparison_condition_crp_adaptive_full_init_20260327_153327,crp_adaptive_full_init,17,17,2101613385,1579239073,crp_adaptive,base,1,2.2809099349212647,2.2662910812377928,0.1992,0.99882,8.98738,1.0,0.0,0.9990000128746033,0.9991,8.8696,1.0,0.0,0.9990000128746033,10000.0,
2026-03-27T23:43:15,comparison_condition_crp_adaptive_full_init_20260327_153327,crp_adaptive_full_init,17,17,2101613385,1579239073,crp_adaptive,base,2,2.257581642074585,2.2490367275238037,0.2222,0.99906,8.94766,1.0,0.0,0.9990000128746033,0.9993,8.9426,1.0,0.0,0.9990000128746033,10000.0,
2026-03-27T23:43:52,comparison_condition_crp_adaptive_full_init_20260327_153327,crp_adaptive_full_init,17,17,2101613385,1579239073,crp_adaptive,base,3,2.241760020828247,2.2334804206848147,0.2672,0.99852,9.09724,1.0,0.0,0.9990000128746033,0.9984,9.168,1.0,0.0,0.9990000128746033,10000.0,
2026-03-27T23:44:28,comparison_condition_crp_adaptive_full_init_20260327_153327,crp_adaptive_full_init,17,17,2101613385,1579239073,crp_adaptive,base,4,2.225177402496338,2.2154320735931394,0.3009,0.99892,9.23988,1.0,0.0,0.9990000128746033,0.9987,9.2801,1.0,0.0,0.9990000128746033,10000.0,
2026-03-27T23:45:03,comparison_condition_crp_adaptive_full_init_20260327_153327,crp_adaptive_full_init,17,17,2101613385,1579239073,crp_adaptive,base,5,2.205615361480713,2.1942259830474855,0.3393,0.99842,9.32936,1.0,0.0,0.9990000128746033,0.9989,9.3975,1.0,0.0,0.9990000128746033,10000.0,
2026-03-27T23:45:39,comparison_condition_crp_adaptive_full_init_20260327_153327,crp_adaptive_full_init,17,17,2101613385,1579239073,crp_adaptive,base,6,2.1824249382019043,2.1693904640197754,0.3503,0.99848,9.42386,1.0,0.0,0.9990000128746033,0.999,9.3848,1.0,0.0,0.9990000128746033,10000.0,
2026-03-27T23:46:15,comparison_condition_crp_adaptive_full_init_20260327_153327,crp_adaptive_full_init,17,17,2101613385,1579239073,crp_adaptive,base,7,2.1557498110961912,2.1410270057678225,0.3864,0.99852,9.41022,1.0,0.0,0.9990000128746033,0.9987,9.4511,1.0,0.0,0.9990000128746033,10000.0,
2026-03-27T23:46:52,comparison_condition_crp_adaptive_full_init_20260327_153327,crp_adaptive_full_init,17,17,2101613385,1579239073,crp_adaptive,base,8,2.125204730682373,2.107794640350342,0.4046,0.99822,9.42918,1.0,0.0,0.9990000128746033,0.9983,9.4556,1.0,0.0,0.9990000128746033,10000.0,
2026-03-27T23:47:27,comparison_condition_crp_adaptive_full_init_20260327_153327,crp_adaptive_full_init,17,17,2101613385,1579239073,crp_adaptive,base,9,2.089694662628174,2.069861524581909,0.412,0.99856,9.4333,1.0,0.0,0.9990000128746033,0.9984,9.4176,1.0,0.0,0.9990000128746033,10000.0,
2026-03-27T23:48:02,comparison_condition_crp_adaptive_full_init_20260327_153327,crp_adaptive_full_init,17,17,2101613385,1579239073,crp_adaptive,base,10,2.0493253188323974,2.026783027648926,0.4412,0.99846,9.43092,1.0,0.0,0.9990000128746033,0.9986,9.4489,1.0,0.0,0.9990000128746033,10000.0,
2026-03-27T23:48:39,comparison_condition_crp_adaptive_full_init_20260327_153327,crp_adaptive_full_init,17,17,2101613385,1579239073,crp_adaptive,base,11,2.004053886795044,1.9792618885040283,0.4589,0.99844,9.43726,1.0,0.0,0.9990000128746033,0.9985,9.4529,1.0,0.0,0.9990000128746033,10000.0,
2026-03-27T23:49:16,comparison_condition_crp_adaptive_full_init_20260327_153327,crp_adaptive_full_init,17,17,2101613385,1579239073,crp_adaptive,base,12,1.9544166357421875,1.9278488176345825,0.4772,0.99852,9.43952,1.0,0.0,0.9990000128746033,0.9981,9.4755,1.0,0.0,0.9990000128746033,10000.0,
2026-03-27T23:49:52,comparison_condition_crp_adaptive_full_init_20260327_153327,crp_adaptive_full_init,17,17,2101613385,1579239073,crp_adaptive,base,13,1.9015156073379516,1.8739958513259887,0.4939,0.99838,9.45302,1.0,0.0,0.9990000128746033,0.9977,9.4778,1.0,0.0,0.9990000128746033,10000.0,
2026-03-27T23:50:28,comparison_condition_crp_adaptive_full_init_20260327_153327,crp_adaptive_full_init,17,17,2101613385,1579239073,crp_adaptive,base,14,1.84718119720459,1.8192258613586425,0.5112,0.99824,9.4587,1.0,0.0,0.9990000128746033,0.998,9.4671,1.0,0.0,0.9990000128746033,10000.0,
2026-03-27T23:51:01,comparison_condition_crp_adaptive_full_init_20260327_153327,crp_adaptive_full_init,17,17,2101613385,1579239073,crp_adaptive,base,15,1.7910104751205445,1.7624707218170166,0.5257,0.99842,9.4543,1.0,0.0,0.9990000128746033,0.9982,9.4702,1.0,0.0,0.9990000128746033,10000.0,
2026-03-27T23:51:39,comparison_condition_crp_adaptive_full_init_20260327_153327,crp_adaptive_full_init,17,17,2101613385,1579239073,crp_adaptive,base,16,1.7342300952148437,1.7061047952651978,0.5434,0.99806,9.47822,1.0,0.0,0.9990000128746033,0.9992,9.4631,1.0,0.0,0.9990000128746033,10000.0,
2026-03-27T23:52:17,comparison_condition_crp_adaptive_full_init_20260327_153327,crp_adaptive_full_init,17,17,2101613385,1579239073,crp_adaptive,base,17,1.6781287955474853,1.6505760530471802,0.5586,0.99828,9.4859,1.0,0.0,0.9990000128746033,0.9979,9.5375,1.0,0.0,0.9990000128746033,10000.0,
2026-03-27T23:52:53,comparison_condition_crp_adaptive_full_init_20260327_153327,crp_adaptive_full_init,17,17,2101613385,1579239073,crp_adaptive,base,18,1.6233560454940796,1.5975061729431153,0.5796,0.99832,9.51066,1.0,0.0,0.9990000128746033,0.9982,9.5214,1.0,0.0,0.9990000128746033,10000.0,
2026-03-27T23:53:29,comparison_condition_crp_adaptive_full_init_20260327_153327,crp_adaptive_full_init,17,17,2101613385,1579239073,crp_adaptive,base,19,1.570258790512085,1.5450625381469727,0.5884,0.99862,9.49778,1.0,0.0,0.9990000128746033,0.9989,9.4938,1.0,0.0,0.9990000128746033,10000.0,
2026-03-27T23:54:04,comparison_condition_crp_adaptive_full_init_20260327_153327,crp_adaptive_full_init,17,17,2101613385,1579239073,crp_adaptive,base,20,1.5184092618560792,1.494405018234253,0.6047,0.99822,9.49648,1.0,0.0,0.9990000128746033,0.9983,9.4926,1.0,0.0,0.9990000128746033,10000.0,
2026-03-27T23:54:39,comparison_condition_crp_adaptive_full_init_20260327_153327,crp_adaptive_full_init,17,17,2101613385,1579239073,crp_adaptive,base,21,1.4686315256500244,1.445974080657959,0.6123,0.99846,9.48696,1.0,0.0,0.9990000128746033,0.999,9.4706,1.0,0.0,0.9990000128746033,10000.0,
2026-03-27T23:55:15,comparison_condition_crp_adaptive_full_init_20260327_153327,crp_adaptive_full_init,17,17,2101613385,1579239073,crp_adaptive,base,22,1.4203714484405519,1.3982960397720336,0.6232,0.99876,9.47544,1.0,0.0,0.9990000128746033,0.9991,9.4678,1.0,0.0,0.9990000128746033,10000.0,
2026-03-27T23:55:51,comparison_condition_crp_adaptive_full_init_20260327_153327,crp_adaptive_full_init,17,17,2101613385,1579239073,crp_adaptive,base,23,1.373473113975525,1.352489130783081,0.6362,0.99892,9.47812,1.0,0.0,0.9990000128746033,0.9985,9.5002,1.0,0.0,0.9990000128746033,10000.0,
2026-03-27T23:56:26,comparison_condition_crp_adaptive_full_init_20260327_153327,crp_adaptive_full_init,17,17,2101613385,1579239073,crp_adaptive,base,24,1.3284351569366455,1.308165526008606,0.6489,0.99876,9.50096,1.0,0.0,0.9990000128746033,0.999,9.5106,1.0,0.0,0.9990000128746033,10000.0,
2026-03-27T23:57:00,comparison_condition_crp_adaptive_full_init_20260327_153327,crp_adaptive_full_init,17,17,2101613385,1579239073,crp_adaptive,base,25,1.2850447660827637,1.2660920392990112,0.6572,0.99872,9.50646,1.0,0.0,0.9990000128746033,0.9994,9.4966,1.0,0.0,0.9990000128746033,10000.0,
2026-03-27T23:57:43,comparison_condition_crp_adaptive_full_init_20260327_153327,crp_adaptive_full_init,18,18,885019663,1256390092,crp_adaptive,base,1,2.2901181195831297,2.2792046043395997,0.1776,0.99942,9.11828,1.0,0.0,0.9990000128746033,0.9997,8.992,1.0,0.0,0.9990000128746033,10000.0,
2026-03-27T23:58:17,comparison_condition_crp_adaptive_full_init_20260327_153327,crp_adaptive_full_init,18,18,885019663,1256390092,crp_adaptive,base,2,2.2725340384674073,2.266467412185669,0.1771,0.99958,8.92878,1.0,0.0,0.9990000128746033,0.9999,8.7432,1.0,0.0,0.9990000128746033,10000.0,
2026-03-27T23:58:56,comparison_condition_crp_adaptive_full_init_20260327_153327,crp_adaptive_full_init,18,18,885019663,1256390092,crp_adaptive,base,3,2.260358401107788,2.2542032596588135,0.2471,0.9996,8.85664,1.0,0.0,0.9990000128746033,0.9992,8.8779,1.0,0.0,0.9990000128746033,10000.0,
2026-03-27T23:59:31,comparison_condition_crp_adaptive_full_init_20260327_153327,crp_adaptive_full_init,18,18,885019663,1256390092,crp_adaptive,base,4,2.2481425065612792,2.2413510387420654,0.3184,0.9995,8.91112,1.0,0.0,0.9990000128746033,0.9991,8.991,1.0,0.0,0.9990000128746033,10000.0,
2026-03-28T00:00:05,comparison_condition_crp_adaptive_full_init_20260327_153327,crp_adaptive_full_init,18,18,885019663,1256390092,crp_adaptive,base,5,2.2347597367858887,2.2270969039916992,0.3598,0.99926,8.99416,1.0,0.0,0.9990000128746033,0.9997,9.0256,1.0,0.0,0.9990000128746033,10000.0,
2026-03-28T00:00:40,comparison_condition_crp_adaptive_full_init_20260327_153327,crp_adaptive_full_init,18,18,885019663,1256390092,crp_adaptive,base,6,2.2195289666748046,2.2106000144958498,0.3825,0.99926,9.03034,1.0,0.0,0.9990000128746033,0.999,8.9908,1.0,0.0,0.9990000128746033,10000.0,
2026-03-28T00:01:11,comparison_condition_crp_adaptive_full_init_20260327_153327,crp_adaptive_full_init,18,18,885019663,1256390092,crp_adaptive,base,7,2.202233556442261,2.1923236499786376,0.4225,0.99932,8.99066,1.0,0.0,0.9990000128746033,0.9992,8.9821,1.0,0.0,0.9990000128746033,10000.0,
2026-03-28T00:01:45,comparison_condition_crp_adaptive_full_init_20260327_153327,crp_adaptive_full_init,18,18,885019663,1256390092,crp_adaptive,base,8,2.1820156546020506,2.170231021499634,0.4373,0.9995,8.98274,1.0,0.0,0.9990000128746033,0.9997,8.9417,1.0,0.0,0.9990000128746033,10000.0,
2026-03-28T00:02:31,comparison_condition_crp_adaptive_full_init_20260327_153327,crp_adaptive_full_init,18,18,885019663,1256390092,crp_adaptive,base,9,2.1584963789367677,2.144136725997925,0.4571,0.99922,8.95446,1.0,0.0,0.9990000128746033,0.9993,8.9298,1.0,0.0,0.9990000128746033,10000.0,
2026-03-28T00:03:09,comparison_condition_crp_adaptive_full_init_20260327_153327,crp_adaptive_full_init,18,18,885019663,1256390092,crp_adaptive,base,10,2.1309486695861817,2.114174259185791,0.4713,0.9996,8.9062,1.0,0.0,0.9990000128746033,0.9995,8.8992,1.0,0.0,0.9990000128746033,10000.0,
2026-03-28T00:03:43,comparison_condition_crp_adaptive_full_init_20260327_153327,crp_adaptive_full_init,18,18,885019663,1256390092,crp_adaptive,base,11,2.0980090686035155,2.077927534866333,0.4797,0.99958,8.87598,1.0,0.0,0.9990000128746033,0.9995,8.8451,1.0,0.0,0.9990000128746033,10000.0,
2026-03-28T00:04:18,comparison_condition_crp_adaptive_full_init_20260327_153327,crp_adaptive_full_init,18,18,885019663,1256390092,crp_adaptive,base,12,2.0596503372192383,2.036816080093384,0.4914,0.99952,8.8513,1.0,0.0,0.9990000128746033,0.9992,8.8232,1.0,0.0,0.9990000128746033,10000.0,
2026-03-28T00:04:55,comparison_condition_crp_adaptive_full_init_20260327_153327,crp_adaptive_full_init,18,18,885019663,1256390092,crp_adaptive,base,13,2.0160824171447755,1.9906710411071777,0.5142,0.99964,8.81628,1.0,0.0,0.9990000128746033,0.9993,8.7934,1.0,0.0,0.9990000128746033,10000.0,
2026-03-28T00:05:29,comparison_condition_crp_adaptive_full_init_20260327_153327,crp_adaptive_full_init,18,18,885019663,1256390092,crp_adaptive,base,14,1.967703893814087,1.938893950843811,0.5181,0.99968,8.78762,1.0,0.0,0.9990000128746033,0.9998,8.7499,1.0,0.0,0.9990000128746033,10000.0,
2026-03-28T00:27:52,comparison_condition_crp_adaptive_full_init_20260327_153327,crp_adaptive_full_init,18,18,885019663,1256390092,crp_adaptive,base,15,1.9140652890014649,1.8832311428070068,0.5334,0.99972,8.75326,1.0,0.0,0.9990000128746033,1.0,8.7252,1.0,0.0,0.9990000128746033,10000.0,
2026-03-28T00:28:16,comparison_condition_crp_adaptive_full_init_20260327_153327,crp_adaptive_full_init,18,18,885019663,1256390092,crp_adaptive,base,16,1.856235198135376,1.8229482173919678,0.5514,0.99958,8.74674,1.0,0.0,0.9990000128746033,0.9999,8.7283,1.0,0.0,0.9990000128746033,10000.0,
2026-03-28T00:28:44,comparison_condition_crp_adaptive_full_init_20260327_153327,crp_adaptive_full_init,18,18,885019663,1256390092,crp_adaptive,base,17,1.7957083757781982,1.7610876752853393,0.5665,0.99962,8.75146,1.0,0.0,0.9990000128746033,0.9998,8.7463,1.0,0.0,0.9990000128746033,10000.0,
2026-03-28T00:29:15,comparison_condition_crp_adaptive_full_init_20260327_153327,crp_adaptive_full_init,18,18,885019663,1256390092,crp_adaptive,base,18,1.7330147122573853,1.6976161390304565,0.5766,0.9997,8.7568,1.0,0.0,0.9990000128746033,0.9998,8.7323,1.0,0.0,0.9990000128746033,10000.0,
2026-03-28T00:29:47,comparison_condition_crp_adaptive_full_init_20260327_153327,crp_adaptive_full_init,18,18,885019663,1256390092,crp_adaptive,base,19,1.6702011206817626,1.6344800094604492,0.5957,0.99974,8.74976,1.0,0.0,0.9990000128746033,0.9997,8.7511,1.0,0.0,0.9990000128746033,10000.0,
2026-03-28T00:30:19,comparison_condition_crp_adaptive_full_init_20260327_153327,crp_adaptive_full_init,18,18,885019663,1256390092,crp_adaptive,base,20,1.6078634024810792,1.5727893630981444,0.6079,0.99976,8.76652,1.0,0.0,0.9990000128746033,1.0,8.7514,1.0,0.0,0.9990000128746033,10000.0,
2026-03-28T00:30:50,comparison_condition_crp_adaptive_full_init_20260327_153327,crp_adaptive_full_init,18,18,885019663,1256390092,crp_adaptive,base,21,1.5465784439849855,1.5111924404144288,0.618,0.99978,8.77128,1.0,0.0,0.9990000128746033,0.9999,8.7629,1.0,0.0,0.9990000128746033,10000.0,
2026-03-28T00:31:21,comparison_condition_crp_adaptive_full_init_20260327_153327,crp_adaptive_full_init,18,18,885019663,1256390092,crp_adaptive,base,22,1.4868467783355712,1.452432078552246,0.6321,0.9998,8.78642,1.0,0.0,0.9990000128746033,0.9998,8.789,1.0,0.0,0.9990000128746033,10000.0,
2026-03-28T00:31:53,comparison_condition_crp_adaptive_full_init_20260327_153327,crp_adaptive_full_init,18,18,885019663,1256390092,crp_adaptive,base,23,1.4296396924972534,1.3965110439300537,0.6411,0.99984,8.80896,1.0,0.0,0.9990000128746033,0.9997,8.8077,1.0,0.0,0.9990000128746033,10000.0,
2026-03-28T00:32:24,comparison_condition_crp_adaptive_full_init_20260327_153327,crp_adaptive_full_init,18,18,885019663,1256390092,crp_adaptive,base,24,1.3747753368759155,1.3419164180755616,0.6493,0.99976,8.8393,1.0,0.0,0.9990000128746033,0.9998,8.8564,1.0,0.0,0.9990000128746033,10000.0,
2026-03-28T00:32:56,comparison_condition_crp_adaptive_full_init_20260327_153327,crp_adaptive_full_init,18,18,885019663,1256390092,crp_adaptive,base,25,1.3217502611541747,1.2903085023880005,0.6579,0.99986,8.88454,1.0,0.0,0.9990000128746033,0.9999,8.8893,1.0,0.0,0.9990000128746033,10000.0,
2026-03-28T00:33:35,comparison_condition_crp_adaptive_full_init_20260327_153327,crp_adaptive_full_init,19,19,1082192973,357712575,crp_adaptive,base,1,2.284391384124756,2.2709672122955324,0.2268,0.9995,9.64902,1.0,0.0,0.9990000128746033,0.9999,9.5145,1.0,0.0,0.9990000128746033,10000.0,
2026-03-28T00:34:13,comparison_condition_crp_adaptive_full_init_20260327_153327,crp_adaptive_full_init,19,19,1082192973,357712575,crp_adaptive,base,2,2.26155839553833,2.253324402618408,0.2889,0.99974,9.60644,1.0,0.0,0.9990000128746033,0.9996,9.7043,1.0,0.0,0.9990000128746033,10000.0,
2026-03-28T00:34:48,comparison_condition_crp_adaptive_full_init_20260327_153327,crp_adaptive_full_init,19,19,1082192973,357712575,crp_adaptive,base,3,2.2449998401641844,2.236990224838257,0.3237,0.99962,9.72512,1.0,0.0,0.9990000128746033,0.9995,9.7662,1.0,0.0,0.9990000128746033,10000.0,
2026-03-28T00:35:23,comparison_condition_crp_adaptive_full_init_20260327_153327,crp_adaptive_full_init,19,19,1082192973,357712575,crp_adaptive,base,4,2.2280012830352782,2.219252961349487,0.3398,0.99958,9.7721,1.0,0.0,0.9990000128746033,0.9998,9.7237,1.0,0.0,0.9990000128746033,10000.0,
2026-03-28T00:35:57,comparison_condition_crp_adaptive_full_init_20260327_153327,crp_adaptive_full_init,19,19,1082192973,357712575,crp_adaptive,base,5,2.208700893173218,2.1987808311462405,0.3748,0.99972,9.73568,1.0,0.0,0.9990000128746033,0.9995,9.7931,1.0,0.0,0.9990000128746033,10000.0,
2026-03-28T00:36:34,comparison_condition_crp_adaptive_full_init_20260327_153327,crp_adaptive_full_init,19,19,1082192973,357712575,crp_adaptive,base,6,2.1862634921264648,2.174421202850342,0.4003,0.9996,9.75322,1.0,0.0,0.9990000128746033,0.9996,9.7341,1.0,0.0,0.9990000128746033,10000.0,
2026-03-28T00:37:08,comparison_condition_crp_adaptive_full_init_20260327_153327,crp_adaptive_full_init,19,19,1082192973,357712575,crp_adaptive,base,7,2.159828837814331,2.1462418773651124,0.4117,0.99964,9.74546,1.0,0.0,0.9990000128746033,0.9996,9.6962,1.0,0.0,0.9990000128746033,10000.0,
2026-03-28T00:37:43,comparison_condition_crp_adaptive_full_init_20260327_153327,crp_adaptive_full_init,19,19,1082192973,357712575,crp_adaptive,base,8,2.129111480712891,2.1135249145507813,0.4301,0.99964,9.70578,1.0,0.0,0.9990000128746033,0.9998,9.6734,1.0,0.0,0.9990000128746033,10000.0,
2026-03-28T00:38:18,comparison_condition_crp_adaptive_full_init_20260327_153327,crp_adaptive_full_init,19,19,1082192973,357712575,crp_adaptive,base,9,2.094070140838623,2.0761680698394773,0.4501,0.99974,9.69294,1.0,0.0,0.9990000128746033,0.9997,9.687,1.0,0.0,0.9990000128746033,10000.0,
2026-03-28T00:38:53,comparison_condition_crp_adaptive_full_init_20260327_153327,crp_adaptive_full_init,19,19,1082192973,357712575,crp_adaptive,base,10,2.054170393676758,2.0345064937591553,0.4541,0.99964,9.72444,1.0,0.0,0.9990000128746033,0.9995,9.6883,1.0,0.0,0.9990000128746033,10000.0,
2026-03-28T00:39:28,comparison_condition_crp_adaptive_full_init_20260327_153327,crp_adaptive_full_init,19,19,1082192973,357712575,crp_adaptive,base,11,2.010359369430542,1.988791315460205,0.4844,0.9996,9.7299,1.0,0.0,0.9990000128746033,1.0,9.7518,1.0,0.0,0.9990000128746033,10000.0,
2026-03-28T00:40:04,comparison_condition_crp_adaptive_full_init_20260327_153327,crp_adaptive_full_init,19,19,1082192973,357712575,crp_adaptive,base,12,1.9628861604309082,1.9401929691314697,0.4969,0.9997,9.76114,1.0,0.0,0.9990000128746033,0.9997,9.7686,1.0,0.0,0.9990000128746033,10000.0,
2026-03-28T00:40:39,comparison_condition_crp_adaptive_full_init_20260327_153327,crp_adaptive_full_init,19,19,1082192973,357712575,crp_adaptive,base,13,1.9133430661010742,1.8899353839874267,0.5252,0.99956,9.7674,1.0,0.0,0.9990000128746033,0.9999,9.8089,1.0,0.0,0.9990000128746033,10000.0,
2026-03-28T00:41:14,comparison_condition_crp_adaptive_full_init_20260327_153327,crp_adaptive_full_init,19,19,1082192973,357712575,crp_adaptive,base,14,1.8610176644134522,1.836458271408081,0.5316,0.99964,9.79444,1.0,0.0,0.9990000128746033,0.9998,9.8094,1.0,0.0,0.9990000128746033,10000.0,
2026-03-28T00:41:50,comparison_condition_crp_adaptive_full_init_20260327_153327,crp_adaptive_full_init,19,19,1082192973,357712575,crp_adaptive,base,15,1.8065775550079346,1.7814429746627807,0.543,0.99964,9.82758,1.0,0.0,0.9990000128746033,0.9996,9.8447,1.0,0.0,0.9990000128746033,10000.0,
2026-03-28T00:42:24,comparison_condition_crp_adaptive_full_init_20260327_153327,crp_adaptive_full_init,19,19,1082192973,357712575,crp_adaptive,base,16,1.7507767160797119,1.72553801612854,0.5747,0.9996,9.84694,1.0,0.0,0.9990000128746033,0.9999,9.8829,1.0,0.0,0.9990000128746033,10000.0,
2026-03-28T00:43:00,comparison_condition_crp_adaptive_full_init_20260327_153327,crp_adaptive_full_init,19,19,1082192973,357712575,crp_adaptive,base,17,1.6946798407363892,1.6697587650299073,0.5892,0.99962,9.87034,1.0,0.0,0.9990000128746033,0.9996,9.9186,1.0,0.0,0.9990000128746033,10000.0,
2026-03-28T00:43:35,comparison_condition_crp_adaptive_full_init_20260327_153327,crp_adaptive_full_init,19,19,1082192973,357712575,crp_adaptive,base,18,1.6389650476074218,1.6142081176757812,0.599,0.9996,9.9016,1.0,0.0,0.9990000128746033,0.9997,9.9054,1.0,0.0,0.9990000128746033,10000.0,
2026-03-28T00:44:11,comparison_condition_crp_adaptive_full_init_20260327_153327,crp_adaptive_full_init,19,19,1082192973,357712575,crp_adaptive,base,19,1.5836829079055785,1.5589502777099609,0.6172,0.99966,9.90684,1.0,0.0,0.9990000128746033,0.9999,9.9108,1.0,0.0,0.9990000128746033,10000.0,
2026-03-28T00:44:45,comparison_condition_crp_adaptive_full_init_20260327_153327,crp_adaptive_full_init,19,19,1082192973,357712575,crp_adaptive,base,20,1.5292494808578492,1.5058724784851074,0.6279,0.99972,9.93848,1.0,0.0,0.9990000128746033,0.9998,9.9403,1.0,0.0,0.9990000128746033,10000.0,
2026-03-28T00:45:21,comparison_condition_crp_adaptive_full_init_20260327_153327,crp_adaptive_full_init,19,19,1082192973,357712575,crp_adaptive,base,21,1.4761683336639404,1.4536226741790772,0.6436,0.99962,9.96338,1.0,0.0,0.9990000128746033,0.9996,9.9881,1.0,0.0,0.9990000128746033,10000.0,
2026-03-28T00:45:56,comparison_condition_crp_adaptive_full_init_20260327_153327,crp_adaptive_full_init,19,19,1082192973,357712575,crp_adaptive,base,22,1.423930517463684,1.4024778127670288,0.6553,0.99964,9.99854,1.0,0.0,0.9990000128746033,0.9996,10.0115,1.0,0.0,0.9990000128746033,10000.0,
2026-03-28T00:46:32,comparison_condition_crp_adaptive_full_init_20260327_153327,crp_adaptive_full_init,19,19,1082192973,357712575,crp_adaptive,base,23,1.3722690663146973,1.3512258419036864,0.6664,0.9996,10.02686,1.0,0.0,0.9990000128746033,0.9998,10.0407,1.0,0.0,0.9990000128746033,10000.0,
2026-03-28T00:47:07,comparison_condition_crp_adaptive_full_init_20260327_153327,crp_adaptive_full_init,19,19,1082192973,357712575,crp_adaptive,base,24,1.321996262626648,1.302208609008789,0.6824,0.99962,10.05418,1.0,0.0,0.9990000128746033,0.9995,10.084,1.0,0.0,0.9990000128746033,10000.0,
2026-03-28T00:47:43,comparison_condition_crp_adaptive_full_init_20260327_153327,crp_adaptive_full_init,19,19,1082192973,357712575,crp_adaptive,base,25,1.2733210227203369,1.2542776517868042,0.692,0.99962,10.08802,1.0,0.0,0.9990000128746033,0.9994,10.1086,1.0,0.0,0.9990000128746033,10000.0,
2026-03-28T00:48:22,comparison_condition_crp_adaptive_full_init_20260327_153327,crp_adaptive_full_init,20,20,318141474,441767840,crp_adaptive,base,1,2.2861654895782473,2.2756761016845704,0.1893,0.99968,8.95608,1.0,0.0,0.9990000128746033,0.9999,8.7031,1.0,0.0,0.9990000128746033,10000.0,
2026-03-28T00:48:56,comparison_condition_crp_adaptive_full_init_20260327_153327,crp_adaptive_full_init,20,20,318141474,441767840,crp_adaptive,base,2,2.269503815155029,2.263378883743286,0.1994,0.99978,8.80016,1.0,0.0,0.9990000128746033,0.9997,8.7488,1.0,0.0,0.9990000128746033,10000.0,
2026-03-28T00:49:29,comparison_condition_crp_adaptive_full_init_20260327_153327,crp_adaptive_full_init,20,20,318141474,441767840,crp_adaptive,base,3,2.258138901672363,2.252265515899658,0.262,0.99972,8.89968,1.0,0.0,0.9990000128746033,0.9999,9.0484,1.0,0.0,0.9990000128746033,10000.0,
2026-03-28T00:50:02,comparison_condition_crp_adaptive_full_init_20260327_153327,crp_adaptive_full_init,20,20,318141474,441767840,crp_adaptive,base,4,2.246656087188721,2.240653786087036,0.2985,0.99974,9.0374,1.0,0.0,0.9990000128746033,0.9993,9.1753,1.0,0.0,0.9990000128746033,10000.0,
2026-03-28T00:50:36,comparison_condition_crp_adaptive_full_init_20260327_153327,crp_adaptive_full_init,20,20,318141474,441767840,crp_adaptive,base,5,2.234048827056885,2.2266951038360596,0.3201,0.99964,9.12954,1.0,0.0,0.9990000128746033,0.9997,9.1518,1.0,0.0,0.9990000128746033,10000.0,
2026-03-28T00:51:11,comparison_condition_crp_adaptive_full_init_20260327_153327,crp_adaptive_full_init,20,20,318141474,441767840,crp_adaptive,base,6,2.2194579098510743,2.2110690307617187,0.3354,0.99948,9.1625,1.0,0.0,0.9990000128746033,0.9998,9.1307,1.0,0.0,0.9990000128746033,10000.0,
2026-03-28T00:51:45,comparison_condition_crp_adaptive_full_init_20260327_153327,crp_adaptive_full_init,20,20,318141474,441767840,crp_adaptive,base,7,2.202347300949097,2.1926114845275877,0.3556,0.99968,9.1574,1.0,0.0,0.9990000128746033,0.9996,9.1322,1.0,0.0,0.9990000128746033,10000.0,
2026-03-28T00:52:19,comparison_condition_crp_adaptive_full_init_20260327_153327,crp_adaptive_full_init,20,20,318141474,441767840,crp_adaptive,base,8,2.182239369888306,2.170890110778809,0.3865,0.99942,9.11956,1.0,0.0,0.9990000128746033,0.9993,9.1575,1.0,0.0,0.9990000128746033,10000.0,
2026-03-28T00:52:54,comparison_condition_crp_adaptive_full_init_20260327_153327,crp_adaptive_full_init,20,20,318141474,441767840,crp_adaptive,base,9,2.159085529098511,2.145906625366211,0.4069,0.99934,9.13076,1.0,0.0,0.9990000128746033,0.9996,9.1526,1.0,0.0,0.9990000128746033,10000.0,
2026-03-28T00:53:28,comparison_condition_crp_adaptive_full_init_20260327_153327,crp_adaptive_full_init,20,20,318141474,441767840,crp_adaptive,base,10,2.1321353214263916,2.1166902698516847,0.413,0.9996,9.13136,1.0,0.0,0.9990000128746033,0.9993,9.1244,1.0,0.0,0.9990000128746033,10000.0,
2026-03-28T00:54:03,comparison_condition_crp_adaptive_full_init_20260327_153327,crp_adaptive_full_init,20,20,318141474,441767840,crp_adaptive,base,11,2.100886558380127,2.0836826667785644,0.426,0.99958,9.13414,1.0,0.0,0.9990000128746033,0.9996,9.1349,1.0,0.0,0.9990000128746033,10000.0,
2026-03-28T00:54:37,comparison_condition_crp_adaptive_full_init_20260327_153327,crp_adaptive_full_init,20,20,318141474,441767840,crp_adaptive,base,12,2.0660544804382326,2.046427420806885,0.462,0.9996,9.15594,1.0,0.0,0.9990000128746033,0.9997,9.1804,1.0,0.0,0.9990000128746033,10000.0,
2026-03-28T00:55:11,comparison_condition_crp_adaptive_full_init_20260327_153327,crp_adaptive_full_init,20,20,318141474,441767840,crp_adaptive,base,13,2.026404862976074,2.004592394256592,0.4743,0.99958,9.1887,1.0,0.0,0.9990000128746033,0.9996,9.1817,1.0,0.0,0.9990000128746033,10000.0,
2026-03-28T00:55:45,comparison_condition_crp_adaptive_full_init_20260327_153327,crp_adaptive_full_init,20,20,318141474,441767840,crp_adaptive,base,14,1.983061690979004,1.95937409324646,0.498,0.9998,9.22284,1.0,0.0,0.9990000128746033,0.9997,9.2615,1.0,0.0,0.9990000128746033,10000.0,
2026-03-28T00:56:20,comparison_condition_crp_adaptive_full_init_20260327_153327,crp_adaptive_full_init,20,20,318141474,441767840,crp_adaptive,base,15,1.9359637424087524,1.910814627456665,0.5192,0.99954,9.32398,1.0,0.0,0.9990000128746033,0.9997,9.4123,1.0,0.0,0.9990000128746033,10000.0,
2026-03-28T00:56:55,comparison_condition_crp_adaptive_full_init_20260327_153327,crp_adaptive_full_init,20,20,318141474,441767840,crp_adaptive,base,16,1.8861620672988892,1.8592747707366943,0.5378,0.99964,9.49204,1.0,0.0,0.9990000128746033,0.9996,9.6373,1.0,0.0,0.9990000128746033,10000.0,
2026-03-28T00:57:36,comparison_condition_crp_adaptive_full_init_20260327_153327,crp_adaptive_full_init,20,20,318141474,441767840,crp_adaptive,base,17,1.8338984524536133,1.806427416419983,0.5435,0.99968,9.75772,1.0,0.0,0.9990000128746033,0.9998,9.939,1.0,0.0,0.9990000128746033,10000.0,
2026-03-28T00:58:12,comparison_condition_crp_adaptive_full_init_20260327_153327,crp_adaptive_full_init,20,20,318141474,441767840,crp_adaptive,base,18,1.7802013116455078,1.7515658267974854,0.565,0.9996,10.1472,1.0,0.0,0.9990000128746033,0.9998,10.4192,1.0,0.0,0.9990000128746033,10000.0,
2026-03-28T00:58:51,comparison_condition_crp_adaptive_full_init_20260327_153327,crp_adaptive_full_init,20,20,318141474,441767840,crp_adaptive,base,19,1.725254773788452,1.6959848041534424,0.5845,0.99974,10.64236,1.0,0.0,0.9990000128746033,0.9999,10.9309,1.0,0.0,0.9990000128746033,10000.0,
2026-03-28T00:59:30,comparison_condition_crp_adaptive_full_init_20260327_153327,crp_adaptive_full_init,20,20,318141474,441767840,crp_adaptive,base,20,1.6690426044082642,1.6383641391754151,0.6003,0.99976,11.14258,1.0,0.0,0.9990000128746033,1.0,11.4738,1.0,0.0,0.9990000128746033,10000.0,
2026-03-28T01:00:11,comparison_condition_crp_adaptive_full_init_20260327_153327,crp_adaptive_full_init,20,20,318141474,441767840,crp_adaptive,base,21,1.611110961227417,1.5797452054977417,0.613,0.9996,11.78732,1.0,0.0,0.9990000128746033,0.9998,12.1401,1.0,0.0,0.9990000128746033,10000.0,
2026-03-28T01:00:52,comparison_condition_crp_adaptive_full_init_20260327_153327,crp_adaptive_full_init,20,20,318141474,441767840,crp_adaptive,base,22,1.553114084968567,1.5219196811676026,0.6333,0.9999,12.42014,1.0,0.0,0.9990000128746033,0.9996,12.865,1.0,0.0,0.9990000128746033,10000.0,
2026-03-28T01:01:33,comparison_condition_crp_adaptive_full_init_20260327_153327,crp_adaptive_full_init,20,20,318141474,441767840,crp_adaptive,base,23,1.4965965076446532,1.4654897144317627,0.6468,0.99972,13.13142,1.0,0.0,0.9990000128746033,0.9997,13.5664,1.0,0.0,0.9990000128746033,10000.0,
2026-03-28T01:02:18,comparison_condition_crp_adaptive_full_init_20260327_153327,crp_adaptive_full_init,20,20,318141474,441767840,crp_adaptive,base,24,1.440936649093628,1.4097391521453857,0.6588,0.9997,13.9108,1.0,0.0,0.9990000128746033,0.9997,14.3314,1.0,0.0,0.9990000128746033,10000.0,
2026-03-28T01:03:02,comparison_condition_crp_adaptive_full_init_20260327_153327,crp_adaptive_full_init,20,20,318141474,441767840,crp_adaptive,base,25,1.386683694343567,1.3558153003692628,0.6645,0.99974,14.72096,1.0,0.0,0.9990000128746033,0.9996,15.1153,1.0,0.0,0.9990000128746033,10000.0,
2026-03-28T01:03:45,comparison_condition_crp_adaptive_full_init_20260327_153327,crp_adaptive_full_init,21,21,1543970182,167164485,crp_adaptive,base,1,2.271582741241455,2.2586865295410155,0.2608,0.99952,8.81536,1.0,0.0,0.9990000128746033,0.9993,8.7086,1.0,0.0,0.9990000128746033,10000.0,
2026-03-28T01:04:20,comparison_condition_crp_adaptive_full_init_20260327_153327,crp_adaptive_full_init,21,21,1543970182,167164485,crp_adaptive,base,2,2.2481715101623534,2.2403684032440188,0.2867,0.99932,8.73356,1.0,0.0,0.9990000128746033,0.9993,8.8615,1.0,0.0,0.9990000128746033,10000.0,
2026-03-28T01:04:55,comparison_condition_crp_adaptive_full_init_20260327_153327,crp_adaptive_full_init,21,21,1543970182,167164485,crp_adaptive,base,3,2.2302027919769287,2.2233095989227296,0.3064,0.99916,8.8635,1.0,0.0,0.9990000128746033,0.9996,8.9367,1.0,0.0,0.9990000128746033,10000.0,
2026-03-28T01:05:30,comparison_condition_crp_adaptive_full_init_20260327_153327,crp_adaptive_full_init,21,21,1543970182,167164485,crp_adaptive,base,4,2.212444687728882,2.2050337600708008,0.312,0.99944,8.95486,1.0,0.0,0.9990000128746033,0.9995,8.9424,1.0,0.0,0.9990000128746033,10000.0,
2026-03-28T01:06:05,comparison_condition_crp_adaptive_full_init_20260327_153327,crp_adaptive_full_init,21,21,1543970182,167164485,crp_adaptive,base,5,2.1923091450500487,2.183762178039551,0.3579,0.99914,8.99192,1.0,0.0,0.9990000128746033,0.9994,8.9974,1.0,0.0,0.9990000128746033,10000.0,
2026-03-28T01:06:41,comparison_condition_crp_adaptive_full_init_20260327_153327,crp_adaptive_full_init,21,21,1543970182,167164485,crp_adaptive,base,6,2.168958157119751,2.1589957065582275,0.3826,0.9993,9.02582,1.0,0.0,0.9990000128746033,0.9993,9.0209,1.0,0.0,0.9990000128746033,10000.0,
2026-03-28T01:07:15,comparison_condition_crp_adaptive_full_init_20260327_153327,crp_adaptive_full_init,21,21,1543970182,167164485,crp_adaptive,base,7,2.1421762312316894,2.1308928184509277,0.4178,0.99918,9.0329,1.0,0.0,0.9990000128746033,0.9988,9.0472,1.0,0.0,0.9990000128746033,10000.0,
2026-03-28T01:07:50,comparison_condition_crp_adaptive_full_init_20260327_153327,crp_adaptive_full_init,21,21,1543970182,167164485,crp_adaptive,base,8,2.111571392211914,2.0988429176330565,0.4385,0.99922,9.03818,1.0,0.0,0.9990000128746033,0.9991,9.0429,1.0,0.0,0.9990000128746033,10000.0,
2026-03-28T01:08:25,comparison_condition_crp_adaptive_full_init_20260327_153327,crp_adaptive_full_init,21,21,1543970182,167164485,crp_adaptive,base,9,2.076761470489502,2.062286586380005,0.4576,0.99936,9.0337,1.0,0.0,0.9990000128746033,0.9994,9.0347,1.0,0.0,0.9990000128746033,10000.0,
2026-03-28T01:08:59,comparison_condition_crp_adaptive_full_init_20260327_153327,crp_adaptive_full_init,21,21,1543970182,167164485,crp_adaptive,base,10,2.0375033107757567,2.0216732410430907,0.4696,0.99938,9.04016,1.0,0.0,0.9990000128746033,0.9996,9.0297,1.0,0.0,0.9990000128746033,10000.0,
2026-03-28T01:09:33,comparison_condition_crp_adaptive_full_init_20260327_153327,crp_adaptive_full_init,21,21,1543970182,167164485,crp_adaptive,base,11,1.9939179793548585,1.9765032836914063,0.4889,0.9996,9.04238,1.0,0.0,0.9990000128746033,0.9992,9.0642,1.0,0.0,0.9990000128746033,10000.0,
2026-03-28T01:10:07,comparison_condition_crp_adaptive_full_init_20260327_153327,crp_adaptive_full_init,21,21,1543970182,167164485,crp_adaptive,base,12,1.9459777616119385,1.9274857593536376,0.4935,0.99962,9.05056,1.0,0.0,0.9990000128746033,0.9997,9.035,1.0,0.0,0.9990000128746033,10000.0,
2026-03-28T01:10:41,comparison_condition_crp_adaptive_full_init_20260327_153327,crp_adaptive_full_init,21,21,1543970182,167164485,crp_adaptive,base,13,1.8941858069229125,1.8748744993209838,0.5105,0.99946,9.06098,1.0,0.0,0.9990000128746033,0.9997,9.0683,1.0,0.0,0.9990000128746033,10000.0,
2026-03-28T01:11:14,comparison_condition_crp_adaptive_full_init_20260327_153327,crp_adaptive_full_init,21,21,1543970182,167164485,crp_adaptive,base,14,1.8386933045196534,1.818746713066101,0.5306,0.99962,9.07436,1.0,0.0,0.9990000128746033,0.9998,9.0715,1.0,0.0,0.9990000128746033,10000.0,
2026-03-28T01:11:48,comparison_condition_crp_adaptive_full_init_20260327_153327,crp_adaptive_full_init,21,21,1543970182,167164485,crp_adaptive,base,15,1.7801785774993897,1.760411526298523,0.5404,0.99966,9.08778,1.0,0.0,0.9990000128746033,0.9997,9.0976,1.0,0.0,0.9990000128746033,10000.0,
2026-03-28T01:12:21,comparison_condition_crp_adaptive_full_init_20260327_153327,crp_adaptive_full_init,21,21,1543970182,167164485,crp_adaptive,base,16,1.7201729541015625,1.7009016191482544,0.5485,0.99962,9.10896,1.0,0.0,0.9990000128746033,0.9997,9.1148,1.0,0.0,0.9990000128746033,10000.0,
2026-03-28T01:12:55,comparison_condition_crp_adaptive_full_init_20260327_153327,crp_adaptive_full_init,21,21,1543970182,167164485,crp_adaptive,base,17,1.659322748413086,1.6406418886184693,0.5718,0.99974,9.11604,1.0,0.0,0.9990000128746033,0.9999,9.1318,1.0,0.0,0.9990000128746033,10000.0,
2026-03-28T01:13:28,comparison_condition_crp_adaptive_full_init_20260327_153327,crp_adaptive_full_init,21,21,1543970182,167164485,crp_adaptive,base,18,1.5982462627792358,1.5810315053939819,0.5839,0.99986,9.12736,1.0,0.0,0.9990000128746033,0.9996,9.1469,1.0,0.0,0.9990000128746033,10000.0,
2026-03-28T01:14:02,comparison_condition_crp_adaptive_full_init_20260327_153327,crp_adaptive_full_init,21,21,1543970182,167164485,crp_adaptive,base,19,1.5383451414108276,1.5227281518936158,0.5943,0.9998,9.14084,1.0,0.0,0.9990000128746033,0.9999,9.1349,1.0,0.0,0.9990000128746033,10000.0,
2026-03-28T01:14:36,comparison_condition_crp_adaptive_full_init_20260327_153327,crp_adaptive_full_init,21,21,1543970182,167164485,crp_adaptive,base,20,1.4805371004104615,1.4663459138870238,0.6065,0.99974,9.1568,1.0,0.0,0.9990000128746033,0.9999,9.1622,1.0,0.0,0.9990000128746033,10000.0,
2026-03-28T01:15:10,comparison_condition_crp_adaptive_full_init_20260327_153327,crp_adaptive_full_init,21,21,1543970182,167164485,crp_adaptive,base,21,1.4235791577529908,1.411065501022339,0.6221,0.9998,9.17368,1.0,0.0,0.9990000128746033,0.9998,9.174,1.0,0.0,0.9990000128746033,10000.0,
2026-03-28T01:15:44,comparison_condition_crp_adaptive_full_init_20260327_153327,crp_adaptive_full_init,21,21,1543970182,167164485,crp_adaptive,base,22,1.369232703895569,1.3579851291656495,0.6351,0.9997,9.18402,1.0,0.0,0.9990000128746033,0.9996,9.1948,1.0,0.0,0.9990000128746033,10000.0,
2026-03-28T01:16:17,comparison_condition_crp_adaptive_full_init_20260327_153327,crp_adaptive_full_init,21,21,1543970182,167164485,crp_adaptive,base,23,1.3166585066604615,1.3073575954437255,0.6506,0.99984,9.19656,1.0,0.0,0.9990000128746033,0.9999,9.2024,1.0,0.0,0.9990000128746033,10000.0,
2026-03-28T01:16:51,comparison_condition_crp_adaptive_full_init_20260327_153327,crp_adaptive_full_init,21,21,1543970182,167164485,crp_adaptive,base,24,1.2663534827041627,1.2583789087295532,0.6633,0.9998,9.1961,1.0,0.0,0.9990000128746033,0.9997,9.2207,1.0,0.0,0.9990000128746033,10000.0,
2026-03-28T01:17:25,comparison_condition_crp_adaptive_full_init_20260327_153327,crp_adaptive_full_init,21,21,1543970182,167164485,crp_adaptive,base,25,1.2181019466400147,1.2118199306488038,0.6788,0.99984,9.19298,1.0,0.0,0.9990000128746033,0.9999,9.2236,1.0,0.0,0.9990000128746033,10000.0,
2026-03-28T01:18:04,comparison_condition_crp_adaptive_full_init_20260327_153327,crp_adaptive_full_init,22,22,407960426,1797594736,crp_adaptive,base,1,2.286413147735596,2.2735409076690676,0.2199,0.99956,9.31858,1.0,0.0,0.9990000128746033,0.9989,9.4098,1.0,0.0,0.9990000128746033,10000.0,
2026-03-28T01:18:40,comparison_condition_crp_adaptive_full_init_20260327_153327,crp_adaptive_full_init,22,22,407960426,1797594736,crp_adaptive,base,2,2.26415666595459,2.2574088150024414,0.2235,0.99926,9.41918,1.0,0.0,0.9990000128746033,0.9996,9.3749,1.0,0.0,0.9990000128746033,10000.0,
2026-03-28T01:19:16,comparison_condition_crp_adaptive_full_init_20260327_153327,crp_adaptive_full_init,22,22,407960426,1797594736,crp_adaptive,base,3,2.2496083524322508,2.243793985748291,0.2536,0.99938,9.46452,1.0,0.0,0.9990000128746033,0.9994,9.4469,1.0,0.0,0.9990000128746033,10000.0,
2026-03-28T01:19:52,comparison_condition_crp_adaptive_full_init_20260327_153327,crp_adaptive_full_init,22,22,407960426,1797594736,crp_adaptive,base,4,2.2356269017028807,2.228996997833252,0.3585,0.99928,9.50852,1.0,0.0,0.9990000128746033,0.9985,9.5682,1.0,0.0,0.9990000128746033,10000.0,
2026-03-28T01:20:28,comparison_condition_crp_adaptive_full_init_20260327_153327,crp_adaptive_full_init,22,22,407960426,1797594736,crp_adaptive,base,5,2.2203497875213625,2.2129509517669677,0.3692,0.99934,9.56228,1.0,0.0,0.9990000128746033,0.9993,9.5368,1.0,0.0,0.9990000128746033,10000.0,
2026-03-28T01:21:04,comparison_condition_crp_adaptive_full_init_20260327_153327,crp_adaptive_full_init,22,22,407960426,1797594736,crp_adaptive,base,6,2.203241940841675,2.1945727684020997,0.4059,0.99928,9.5275,1.0,0.0,0.9990000128746033,0.9996,9.5029,1.0,0.0,0.9990000128746033,10000.0,
2026-03-28T01:21:36,comparison_condition_crp_adaptive_full_init_20260327_153327,crp_adaptive_full_init,22,22,407960426,1797594736,crp_adaptive,base,7,2.18317581489563,2.1732483840942383,0.4484,0.9994,9.51794,1.0,0.0,0.9990000128746033,0.9993,9.5151,1.0,0.0,0.9990000128746033,10000.0,
2026-03-28T01:22:04,comparison_condition_crp_adaptive_full_init_20260327_153327,crp_adaptive_full_init,22,22,407960426,1797594736,crp_adaptive,base,8,2.1603611012268065,2.149077310562134,0.4672,0.99922,9.50698,1.0,0.0,0.9990000128746033,0.9994,9.4763,1.0,0.0,0.9990000128746033,10000.0,
2026-03-28T01:22:34,comparison_condition_crp_adaptive_full_init_20260327_153327,crp_adaptive_full_init,22,22,407960426,1797594736,crp_adaptive,base,9,2.134029571380615,2.121268960952759,0.4948,0.99936,9.4807,1.0,0.0,0.9990000128746033,0.9995,9.4728,1.0,0.0,0.9990000128746033,10000.0,
2026-03-28T01:23:03,comparison_condition_crp_adaptive_full_init_20260327_153327,crp_adaptive_full_init,22,22,407960426,1797594736,crp_adaptive,base,10,2.1037891401672364,2.0888226402282717,0.5164,0.99948,9.45256,1.0,0.0,0.9990000128746033,0.9998,9.4566,1.0,0.0,0.9990000128746033,10000.0,
2026-03-28T01:23:32,comparison_condition_crp_adaptive_full_init_20260327_153327,crp_adaptive_full_init,22,22,407960426,1797594736,crp_adaptive,base,11,2.0692163507843016,2.052671998596191,0.5347,0.9992,9.47854,1.0,0.0,0.9990000128746033,0.9996,9.4877,1.0,0.0,0.9990000128746033,10000.0,
2026-03-28T01:24:01,comparison_condition_crp_adaptive_full_init_20260327_153327,crp_adaptive_full_init,22,22,407960426,1797594736,crp_adaptive,base,12,2.0301460614013673,2.011743336868286,0.5412,0.99926,9.4768,1.0,0.0,0.9990000128746033,0.9993,9.4878,1.0,0.0,0.9990000128746033,10000.0,
2026-03-28T01:24:30,comparison_condition_crp_adaptive_full_init_20260327_153327,crp_adaptive_full_init,22,22,407960426,1797594736,crp_adaptive,base,13,1.9865242770004272,1.9664342292785644,0.549,0.9994,9.48616,1.0,0.0,0.9990000128746033,0.9993,9.487,1.0,0.0,0.9990000128746033,10000.0,
2026-03-28T01:24:58,comparison_condition_crp_adaptive_full_init_20260327_153327,crp_adaptive_full_init,22,22,407960426,1797594736,crp_adaptive,base,14,1.9375280144882203,1.9141210563659667,0.5705,0.99946,9.4791,1.0,0.0,0.9990000128746033,0.9996,9.5056,1.0,0.0,0.9990000128746033,10000.0,
2026-03-28T01:25:29,comparison_condition_crp_adaptive_full_init_20260327_153327,crp_adaptive_full_init,22,22,407960426,1797594736,crp_adaptive,base,15,1.8830149053192138,1.8582430843353273,0.5742,0.9993,9.48302,1.0,0.0,0.9990000128746033,0.9996,9.4896,1.0,0.0,0.9990000128746033,10000.0,
2026-03-28T01:26:03,comparison_condition_crp_adaptive_full_init_20260327_153327,crp_adaptive_full_init,22,22,407960426,1797594736,crp_adaptive,base,16,1.823866541786194,1.7970176841735839,0.5912,0.99946,9.48136,1.0,0.0,0.9990000128746033,0.9994,9.5206,1.0,0.0,0.9990000128746033,10000.0,
2026-03-28T01:26:37,comparison_condition_crp_adaptive_full_init_20260327_153327,crp_adaptive_full_init,22,22,407960426,1797594736,crp_adaptive,base,17,1.7608014840316772,1.7328017555236817,0.6041,0.99934,9.48676,1.0,0.0,0.9990000128746033,0.9995,9.5056,1.0,0.0,0.9990000128746033,10000.0,
2026-03-28T01:27:14,comparison_condition_crp_adaptive_full_init_20260327_153327,crp_adaptive_full_init,22,22,407960426,1797594736,crp_adaptive,base,18,1.6944974835968019,1.6655495668411255,0.6221,0.99938,9.48728,1.0,0.0,0.9990000128746033,0.9995,9.5136,1.0,0.0,0.9990000128746033,10000.0,
2026-03-28T01:27:49,comparison_condition_crp_adaptive_full_init_20260327_153327,crp_adaptive_full_init,22,22,407960426,1797594736,crp_adaptive,base,19,1.6260968706893921,1.5973365629196168,0.6302,0.9994,9.4866,1.0,0.0,0.9990000128746033,0.9998,9.495,1.0,0.0,0.9990000128746033,10000.0,
2026-03-28T01:28:24,comparison_condition_crp_adaptive_full_init_20260327_153327,crp_adaptive_full_init,22,22,407960426,1797594736,crp_adaptive,base,20,1.5582910465240478,1.5304917112350465,0.6471,0.99956,9.47462,1.0,0.0,0.9990000128746033,0.9995,9.5246,1.0,0.0,0.9990000128746033,10000.0,
2026-03-28T01:29:00,comparison_condition_crp_adaptive_full_init_20260327_153327,crp_adaptive_full_init,22,22,407960426,1797594736,crp_adaptive,base,21,1.492368994216919,1.4659382989883423,0.657,0.9997,9.4835,1.0,0.0,0.9990000128746033,0.9996,9.5114,1.0,0.0,0.9990000128746033,10000.0,
2026-03-28T01:29:34,comparison_condition_crp_adaptive_full_init_20260327_153327,crp_adaptive_full_init,22,22,407960426,1797594736,crp_adaptive,base,22,1.427886313934326,1.4023102226257325,0.6724,0.99962,9.4788,1.0,0.0,0.9990000128746033,0.9998,9.5056,1.0,0.0,0.9990000128746033,10000.0,
2026-03-28T01:30:08,comparison_condition_crp_adaptive_full_init_20260327_153327,crp_adaptive_full_init,22,22,407960426,1797594736,crp_adaptive,base,23,1.3650382970428467,1.3404047615051269,0.6819,0.99974,9.46696,1.0,0.0,0.9990000128746033,0.9997,9.487,1.0,0.0,0.9990000128746033,10000.0,
2026-03-28T01:30:42,comparison_condition_crp_adaptive_full_init_20260327_153327,crp_adaptive_full_init,22,22,407960426,1797594736,crp_adaptive,base,24,1.3055779037857056,1.2826167097091674,0.695,0.99978,9.46126,1.0,0.0,0.9990000128746033,0.9995,9.5045,1.0,0.0,0.9990000128746033,10000.0,
2026-03-28T01:31:16,comparison_condition_crp_adaptive_full_init_20260327_153327,crp_adaptive_full_init,22,22,407960426,1797594736,crp_adaptive,base,25,1.2493747862625122,1.2291635221481323,0.7004,0.99972,9.47256,1.0,0.0,0.9990000128746033,0.9999,9.488,1.0,0.0,0.9990000128746033,10000.0,
2026-03-28T01:31:57,comparison_condition_crp_adaptive_full_init_20260327_153327,crp_adaptive_full_init,23,23,733495427,691573102,crp_adaptive,base,1,2.28785843170166,2.273536949920654,0.1494,0.9988,8.9236,1.0,0.0,0.9990000128746033,0.9991,8.9593,1.0,0.0,0.9990000128746033,10000.0,
2026-03-28T01:32:34,comparison_condition_crp_adaptive_full_init_20260327_153327,crp_adaptive_full_init,23,23,733495427,691573102,crp_adaptive,base,2,2.2644759278106688,2.256662297821045,0.177,0.99838,9.19346,1.0,0.0,0.9990000128746033,0.9987,9.2555,1.0,0.0,0.9990000128746033,10000.0,
2026-03-28T01:33:06,comparison_condition_crp_adaptive_full_init_20260327_153327,crp_adaptive_full_init,23,23,733495427,691573102,crp_adaptive,base,3,2.251962754974365,2.2499574596405028,0.2271,0.99898,7.0903,0.6394502380010745,0.36061381074168797,0.9990000128746033,1.0,2.9554,5.816457633045502e-05,1.0,0.9990000128746033,10000.0,
2026-03-28T01:33:43,comparison_condition_crp_adaptive_full_init_20260327_153327,crp_adaptive_full_init,23,23,733495427,691573102,crp_adaptive,base,4,2.2341450108337404,2.2263166633605955,0.2822,0.99788,9.52934,0.9998800618874143,0.0076726342710997444,0.9990000128746033,0.9986,9.605,1.0,0.0,0.9990000128746033,10000.0,
2026-03-28T01:34:21,comparison_condition_crp_adaptive_full_init_20260327_153327,crp_adaptive_full_init,23,23,733495427,691573102,crp_adaptive,base,5,2.217459390258789,2.208775802230835,0.3189,0.99772,9.63768,1.0,0.0,0.9990000128746033,0.9971,9.657,1.0,0.0,0.9990000128746033,10000.0,
2026-03-28T01:34:59,comparison_condition_crp_adaptive_full_init_20260327_153327,crp_adaptive_full_init,23,23,733495427,691573102,crp_adaptive,base,6,2.1986240142059326,2.1884738258361818,0.3681,0.99794,9.66738,1.0,0.0,0.9990000128746033,0.9974,9.7077,1.0,0.0,0.9990000128746033,10000.0,
2026-03-28T01:35:37,comparison_condition_crp_adaptive_full_init_20260327_153327,crp_adaptive_full_init,23,23,733495427,691573102,crp_adaptive,base,7,2.1765862825012205,2.1646353576660156,0.3833,0.9976,9.73492,1.0,0.0,0.9990000128746033,0.9972,9.7198,1.0,0.0,0.9990000128746033,10000.0,
2026-03-28T01:36:15,comparison_condition_crp_adaptive_full_init_20260327_153327,crp_adaptive_full_init,23,23,733495427,691573102,crp_adaptive,base,8,2.1505940119171143,2.136504377746582,0.4149,0.99798,9.73846,1.0,0.0,0.9990000128746033,0.9968,9.7605,1.0,0.0,0.9990000128746033,10000.0,
2026-03-28T01:36:53,comparison_condition_crp_adaptive_full_init_20260327_153327,crp_adaptive_full_init,23,23,733495427,691573102,crp_adaptive,base,9,2.120810919494629,2.1051397617340086,0.4281,0.99796,9.7381,1.0,0.0,0.9990000128746033,0.9968,9.7439,1.0,0.0,0.9990000128746033,10000.0,
2026-03-28T01:37:33,comparison_condition_crp_adaptive_full_init_20260327_153327,crp_adaptive_full_init,23,23,733495427,691573102,crp_adaptive,base,10,2.087110396270752,2.0698621334075926,0.4661,0.9977,9.75678,1.0,0.0,0.9990000128746033,0.9981,9.7663,1.0,0.0,0.9990000128746033,10000.0,
2026-03-28T01:38:11,comparison_condition_crp_adaptive_full_init_20260327_153327,crp_adaptive_full_init,23,23,733495427,691573102,crp_adaptive,base,11,2.0518434075927736,2.0295232749938963,0.4775,0.99744,9.11682,0.9054032298432768,0.09462915601023018,0.9990000128746033,0.997,9.7517,1.0,0.0,0.9990000128746033,10000.0,
2026-03-28T01:38:49,comparison_condition_crp_adaptive_full_init_20260327_153327,crp_adaptive_full_init,23,23,733495427,691573102,crp_adaptive,base,12,2.0078167097473143,1.9860434450149536,0.4946,0.99766,9.71506,0.9974511505731041,0.0025575447570332483,0.9990000128746033,0.9971,9.735,1.0,0.0,0.9990000128746033,10000.0,
2026-03-28T01:39:28,comparison_condition_crp_adaptive_full_init_20260327_153327,crp_adaptive_full_init,23,23,733495427,691573102,crp_adaptive,base,13,1.9624949654388428,1.9395256626129151,0.5163,0.99768,9.72714,1.0,0.0,0.9990000128746033,0.9978,9.7215,1.0,0.0,0.9990000128746033,10000.0,
2026-03-28T01:40:07,comparison_condition_crp_adaptive_full_init_20260327_153327,crp_adaptive_full_init,23,23,733495427,691573102,crp_adaptive,base,14,1.914588031578064,1.8907513059616088,0.5311,0.99764,9.7242,1.0,0.0,0.9990000128746033,0.9982,9.7041,1.0,0.0,0.9990000128746033,10000.0,
2026-03-28T01:40:45,comparison_condition_crp_adaptive_full_init_20260327_153327,crp_adaptive_full_init,23,23,733495427,691573102,crp_adaptive,base,15,1.8645552923965454,1.8398519599914551,0.5491,0.99798,9.7207,1.0,0.0,0.9990000128746033,0.9978,9.728,1.0,0.0,0.9990000128746033,10000.0,
2026-03-28T01:41:24,comparison_condition_crp_adaptive_full_init_20260327_153327,crp_adaptive_full_init,23,23,733495427,691573102,crp_adaptive,base,16,1.8134856359481812,1.7882730768203736,0.5602,0.99792,9.69374,0.9948940068039575,0.005115089514066497,0.9990000128746033,0.9975,9.7139,1.0,0.0,0.9990000128746033,10000.0,
2026-03-28T01:42:02,comparison_condition_crp_adaptive_full_init_20260327_153327,crp_adaptive_full_init,23,23,733495427,691573102,crp_adaptive,base,17,1.7609995776367187,1.7352484359741212,0.5795,0.99794,9.7048,1.0,0.0,0.9990000128746033,0.9986,9.6904,1.0,0.0,0.9990000128746033,10000.0,
2026-03-28T01:42:38,comparison_condition_crp_adaptive_full_init_20260327_153327,crp_adaptive_full_init,23,23,733495427,691573102,crp_adaptive,base,18,1.7137992566299438,1.6816812780380248,0.5961,0.99812,8.78468,0.8644839258809032,0.13554987212276215,0.9990000128746033,0.9969,9.7097,1.0,0.0,0.9990000128746033,10000.0,
2026-03-28T01:43:16,comparison_condition_crp_adaptive_full_init_20260327_153327,crp_adaptive_full_init,23,23,733495427,691573102,crp_adaptive,base,19,1.6548988208007813,1.6285930494308472,0.6067,0.9983,9.58388,0.9846768691217886,0.015345268542199489,0.9990000128746033,0.9975,9.7172,1.0,0.0,0.9990000128746033,10000.0,
2026-03-28T01:43:54,comparison_condition_crp_adaptive_full_init_20260327_153327,crp_adaptive_full_init,23,23,733495427,691573102,crp_adaptive,base,20,1.6024696939849854,1.5762159828186035,0.6169,0.99788,9.53396,0.9745032357810008,0.02557544757033248,0.9990000128746033,0.9981,9.6996,1.0,0.0,0.9990000128746033,10000.0,
2026-03-28T01:44:31,comparison_condition_crp_adaptive_full_init_20260327_153327,crp_adaptive_full_init,23,23,733495427,691573102,crp_adaptive,base,21,1.5483991874694825,1.523749146270752,0.6302,0.99836,9.69252,1.0,0.0,0.9990000128746033,0.9982,9.7158,1.0,0.0,0.9990000128746033,10000.0,
2026-03-28T01:45:09,comparison_condition_crp_adaptive_full_init_20260327_153327,crp_adaptive_full_init,23,23,733495427,691573102,crp_adaptive,base,22,1.4964226581954956,1.4729220726013184,0.6374,0.99824,9.70588,1.0,0.0,0.9990000128746033,0.9985,9.7144,1.0,0.0,0.9990000128746033,10000.0,
2026-03-28T01:45:46,comparison_condition_crp_adaptive_full_init_20260327_153327,crp_adaptive_full_init,23,23,733495427,691573102,crp_adaptive,base,23,1.4448330938339233,1.421427100944519,0.6522,0.99846,9.73576,1.0,0.0,0.9990000128746033,0.998,9.769,1.0,0.0,0.9990000128746033,10000.0,
2026-03-28T01:46:23,comparison_condition_crp_adaptive_full_init_20260327_153327,crp_adaptive_full_init,23,23,733495427,691573102,crp_adaptive,base,24,1.3951394630813598,1.3726794559478759,0.6631,0.99876,9.71152,0.992330157052716,0.0076726342710997444,0.9990000128746033,0.9987,9.7828,1.0,0.0,0.9990000128746033,10000.0,
2026-03-28T01:47:00,comparison_condition_crp_adaptive_full_init_20260327_153327,crp_adaptive_full_init,23,23,733495427,691573102,crp_adaptive,base,25,1.349045605506897,1.3244807554244995,0.675,0.99888,9.50224,0.9591123626603413,0.04092071611253197,0.9990000128746033,0.999,9.7973,1.0,0.0,0.9990000128746033,10000.0,
2026-03-28T01:47:41,comparison_condition_crp_adaptive_full_init_20260327_153327,crp_adaptive_full_init,24,24,50511425,985348261,crp_adaptive,base,1,2.2820511446380616,2.2694002643585205,0.2344,0.99934,9.30514,1.0,0.0,0.9990000128746033,0.999,9.2373,1.0,0.0,0.9990000128746033,10000.0,
2026-03-28T01:48:15,comparison_condition_crp_adaptive_full_init_20260327_153327,crp_adaptive_full_init,24,24,50511425,985348261,crp_adaptive,base,2,2.261915540771484,2.254777494430542,0.2692,0.9992,9.20524,1.0,0.0,0.9990000128746033,0.9994,9.224,1.0,0.0,0.9990000128746033,10000.0,
2026-03-28T01:48:50,comparison_condition_crp_adaptive_full_init_20260327_153327,crp_adaptive_full_init,24,24,50511425,985348261,crp_adaptive,base,3,2.248612616958618,2.2413264656066896,0.2904,0.99926,9.21416,1.0,0.0,0.9990000128746033,0.9993,9.1609,1.0,0.0,0.9990000128746033,10000.0,
2026-03-28T01:49:25,comparison_condition_crp_adaptive_full_init_20260327_153327,crp_adaptive_full_init,24,24,50511425,985348261,crp_adaptive,base,4,2.2344915867614747,2.2264026565551758,0.3377,0.99892,9.16092,1.0,0.0,0.9990000128746033,0.9994,9.1592,1.0,0.0,0.9990000128746033,10000.0,
2026-03-28T01:50:00,comparison_condition_crp_adaptive_full_init_20260327_153327,crp_adaptive_full_init,24,24,50511425,985348261,crp_adaptive,base,5,2.2183028170013426,2.2081817329406737,0.3624,0.99908,9.1429,1.0,0.0,0.9990000128746033,0.9994,9.1254,1.0,0.0,0.9990000128746033,10000.0,
2026-03-28T01:50:36,comparison_condition_crp_adaptive_full_init_20260327_153327,crp_adaptive_full_init,24,24,50511425,985348261,crp_adaptive,base,6,2.199476824569702,2.188154071044922,0.3786,0.99882,9.1358,1.0,0.0,0.9990000128746033,0.9994,9.0748,1.0,0.0,0.9990000128746033,10000.0,
2026-03-28T01:51:11,comparison_condition_crp_adaptive_full_init_20260327_153327,crp_adaptive_full_init,24,24,50511425,985348261,crp_adaptive,base,7,2.177508750152588,2.1639893165588377,0.4155,0.99884,9.10984,1.0,0.0,0.9990000128746033,0.9989,9.1044,1.0,0.0,0.9990000128746033,10000.0,
2026-03-28T01:51:46,comparison_condition_crp_adaptive_full_init_20260327_153327,crp_adaptive_full_init,24,24,50511425,985348261,crp_adaptive,base,8,2.1513693704223633,2.135553625869751,0.4278,0.99918,9.11182,1.0,0.0,0.9990000128746033,0.9989,9.1031,1.0,0.0,0.9990000128746033,10000.0,
2026-03-28T01:52:21,comparison_condition_crp_adaptive_full_init_20260327_153327,crp_adaptive_full_init,24,24,50511425,985348261,crp_adaptive,base,9,2.1211814583587647,2.102965134429932,0.4606,0.99914,9.09172,1.0,0.0,0.9990000128746033,0.9993,9.1324,1.0,0.0,0.9990000128746033,10000.0,
2026-03-28T01:52:55,comparison_condition_crp_adaptive_full_init_20260327_153327,crp_adaptive_full_init,24,24,50511425,985348261,crp_adaptive,base,10,2.0861973893737793,2.0651988162994384,0.4652,0.99934,9.1381,1.0,0.0,0.9990000128746033,0.9995,9.1424,1.0,0.0,0.9990000128746033,10000.0,
2026-03-28T01:53:30,comparison_condition_crp_adaptive_full_init_20260327_153327,crp_adaptive_full_init,24,24,50511425,985348261,crp_adaptive,base,11,2.0464787745666504,2.023096174621582,0.4699,0.99914,9.15938,1.0,0.0,0.9990000128746033,0.9993,9.1374,1.0,0.0,0.9990000128746033,10000.0,
2026-03-28T01:54:05,comparison_condition_crp_adaptive_full_init_20260327_153327,crp_adaptive_full_init,24,24,50511425,985348261,crp_adaptive,base,12,2.002637898712158,1.9764240119934082,0.4888,0.99916,9.1871,1.0,0.0,0.9990000128746033,0.9994,9.2145,1.0,0.0,0.9990000128746033,10000.0,
2026-03-28T01:54:40,comparison_condition_crp_adaptive_full_init_20260327_153327,crp_adaptive_full_init,24,24,50511425,985348261,crp_adaptive,base,13,1.9540433826446533,1.9254076541900635,0.4984,0.99918,9.25562,1.0,0.0,0.9990000128746033,0.9995,9.2966,1.0,0.0,0.9990000128746033,10000.0,
2026-03-28T01:55:15,comparison_condition_crp_adaptive_full_init_20260327_153327,crp_adaptive_full_init,24,24,50511425,985348261,crp_adaptive,base,14,1.9014443814849853,1.8706670904159546,0.5142,0.99922,9.34014,1.0,0.0,0.9990000128746033,0.9992,9.3876,1.0,0.0,0.9990000128746033,10000.0,
2026-03-28T01:55:50,comparison_condition_crp_adaptive_full_init_20260327_153327,crp_adaptive_full_init,24,24,50511425,985348261,crp_adaptive,base,15,1.845863991165161,1.8133866649627686,0.5218,0.9994,9.43572,1.0,0.0,0.9990000128746033,0.9987,9.5213,1.0,0.0,0.9990000128746033,10000.0,
2026-03-28T01:56:25,comparison_condition_crp_adaptive_full_init_20260327_153327,crp_adaptive_full_init,24,24,50511425,985348261,crp_adaptive,base,16,1.7874938568496703,1.753408966445923,0.5343,0.9995,9.59718,1.0,0.0,0.9990000128746033,0.9994,9.7073,1.0,0.0,0.9990000128746033,10000.0,
2026-03-28T01:57:01,comparison_condition_crp_adaptive_full_init_20260327_153327,crp_adaptive_full_init,24,24,50511425,985348261,crp_adaptive,base,17,1.727547582359314,1.6937753026962281,0.5479,0.99932,9.84288,1.0,0.0,0.9990000128746033,0.9997,9.9702,1.0,0.0,0.9990000128746033,10000.0,
2026-03-28T01:57:36,comparison_condition_crp_adaptive_full_init_20260327_153327,crp_adaptive_full_init,24,24,50511425,985348261,crp_adaptive,base,18,1.668148219947815,1.6340563261032104,0.5625,0.99954,10.14236,1.0,0.0,0.9990000128746033,0.9996,10.3275,1.0,0.0,0.9990000128746033,10000.0,
2026-03-28T01:58:14,comparison_condition_crp_adaptive_full_init_20260327_153327,crp_adaptive_full_init,24,24,50511425,985348261,crp_adaptive,base,19,1.6090777855682372,1.5753599632263184,0.568,0.9995,10.52906,1.0,0.0,0.9990000128746033,0.999,10.7588,1.0,0.0,0.9990000128746033,10000.0,
2026-03-28T01:58:51,comparison_condition_crp_adaptive_full_init_20260327_153327,crp_adaptive_full_init,24,24,50511425,985348261,crp_adaptive,base,20,1.5514927557754516,1.5184823053359986,0.5836,0.9995,10.96864,1.0,0.0,0.9990000128746033,0.9996,11.2593,1.0,0.0,0.9990000128746033,10000.0,
2026-03-28T01:59:29,comparison_condition_crp_adaptive_full_init_20260327_153327,crp_adaptive_full_init,24,24,50511425,985348261,crp_adaptive,base,21,1.4961618551254272,1.4641521230697632,0.599,0.99958,11.4865,1.0,0.0,0.9990000128746033,0.9994,11.7743,1.0,0.0,0.9990000128746033,10000.0,
2026-03-28T02:00:08,comparison_condition_crp_adaptive_full_init_20260327_153327,crp_adaptive_full_init,24,24,50511425,985348261,crp_adaptive,base,22,1.4432574290084839,1.4123547178268432,0.6061,0.99946,12.02232,1.0,0.0,0.9990000128746033,0.9998,12.3339,1.0,0.0,0.9990000128746033,10000.0,
2026-03-28T02:00:48,comparison_condition_crp_adaptive_full_init_20260327_153327,crp_adaptive_full_init,24,24,50511425,985348261,crp_adaptive,base,23,1.392935768623352,1.3626954820632935,0.6168,0.99964,12.58756,1.0,0.0,0.9990000128746033,0.9995,12.8812,1.0,0.0,0.9990000128746033,10000.0,
2026-03-28T02:01:28,comparison_condition_crp_adaptive_full_init_20260327_153327,crp_adaptive_full_init,24,24,50511425,985348261,crp_adaptive,base,24,1.344359680519104,1.314996106338501,0.6315,0.99976,13.22046,1.0,0.0,0.9990000128746033,1.0,13.5732,1.0,0.0,0.9990000128746033,10000.0,
2026-03-28T02:02:09,comparison_condition_crp_adaptive_full_init_20260327_153327,crp_adaptive_full_init,24,24,50511425,985348261,crp_adaptive,base,25,1.2977689552307128,1.2683130647659302,0.6472,0.99956,13.85764,1.0,0.0,0.9990000128746033,0.9996,14.2371,1.0,0.0,0.9990000128746033,10000.0,
2026-03-28T02:02:48,comparison_condition_crp_adaptive_full_init_20260327_153327,crp_adaptive_full_init,25,25,729108864,57702956,crp_adaptive,base,1,2.298883459320068,2.28473157081604,0.1468,0.9998,8.94154,1.0,0.0,0.9990000128746033,0.9997,8.586,1.0,0.0,0.9990000128746033,10000.0,
2026-03-28T02:03:21,comparison_condition_crp_adaptive_full_init_20260327_153327,crp_adaptive_full_init,25,25,729108864,57702956,crp_adaptive,base,2,2.2773649800109865,2.26919626159668,0.1875,0.9998,8.619,1.0,0.0,0.9990000128746033,0.9998,8.6103,1.0,0.0,0.9990000128746033,10000.0,
2026-03-28T02:03:54,comparison_condition_crp_adaptive_full_init_20260327_153327,crp_adaptive_full_init,25,25,729108864,57702956,crp_adaptive,base,3,2.264464323425293,2.2575260749816897,0.2346,0.99972,8.6838,1.0,0.0,0.9990000128746033,0.9998,8.7631,1.0,0.0,0.9990000128746033,10000.0,
2026-03-28T02:04:28,comparison_condition_crp_adaptive_full_init_20260327_153327,crp_adaptive_full_init,25,25,729108864,57702956,crp_adaptive,base,4,2.2525828340148926,2.2453557567596434,0.2677,0.99966,8.8051,1.0,0.0,0.9990000128746033,0.9993,8.8535,1.0,0.0,0.9990000128746033,10000.0,
2026-03-28T02:05:02,comparison_condition_crp_adaptive_full_init_20260327_153327,crp_adaptive_full_init,25,25,729108864,57702956,crp_adaptive,base,5,2.2397464379119874,2.2315789821624756,0.2982,0.9996,8.89558,1.0,0.0,0.9990000128746033,0.9996,8.9072,1.0,0.0,0.9990000128746033,10000.0,
2026-03-28T02:05:35,comparison_condition_crp_adaptive_full_init_20260327_153327,crp_adaptive_full_init,25,25,729108864,57702956,crp_adaptive,base,6,2.2248755046081543,2.2156701663970946,0.3336,0.9997,8.92582,1.0,0.0,0.9990000128746033,0.9998,8.9826,1.0,0.0,0.9990000128746033,10000.0,
2026-03-28T02:06:09,comparison_condition_crp_adaptive_full_init_20260327_153327,crp_adaptive_full_init,25,25,729108864,57702956,crp_adaptive,base,7,2.208106931915283,2.197824662017822,0.3485,0.99964,8.97616,1.0,0.0,0.9990000128746033,0.9996,8.9939,1.0,0.0,0.9990000128746033,10000.0,
2026-03-28T02:06:43,comparison_condition_crp_adaptive_full_init_20260327_153327,crp_adaptive_full_init,25,25,729108864,57702956,crp_adaptive,base,8,2.1885977284240723,2.1758109004974364,0.3626,0.99952,8.99668,1.0,0.0,0.9990000128746033,0.9998,8.9399,1.0,0.0,0.9990000128746033,10000.0,
2026-03-28T02:07:17,comparison_condition_crp_adaptive_full_init_20260327_153327,crp_adaptive_full_init,25,25,729108864,57702956,crp_adaptive,base,9,2.165435807952881,2.1511330963134765,0.3939,0.99978,8.9503,1.0,0.0,0.9990000128746033,0.9994,8.9948,1.0,0.0,0.9990000128746033,10000.0,
2026-03-28T02:07:51,comparison_condition_crp_adaptive_full_init_20260327_153327,crp_adaptive_full_init,25,25,729108864,57702956,crp_adaptive,base,10,2.1386273345947266,2.121772986602783,0.4044,0.99954,8.9925,1.0,0.0,0.9990000128746033,0.9996,8.9661,1.0,0.0,0.9990000128746033,10000.0,
2026-03-28T02:08:26,comparison_condition_crp_adaptive_full_init_20260327_153327,crp_adaptive_full_init,25,25,729108864,57702956,crp_adaptive,base,11,2.10753058631897,2.0878554237365723,0.428,0.99952,8.98818,1.0,0.0,0.9990000128746033,0.9997,8.987,1.0,0.0,0.9990000128746033,10000.0,
2026-03-28T02:09:01,comparison_condition_crp_adaptive_full_init_20260327_153327,crp_adaptive_full_init,25,25,729108864,57702956,crp_adaptive,base,12,2.071795883026123,2.049750665283203,0.448,0.9994,9.00686,1.0,0.0,0.9990000128746033,0.9998,8.9934,1.0,0.0,0.9990000128746033,10000.0,
2026-03-28T02:09:35,comparison_condition_crp_adaptive_full_init_20260327_153327,crp_adaptive_full_init,25,25,729108864,57702956,crp_adaptive,base,13,2.031800732269287,2.0080826759338377,0.4871,0.99968,8.9938,1.0,0.0,0.9990000128746033,0.9997,9.0437,1.0,0.0,0.9990000128746033,10000.0,
2026-03-28T02:10:09,comparison_condition_crp_adaptive_full_init_20260327_153327,crp_adaptive_full_init,25,25,729108864,57702956,crp_adaptive,base,14,1.987992487335205,1.9612648365020753,0.4929,0.9994,9.04434,1.0,0.0,0.9990000128746033,0.9993,9.0416,1.0,0.0,0.9990000128746033,10000.0,
2026-03-28T02:10:43,comparison_condition_crp_adaptive_full_init_20260327_153327,crp_adaptive_full_init,25,25,729108864,57702956,crp_adaptive,base,15,1.9398610260009765,1.9110451002120972,0.5102,0.99966,9.0465,1.0,0.0,0.9990000128746033,0.9998,9.0387,1.0,0.0,0.9990000128746033,10000.0,
2026-03-28T02:11:17,comparison_condition_crp_adaptive_full_init_20260327_153327,crp_adaptive_full_init,25,25,729108864,57702956,crp_adaptive,base,16,1.888685474243164,1.8584307651519776,0.5286,0.9996,9.05722,1.0,0.0,0.9990000128746033,0.9998,9.0587,1.0,0.0,0.9990000128746033,10000.0,
2026-03-28T02:11:52,comparison_condition_crp_adaptive_full_init_20260327_153327,crp_adaptive_full_init,25,25,729108864,57702956,crp_adaptive,base,17,1.8352116974639892,1.803369458770752,0.5464,0.9995,9.06704,1.0,0.0,0.9990000128746033,0.9995,9.0664,1.0,0.0,0.9990000128746033,10000.0,
2026-03-28T02:12:26,comparison_condition_crp_adaptive_full_init_20260327_153327,crp_adaptive_full_init,25,25,729108864,57702956,crp_adaptive,base,18,1.779683438949585,1.7475000078201295,0.5647,0.9996,9.08642,1.0,0.0,0.9990000128746033,0.9997,9.0967,1.0,0.0,0.9990000128746033,10000.0,
2026-03-28T02:13:00,comparison_condition_crp_adaptive_full_init_20260327_153327,crp_adaptive_full_init,25,25,729108864,57702956,crp_adaptive,base,19,1.722585172958374,1.6885082920074463,0.5832,0.99964,9.10628,1.0,0.0,0.9990000128746033,0.9995,9.1066,1.0,0.0,0.9990000128746033,10000.0,
2026-03-28T02:13:34,comparison_condition_crp_adaptive_full_init_20260327_153327,crp_adaptive_full_init,25,25,729108864,57702956,crp_adaptive,base,20,1.664282975502014,1.6303750383377076,0.6068,0.99968,9.1269,1.0,0.0,0.9990000128746033,0.9998,9.124,1.0,0.0,0.9990000128746033,10000.0,
2026-03-28T02:14:08,comparison_condition_crp_adaptive_full_init_20260327_153327,crp_adaptive_full_init,25,25,729108864,57702956,crp_adaptive,base,21,1.6061924200439452,1.571240576171875,0.6181,0.99972,9.14722,1.0,0.0,0.9990000128746033,1.0,9.139,1.0,0.0,0.9990000128746033,10000.0,
2026-03-28T02:14:43,comparison_condition_crp_adaptive_full_init_20260327_153327,crp_adaptive_full_init,25,25,729108864,57702956,crp_adaptive,base,22,1.5481548896026611,1.513533915901184,0.6274,0.9996,9.15276,1.0,0.0,0.9990000128746033,0.9994,9.139,1.0,0.0,0.9990000128746033,10000.0,
2026-03-28T02:15:16,comparison_condition_crp_adaptive_full_init_20260327_153327,crp_adaptive_full_init,25,25,729108864,57702956,crp_adaptive,base,23,1.4911473833465576,1.4566654445648193,0.6432,0.99964,9.16484,1.0,0.0,0.9990000128746033,0.9998,9.15,1.0,0.0,0.9990000128746033,10000.0,
2026-03-28T02:15:51,comparison_condition_crp_adaptive_full_init_20260327_153327,crp_adaptive_full_init,25,25,729108864,57702956,crp_adaptive,base,24,1.4350459943008422,1.4010382795333862,0.6602,0.99954,9.1823,1.0,0.0,0.9990000128746033,0.9997,9.1675,1.0,0.0,0.9990000128746033,10000.0,
2026-03-28T02:16:25,comparison_condition_crp_adaptive_full_init_20260327_153327,crp_adaptive_full_init,25,25,729108864,57702956,crp_adaptive,base,25,1.3801949494171142,1.3459778759002685,0.6685,0.9995,9.1948,1.0,0.0,0.9990000128746033,0.9996,9.1741,1.0,0.0,0.9990000128746033,10000.0,
